{"context":"AccessTokenGuard","level":"info","message":"isPublic: true","requestId":"cff116e4-8246-4941-aa3b-e86333ef2496","timestamp":"2026-05-06T05:39:37.722Z"}
{"context":"AccessTokenGuard","level":"info","message":"Public route, skipping authentication","requestId":"cff116e4-8246-4941-aa3b-e86333ef2496","timestamp":"2026-05-06T05:39:37.725Z"}
{"context":"LoggerMiddleware","level":"info","message":"[RequestID: cff116e4-8246-4941-aa3b-e86333ef2496] POST /api/v1/auth/login | Status: 201 | Duration: 111ms | IP: ::1 | UserAgent: Mozilla/5.0 (Windows NT 10.0; Win64; x64) AppleWebKit/537.36 (KHTML, like Gecko) Chrome/147.0.0.0 Safari/537.36","requestId":"cff116e4-8246-4941-aa3b-e86333ef2496","timestamp":"2026-05-06T05:39:37.832Z"}
{"context":"AccessTokenGuard","level":"info","message":"isPublic: undefined","requestId":"fc61c838-0ad1-4d94-a329-10ef4280a19d","timestamp":"2026-05-06T05:39:38.332Z"}
{"context":"AccessTokenStrategy","level":"info","message":"user: {\"id\":\"cc6d2974-22cf-4b0b-9590-4b701cfa3c00\",\"username\":\"customer_001\",\"hashed_password\":\"scrypt:61b7465b5cc602c81ecaa66e31f0f570:064a122e33f58ab9bedcc806f62492b81e4451665c71c7dc3a5afd28b63aa6017713b59fb84dc9594c530b3bbe79c2bf5c738ae510f3152bf09f34a3b6d02482\",\"displayName\":\"Nguyễn Văn A\",\"token_version\":5,\"isActive\":true,\"createdAt\":\"2026-05-03T15:37:18.203Z\",\"updatedAt\":\"2026-05-04T09:10:04.759Z\",\"deletedAt\":null,\"roles\":[]}","requestId":"fc61c838-0ad1-4d94-a329-10ef4280a19d","timestamp":"2026-05-06T05:39:38.338Z"}
{"context":"AuthService","level":"info","message":"payload: {\"id\":\"cc6d2974-22cf-4b0b-9590-4b701cfa3c00\",\"username\":\"customer_001\",\"hashed_password\":\"scrypt:61b7465b5cc602c81ecaa66e31f0f570:064a122e33f58ab9bedcc806f62492b81e4451665c71c7dc3a5afd28b63aa6017713b59fb84dc9594c530b3bbe79c2bf5c738ae510f3152bf09f34a3b6d02482\",\"displayName\":\"Nguyễn Văn A\",\"token_version\":5,\"isActive\":true,\"createdAt\":\"2026-05-03T15:37:18.203Z\",\"updatedAt\":\"2026-05-04T09:10:04.759Z\",\"deletedAt\":null,\"roles\":[]}","requestId":"fc61c838-0ad1-4d94-a329-10ef4280a19d","timestamp":"2026-05-06T05:39:38.338Z"}
{"context":"AuthService","level":"info","message":"user: {\"id\":\"cc6d2974-22cf-4b0b-9590-4b701cfa3c00\",\"username\":\"customer_001\",\"hashed_password\":\"scrypt:61b7465b5cc602c81ecaa66e31f0f570:064a122e33f58ab9bedcc806f62492b81e4451665c71c7dc3a5afd28b63aa6017713b59fb84dc9594c530b3bbe79c2bf5c738ae510f3152bf09f34a3b6d02482\",\"displayName\":\"Nguyễn Văn A\",\"token_version\":5,\"isActive\":true,\"createdAt\":\"2026-05-03T15:37:18.203Z\",\"updatedAt\":\"2026-05-04T09:10:04.759Z\",\"deletedAt\":null,\"roles\":[]}","requestId":"fc61c838-0ad1-4d94-a329-10ef4280a19d","timestamp":"2026-05-06T05:39:38.342Z"}
{"context":"LoggerMiddleware","level":"info","message":"[RequestID: fc61c838-0ad1-4d94-a329-10ef4280a19d] GET /api/v1/auth/me | Status: 304 | Duration: 11ms | IP: ::1 | UserAgent: Mozilla/5.0 (Windows NT 10.0; Win64; x64) AppleWebKit/537.36 (KHTML, like Gecko) Chrome/147.0.0.0 Safari/537.36","requestId":"fc61c838-0ad1-4d94-a329-10ef4280a19d","timestamp":"2026-05-06T05:39:38.343Z"}
{"level":"info","message":"Khởi tạo ứng dụng...","timestamp":"2026-05-06T05:39:42.109Z"}
{"context":"NestFactory","level":"info","message":"Starting Nest application...","timestamp":"2026-05-06T05:39:42.219Z"}
{"context":"InstanceLoader","level":"info","message":"PassportModule dependencies initialized","timestamp":"2026-05-06T05:39:42.227Z"}
{"context":"InstanceLoader","level":"info","message":"ConfigHostModule dependencies initialized","timestamp":"2026-05-06T05:39:42.227Z"}
{"context":"InstanceLoader","level":"info","message":"AppModule dependencies initialized","timestamp":"2026-05-06T05:39:42.227Z"}
{"context":"PrismaService","level":"info","message":"🔌 Prisma Connection String: postgresql://admin:******@localhost:5433/kyc_asset_db?schema=public","timestamp":"2026-05-06T05:39:42.230Z"}
{"context":"InstanceLoader","level":"info","message":"ConfigModule dependencies initialized","timestamp":"2026-05-06T05:39:42.231Z"}
{"context":"InstanceLoader","level":"info","message":"CommonModule dependencies initialized","timestamp":"2026-05-06T05:39:42.231Z"}
{"context":"InstanceLoader","level":"info","message":"JwtModule dependencies initialized","timestamp":"2026-05-06T05:39:42.231Z"}
{"context":"InstanceLoader","level":"info","message":"PrismaModule dependencies initialized","timestamp":"2026-05-06T05:39:42.232Z"}
{"context":"InstanceLoader","level":"info","message":"WhitelistIpModule dependencies initialized","timestamp":"2026-05-06T05:39:42.233Z"}
{"context":"InstanceLoader","level":"info","message":"AttributeModule dependencies initialized","timestamp":"2026-05-06T05:39:42.233Z"}
{"context":"InstanceLoader","level":"info","message":"UsersModule dependencies initialized","timestamp":"2026-05-06T05:39:42.233Z"}
{"context":"InstanceLoader","level":"info","message":"RolesModule dependencies initialized","timestamp":"2026-05-06T05:39:42.233Z"}
{"context":"InstanceLoader","level":"info","message":"PermissionsModule dependencies initialized","timestamp":"2026-05-06T05:39:42.233Z"}
{"context":"InstanceLoader","level":"info","message":"AuthModule dependencies initialized","timestamp":"2026-05-06T05:39:42.233Z"}
{"context":"LegacyRouteConverter","level":"warn","message":"Unsupported route path: \"/api/v1/*\". In previous versions, the symbols ?, *, and + were used to denote optional or repeating path parameters. The latest version of \"path-to-regexp\" now requires the use of named parameters. For example, instead of using a route like /users/* to capture all routes starting with \"/users\", you should use /users/*path. For more details, refer to the migration guide. Attempting to auto-convert...","timestamp":"2026-05-06T05:39:42.255Z"}
{"context":"RoutesResolver","level":"info","message":"AppController {/api/v1/ping}:","timestamp":"2026-05-06T05:39:42.256Z"}
{"context":"RouterExplorer","level":"info","message":"Mapped {/api/v1/ping, GET} route","timestamp":"2026-05-06T05:39:42.257Z"}
{"context":"RoutesResolver","level":"info","message":"UsersController {/api/v1/users}:","timestamp":"2026-05-06T05:39:42.257Z"}
{"context":"RouterExplorer","level":"info","message":"Mapped {/api/v1/users, POST} route","timestamp":"2026-05-06T05:39:42.257Z"}
{"context":"RouterExplorer","level":"info","message":"Mapped {/api/v1/users, GET} route","timestamp":"2026-05-06T05:39:42.258Z"}
{"context":"RouterExplorer","level":"info","message":"Mapped {/api/v1/users/:id, GET} route","timestamp":"2026-05-06T05:39:42.258Z"}
{"context":"RouterExplorer","level":"info","message":"Mapped {/api/v1/users/:id, PATCH} route","timestamp":"2026-05-06T05:39:42.258Z"}
{"context":"RouterExplorer","level":"info","message":"Mapped {/api/v1/users/:id, DELETE} route","timestamp":"2026-05-06T05:39:42.258Z"}
{"context":"RoutesResolver","level":"info","message":"WhitelistIpController {/api/v1/whitelist-ip}:","timestamp":"2026-05-06T05:39:42.258Z"}
{"context":"RouterExplorer","level":"info","message":"Mapped {/api/v1/whitelist-ip, POST} route","timestamp":"2026-05-06T05:39:42.259Z"}
{"context":"RouterExplorer","level":"info","message":"Mapped {/api/v1/whitelist-ip, GET} route","timestamp":"2026-05-06T05:39:42.259Z"}
{"context":"RouterExplorer","level":"info","message":"Mapped {/api/v1/whitelist-ip/:id, GET} route","timestamp":"2026-05-06T05:39:42.259Z"}
{"context":"RouterExplorer","level":"info","message":"Mapped {/api/v1/whitelist-ip/:id, PATCH} route","timestamp":"2026-05-06T05:39:42.259Z"}
{"context":"RouterExplorer","level":"info","message":"Mapped {/api/v1/whitelist-ip/:id, DELETE} route","timestamp":"2026-05-06T05:39:42.259Z"}
{"context":"RoutesResolver","level":"info","message":"RolesController {/api/v1/roles}:","timestamp":"2026-05-06T05:39:42.259Z"}
{"context":"RouterExplorer","level":"info","message":"Mapped {/api/v1/roles, POST} route","timestamp":"2026-05-06T05:39:42.260Z"}
{"context":"RouterExplorer","level":"info","message":"Mapped {/api/v1/roles, GET} route","timestamp":"2026-05-06T05:39:42.260Z"}
{"context":"RouterExplorer","level":"info","message":"Mapped {/api/v1/roles/:id, GET} route","timestamp":"2026-05-06T05:39:42.260Z"}
{"context":"RouterExplorer","level":"info","message":"Mapped {/api/v1/roles/:id, PATCH} route","timestamp":"2026-05-06T05:39:42.260Z"}
{"context":"RouterExplorer","level":"info","message":"Mapped {/api/v1/roles/:id, DELETE} route","timestamp":"2026-05-06T05:39:42.260Z"}
{"context":"RoutesResolver","level":"info","message":"PermissionsController {/api/v1/permissions}:","timestamp":"2026-05-06T05:39:42.260Z"}
{"context":"RouterExplorer","level":"info","message":"Mapped {/api/v1/permissions, POST} route","timestamp":"2026-05-06T05:39:42.260Z"}
{"context":"RouterExplorer","level":"info","message":"Mapped {/api/v1/permissions, GET} route","timestamp":"2026-05-06T05:39:42.261Z"}
{"context":"RouterExplorer","level":"info","message":"Mapped {/api/v1/permissions/:id, PATCH} route","timestamp":"2026-05-06T05:39:42.261Z"}
{"context":"RouterExplorer","level":"info","message":"Mapped {/api/v1/permissions/:id, DELETE} route","timestamp":"2026-05-06T05:39:42.261Z"}
{"context":"RoutesResolver","level":"info","message":"AuthController {/api/v1/auth}:","timestamp":"2026-05-06T05:39:42.261Z"}
{"context":"RouterExplorer","level":"info","message":"Mapped {/api/v1/auth/register, POST} route","timestamp":"2026-05-06T05:39:42.261Z"}
{"context":"RouterExplorer","level":"info","message":"Mapped {/api/v1/auth/login, POST} route","timestamp":"2026-05-06T05:39:42.261Z"}
{"context":"RouterExplorer","level":"info","message":"Mapped {/api/v1/auth/refresh, POST} route","timestamp":"2026-05-06T05:39:42.262Z"}
{"context":"RouterExplorer","level":"info","message":"Mapped {/api/v1/auth/logout, POST} route","timestamp":"2026-05-06T05:39:42.262Z"}
{"context":"RouterExplorer","level":"info","message":"Mapped {/api/v1/auth/me, GET} route","timestamp":"2026-05-06T05:39:42.262Z"}
{"context":"RouterExplorer","level":"info","message":"Mapped {/api/v1/auth/me/password, PATCH} route","timestamp":"2026-05-06T05:39:42.262Z"}
{"context":"RoutesResolver","level":"info","message":"AttributeController {/api/v1/attribute}:","timestamp":"2026-05-06T05:39:42.262Z"}
{"context":"RouterExplorer","level":"info","message":"Mapped {/api/v1/attribute, POST} route","timestamp":"2026-05-06T05:39:42.262Z"}
{"context":"RouterExplorer","level":"info","message":"Mapped {/api/v1/attribute, GET} route","timestamp":"2026-05-06T05:39:42.262Z"}
{"context":"RouterExplorer","level":"info","message":"Mapped {/api/v1/attribute/:id, GET} route","timestamp":"2026-05-06T05:39:42.263Z"}
{"context":"RouterExplorer","level":"info","message":"Mapped {/api/v1/attribute/:id, PATCH} route","timestamp":"2026-05-06T05:39:42.263Z"}
{"context":"RouterExplorer","level":"info","message":"Mapped {/api/v1/attribute/:id, DELETE} route","timestamp":"2026-05-06T05:39:42.263Z"}
{"context":"PrismaService","level":"info","message":"Kết nối database thành công","timestamp":"2026-05-06T05:39:42.305Z"}
{"context":"NestApplication","level":"info","message":"Nest application successfully started","timestamp":"2026-05-06T05:39:42.309Z"}
{"level":"info","message":"Khởi tạo ứng dụng...","timestamp":"2026-05-06T05:39:45.162Z"}
{"context":"NestFactory","level":"info","message":"Starting Nest application...","timestamp":"2026-05-06T05:39:45.232Z"}
{"context":"InstanceLoader","level":"info","message":"PassportModule dependencies initialized","timestamp":"2026-05-06T05:39:45.240Z"}
{"context":"InstanceLoader","level":"info","message":"ConfigHostModule dependencies initialized","timestamp":"2026-05-06T05:39:45.240Z"}
{"context":"InstanceLoader","level":"info","message":"AppModule dependencies initialized","timestamp":"2026-05-06T05:39:45.241Z"}
{"context":"PrismaService","level":"info","message":"🔌 Prisma Connection String: postgresql://admin:******@localhost:5433/kyc_asset_db?schema=public","timestamp":"2026-05-06T05:39:45.244Z"}
{"context":"InstanceLoader","level":"info","message":"ConfigModule dependencies initialized","timestamp":"2026-05-06T05:39:45.244Z"}
{"context":"InstanceLoader","level":"info","message":"CommonModule dependencies initialized","timestamp":"2026-05-06T05:39:45.244Z"}
{"context":"InstanceLoader","level":"info","message":"JwtModule dependencies initialized","timestamp":"2026-05-06T05:39:45.245Z"}
{"context":"InstanceLoader","level":"info","message":"PrismaModule dependencies initialized","timestamp":"2026-05-06T05:39:45.245Z"}
{"context":"InstanceLoader","level":"info","message":"WhitelistIpModule dependencies initialized","timestamp":"2026-05-06T05:39:45.246Z"}
{"context":"InstanceLoader","level":"info","message":"AttributeModule dependencies initialized","timestamp":"2026-05-06T05:39:45.247Z"}
{"context":"InstanceLoader","level":"info","message":"UsersModule dependencies initialized","timestamp":"2026-05-06T05:39:45.247Z"}
{"context":"InstanceLoader","level":"info","message":"RolesModule dependencies initialized","timestamp":"2026-05-06T05:39:45.247Z"}
{"context":"InstanceLoader","level":"info","message":"PermissionsModule dependencies initialized","timestamp":"2026-05-06T05:39:45.247Z"}
{"context":"InstanceLoader","level":"info","message":"AuthModule dependencies initialized","timestamp":"2026-05-06T05:39:45.247Z"}
{"context":"LegacyRouteConverter","level":"warn","message":"Unsupported route path: \"/api/v1/*\". In previous versions, the symbols ?, *, and + were used to denote optional or repeating path parameters. The latest version of \"path-to-regexp\" now requires the use of named parameters. For example, instead of using a route like /users/* to capture all routes starting with \"/users\", you should use /users/*path. For more details, refer to the migration guide. Attempting to auto-convert...","timestamp":"2026-05-06T05:39:45.269Z"}
{"context":"RoutesResolver","level":"info","message":"AppController {/api/v1/ping}:","timestamp":"2026-05-06T05:39:45.270Z"}
{"context":"RouterExplorer","level":"info","message":"Mapped {/api/v1/ping, GET} route","timestamp":"2026-05-06T05:39:45.271Z"}
{"context":"RoutesResolver","level":"info","message":"UsersController {/api/v1/users}:","timestamp":"2026-05-06T05:39:45.271Z"}
{"context":"RouterExplorer","level":"info","message":"Mapped {/api/v1/users, POST} route","timestamp":"2026-05-06T05:39:45.271Z"}
{"context":"RouterExplorer","level":"info","message":"Mapped {/api/v1/users, GET} route","timestamp":"2026-05-06T05:39:45.272Z"}
{"context":"RouterExplorer","level":"info","message":"Mapped {/api/v1/users/:id, GET} route","timestamp":"2026-05-06T05:39:45.272Z"}
{"context":"RouterExplorer","level":"info","message":"Mapped {/api/v1/users/:id, PATCH} route","timestamp":"2026-05-06T05:39:45.272Z"}
{"context":"RouterExplorer","level":"info","message":"Mapped {/api/v1/users/:id, DELETE} route","timestamp":"2026-05-06T05:39:45.273Z"}
{"context":"RoutesResolver","level":"info","message":"WhitelistIpController {/api/v1/whitelist-ip}:","timestamp":"2026-05-06T05:39:45.273Z"}
{"context":"RouterExplorer","level":"info","message":"Mapped {/api/v1/whitelist-ip, POST} route","timestamp":"2026-05-06T05:39:45.273Z"}
{"context":"RouterExplorer","level":"info","message":"Mapped {/api/v1/whitelist-ip, GET} route","timestamp":"2026-05-06T05:39:45.273Z"}
{"context":"RouterExplorer","level":"info","message":"Mapped {/api/v1/whitelist-ip/:id, GET} route","timestamp":"2026-05-06T05:39:45.274Z"}
{"context":"RouterExplorer","level":"info","message":"Mapped {/api/v1/whitelist-ip/:id, PATCH} route","timestamp":"2026-05-06T05:39:45.274Z"}
{"context":"RouterExplorer","level":"info","message":"Mapped {/api/v1/whitelist-ip/:id, DELETE} route","timestamp":"2026-05-06T05:39:45.274Z"}
{"context":"RoutesResolver","level":"info","message":"RolesController {/api/v1/roles}:","timestamp":"2026-05-06T05:39:45.275Z"}
{"context":"RouterExplorer","level":"info","message":"Mapped {/api/v1/roles, POST} route","timestamp":"2026-05-06T05:39:45.275Z"}
{"context":"RouterExplorer","level":"info","message":"Mapped {/api/v1/roles, GET} route","timestamp":"2026-05-06T05:39:45.275Z"}
{"context":"RouterExplorer","level":"info","message":"Mapped {/api/v1/roles/:id, GET} route","timestamp":"2026-05-06T05:39:45.275Z"}
{"context":"RouterExplorer","level":"info","message":"Mapped {/api/v1/roles/:id, PATCH} route","timestamp":"2026-05-06T05:39:45.276Z"}
{"context":"RouterExplorer","level":"info","message":"Mapped {/api/v1/roles/:id, DELETE} route","timestamp":"2026-05-06T05:39:45.276Z"}
{"context":"RoutesResolver","level":"info","message":"PermissionsController {/api/v1/permissions}:","timestamp":"2026-05-06T05:39:45.276Z"}
{"context":"RouterExplorer","level":"info","message":"Mapped {/api/v1/permissions, POST} route","timestamp":"2026-05-06T05:39:45.276Z"}
{"context":"RouterExplorer","level":"info","message":"Mapped {/api/v1/permissions, GET} route","timestamp":"2026-05-06T05:39:45.277Z"}
{"context":"RouterExplorer","level":"info","message":"Mapped {/api/v1/permissions/:id, PATCH} route","timestamp":"2026-05-06T05:39:45.277Z"}
{"context":"RouterExplorer","level":"info","message":"Mapped {/api/v1/permissions/:id, DELETE} route","timestamp":"2026-05-06T05:39:45.277Z"}
{"context":"RoutesResolver","level":"info","message":"AuthController {/api/v1/auth}:","timestamp":"2026-05-06T05:39:45.277Z"}
{"context":"RouterExplorer","level":"info","message":"Mapped {/api/v1/auth/register, POST} route","timestamp":"2026-05-06T05:39:45.278Z"}
{"context":"RouterExplorer","level":"info","message":"Mapped {/api/v1/auth/login, POST} route","timestamp":"2026-05-06T05:39:45.278Z"}
{"context":"RouterExplorer","level":"info","message":"Mapped {/api/v1/auth/refresh, POST} route","timestamp":"2026-05-06T05:39:45.278Z"}
{"context":"RouterExplorer","level":"info","message":"Mapped {/api/v1/auth/logout, POST} route","timestamp":"2026-05-06T05:39:45.279Z"}
{"context":"RouterExplorer","level":"info","message":"Mapped {/api/v1/auth/me, GET} route","timestamp":"2026-05-06T05:39:45.279Z"}
{"context":"RouterExplorer","level":"info","message":"Mapped {/api/v1/auth/me/password, PATCH} route","timestamp":"2026-05-06T05:39:45.279Z"}
{"context":"RoutesResolver","level":"info","message":"AttributeController {/api/v1/attribute}:","timestamp":"2026-05-06T05:39:45.279Z"}
{"context":"RouterExplorer","level":"info","message":"Mapped {/api/v1/attribute, POST} route","timestamp":"2026-05-06T05:39:45.279Z"}
{"context":"RouterExplorer","level":"info","message":"Mapped {/api/v1/attribute, GET} route","timestamp":"2026-05-06T05:39:45.280Z"}
{"context":"RouterExplorer","level":"info","message":"Mapped {/api/v1/attribute/:id, GET} route","timestamp":"2026-05-06T05:39:45.280Z"}
{"context":"RouterExplorer","level":"info","message":"Mapped {/api/v1/attribute/:id, PATCH} route","timestamp":"2026-05-06T05:39:45.280Z"}
{"context":"RouterExplorer","level":"info","message":"Mapped {/api/v1/attribute/:id, DELETE} route","timestamp":"2026-05-06T05:39:45.281Z"}
{"context":"PrismaService","level":"info","message":"Kết nối database thành công","timestamp":"2026-05-06T05:39:45.323Z"}
{"context":"NestApplication","level":"info","message":"Nest application successfully started","timestamp":"2026-05-06T05:39:45.327Z"}
{"context":"AccessTokenGuard","level":"info","message":"isPublic: true","requestId":"ab25249f-ac74-40d7-b205-b9ba14cf6f8e","timestamp":"2026-05-06T05:57:28.772Z"}
{"context":"AccessTokenGuard","level":"info","message":"Public route, skipping authentication","requestId":"ab25249f-ac74-40d7-b205-b9ba14cf6f8e","timestamp":"2026-05-06T05:57:28.773Z"}
{"context":"LoggerMiddleware","level":"info","message":"[RequestID: ab25249f-ac74-40d7-b205-b9ba14cf6f8e] POST /api/v1/auth/login | Status: 201 | Duration: 121ms | IP: ::1 | UserAgent: Mozilla/5.0 (Windows NT 10.0; Win64; x64) AppleWebKit/537.36 (KHTML, like Gecko) Chrome/147.0.0.0 Safari/537.36","requestId":"ab25249f-ac74-40d7-b205-b9ba14cf6f8e","timestamp":"2026-05-06T05:57:28.893Z"}
{"context":"AccessTokenGuard","level":"info","message":"isPublic: undefined","requestId":"22e2c6a3-3f05-4e94-8095-6d9c860c00f0","timestamp":"2026-05-06T05:57:33.220Z"}
{"context":"AccessTokenStrategy","level":"info","message":"user: {\"id\":\"cc6d2974-22cf-4b0b-9590-4b701cfa3c00\",\"username\":\"customer_001\",\"hashed_password\":\"scrypt:61b7465b5cc602c81ecaa66e31f0f570:064a122e33f58ab9bedcc806f62492b81e4451665c71c7dc3a5afd28b63aa6017713b59fb84dc9594c530b3bbe79c2bf5c738ae510f3152bf09f34a3b6d02482\",\"displayName\":\"Nguyễn Văn A\",\"token_version\":5,\"isActive\":true,\"createdAt\":\"2026-05-03T15:37:18.203Z\",\"updatedAt\":\"2026-05-04T09:10:04.759Z\",\"deletedAt\":null,\"roles\":[]}","requestId":"22e2c6a3-3f05-4e94-8095-6d9c860c00f0","timestamp":"2026-05-06T05:57:33.226Z"}
{"context":"AuthService","level":"info","message":"payload: {\"id\":\"cc6d2974-22cf-4b0b-9590-4b701cfa3c00\",\"username\":\"customer_001\",\"hashed_password\":\"scrypt:61b7465b5cc602c81ecaa66e31f0f570:064a122e33f58ab9bedcc806f62492b81e4451665c71c7dc3a5afd28b63aa6017713b59fb84dc9594c530b3bbe79c2bf5c738ae510f3152bf09f34a3b6d02482\",\"displayName\":\"Nguyễn Văn A\",\"token_version\":5,\"isActive\":true,\"createdAt\":\"2026-05-03T15:37:18.203Z\",\"updatedAt\":\"2026-05-04T09:10:04.759Z\",\"deletedAt\":null,\"roles\":[]}","requestId":"22e2c6a3-3f05-4e94-8095-6d9c860c00f0","timestamp":"2026-05-06T05:57:33.226Z"}
{"context":"AuthService","level":"info","message":"user: {\"id\":\"cc6d2974-22cf-4b0b-9590-4b701cfa3c00\",\"username\":\"customer_001\",\"hashed_password\":\"scrypt:61b7465b5cc602c81ecaa66e31f0f570:064a122e33f58ab9bedcc806f62492b81e4451665c71c7dc3a5afd28b63aa6017713b59fb84dc9594c530b3bbe79c2bf5c738ae510f3152bf09f34a3b6d02482\",\"displayName\":\"Nguyễn Văn A\",\"token_version\":5,\"isActive\":true,\"createdAt\":\"2026-05-03T15:37:18.203Z\",\"updatedAt\":\"2026-05-04T09:10:04.759Z\",\"deletedAt\":null,\"roles\":[]}","requestId":"22e2c6a3-3f05-4e94-8095-6d9c860c00f0","timestamp":"2026-05-06T05:57:33.229Z"}
{"context":"LoggerMiddleware","level":"info","message":"[RequestID: 22e2c6a3-3f05-4e94-8095-6d9c860c00f0] GET /api/v1/auth/me | Status: 304 | Duration: 11ms | IP: ::1 | UserAgent: Mozilla/5.0 (Windows NT 10.0; Win64; x64) AppleWebKit/537.36 (KHTML, like Gecko) Chrome/147.0.0.0 Safari/537.36","requestId":"22e2c6a3-3f05-4e94-8095-6d9c860c00f0","timestamp":"2026-05-06T05:57:33.230Z"}
{"level":"info","message":"Khởi tạo ứng dụng...","timestamp":"2026-05-06T06:47:12.598Z"}
{"context":"NestFactory","level":"info","message":"Starting Nest application...","timestamp":"2026-05-06T06:47:12.675Z"}
{"context":"InstanceLoader","level":"info","message":"PassportModule dependencies initialized","timestamp":"2026-05-06T06:47:12.683Z"}
{"context":"InstanceLoader","level":"info","message":"ConfigHostModule dependencies initialized","timestamp":"2026-05-06T06:47:12.684Z"}
{"context":"InstanceLoader","level":"info","message":"AppModule dependencies initialized","timestamp":"2026-05-06T06:47:12.684Z"}
{"context":"PrismaService","level":"info","message":"🔌 Prisma Connection String: postgresql://admin:******@localhost:5433/kyc_asset_db?schema=public","timestamp":"2026-05-06T06:47:12.687Z"}
{"context":"InstanceLoader","level":"info","message":"ConfigModule dependencies initialized","timestamp":"2026-05-06T06:47:12.687Z"}
{"context":"InstanceLoader","level":"info","message":"CommonModule dependencies initialized","timestamp":"2026-05-06T06:47:12.687Z"}
{"context":"InstanceLoader","level":"info","message":"JwtModule dependencies initialized","timestamp":"2026-05-06T06:47:12.688Z"}
{"context":"InstanceLoader","level":"info","message":"PrismaModule dependencies initialized","timestamp":"2026-05-06T06:47:12.688Z"}
{"context":"InstanceLoader","level":"info","message":"WhitelistIpModule dependencies initialized","timestamp":"2026-05-06T06:47:12.689Z"}
{"context":"InstanceLoader","level":"info","message":"AttributeModule dependencies initialized","timestamp":"2026-05-06T06:47:12.690Z"}
{"context":"InstanceLoader","level":"info","message":"UsersModule dependencies initialized","timestamp":"2026-05-06T06:47:12.690Z"}
{"context":"InstanceLoader","level":"info","message":"RolesModule dependencies initialized","timestamp":"2026-05-06T06:47:12.690Z"}
{"context":"InstanceLoader","level":"info","message":"PermissionsModule dependencies initialized","timestamp":"2026-05-06T06:47:12.690Z"}
{"context":"InstanceLoader","level":"info","message":"AuthModule dependencies initialized","timestamp":"2026-05-06T06:47:12.690Z"}
{"context":"LegacyRouteConverter","level":"warn","message":"Unsupported route path: \"/api/v1/*\". In previous versions, the symbols ?, *, and + were used to denote optional or repeating path parameters. The latest version of \"path-to-regexp\" now requires the use of named parameters. For example, instead of using a route like /users/* to capture all routes starting with \"/users\", you should use /users/*path. For more details, refer to the migration guide. Attempting to auto-convert...","timestamp":"2026-05-06T06:47:12.712Z"}
{"context":"RoutesResolver","level":"info","message":"AppController {/api/v1/ping}:","timestamp":"2026-05-06T06:47:12.713Z"}
{"context":"RouterExplorer","level":"info","message":"Mapped {/api/v1/ping, GET} route","timestamp":"2026-05-06T06:47:12.714Z"}
{"context":"RoutesResolver","level":"info","message":"UsersController {/api/v1/users}:","timestamp":"2026-05-06T06:47:12.714Z"}
{"context":"RouterExplorer","level":"info","message":"Mapped {/api/v1/users, POST} route","timestamp":"2026-05-06T06:47:12.714Z"}
{"context":"RouterExplorer","level":"info","message":"Mapped {/api/v1/users, GET} route","timestamp":"2026-05-06T06:47:12.715Z"}
{"context":"RouterExplorer","level":"info","message":"Mapped {/api/v1/users/:id, GET} route","timestamp":"2026-05-06T06:47:12.715Z"}
{"context":"RouterExplorer","level":"info","message":"Mapped {/api/v1/users/:id, PATCH} route","timestamp":"2026-05-06T06:47:12.715Z"}
{"context":"RouterExplorer","level":"info","message":"Mapped {/api/v1/users/:id, DELETE} route","timestamp":"2026-05-06T06:47:12.715Z"}
{"context":"RoutesResolver","level":"info","message":"WhitelistIpController {/api/v1/whitelist-ip}:","timestamp":"2026-05-06T06:47:12.716Z"}
{"context":"RouterExplorer","level":"info","message":"Mapped {/api/v1/whitelist-ip, POST} route","timestamp":"2026-05-06T06:47:12.716Z"}
{"context":"RouterExplorer","level":"info","message":"Mapped {/api/v1/whitelist-ip, GET} route","timestamp":"2026-05-06T06:47:12.716Z"}
{"context":"RouterExplorer","level":"info","message":"Mapped {/api/v1/whitelist-ip/:id, GET} route","timestamp":"2026-05-06T06:47:12.717Z"}
{"context":"RouterExplorer","level":"info","message":"Mapped {/api/v1/whitelist-ip/:id, PATCH} route","timestamp":"2026-05-06T06:47:12.717Z"}
{"context":"RouterExplorer","level":"info","message":"Mapped {/api/v1/whitelist-ip/:id, DELETE} route","timestamp":"2026-05-06T06:47:12.717Z"}
{"context":"RoutesResolver","level":"info","message":"RolesController {/api/v1/roles}:","timestamp":"2026-05-06T06:47:12.717Z"}
{"context":"RouterExplorer","level":"info","message":"Mapped {/api/v1/roles, POST} route","timestamp":"2026-05-06T06:47:12.717Z"}
{"context":"RouterExplorer","level":"info","message":"Mapped {/api/v1/roles, GET} route","timestamp":"2026-05-06T06:47:12.717Z"}
{"context":"RouterExplorer","level":"info","message":"Mapped {/api/v1/roles/:id, GET} route","timestamp":"2026-05-06T06:47:12.718Z"}
{"context":"RouterExplorer","level":"info","message":"Mapped {/api/v1/roles/:id, PATCH} route","timestamp":"2026-05-06T06:47:12.718Z"}
{"context":"RouterExplorer","level":"info","message":"Mapped {/api/v1/roles/:id, DELETE} route","timestamp":"2026-05-06T06:47:12.718Z"}
{"context":"RoutesResolver","level":"info","message":"PermissionsController {/api/v1/permissions}:","timestamp":"2026-05-06T06:47:12.718Z"}
{"context":"RouterExplorer","level":"info","message":"Mapped {/api/v1/permissions, POST} route","timestamp":"2026-05-06T06:47:12.718Z"}
{"context":"RouterExplorer","level":"info","message":"Mapped {/api/v1/permissions, GET} route","timestamp":"2026-05-06T06:47:12.718Z"}
{"context":"RouterExplorer","level":"info","message":"Mapped {/api/v1/permissions/:id, PATCH} route","timestamp":"2026-05-06T06:47:12.719Z"}
{"context":"RouterExplorer","level":"info","message":"Mapped {/api/v1/permissions/:id, DELETE} route","timestamp":"2026-05-06T06:47:12.719Z"}
{"context":"RoutesResolver","level":"info","message":"AuthController {/api/v1/auth}:","timestamp":"2026-05-06T06:47:12.719Z"}
{"context":"RouterExplorer","level":"info","message":"Mapped {/api/v1/auth/register, POST} route","timestamp":"2026-05-06T06:47:12.719Z"}
{"context":"RouterExplorer","level":"info","message":"Mapped {/api/v1/auth/login, POST} route","timestamp":"2026-05-06T06:47:12.719Z"}
{"context":"RouterExplorer","level":"info","message":"Mapped {/api/v1/auth/refresh, POST} route","timestamp":"2026-05-06T06:47:12.720Z"}
{"context":"RouterExplorer","level":"info","message":"Mapped {/api/v1/auth/logout, POST} route","timestamp":"2026-05-06T06:47:12.720Z"}
{"context":"RouterExplorer","level":"info","message":"Mapped {/api/v1/auth/me, GET} route","timestamp":"2026-05-06T06:47:12.720Z"}
{"context":"RouterExplorer","level":"info","message":"Mapped {/api/v1/auth/me/password, PATCH} route","timestamp":"2026-05-06T06:47:12.720Z"}
{"context":"RoutesResolver","level":"info","message":"AttributeController {/api/v1/attribute}:","timestamp":"2026-05-06T06:47:12.720Z"}
{"context":"RouterExplorer","level":"info","message":"Mapped {/api/v1/attribute, POST} route","timestamp":"2026-05-06T06:47:12.721Z"}
{"context":"RouterExplorer","level":"info","message":"Mapped {/api/v1/attribute, GET} route","timestamp":"2026-05-06T06:47:12.721Z"}
{"context":"RouterExplorer","level":"info","message":"Mapped {/api/v1/attribute/:id, GET} route","timestamp":"2026-05-06T06:47:12.721Z"}
{"context":"RouterExplorer","level":"info","message":"Mapped {/api/v1/attribute/:id, PATCH} route","timestamp":"2026-05-06T06:47:12.721Z"}
{"context":"RouterExplorer","level":"info","message":"Mapped {/api/v1/attribute/:id, DELETE} route","timestamp":"2026-05-06T06:47:12.721Z"}
{"context":"PrismaService","level":"info","message":"Kết nối database thành công","timestamp":"2026-05-06T06:47:12.763Z"}
{"context":"NestApplication","level":"info","message":"Nest application successfully started","timestamp":"2026-05-06T06:47:12.766Z"}
{"level":"info","message":"Khởi tạo ứng dụng...","timestamp":"2026-05-06T06:47:13.753Z"}
{"context":"NestFactory","level":"info","message":"Starting Nest application...","timestamp":"2026-05-06T06:47:13.820Z"}
{"context":"InstanceLoader","level":"info","message":"PassportModule dependencies initialized","timestamp":"2026-05-06T06:47:13.829Z"}
{"context":"InstanceLoader","level":"info","message":"ConfigHostModule dependencies initialized","timestamp":"2026-05-06T06:47:13.829Z"}
{"context":"InstanceLoader","level":"info","message":"AppModule dependencies initialized","timestamp":"2026-05-06T06:47:13.830Z"}
{"context":"PrismaService","level":"info","message":"🔌 Prisma Connection String: postgresql://admin:******@localhost:5433/kyc_asset_db?schema=public","timestamp":"2026-05-06T06:47:13.834Z"}
{"context":"InstanceLoader","level":"info","message":"ConfigModule dependencies initialized","timestamp":"2026-05-06T06:47:13.834Z"}
{"context":"InstanceLoader","level":"info","message":"CommonModule dependencies initialized","timestamp":"2026-05-06T06:47:13.834Z"}
{"context":"InstanceLoader","level":"info","message":"JwtModule dependencies initialized","timestamp":"2026-05-06T06:47:13.835Z"}
{"context":"InstanceLoader","level":"info","message":"PrismaModule dependencies initialized","timestamp":"2026-05-06T06:47:13.835Z"}
{"context":"InstanceLoader","level":"info","message":"WhitelistIpModule dependencies initialized","timestamp":"2026-05-06T06:47:13.837Z"}
{"context":"InstanceLoader","level":"info","message":"AttributeModule dependencies initialized","timestamp":"2026-05-06T06:47:13.837Z"}
{"context":"InstanceLoader","level":"info","message":"UsersModule dependencies initialized","timestamp":"2026-05-06T06:47:13.837Z"}
{"context":"InstanceLoader","level":"info","message":"RolesModule dependencies initialized","timestamp":"2026-05-06T06:47:13.837Z"}
{"context":"InstanceLoader","level":"info","message":"PermissionsModule dependencies initialized","timestamp":"2026-05-06T06:47:13.837Z"}
{"context":"InstanceLoader","level":"info","message":"AuthModule dependencies initialized","timestamp":"2026-05-06T06:47:13.837Z"}
{"context":"LegacyRouteConverter","level":"warn","message":"Unsupported route path: \"/api/v1/*\". In previous versions, the symbols ?, *, and + were used to denote optional or repeating path parameters. The latest version of \"path-to-regexp\" now requires the use of named parameters. For example, instead of using a route like /users/* to capture all routes starting with \"/users\", you should use /users/*path. For more details, refer to the migration guide. Attempting to auto-convert...","timestamp":"2026-05-06T06:47:13.860Z"}
{"context":"RoutesResolver","level":"info","message":"AppController {/api/v1/ping}:","timestamp":"2026-05-06T06:47:13.860Z"}
{"context":"RouterExplorer","level":"info","message":"Mapped {/api/v1/ping, GET} route","timestamp":"2026-05-06T06:47:13.862Z"}
{"context":"RoutesResolver","level":"info","message":"UsersController {/api/v1/users}:","timestamp":"2026-05-06T06:47:13.862Z"}
{"context":"RouterExplorer","level":"info","message":"Mapped {/api/v1/users, POST} route","timestamp":"2026-05-06T06:47:13.862Z"}
{"context":"RouterExplorer","level":"info","message":"Mapped {/api/v1/users, GET} route","timestamp":"2026-05-06T06:47:13.863Z"}
{"context":"RouterExplorer","level":"info","message":"Mapped {/api/v1/users/:id, GET} route","timestamp":"2026-05-06T06:47:13.863Z"}
{"context":"RouterExplorer","level":"info","message":"Mapped {/api/v1/users/:id, PATCH} route","timestamp":"2026-05-06T06:47:13.863Z"}
{"context":"RouterExplorer","level":"info","message":"Mapped {/api/v1/users/:id, DELETE} route","timestamp":"2026-05-06T06:47:13.863Z"}
{"context":"RoutesResolver","level":"info","message":"WhitelistIpController {/api/v1/whitelist-ip}:","timestamp":"2026-05-06T06:47:13.863Z"}
{"context":"RouterExplorer","level":"info","message":"Mapped {/api/v1/whitelist-ip, POST} route","timestamp":"2026-05-06T06:47:13.864Z"}
{"context":"RouterExplorer","level":"info","message":"Mapped {/api/v1/whitelist-ip, GET} route","timestamp":"2026-05-06T06:47:13.864Z"}
{"context":"RouterExplorer","level":"info","message":"Mapped {/api/v1/whitelist-ip/:id, GET} route","timestamp":"2026-05-06T06:47:13.864Z"}
{"context":"RouterExplorer","level":"info","message":"Mapped {/api/v1/whitelist-ip/:id, PATCH} route","timestamp":"2026-05-06T06:47:13.865Z"}
{"context":"RouterExplorer","level":"info","message":"Mapped {/api/v1/whitelist-ip/:id, DELETE} route","timestamp":"2026-05-06T06:47:13.865Z"}
{"context":"RoutesResolver","level":"info","message":"RolesController {/api/v1/roles}:","timestamp":"2026-05-06T06:47:13.865Z"}
{"context":"RouterExplorer","level":"info","message":"Mapped {/api/v1/roles, POST} route","timestamp":"2026-05-06T06:47:13.865Z"}
{"context":"RouterExplorer","level":"info","message":"Mapped {/api/v1/roles, GET} route","timestamp":"2026-05-06T06:47:13.865Z"}
{"context":"RouterExplorer","level":"info","message":"Mapped {/api/v1/roles/:id, GET} route","timestamp":"2026-05-06T06:47:13.866Z"}
{"context":"RouterExplorer","level":"info","message":"Mapped {/api/v1/roles/:id, PATCH} route","timestamp":"2026-05-06T06:47:13.866Z"}
{"context":"RouterExplorer","level":"info","message":"Mapped {/api/v1/roles/:id, DELETE} route","timestamp":"2026-05-06T06:47:13.866Z"}
{"context":"RoutesResolver","level":"info","message":"PermissionsController {/api/v1/permissions}:","timestamp":"2026-05-06T06:47:13.866Z"}
{"context":"RouterExplorer","level":"info","message":"Mapped {/api/v1/permissions, POST} route","timestamp":"2026-05-06T06:47:13.866Z"}
{"context":"RouterExplorer","level":"info","message":"Mapped {/api/v1/permissions, GET} route","timestamp":"2026-05-06T06:47:13.866Z"}
{"context":"RouterExplorer","level":"info","message":"Mapped {/api/v1/permissions/:id, PATCH} route","timestamp":"2026-05-06T06:47:13.867Z"}
{"context":"RouterExplorer","level":"info","message":"Mapped {/api/v1/permissions/:id, DELETE} route","timestamp":"2026-05-06T06:47:13.867Z"}
{"context":"RoutesResolver","level":"info","message":"AuthController {/api/v1/auth}:","timestamp":"2026-05-06T06:47:13.867Z"}
{"context":"RouterExplorer","level":"info","message":"Mapped {/api/v1/auth/register, POST} route","timestamp":"2026-05-06T06:47:13.867Z"}
{"context":"RouterExplorer","level":"info","message":"Mapped {/api/v1/auth/login, POST} route","timestamp":"2026-05-06T06:47:13.867Z"}
{"context":"RouterExplorer","level":"info","message":"Mapped {/api/v1/auth/refresh, POST} route","timestamp":"2026-05-06T06:47:13.867Z"}
{"context":"RouterExplorer","level":"info","message":"Mapped {/api/v1/auth/logout, POST} route","timestamp":"2026-05-06T06:47:13.868Z"}
{"context":"RouterExplorer","level":"info","message":"Mapped {/api/v1/auth/me, GET} route","timestamp":"2026-05-06T06:47:13.868Z"}
{"context":"RouterExplorer","level":"info","message":"Mapped {/api/v1/auth/me/password, PATCH} route","timestamp":"2026-05-06T06:47:13.868Z"}
{"context":"RoutesResolver","level":"info","message":"AttributeController {/api/v1/attribute}:","timestamp":"2026-05-06T06:47:13.868Z"}
{"context":"RouterExplorer","level":"info","message":"Mapped {/api/v1/attribute, POST} route","timestamp":"2026-05-06T06:47:13.868Z"}
{"context":"RouterExplorer","level":"info","message":"Mapped {/api/v1/attribute, GET} route","timestamp":"2026-05-06T06:47:13.868Z"}
{"context":"RouterExplorer","level":"info","message":"Mapped {/api/v1/attribute/:id, GET} route","timestamp":"2026-05-06T06:47:13.869Z"}
{"context":"RouterExplorer","level":"info","message":"Mapped {/api/v1/attribute/:id, PATCH} route","timestamp":"2026-05-06T06:47:13.869Z"}
{"context":"RouterExplorer","level":"info","message":"Mapped {/api/v1/attribute/:id, DELETE} route","timestamp":"2026-05-06T06:47:13.869Z"}
{"context":"PrismaService","level":"info","message":"Kết nối database thành công","timestamp":"2026-05-06T06:47:13.911Z"}
{"context":"NestApplication","level":"info","message":"Nest application successfully started","timestamp":"2026-05-06T06:47:13.914Z"}
{"level":"info","message":"Khởi tạo ứng dụng...","timestamp":"2026-05-06T06:47:15.121Z"}
{"context":"NestFactory","level":"info","message":"Starting Nest application...","timestamp":"2026-05-06T06:47:15.188Z"}
{"context":"InstanceLoader","level":"info","message":"PassportModule dependencies initialized","timestamp":"2026-05-06T06:47:15.197Z"}
{"context":"InstanceLoader","level":"info","message":"ConfigHostModule dependencies initialized","timestamp":"2026-05-06T06:47:15.197Z"}
{"context":"InstanceLoader","level":"info","message":"AppModule dependencies initialized","timestamp":"2026-05-06T06:47:15.198Z"}
{"context":"PrismaService","level":"info","message":"🔌 Prisma Connection String: postgresql://admin:******@localhost:5433/kyc_asset_db?schema=public","timestamp":"2026-05-06T06:47:15.202Z"}
{"context":"InstanceLoader","level":"info","message":"ConfigModule dependencies initialized","timestamp":"2026-05-06T06:47:15.203Z"}
{"context":"InstanceLoader","level":"info","message":"CommonModule dependencies initialized","timestamp":"2026-05-06T06:47:15.203Z"}
{"context":"InstanceLoader","level":"info","message":"JwtModule dependencies initialized","timestamp":"2026-05-06T06:47:15.205Z"}
{"context":"InstanceLoader","level":"info","message":"PrismaModule dependencies initialized","timestamp":"2026-05-06T06:47:15.206Z"}
{"context":"InstanceLoader","level":"info","message":"WhitelistIpModule dependencies initialized","timestamp":"2026-05-06T06:47:15.208Z"}
{"context":"InstanceLoader","level":"info","message":"AttributeModule dependencies initialized","timestamp":"2026-05-06T06:47:15.208Z"}
{"context":"InstanceLoader","level":"info","message":"UsersModule dependencies initialized","timestamp":"2026-05-06T06:47:15.209Z"}
{"context":"InstanceLoader","level":"info","message":"RolesModule dependencies initialized","timestamp":"2026-05-06T06:47:15.209Z"}
{"context":"InstanceLoader","level":"info","message":"PermissionsModule dependencies initialized","timestamp":"2026-05-06T06:47:15.209Z"}
{"context":"InstanceLoader","level":"info","message":"AuthModule dependencies initialized","timestamp":"2026-05-06T06:47:15.210Z"}
{"context":"LegacyRouteConverter","level":"warn","message":"Unsupported route path: \"/api/v1/*\". In previous versions, the symbols ?, *, and + were used to denote optional or repeating path parameters. The latest version of \"path-to-regexp\" now requires the use of named parameters. For example, instead of using a route like /users/* to capture all routes starting with \"/users\", you should use /users/*path. For more details, refer to the migration guide. Attempting to auto-convert...","timestamp":"2026-05-06T06:47:15.241Z"}
{"context":"RoutesResolver","level":"info","message":"AppController {/api/v1/ping}:","timestamp":"2026-05-06T06:47:15.242Z"}
{"context":"RouterExplorer","level":"info","message":"Mapped {/api/v1/ping, GET} route","timestamp":"2026-05-06T06:47:15.244Z"}
{"context":"RoutesResolver","level":"info","message":"UsersController {/api/v1/users}:","timestamp":"2026-05-06T06:47:15.244Z"}
{"context":"RouterExplorer","level":"info","message":"Mapped {/api/v1/users, POST} route","timestamp":"2026-05-06T06:47:15.245Z"}
{"context":"RouterExplorer","level":"info","message":"Mapped {/api/v1/users, GET} route","timestamp":"2026-05-06T06:47:15.245Z"}
{"context":"RouterExplorer","level":"info","message":"Mapped {/api/v1/users/:id, GET} route","timestamp":"2026-05-06T06:47:15.246Z"}
{"context":"RouterExplorer","level":"info","message":"Mapped {/api/v1/users/:id, PATCH} route","timestamp":"2026-05-06T06:47:15.247Z"}
{"context":"RouterExplorer","level":"info","message":"Mapped {/api/v1/users/:id, DELETE} route","timestamp":"2026-05-06T06:47:15.247Z"}
{"context":"RoutesResolver","level":"info","message":"WhitelistIpController {/api/v1/whitelist-ip}:","timestamp":"2026-05-06T06:47:15.247Z"}
{"context":"RouterExplorer","level":"info","message":"Mapped {/api/v1/whitelist-ip, POST} route","timestamp":"2026-05-06T06:47:15.248Z"}
{"context":"RouterExplorer","level":"info","message":"Mapped {/api/v1/whitelist-ip, GET} route","timestamp":"2026-05-06T06:47:15.248Z"}
{"context":"RouterExplorer","level":"info","message":"Mapped {/api/v1/whitelist-ip/:id, GET} route","timestamp":"2026-05-06T06:47:15.249Z"}
{"context":"RouterExplorer","level":"info","message":"Mapped {/api/v1/whitelist-ip/:id, PATCH} route","timestamp":"2026-05-06T06:47:15.249Z"}
{"context":"RouterExplorer","level":"info","message":"Mapped {/api/v1/whitelist-ip/:id, DELETE} route","timestamp":"2026-05-06T06:47:15.250Z"}
{"context":"RoutesResolver","level":"info","message":"RolesController {/api/v1/roles}:","timestamp":"2026-05-06T06:47:15.250Z"}
{"context":"RouterExplorer","level":"info","message":"Mapped {/api/v1/roles, POST} route","timestamp":"2026-05-06T06:47:15.250Z"}
{"context":"RouterExplorer","level":"info","message":"Mapped {/api/v1/roles, GET} route","timestamp":"2026-05-06T06:47:15.251Z"}
{"context":"RouterExplorer","level":"info","message":"Mapped {/api/v1/roles/:id, GET} route","timestamp":"2026-05-06T06:47:15.251Z"}
{"context":"RouterExplorer","level":"info","message":"Mapped {/api/v1/roles/:id, PATCH} route","timestamp":"2026-05-06T06:47:15.252Z"}
{"context":"RouterExplorer","level":"info","message":"Mapped {/api/v1/roles/:id, DELETE} route","timestamp":"2026-05-06T06:47:15.252Z"}
{"context":"RoutesResolver","level":"info","message":"PermissionsController {/api/v1/permissions}:","timestamp":"2026-05-06T06:47:15.252Z"}
{"context":"RouterExplorer","level":"info","message":"Mapped {/api/v1/permissions, POST} route","timestamp":"2026-05-06T06:47:15.253Z"}
{"context":"RouterExplorer","level":"info","message":"Mapped {/api/v1/permissions, GET} route","timestamp":"2026-05-06T06:47:15.253Z"}
{"context":"RouterExplorer","level":"info","message":"Mapped {/api/v1/permissions/:id, PATCH} route","timestamp":"2026-05-06T06:47:15.254Z"}
{"context":"RouterExplorer","level":"info","message":"Mapped {/api/v1/permissions/:id, DELETE} route","timestamp":"2026-05-06T06:47:15.254Z"}
{"context":"RoutesResolver","level":"info","message":"AuthController {/api/v1/auth}:","timestamp":"2026-05-06T06:47:15.254Z"}
{"context":"RouterExplorer","level":"info","message":"Mapped {/api/v1/auth/register, POST} route","timestamp":"2026-05-06T06:47:15.255Z"}
{"context":"RouterExplorer","level":"info","message":"Mapped {/api/v1/auth/login, POST} route","timestamp":"2026-05-06T06:47:15.255Z"}
{"context":"RouterExplorer","level":"info","message":"Mapped {/api/v1/auth/refresh, POST} route","timestamp":"2026-05-06T06:47:15.255Z"}
{"context":"RouterExplorer","level":"info","message":"Mapped {/api/v1/auth/logout, POST} route","timestamp":"2026-05-06T06:47:15.256Z"}
{"context":"RouterExplorer","level":"info","message":"Mapped {/api/v1/auth/me, GET} route","timestamp":"2026-05-06T06:47:15.256Z"}
{"context":"RouterExplorer","level":"info","message":"Mapped {/api/v1/auth/me/password, PATCH} route","timestamp":"2026-05-06T06:47:15.256Z"}
{"context":"RoutesResolver","level":"info","message":"AttributeController {/api/v1/attribute}:","timestamp":"2026-05-06T06:47:15.256Z"}
{"context":"RouterExplorer","level":"info","message":"Mapped {/api/v1/attribute, POST} route","timestamp":"2026-05-06T06:47:15.257Z"}
{"context":"RouterExplorer","level":"info","message":"Mapped {/api/v1/attribute, GET} route","timestamp":"2026-05-06T06:47:15.257Z"}
{"context":"RouterExplorer","level":"info","message":"Mapped {/api/v1/attribute/:id, GET} route","timestamp":"2026-05-06T06:47:15.257Z"}
{"context":"RouterExplorer","level":"info","message":"Mapped {/api/v1/attribute/:id, PATCH} route","timestamp":"2026-05-06T06:47:15.257Z"}
{"context":"RouterExplorer","level":"info","message":"Mapped {/api/v1/attribute/:id, DELETE} route","timestamp":"2026-05-06T06:47:15.257Z"}
{"context":"PrismaService","level":"info","message":"Kết nối database thành công","timestamp":"2026-05-06T06:47:15.304Z"}
{"context":"NestApplication","level":"info","message":"Nest application successfully started","timestamp":"2026-05-06T06:47:15.308Z"}
{"level":"info","message":"Khởi tạo ứng dụng...","timestamp":"2026-05-06T07:04:29.977Z"}
{"context":"NestFactory","level":"info","message":"Starting Nest application...","timestamp":"2026-05-06T07:04:30.049Z"}
{"context":"InstanceLoader","level":"info","message":"PassportModule dependencies initialized","timestamp":"2026-05-06T07:04:30.056Z"}
{"context":"InstanceLoader","level":"info","message":"ConfigHostModule dependencies initialized","timestamp":"2026-05-06T07:04:30.057Z"}
{"context":"InstanceLoader","level":"info","message":"AppModule dependencies initialized","timestamp":"2026-05-06T07:04:30.057Z"}
{"context":"PrismaService","level":"info","message":"🔌 Prisma Connection String: postgresql://admin:******@localhost:5433/kyc_asset_db?schema=public","timestamp":"2026-05-06T07:04:30.060Z"}
{"context":"InstanceLoader","level":"info","message":"ConfigModule dependencies initialized","timestamp":"2026-05-06T07:04:30.060Z"}
{"context":"InstanceLoader","level":"info","message":"CommonModule dependencies initialized","timestamp":"2026-05-06T07:04:30.060Z"}
{"context":"InstanceLoader","level":"info","message":"JwtModule dependencies initialized","timestamp":"2026-05-06T07:04:30.061Z"}
{"context":"InstanceLoader","level":"info","message":"PrismaModule dependencies initialized","timestamp":"2026-05-06T07:04:30.061Z"}
{"context":"InstanceLoader","level":"info","message":"WhitelistIpModule dependencies initialized","timestamp":"2026-05-06T07:04:30.063Z"}
{"context":"InstanceLoader","level":"info","message":"AttributeModule dependencies initialized","timestamp":"2026-05-06T07:04:30.063Z"}
{"context":"InstanceLoader","level":"info","message":"UsersModule dependencies initialized","timestamp":"2026-05-06T07:04:30.063Z"}
{"context":"InstanceLoader","level":"info","message":"RolesModule dependencies initialized","timestamp":"2026-05-06T07:04:30.063Z"}
{"context":"InstanceLoader","level":"info","message":"PermissionsModule dependencies initialized","timestamp":"2026-05-06T07:04:30.063Z"}
{"context":"InstanceLoader","level":"info","message":"AuthModule dependencies initialized","timestamp":"2026-05-06T07:04:30.063Z"}
{"context":"LegacyRouteConverter","level":"warn","message":"Unsupported route path: \"/api/v1/*\". In previous versions, the symbols ?, *, and + were used to denote optional or repeating path parameters. The latest version of \"path-to-regexp\" now requires the use of named parameters. For example, instead of using a route like /users/* to capture all routes starting with \"/users\", you should use /users/*path. For more details, refer to the migration guide. Attempting to auto-convert...","timestamp":"2026-05-06T07:04:30.085Z"}
{"context":"RoutesResolver","level":"info","message":"AppController {/api/v1/ping}:","timestamp":"2026-05-06T07:04:30.085Z"}
{"context":"RouterExplorer","level":"info","message":"Mapped {/api/v1/ping, GET} route","timestamp":"2026-05-06T07:04:30.086Z"}
{"context":"RoutesResolver","level":"info","message":"UsersController {/api/v1/users}:","timestamp":"2026-05-06T07:04:30.087Z"}
{"context":"RouterExplorer","level":"info","message":"Mapped {/api/v1/users, POST} route","timestamp":"2026-05-06T07:04:30.087Z"}
{"context":"RouterExplorer","level":"info","message":"Mapped {/api/v1/users, GET} route","timestamp":"2026-05-06T07:04:30.087Z"}
{"context":"RouterExplorer","level":"info","message":"Mapped {/api/v1/users/:id, GET} route","timestamp":"2026-05-06T07:04:30.087Z"}
{"context":"RouterExplorer","level":"info","message":"Mapped {/api/v1/users/:id, PATCH} route","timestamp":"2026-05-06T07:04:30.088Z"}
{"context":"RouterExplorer","level":"info","message":"Mapped {/api/v1/users/:id, DELETE} route","timestamp":"2026-05-06T07:04:30.088Z"}
{"context":"RoutesResolver","level":"info","message":"WhitelistIpController {/api/v1/whitelist-ip}:","timestamp":"2026-05-06T07:04:30.088Z"}
{"context":"RouterExplorer","level":"info","message":"Mapped {/api/v1/whitelist-ip, POST} route","timestamp":"2026-05-06T07:04:30.088Z"}
{"context":"RouterExplorer","level":"info","message":"Mapped {/api/v1/whitelist-ip, GET} route","timestamp":"2026-05-06T07:04:30.088Z"}
{"context":"RouterExplorer","level":"info","message":"Mapped {/api/v1/whitelist-ip/:id, GET} route","timestamp":"2026-05-06T07:04:30.088Z"}
{"context":"RouterExplorer","level":"info","message":"Mapped {/api/v1/whitelist-ip/:id, PATCH} route","timestamp":"2026-05-06T07:04:30.089Z"}
{"context":"RouterExplorer","level":"info","message":"Mapped {/api/v1/whitelist-ip/:id, DELETE} route","timestamp":"2026-05-06T07:04:30.089Z"}
{"context":"RoutesResolver","level":"info","message":"RolesController {/api/v1/roles}:","timestamp":"2026-05-06T07:04:30.089Z"}
{"context":"RouterExplorer","level":"info","message":"Mapped {/api/v1/roles, POST} route","timestamp":"2026-05-06T07:04:30.089Z"}
{"context":"RouterExplorer","level":"info","message":"Mapped {/api/v1/roles, GET} route","timestamp":"2026-05-06T07:04:30.089Z"}
{"context":"RouterExplorer","level":"info","message":"Mapped {/api/v1/roles/:id, GET} route","timestamp":"2026-05-06T07:04:30.089Z"}
{"context":"RouterExplorer","level":"info","message":"Mapped {/api/v1/roles/:id, PATCH} route","timestamp":"2026-05-06T07:04:30.090Z"}
{"context":"RouterExplorer","level":"info","message":"Mapped {/api/v1/roles/:id, DELETE} route","timestamp":"2026-05-06T07:04:30.090Z"}
{"context":"RoutesResolver","level":"info","message":"PermissionsController {/api/v1/permissions}:","timestamp":"2026-05-06T07:04:30.090Z"}
{"context":"RouterExplorer","level":"info","message":"Mapped {/api/v1/permissions, POST} route","timestamp":"2026-05-06T07:04:30.090Z"}
{"context":"RouterExplorer","level":"info","message":"Mapped {/api/v1/permissions, GET} route","timestamp":"2026-05-06T07:04:30.090Z"}
{"context":"RouterExplorer","level":"info","message":"Mapped {/api/v1/permissions/:id, PATCH} route","timestamp":"2026-05-06T07:04:30.090Z"}
{"context":"RouterExplorer","level":"info","message":"Mapped {/api/v1/permissions/:id, DELETE} route","timestamp":"2026-05-06T07:04:30.090Z"}
{"context":"RoutesResolver","level":"info","message":"AuthController {/api/v1/auth}:","timestamp":"2026-05-06T07:04:30.090Z"}
{"context":"RouterExplorer","level":"info","message":"Mapped {/api/v1/auth/register, POST} route","timestamp":"2026-05-06T07:04:30.091Z"}
{"context":"RouterExplorer","level":"info","message":"Mapped {/api/v1/auth/login, POST} route","timestamp":"2026-05-06T07:04:30.091Z"}
{"context":"RouterExplorer","level":"info","message":"Mapped {/api/v1/auth/refresh, POST} route","timestamp":"2026-05-06T07:04:30.091Z"}
{"context":"RouterExplorer","level":"info","message":"Mapped {/api/v1/auth/logout, POST} route","timestamp":"2026-05-06T07:04:30.091Z"}
{"context":"RouterExplorer","level":"info","message":"Mapped {/api/v1/auth/me, GET} route","timestamp":"2026-05-06T07:04:30.091Z"}
{"context":"RouterExplorer","level":"info","message":"Mapped {/api/v1/auth/me/password, PATCH} route","timestamp":"2026-05-06T07:04:30.092Z"}
{"context":"RoutesResolver","level":"info","message":"AttributeController {/api/v1/attribute}:","timestamp":"2026-05-06T07:04:30.092Z"}
{"context":"RouterExplorer","level":"info","message":"Mapped {/api/v1/attribute, POST} route","timestamp":"2026-05-06T07:04:30.092Z"}
{"context":"RouterExplorer","level":"info","message":"Mapped {/api/v1/attribute, GET} route","timestamp":"2026-05-06T07:04:30.092Z"}
{"context":"RouterExplorer","level":"info","message":"Mapped {/api/v1/attribute/:id, GET} route","timestamp":"2026-05-06T07:04:30.092Z"}
{"context":"RouterExplorer","level":"info","message":"Mapped {/api/v1/attribute/:id, PATCH} route","timestamp":"2026-05-06T07:04:30.092Z"}
{"context":"RouterExplorer","level":"info","message":"Mapped {/api/v1/attribute/:id, DELETE} route","timestamp":"2026-05-06T07:04:30.092Z"}
{"context":"PrismaService","level":"info","message":"Kết nối database thành công","timestamp":"2026-05-06T07:04:30.133Z"}
{"context":"NestApplication","level":"info","message":"Nest application successfully started","timestamp":"2026-05-06T07:04:30.136Z"}
{"level":"info","message":"Khởi tạo ứng dụng...","timestamp":"2026-05-06T07:47:29.333Z"}
{"context":"NestFactory","level":"info","message":"Starting Nest application...","timestamp":"2026-05-06T07:47:29.410Z"}
{"context":"InstanceLoader","level":"info","message":"PassportModule dependencies initialized","timestamp":"2026-05-06T07:47:29.418Z"}
{"context":"InstanceLoader","level":"info","message":"ConfigHostModule dependencies initialized","timestamp":"2026-05-06T07:47:29.418Z"}
{"context":"InstanceLoader","level":"info","message":"AppModule dependencies initialized","timestamp":"2026-05-06T07:47:29.419Z"}
{"context":"PrismaService","level":"info","message":"🔌 Prisma Connection String: postgresql://admin:******@localhost:5433/kyc_asset_db?schema=public","timestamp":"2026-05-06T07:47:29.422Z"}
{"context":"InstanceLoader","level":"info","message":"ConfigModule dependencies initialized","timestamp":"2026-05-06T07:47:29.422Z"}
{"context":"InstanceLoader","level":"info","message":"CommonModule dependencies initialized","timestamp":"2026-05-06T07:47:29.422Z"}
{"context":"InstanceLoader","level":"info","message":"JwtModule dependencies initialized","timestamp":"2026-05-06T07:47:29.423Z"}
{"context":"InstanceLoader","level":"info","message":"PrismaModule dependencies initialized","timestamp":"2026-05-06T07:47:29.423Z"}
{"context":"InstanceLoader","level":"info","message":"WhitelistIpModule dependencies initialized","timestamp":"2026-05-06T07:47:29.424Z"}
{"context":"InstanceLoader","level":"info","message":"AttributeModule dependencies initialized","timestamp":"2026-05-06T07:47:29.424Z"}
{"context":"InstanceLoader","level":"info","message":"UsersModule dependencies initialized","timestamp":"2026-05-06T07:47:29.425Z"}
{"context":"InstanceLoader","level":"info","message":"RolesModule dependencies initialized","timestamp":"2026-05-06T07:47:29.425Z"}
{"context":"InstanceLoader","level":"info","message":"PermissionsModule dependencies initialized","timestamp":"2026-05-06T07:47:29.425Z"}
{"context":"InstanceLoader","level":"info","message":"AuthModule dependencies initialized","timestamp":"2026-05-06T07:47:29.425Z"}
{"context":"LegacyRouteConverter","level":"warn","message":"Unsupported route path: \"/api/v1/*\". In previous versions, the symbols ?, *, and + were used to denote optional or repeating path parameters. The latest version of \"path-to-regexp\" now requires the use of named parameters. For example, instead of using a route like /users/* to capture all routes starting with \"/users\", you should use /users/*path. For more details, refer to the migration guide. Attempting to auto-convert...","timestamp":"2026-05-06T07:47:29.447Z"}
{"context":"RoutesResolver","level":"info","message":"AppController {/api/v1/ping}:","timestamp":"2026-05-06T07:47:29.447Z"}
{"context":"RouterExplorer","level":"info","message":"Mapped {/api/v1/ping, GET} route","timestamp":"2026-05-06T07:47:29.449Z"}
{"context":"RoutesResolver","level":"info","message":"UsersController {/api/v1/users}:","timestamp":"2026-05-06T07:47:29.449Z"}
{"context":"RouterExplorer","level":"info","message":"Mapped {/api/v1/users, POST} route","timestamp":"2026-05-06T07:47:29.449Z"}
{"context":"RouterExplorer","level":"info","message":"Mapped {/api/v1/users, GET} route","timestamp":"2026-05-06T07:47:29.450Z"}
{"context":"RouterExplorer","level":"info","message":"Mapped {/api/v1/users/:id, GET} route","timestamp":"2026-05-06T07:47:29.450Z"}
{"context":"RouterExplorer","level":"info","message":"Mapped {/api/v1/users/:id, PATCH} route","timestamp":"2026-05-06T07:47:29.450Z"}
{"context":"RouterExplorer","level":"info","message":"Mapped {/api/v1/users/:id, DELETE} route","timestamp":"2026-05-06T07:47:29.451Z"}
{"context":"RoutesResolver","level":"info","message":"WhitelistIpController {/api/v1/whitelist-ip}:","timestamp":"2026-05-06T07:47:29.451Z"}
{"context":"RouterExplorer","level":"info","message":"Mapped {/api/v1/whitelist-ip, POST} route","timestamp":"2026-05-06T07:47:29.451Z"}
{"context":"RouterExplorer","level":"info","message":"Mapped {/api/v1/whitelist-ip, GET} route","timestamp":"2026-05-06T07:47:29.452Z"}
{"context":"RouterExplorer","level":"info","message":"Mapped {/api/v1/whitelist-ip/:id, GET} route","timestamp":"2026-05-06T07:47:29.452Z"}
{"context":"RouterExplorer","level":"info","message":"Mapped {/api/v1/whitelist-ip/:id, PATCH} route","timestamp":"2026-05-06T07:47:29.452Z"}
{"context":"RouterExplorer","level":"info","message":"Mapped {/api/v1/whitelist-ip/:id, DELETE} route","timestamp":"2026-05-06T07:47:29.452Z"}
{"context":"RoutesResolver","level":"info","message":"RolesController {/api/v1/roles}:","timestamp":"2026-05-06T07:47:29.453Z"}
{"context":"RouterExplorer","level":"info","message":"Mapped {/api/v1/roles, POST} route","timestamp":"2026-05-06T07:47:29.453Z"}
{"context":"RouterExplorer","level":"info","message":"Mapped {/api/v1/roles, GET} route","timestamp":"2026-05-06T07:47:29.453Z"}
{"context":"RouterExplorer","level":"info","message":"Mapped {/api/v1/roles/:id, GET} route","timestamp":"2026-05-06T07:47:29.453Z"}
{"context":"RouterExplorer","level":"info","message":"Mapped {/api/v1/roles/:id, PATCH} route","timestamp":"2026-05-06T07:47:29.453Z"}
{"context":"RouterExplorer","level":"info","message":"Mapped {/api/v1/roles/:id, DELETE} route","timestamp":"2026-05-06T07:47:29.454Z"}
{"context":"RoutesResolver","level":"info","message":"PermissionsController {/api/v1/permissions}:","timestamp":"2026-05-06T07:47:29.454Z"}
{"context":"RouterExplorer","level":"info","message":"Mapped {/api/v1/permissions, POST} route","timestamp":"2026-05-06T07:47:29.454Z"}
{"context":"RouterExplorer","level":"info","message":"Mapped {/api/v1/permissions, GET} route","timestamp":"2026-05-06T07:47:29.455Z"}
{"context":"RouterExplorer","level":"info","message":"Mapped {/api/v1/permissions/:id, PATCH} route","timestamp":"2026-05-06T07:47:29.455Z"}
{"context":"RouterExplorer","level":"info","message":"Mapped {/api/v1/permissions/:id, DELETE} route","timestamp":"2026-05-06T07:47:29.455Z"}
{"context":"RoutesResolver","level":"info","message":"AuthController {/api/v1/auth}:","timestamp":"2026-05-06T07:47:29.455Z"}
{"context":"RouterExplorer","level":"info","message":"Mapped {/api/v1/auth/register, POST} route","timestamp":"2026-05-06T07:47:29.456Z"}
{"context":"RouterExplorer","level":"info","message":"Mapped {/api/v1/auth/login, POST} route","timestamp":"2026-05-06T07:47:29.456Z"}
{"context":"RouterExplorer","level":"info","message":"Mapped {/api/v1/auth/refresh, POST} route","timestamp":"2026-05-06T07:47:29.456Z"}
{"context":"RouterExplorer","level":"info","message":"Mapped {/api/v1/auth/logout, POST} route","timestamp":"2026-05-06T07:47:29.457Z"}
{"context":"RouterExplorer","level":"info","message":"Mapped {/api/v1/auth/me, GET} route","timestamp":"2026-05-06T07:47:29.457Z"}
{"context":"RouterExplorer","level":"info","message":"Mapped {/api/v1/auth/me/password, PATCH} route","timestamp":"2026-05-06T07:47:29.457Z"}
{"context":"RoutesResolver","level":"info","message":"AttributeController {/api/v1/attribute}:","timestamp":"2026-05-06T07:47:29.457Z"}
{"context":"RouterExplorer","level":"info","message":"Mapped {/api/v1/attribute, POST} route","timestamp":"2026-05-06T07:47:29.457Z"}
{"context":"RouterExplorer","level":"info","message":"Mapped {/api/v1/attribute, GET} route","timestamp":"2026-05-06T07:47:29.458Z"}
{"context":"RouterExplorer","level":"info","message":"Mapped {/api/v1/attribute/:id, GET} route","timestamp":"2026-05-06T07:47:29.458Z"}
{"context":"RouterExplorer","level":"info","message":"Mapped {/api/v1/attribute/:id, PATCH} route","timestamp":"2026-05-06T07:47:29.458Z"}
{"context":"RouterExplorer","level":"info","message":"Mapped {/api/v1/attribute/:id, DELETE} route","timestamp":"2026-05-06T07:47:29.458Z"}
{"context":"PrismaService","level":"info","message":"Kết nối database thành công","timestamp":"2026-05-06T07:47:29.496Z"}
{"context":"NestApplication","level":"info","message":"Nest application successfully started","timestamp":"2026-05-06T07:47:29.501Z"}
{"level":"info","message":"Khởi tạo ứng dụng...","timestamp":"2026-05-06T07:47:31.606Z"}
{"context":"NestFactory","level":"info","message":"Starting Nest application...","timestamp":"2026-05-06T07:47:31.674Z"}
{"context":"InstanceLoader","level":"info","message":"PassportModule dependencies initialized","timestamp":"2026-05-06T07:47:31.682Z"}
{"context":"InstanceLoader","level":"info","message":"ConfigHostModule dependencies initialized","timestamp":"2026-05-06T07:47:31.682Z"}
{"context":"InstanceLoader","level":"info","message":"AppModule dependencies initialized","timestamp":"2026-05-06T07:47:31.682Z"}
{"context":"PrismaService","level":"info","message":"🔌 Prisma Connection String: postgresql://admin:******@localhost:5433/kyc_asset_db?schema=public","timestamp":"2026-05-06T07:47:31.685Z"}
{"context":"InstanceLoader","level":"info","message":"ConfigModule dependencies initialized","timestamp":"2026-05-06T07:47:31.685Z"}
{"context":"InstanceLoader","level":"info","message":"CommonModule dependencies initialized","timestamp":"2026-05-06T07:47:31.686Z"}
{"context":"InstanceLoader","level":"info","message":"JwtModule dependencies initialized","timestamp":"2026-05-06T07:47:31.686Z"}
{"context":"InstanceLoader","level":"info","message":"PrismaModule dependencies initialized","timestamp":"2026-05-06T07:47:31.687Z"}
{"context":"InstanceLoader","level":"info","message":"WhitelistIpModule dependencies initialized","timestamp":"2026-05-06T07:47:31.688Z"}
{"context":"InstanceLoader","level":"info","message":"AttributeModule dependencies initialized","timestamp":"2026-05-06T07:47:31.688Z"}
{"context":"InstanceLoader","level":"info","message":"UsersModule dependencies initialized","timestamp":"2026-05-06T07:47:31.688Z"}
{"context":"InstanceLoader","level":"info","message":"RolesModule dependencies initialized","timestamp":"2026-05-06T07:47:31.688Z"}
{"context":"InstanceLoader","level":"info","message":"PermissionsModule dependencies initialized","timestamp":"2026-05-06T07:47:31.688Z"}
{"context":"InstanceLoader","level":"info","message":"AuthModule dependencies initialized","timestamp":"2026-05-06T07:47:31.688Z"}
{"context":"LegacyRouteConverter","level":"warn","message":"Unsupported route path: \"/api/v1/*\". In previous versions, the symbols ?, *, and + were used to denote optional or repeating path parameters. The latest version of \"path-to-regexp\" now requires the use of named parameters. For example, instead of using a route like /users/* to capture all routes starting with \"/users\", you should use /users/*path. For more details, refer to the migration guide. Attempting to auto-convert...","timestamp":"2026-05-06T07:47:31.710Z"}
{"context":"RoutesResolver","level":"info","message":"AppController {/api/v1/ping}:","timestamp":"2026-05-06T07:47:31.711Z"}
{"context":"RouterExplorer","level":"info","message":"Mapped {/api/v1/ping, GET} route","timestamp":"2026-05-06T07:47:31.712Z"}
{"context":"RoutesResolver","level":"info","message":"UsersController {/api/v1/users}:","timestamp":"2026-05-06T07:47:31.712Z"}
{"context":"RouterExplorer","level":"info","message":"Mapped {/api/v1/users, POST} route","timestamp":"2026-05-06T07:47:31.712Z"}
{"context":"RouterExplorer","level":"info","message":"Mapped {/api/v1/users, GET} route","timestamp":"2026-05-06T07:47:31.713Z"}
{"context":"RouterExplorer","level":"info","message":"Mapped {/api/v1/users/:id, GET} route","timestamp":"2026-05-06T07:47:31.713Z"}
{"context":"RouterExplorer","level":"info","message":"Mapped {/api/v1/users/:id, PATCH} route","timestamp":"2026-05-06T07:47:31.713Z"}
{"context":"RouterExplorer","level":"info","message":"Mapped {/api/v1/users/:id, DELETE} route","timestamp":"2026-05-06T07:47:31.713Z"}
{"context":"RoutesResolver","level":"info","message":"WhitelistIpController {/api/v1/whitelist-ip}:","timestamp":"2026-05-06T07:47:31.713Z"}
{"context":"RouterExplorer","level":"info","message":"Mapped {/api/v1/whitelist-ip, POST} route","timestamp":"2026-05-06T07:47:31.714Z"}
{"context":"RouterExplorer","level":"info","message":"Mapped {/api/v1/whitelist-ip, GET} route","timestamp":"2026-05-06T07:47:31.714Z"}
{"context":"RouterExplorer","level":"info","message":"Mapped {/api/v1/whitelist-ip/:id, GET} route","timestamp":"2026-05-06T07:47:31.714Z"}
{"context":"RouterExplorer","level":"info","message":"Mapped {/api/v1/whitelist-ip/:id, PATCH} route","timestamp":"2026-05-06T07:47:31.714Z"}
{"context":"RouterExplorer","level":"info","message":"Mapped {/api/v1/whitelist-ip/:id, DELETE} route","timestamp":"2026-05-06T07:47:31.714Z"}
{"context":"RoutesResolver","level":"info","message":"RolesController {/api/v1/roles}:","timestamp":"2026-05-06T07:47:31.714Z"}
{"context":"RouterExplorer","level":"info","message":"Mapped {/api/v1/roles, POST} route","timestamp":"2026-05-06T07:47:31.715Z"}
{"context":"RouterExplorer","level":"info","message":"Mapped {/api/v1/roles, GET} route","timestamp":"2026-05-06T07:47:31.715Z"}
{"context":"RouterExplorer","level":"info","message":"Mapped {/api/v1/roles/:id, GET} route","timestamp":"2026-05-06T07:47:31.715Z"}
{"context":"RouterExplorer","level":"info","message":"Mapped {/api/v1/roles/:id, PATCH} route","timestamp":"2026-05-06T07:47:31.715Z"}
{"context":"RouterExplorer","level":"info","message":"Mapped {/api/v1/roles/:id, DELETE} route","timestamp":"2026-05-06T07:47:31.715Z"}
{"context":"RoutesResolver","level":"info","message":"PermissionsController {/api/v1/permissions}:","timestamp":"2026-05-06T07:47:31.716Z"}
{"context":"RouterExplorer","level":"info","message":"Mapped {/api/v1/permissions, POST} route","timestamp":"2026-05-06T07:47:31.716Z"}
{"context":"RouterExplorer","level":"info","message":"Mapped {/api/v1/permissions, GET} route","timestamp":"2026-05-06T07:47:31.716Z"}
{"context":"RouterExplorer","level":"info","message":"Mapped {/api/v1/permissions/:id, PATCH} route","timestamp":"2026-05-06T07:47:31.716Z"}
{"context":"RouterExplorer","level":"info","message":"Mapped {/api/v1/permissions/:id, DELETE} route","timestamp":"2026-05-06T07:47:31.716Z"}
{"context":"RoutesResolver","level":"info","message":"AuthController {/api/v1/auth}:","timestamp":"2026-05-06T07:47:31.716Z"}
{"context":"RouterExplorer","level":"info","message":"Mapped {/api/v1/auth/register, POST} route","timestamp":"2026-05-06T07:47:31.716Z"}
{"context":"RouterExplorer","level":"info","message":"Mapped {/api/v1/auth/login, POST} route","timestamp":"2026-05-06T07:47:31.717Z"}
{"context":"RouterExplorer","level":"info","message":"Mapped {/api/v1/auth/refresh, POST} route","timestamp":"2026-05-06T07:47:31.717Z"}
{"context":"RouterExplorer","level":"info","message":"Mapped {/api/v1/auth/logout, POST} route","timestamp":"2026-05-06T07:47:31.717Z"}
{"context":"RouterExplorer","level":"info","message":"Mapped {/api/v1/auth/me, GET} route","timestamp":"2026-05-06T07:47:31.717Z"}
{"context":"RouterExplorer","level":"info","message":"Mapped {/api/v1/auth/me/password, PATCH} route","timestamp":"2026-05-06T07:47:31.717Z"}
{"context":"RoutesResolver","level":"info","message":"AttributeController {/api/v1/attribute}:","timestamp":"2026-05-06T07:47:31.717Z"}
{"context":"RouterExplorer","level":"info","message":"Mapped {/api/v1/attribute, POST} route","timestamp":"2026-05-06T07:47:31.718Z"}
{"context":"RouterExplorer","level":"info","message":"Mapped {/api/v1/attribute, GET} route","timestamp":"2026-05-06T07:47:31.718Z"}
{"context":"RouterExplorer","level":"info","message":"Mapped {/api/v1/attribute/:id, GET} route","timestamp":"2026-05-06T07:47:31.718Z"}
{"context":"RouterExplorer","level":"info","message":"Mapped {/api/v1/attribute/:id, PATCH} route","timestamp":"2026-05-06T07:47:31.718Z"}
{"context":"RouterExplorer","level":"info","message":"Mapped {/api/v1/attribute/:id, DELETE} route","timestamp":"2026-05-06T07:47:31.719Z"}
{"context":"PrismaService","level":"info","message":"Kết nối database thành công","timestamp":"2026-05-06T07:47:31.756Z"}
{"context":"NestApplication","level":"info","message":"Nest application successfully started","timestamp":"2026-05-06T07:47:31.759Z"}
{"level":"info","message":"Khởi tạo ứng dụng...","timestamp":"2026-05-06T07:48:32.326Z"}
{"context":"NestFactory","level":"info","message":"Starting Nest application...","timestamp":"2026-05-06T07:48:32.393Z"}
{"context":"InstanceLoader","level":"info","message":"PassportModule dependencies initialized","timestamp":"2026-05-06T07:48:32.400Z"}
{"context":"InstanceLoader","level":"info","message":"ConfigHostModule dependencies initialized","timestamp":"2026-05-06T07:48:32.401Z"}
{"context":"InstanceLoader","level":"info","message":"AppModule dependencies initialized","timestamp":"2026-05-06T07:48:32.401Z"}
{"context":"PrismaService","level":"info","message":"🔌 Prisma Connection String: postgresql://admin:******@localhost:5433/kyc_asset_db?schema=public","timestamp":"2026-05-06T07:48:32.403Z"}
{"context":"InstanceLoader","level":"info","message":"ConfigModule dependencies initialized","timestamp":"2026-05-06T07:48:32.403Z"}
{"context":"InstanceLoader","level":"info","message":"CommonModule dependencies initialized","timestamp":"2026-05-06T07:48:32.403Z"}
{"context":"InstanceLoader","level":"info","message":"JwtModule dependencies initialized","timestamp":"2026-05-06T07:48:32.403Z"}
{"context":"InstanceLoader","level":"info","message":"PrismaModule dependencies initialized","timestamp":"2026-05-06T07:48:32.404Z"}
{"context":"InstanceLoader","level":"info","message":"WhitelistIpModule dependencies initialized","timestamp":"2026-05-06T07:48:32.405Z"}
{"context":"InstanceLoader","level":"info","message":"AttributeModule dependencies initialized","timestamp":"2026-05-06T07:48:32.405Z"}
{"context":"InstanceLoader","level":"info","message":"UsersModule dependencies initialized","timestamp":"2026-05-06T07:48:32.405Z"}
{"context":"InstanceLoader","level":"info","message":"RolesModule dependencies initialized","timestamp":"2026-05-06T07:48:32.405Z"}
{"context":"InstanceLoader","level":"info","message":"PermissionsModule dependencies initialized","timestamp":"2026-05-06T07:48:32.405Z"}
{"context":"InstanceLoader","level":"info","message":"AuthModule dependencies initialized","timestamp":"2026-05-06T07:48:32.405Z"}
{"context":"LegacyRouteConverter","level":"warn","message":"Unsupported route path: \"/api/v1/*\". In previous versions, the symbols ?, *, and + were used to denote optional or repeating path parameters. The latest version of \"path-to-regexp\" now requires the use of named parameters. For example, instead of using a route like /users/* to capture all routes starting with \"/users\", you should use /users/*path. For more details, refer to the migration guide. Attempting to auto-convert...","timestamp":"2026-05-06T07:48:32.426Z"}
{"context":"RoutesResolver","level":"info","message":"AppController {/api/v1/ping}:","timestamp":"2026-05-06T07:48:32.427Z"}
{"context":"RouterExplorer","level":"info","message":"Mapped {/api/v1/ping, GET} route","timestamp":"2026-05-06T07:48:32.428Z"}
{"context":"RoutesResolver","level":"info","message":"UsersController {/api/v1/users}:","timestamp":"2026-05-06T07:48:32.428Z"}
{"context":"RouterExplorer","level":"info","message":"Mapped {/api/v1/users, POST} route","timestamp":"2026-05-06T07:48:32.428Z"}
{"context":"RouterExplorer","level":"info","message":"Mapped {/api/v1/users, GET} route","timestamp":"2026-05-06T07:48:32.428Z"}
{"context":"RouterExplorer","level":"info","message":"Mapped {/api/v1/users/:id, GET} route","timestamp":"2026-05-06T07:48:32.429Z"}
{"context":"RouterExplorer","level":"info","message":"Mapped {/api/v1/users/:id, PATCH} route","timestamp":"2026-05-06T07:48:32.429Z"}
{"context":"RouterExplorer","level":"info","message":"Mapped {/api/v1/users/:id, DELETE} route","timestamp":"2026-05-06T07:48:32.429Z"}
{"context":"RoutesResolver","level":"info","message":"WhitelistIpController {/api/v1/whitelist-ip}:","timestamp":"2026-05-06T07:48:32.429Z"}
{"context":"RouterExplorer","level":"info","message":"Mapped {/api/v1/whitelist-ip, POST} route","timestamp":"2026-05-06T07:48:32.429Z"}
{"context":"RouterExplorer","level":"info","message":"Mapped {/api/v1/whitelist-ip, GET} route","timestamp":"2026-05-06T07:48:32.429Z"}
{"context":"RouterExplorer","level":"info","message":"Mapped {/api/v1/whitelist-ip/:id, GET} route","timestamp":"2026-05-06T07:48:32.430Z"}
{"context":"RouterExplorer","level":"info","message":"Mapped {/api/v1/whitelist-ip/:id, PATCH} route","timestamp":"2026-05-06T07:48:32.430Z"}
{"context":"RouterExplorer","level":"info","message":"Mapped {/api/v1/whitelist-ip/:id, DELETE} route","timestamp":"2026-05-06T07:48:32.430Z"}
{"context":"RoutesResolver","level":"info","message":"RolesController {/api/v1/roles}:","timestamp":"2026-05-06T07:48:32.430Z"}
{"context":"RouterExplorer","level":"info","message":"Mapped {/api/v1/roles, POST} route","timestamp":"2026-05-06T07:48:32.430Z"}
{"context":"RouterExplorer","level":"info","message":"Mapped {/api/v1/roles, GET} route","timestamp":"2026-05-06T07:48:32.430Z"}
{"context":"RouterExplorer","level":"info","message":"Mapped {/api/v1/roles/:id, GET} route","timestamp":"2026-05-06T07:48:32.431Z"}
{"context":"RouterExplorer","level":"info","message":"Mapped {/api/v1/roles/:id, PATCH} route","timestamp":"2026-05-06T07:48:32.431Z"}
{"context":"RouterExplorer","level":"info","message":"Mapped {/api/v1/roles/:id, DELETE} route","timestamp":"2026-05-06T07:48:32.431Z"}
{"context":"RoutesResolver","level":"info","message":"PermissionsController {/api/v1/permissions}:","timestamp":"2026-05-06T07:48:32.431Z"}
{"context":"RouterExplorer","level":"info","message":"Mapped {/api/v1/permissions, POST} route","timestamp":"2026-05-06T07:48:32.431Z"}
{"context":"RouterExplorer","level":"info","message":"Mapped {/api/v1/permissions, GET} route","timestamp":"2026-05-06T07:48:32.431Z"}
{"context":"RouterExplorer","level":"info","message":"Mapped {/api/v1/permissions/:id, PATCH} route","timestamp":"2026-05-06T07:48:32.432Z"}
{"context":"RouterExplorer","level":"info","message":"Mapped {/api/v1/permissions/:id, DELETE} route","timestamp":"2026-05-06T07:48:32.432Z"}
{"context":"RoutesResolver","level":"info","message":"AuthController {/api/v1/auth}:","timestamp":"2026-05-06T07:48:32.432Z"}
{"context":"RouterExplorer","level":"info","message":"Mapped {/api/v1/auth/register, POST} route","timestamp":"2026-05-06T07:48:32.432Z"}
{"context":"RouterExplorer","level":"info","message":"Mapped {/api/v1/auth/login, POST} route","timestamp":"2026-05-06T07:48:32.432Z"}
{"context":"RouterExplorer","level":"info","message":"Mapped {/api/v1/auth/refresh, POST} route","timestamp":"2026-05-06T07:48:32.433Z"}
{"context":"RouterExplorer","level":"info","message":"Mapped {/api/v1/auth/logout, POST} route","timestamp":"2026-05-06T07:48:32.433Z"}
{"context":"RouterExplorer","level":"info","message":"Mapped {/api/v1/auth/me, GET} route","timestamp":"2026-05-06T07:48:32.433Z"}
{"context":"RouterExplorer","level":"info","message":"Mapped {/api/v1/auth/me/password, PATCH} route","timestamp":"2026-05-06T07:48:32.433Z"}
{"context":"RoutesResolver","level":"info","message":"AttributeController {/api/v1/attribute}:","timestamp":"2026-05-06T07:48:32.433Z"}
{"context":"RouterExplorer","level":"info","message":"Mapped {/api/v1/attribute, POST} route","timestamp":"2026-05-06T07:48:32.433Z"}
{"context":"RouterExplorer","level":"info","message":"Mapped {/api/v1/attribute, GET} route","timestamp":"2026-05-06T07:48:32.434Z"}
{"context":"RouterExplorer","level":"info","message":"Mapped {/api/v1/attribute/:id, GET} route","timestamp":"2026-05-06T07:48:32.434Z"}
{"context":"RouterExplorer","level":"info","message":"Mapped {/api/v1/attribute/:id, PATCH} route","timestamp":"2026-05-06T07:48:32.434Z"}
{"context":"RouterExplorer","level":"info","message":"Mapped {/api/v1/attribute/:id, DELETE} route","timestamp":"2026-05-06T07:48:32.434Z"}
{"context":"PrismaService","level":"info","message":"Kết nối database thành công","timestamp":"2026-05-06T07:48:32.471Z"}
{"context":"NestApplication","level":"info","message":"Nest application successfully started","timestamp":"2026-05-06T07:48:32.474Z"}
{"level":"info","message":"Khởi tạo ứng dụng...","timestamp":"2026-05-06T07:48:35.246Z"}
{"context":"NestFactory","level":"info","message":"Starting Nest application...","timestamp":"2026-05-06T07:48:35.313Z"}
{"context":"InstanceLoader","level":"info","message":"PassportModule dependencies initialized","timestamp":"2026-05-06T07:48:35.321Z"}
{"context":"InstanceLoader","level":"info","message":"ConfigHostModule dependencies initialized","timestamp":"2026-05-06T07:48:35.322Z"}
{"context":"InstanceLoader","level":"info","message":"AppModule dependencies initialized","timestamp":"2026-05-06T07:48:35.322Z"}
{"context":"PrismaService","level":"info","message":"🔌 Prisma Connection String: postgresql://admin:******@localhost:5433/kyc_asset_db?schema=public","timestamp":"2026-05-06T07:48:35.325Z"}
{"context":"InstanceLoader","level":"info","message":"DepartmentsModule dependencies initialized","timestamp":"2026-05-06T07:48:35.325Z"}
{"context":"InstanceLoader","level":"info","message":"ConfigModule dependencies initialized","timestamp":"2026-05-06T07:48:35.326Z"}
{"context":"InstanceLoader","level":"info","message":"CommonModule dependencies initialized","timestamp":"2026-05-06T07:48:35.326Z"}
{"context":"InstanceLoader","level":"info","message":"JwtModule dependencies initialized","timestamp":"2026-05-06T07:48:35.326Z"}
{"context":"InstanceLoader","level":"info","message":"PrismaModule dependencies initialized","timestamp":"2026-05-06T07:48:35.326Z"}
{"context":"InstanceLoader","level":"info","message":"WhitelistIpModule dependencies initialized","timestamp":"2026-05-06T07:48:35.327Z"}
{"context":"InstanceLoader","level":"info","message":"AttributeModule dependencies initialized","timestamp":"2026-05-06T07:48:35.327Z"}
{"context":"InstanceLoader","level":"info","message":"UsersModule dependencies initialized","timestamp":"2026-05-06T07:48:35.328Z"}
{"context":"InstanceLoader","level":"info","message":"RolesModule dependencies initialized","timestamp":"2026-05-06T07:48:35.328Z"}
{"context":"InstanceLoader","level":"info","message":"PermissionsModule dependencies initialized","timestamp":"2026-05-06T07:48:35.328Z"}
{"context":"InstanceLoader","level":"info","message":"AuthModule dependencies initialized","timestamp":"2026-05-06T07:48:35.328Z"}
{"context":"LegacyRouteConverter","level":"warn","message":"Unsupported route path: \"/api/v1/*\". In previous versions, the symbols ?, *, and + were used to denote optional or repeating path parameters. The latest version of \"path-to-regexp\" now requires the use of named parameters. For example, instead of using a route like /users/* to capture all routes starting with \"/users\", you should use /users/*path. For more details, refer to the migration guide. Attempting to auto-convert...","timestamp":"2026-05-06T07:48:35.351Z"}
{"context":"RoutesResolver","level":"info","message":"AppController {/api/v1/ping}:","timestamp":"2026-05-06T07:48:35.352Z"}
{"context":"RouterExplorer","level":"info","message":"Mapped {/api/v1/ping, GET} route","timestamp":"2026-05-06T07:48:35.353Z"}
{"context":"RoutesResolver","level":"info","message":"UsersController {/api/v1/users}:","timestamp":"2026-05-06T07:48:35.353Z"}
{"context":"RouterExplorer","level":"info","message":"Mapped {/api/v1/users, POST} route","timestamp":"2026-05-06T07:48:35.353Z"}
{"context":"RouterExplorer","level":"info","message":"Mapped {/api/v1/users, GET} route","timestamp":"2026-05-06T07:48:35.353Z"}
{"context":"RouterExplorer","level":"info","message":"Mapped {/api/v1/users/:id, GET} route","timestamp":"2026-05-06T07:48:35.354Z"}
{"context":"RouterExplorer","level":"info","message":"Mapped {/api/v1/users/:id, PATCH} route","timestamp":"2026-05-06T07:48:35.354Z"}
{"context":"RouterExplorer","level":"info","message":"Mapped {/api/v1/users/:id, DELETE} route","timestamp":"2026-05-06T07:48:35.354Z"}
{"context":"RoutesResolver","level":"info","message":"WhitelistIpController {/api/v1/whitelist-ip}:","timestamp":"2026-05-06T07:48:35.354Z"}
{"context":"RouterExplorer","level":"info","message":"Mapped {/api/v1/whitelist-ip, POST} route","timestamp":"2026-05-06T07:48:35.355Z"}
{"context":"RouterExplorer","level":"info","message":"Mapped {/api/v1/whitelist-ip, GET} route","timestamp":"2026-05-06T07:48:35.355Z"}
{"context":"RouterExplorer","level":"info","message":"Mapped {/api/v1/whitelist-ip/:id, GET} route","timestamp":"2026-05-06T07:48:35.355Z"}
{"context":"RouterExplorer","level":"info","message":"Mapped {/api/v1/whitelist-ip/:id, PATCH} route","timestamp":"2026-05-06T07:48:35.355Z"}
{"context":"RouterExplorer","level":"info","message":"Mapped {/api/v1/whitelist-ip/:id, DELETE} route","timestamp":"2026-05-06T07:48:35.356Z"}
{"context":"RoutesResolver","level":"info","message":"RolesController {/api/v1/roles}:","timestamp":"2026-05-06T07:48:35.356Z"}
{"context":"RouterExplorer","level":"info","message":"Mapped {/api/v1/roles, POST} route","timestamp":"2026-05-06T07:48:35.356Z"}
{"context":"RouterExplorer","level":"info","message":"Mapped {/api/v1/roles, GET} route","timestamp":"2026-05-06T07:48:35.356Z"}
{"context":"RouterExplorer","level":"info","message":"Mapped {/api/v1/roles/:id, GET} route","timestamp":"2026-05-06T07:48:35.357Z"}
{"context":"RouterExplorer","level":"info","message":"Mapped {/api/v1/roles/:id, PATCH} route","timestamp":"2026-05-06T07:48:35.357Z"}
{"context":"RouterExplorer","level":"info","message":"Mapped {/api/v1/roles/:id, DELETE} route","timestamp":"2026-05-06T07:48:35.357Z"}
{"context":"RoutesResolver","level":"info","message":"PermissionsController {/api/v1/permissions}:","timestamp":"2026-05-06T07:48:35.357Z"}
{"context":"RouterExplorer","level":"info","message":"Mapped {/api/v1/permissions, POST} route","timestamp":"2026-05-06T07:48:35.357Z"}
{"context":"RouterExplorer","level":"info","message":"Mapped {/api/v1/permissions, GET} route","timestamp":"2026-05-06T07:48:35.358Z"}
{"context":"RouterExplorer","level":"info","message":"Mapped {/api/v1/permissions/:id, PATCH} route","timestamp":"2026-05-06T07:48:35.358Z"}
{"context":"RouterExplorer","level":"info","message":"Mapped {/api/v1/permissions/:id, DELETE} route","timestamp":"2026-05-06T07:48:35.358Z"}
{"context":"RoutesResolver","level":"info","message":"AuthController {/api/v1/auth}:","timestamp":"2026-05-06T07:48:35.358Z"}
{"context":"RouterExplorer","level":"info","message":"Mapped {/api/v1/auth/register, POST} route","timestamp":"2026-05-06T07:48:35.358Z"}
{"context":"RouterExplorer","level":"info","message":"Mapped {/api/v1/auth/login, POST} route","timestamp":"2026-05-06T07:48:35.358Z"}
{"context":"RouterExplorer","level":"info","message":"Mapped {/api/v1/auth/refresh, POST} route","timestamp":"2026-05-06T07:48:35.359Z"}
{"context":"RouterExplorer","level":"info","message":"Mapped {/api/v1/auth/logout, POST} route","timestamp":"2026-05-06T07:48:35.359Z"}
{"context":"RouterExplorer","level":"info","message":"Mapped {/api/v1/auth/me, GET} route","timestamp":"2026-05-06T07:48:35.359Z"}
{"context":"RouterExplorer","level":"info","message":"Mapped {/api/v1/auth/me/password, PATCH} route","timestamp":"2026-05-06T07:48:35.359Z"}
{"context":"RoutesResolver","level":"info","message":"AttributeController {/api/v1/attribute}:","timestamp":"2026-05-06T07:48:35.359Z"}
{"context":"RouterExplorer","level":"info","message":"Mapped {/api/v1/attribute, POST} route","timestamp":"2026-05-06T07:48:35.359Z"}
{"context":"RouterExplorer","level":"info","message":"Mapped {/api/v1/attribute, GET} route","timestamp":"2026-05-06T07:48:35.360Z"}
{"context":"RouterExplorer","level":"info","message":"Mapped {/api/v1/attribute/:id, GET} route","timestamp":"2026-05-06T07:48:35.360Z"}
{"context":"RouterExplorer","level":"info","message":"Mapped {/api/v1/attribute/:id, PATCH} route","timestamp":"2026-05-06T07:48:35.360Z"}
{"context":"RouterExplorer","level":"info","message":"Mapped {/api/v1/attribute/:id, DELETE} route","timestamp":"2026-05-06T07:48:35.360Z"}
{"context":"RoutesResolver","level":"info","message":"DepartmentsController {/api/v1/departments}:","timestamp":"2026-05-06T07:48:35.360Z"}
{"context":"RouterExplorer","level":"info","message":"Mapped {/api/v1/departments, POST} route","timestamp":"2026-05-06T07:48:35.360Z"}
{"context":"RouterExplorer","level":"info","message":"Mapped {/api/v1/departments, GET} route","timestamp":"2026-05-06T07:48:35.360Z"}
{"context":"RouterExplorer","level":"info","message":"Mapped {/api/v1/departments/:id, GET} route","timestamp":"2026-05-06T07:48:35.361Z"}
{"context":"RouterExplorer","level":"info","message":"Mapped {/api/v1/departments/:id, PATCH} route","timestamp":"2026-05-06T07:48:35.361Z"}
{"context":"RouterExplorer","level":"info","message":"Mapped {/api/v1/departments/:id, DELETE} route","timestamp":"2026-05-06T07:48:35.361Z"}
{"context":"PrismaService","level":"info","message":"Kết nối database thành công","timestamp":"2026-05-06T07:48:35.398Z"}
{"context":"NestApplication","level":"info","message":"Nest application successfully started","timestamp":"2026-05-06T07:48:35.401Z"}
{"level":"info","message":"Khởi tạo ứng dụng...","timestamp":"2026-05-06T07:48:56.128Z"}
{"context":"NestFactory","level":"info","message":"Starting Nest application...","timestamp":"2026-05-06T07:48:56.193Z"}
{"context":"InstanceLoader","level":"info","message":"PassportModule dependencies initialized","timestamp":"2026-05-06T07:48:56.201Z"}
{"context":"InstanceLoader","level":"info","message":"ConfigHostModule dependencies initialized","timestamp":"2026-05-06T07:48:56.202Z"}
{"context":"InstanceLoader","level":"info","message":"AppModule dependencies initialized","timestamp":"2026-05-06T07:48:56.202Z"}
{"context":"PrismaService","level":"info","message":"🔌 Prisma Connection String: postgresql://admin:******@localhost:5433/kyc_asset_db?schema=public","timestamp":"2026-05-06T07:48:56.205Z"}
{"context":"InstanceLoader","level":"info","message":"DepartmentsModule dependencies initialized","timestamp":"2026-05-06T07:48:56.205Z"}
{"context":"InstanceLoader","level":"info","message":"PortsModule dependencies initialized","timestamp":"2026-05-06T07:48:56.206Z"}
{"context":"InstanceLoader","level":"info","message":"ConfigModule dependencies initialized","timestamp":"2026-05-06T07:48:56.206Z"}
{"context":"InstanceLoader","level":"info","message":"CommonModule dependencies initialized","timestamp":"2026-05-06T07:48:56.206Z"}
{"context":"InstanceLoader","level":"info","message":"JwtModule dependencies initialized","timestamp":"2026-05-06T07:48:56.206Z"}
{"context":"InstanceLoader","level":"info","message":"PrismaModule dependencies initialized","timestamp":"2026-05-06T07:48:56.207Z"}
{"context":"InstanceLoader","level":"info","message":"WhitelistIpModule dependencies initialized","timestamp":"2026-05-06T07:48:56.208Z"}
{"context":"InstanceLoader","level":"info","message":"AttributeModule dependencies initialized","timestamp":"2026-05-06T07:48:56.208Z"}
{"context":"InstanceLoader","level":"info","message":"UsersModule dependencies initialized","timestamp":"2026-05-06T07:48:56.208Z"}
{"context":"InstanceLoader","level":"info","message":"RolesModule dependencies initialized","timestamp":"2026-05-06T07:48:56.208Z"}
{"context":"InstanceLoader","level":"info","message":"PermissionsModule dependencies initialized","timestamp":"2026-05-06T07:48:56.208Z"}
{"context":"InstanceLoader","level":"info","message":"AuthModule dependencies initialized","timestamp":"2026-05-06T07:48:56.208Z"}
{"context":"LegacyRouteConverter","level":"warn","message":"Unsupported route path: \"/api/v1/*\". In previous versions, the symbols ?, *, and + were used to denote optional or repeating path parameters. The latest version of \"path-to-regexp\" now requires the use of named parameters. For example, instead of using a route like /users/* to capture all routes starting with \"/users\", you should use /users/*path. For more details, refer to the migration guide. Attempting to auto-convert...","timestamp":"2026-05-06T07:48:56.230Z"}
{"context":"RoutesResolver","level":"info","message":"AppController {/api/v1/ping}:","timestamp":"2026-05-06T07:48:56.231Z"}
{"context":"RouterExplorer","level":"info","message":"Mapped {/api/v1/ping, GET} route","timestamp":"2026-05-06T07:48:56.232Z"}
{"context":"RoutesResolver","level":"info","message":"UsersController {/api/v1/users}:","timestamp":"2026-05-06T07:48:56.232Z"}
{"context":"RouterExplorer","level":"info","message":"Mapped {/api/v1/users, POST} route","timestamp":"2026-05-06T07:48:56.232Z"}
{"context":"RouterExplorer","level":"info","message":"Mapped {/api/v1/users, GET} route","timestamp":"2026-05-06T07:48:56.233Z"}
{"context":"RouterExplorer","level":"info","message":"Mapped {/api/v1/users/:id, GET} route","timestamp":"2026-05-06T07:48:56.233Z"}
{"context":"RouterExplorer","level":"info","message":"Mapped {/api/v1/users/:id, PATCH} route","timestamp":"2026-05-06T07:48:56.233Z"}
{"context":"RouterExplorer","level":"info","message":"Mapped {/api/v1/users/:id, DELETE} route","timestamp":"2026-05-06T07:48:56.233Z"}
{"context":"RoutesResolver","level":"info","message":"WhitelistIpController {/api/v1/whitelist-ip}:","timestamp":"2026-05-06T07:48:56.234Z"}
{"context":"RouterExplorer","level":"info","message":"Mapped {/api/v1/whitelist-ip, POST} route","timestamp":"2026-05-06T07:48:56.234Z"}
{"context":"RouterExplorer","level":"info","message":"Mapped {/api/v1/whitelist-ip, GET} route","timestamp":"2026-05-06T07:48:56.234Z"}
{"context":"RouterExplorer","level":"info","message":"Mapped {/api/v1/whitelist-ip/:id, GET} route","timestamp":"2026-05-06T07:48:56.234Z"}
{"context":"RouterExplorer","level":"info","message":"Mapped {/api/v1/whitelist-ip/:id, PATCH} route","timestamp":"2026-05-06T07:48:56.235Z"}
{"context":"RouterExplorer","level":"info","message":"Mapped {/api/v1/whitelist-ip/:id, DELETE} route","timestamp":"2026-05-06T07:48:56.235Z"}
{"context":"RoutesResolver","level":"info","message":"RolesController {/api/v1/roles}:","timestamp":"2026-05-06T07:48:56.235Z"}
{"context":"RouterExplorer","level":"info","message":"Mapped {/api/v1/roles, POST} route","timestamp":"2026-05-06T07:48:56.235Z"}
{"context":"RouterExplorer","level":"info","message":"Mapped {/api/v1/roles, GET} route","timestamp":"2026-05-06T07:48:56.236Z"}
{"context":"RouterExplorer","level":"info","message":"Mapped {/api/v1/roles/:id, GET} route","timestamp":"2026-05-06T07:48:56.236Z"}
{"context":"RouterExplorer","level":"info","message":"Mapped {/api/v1/roles/:id, PATCH} route","timestamp":"2026-05-06T07:48:56.236Z"}
{"context":"RouterExplorer","level":"info","message":"Mapped {/api/v1/roles/:id, DELETE} route","timestamp":"2026-05-06T07:48:56.236Z"}
{"context":"RoutesResolver","level":"info","message":"PermissionsController {/api/v1/permissions}:","timestamp":"2026-05-06T07:48:56.236Z"}
{"context":"RouterExplorer","level":"info","message":"Mapped {/api/v1/permissions, POST} route","timestamp":"2026-05-06T07:48:56.237Z"}
{"context":"RouterExplorer","level":"info","message":"Mapped {/api/v1/permissions, GET} route","timestamp":"2026-05-06T07:48:56.237Z"}
{"context":"RouterExplorer","level":"info","message":"Mapped {/api/v1/permissions/:id, PATCH} route","timestamp":"2026-05-06T07:48:56.237Z"}
{"context":"RouterExplorer","level":"info","message":"Mapped {/api/v1/permissions/:id, DELETE} route","timestamp":"2026-05-06T07:48:56.237Z"}
{"context":"RoutesResolver","level":"info","message":"AuthController {/api/v1/auth}:","timestamp":"2026-05-06T07:48:56.237Z"}
{"context":"RouterExplorer","level":"info","message":"Mapped {/api/v1/auth/register, POST} route","timestamp":"2026-05-06T07:48:56.238Z"}
{"context":"RouterExplorer","level":"info","message":"Mapped {/api/v1/auth/login, POST} route","timestamp":"2026-05-06T07:48:56.238Z"}
{"context":"RouterExplorer","level":"info","message":"Mapped {/api/v1/auth/refresh, POST} route","timestamp":"2026-05-06T07:48:56.238Z"}
{"context":"RouterExplorer","level":"info","message":"Mapped {/api/v1/auth/logout, POST} route","timestamp":"2026-05-06T07:48:56.238Z"}
{"context":"RouterExplorer","level":"info","message":"Mapped {/api/v1/auth/me, GET} route","timestamp":"2026-05-06T07:48:56.239Z"}
{"context":"RouterExplorer","level":"info","message":"Mapped {/api/v1/auth/me/password, PATCH} route","timestamp":"2026-05-06T07:48:56.239Z"}
{"context":"RoutesResolver","level":"info","message":"AttributeController {/api/v1/attribute}:","timestamp":"2026-05-06T07:48:56.239Z"}
{"context":"RouterExplorer","level":"info","message":"Mapped {/api/v1/attribute, POST} route","timestamp":"2026-05-06T07:48:56.239Z"}
{"context":"RouterExplorer","level":"info","message":"Mapped {/api/v1/attribute, GET} route","timestamp":"2026-05-06T07:48:56.239Z"}
{"context":"RouterExplorer","level":"info","message":"Mapped {/api/v1/attribute/:id, GET} route","timestamp":"2026-05-06T07:48:56.239Z"}
{"context":"RouterExplorer","level":"info","message":"Mapped {/api/v1/attribute/:id, PATCH} route","timestamp":"2026-05-06T07:48:56.240Z"}
{"context":"RouterExplorer","level":"info","message":"Mapped {/api/v1/attribute/:id, DELETE} route","timestamp":"2026-05-06T07:48:56.240Z"}
{"context":"RoutesResolver","level":"info","message":"DepartmentsController {/api/v1/departments}:","timestamp":"2026-05-06T07:48:56.240Z"}
{"context":"RouterExplorer","level":"info","message":"Mapped {/api/v1/departments, POST} route","timestamp":"2026-05-06T07:48:56.240Z"}
{"context":"RouterExplorer","level":"info","message":"Mapped {/api/v1/departments, GET} route","timestamp":"2026-05-06T07:48:56.240Z"}
{"context":"RouterExplorer","level":"info","message":"Mapped {/api/v1/departments/:id, GET} route","timestamp":"2026-05-06T07:48:56.240Z"}
{"context":"RouterExplorer","level":"info","message":"Mapped {/api/v1/departments/:id, PATCH} route","timestamp":"2026-05-06T07:48:56.240Z"}
{"context":"RouterExplorer","level":"info","message":"Mapped {/api/v1/departments/:id, DELETE} route","timestamp":"2026-05-06T07:48:56.241Z"}
{"context":"RoutesResolver","level":"info","message":"PortsController {/api/v1/ports}:","timestamp":"2026-05-06T07:48:56.241Z"}
{"context":"RouterExplorer","level":"info","message":"Mapped {/api/v1/ports, POST} route","timestamp":"2026-05-06T07:48:56.241Z"}
{"context":"RouterExplorer","level":"info","message":"Mapped {/api/v1/ports, GET} route","timestamp":"2026-05-06T07:48:56.241Z"}
{"context":"RouterExplorer","level":"info","message":"Mapped {/api/v1/ports/:id, GET} route","timestamp":"2026-05-06T07:48:56.241Z"}
{"context":"RouterExplorer","level":"info","message":"Mapped {/api/v1/ports/:id, PATCH} route","timestamp":"2026-05-06T07:48:56.241Z"}
{"context":"RouterExplorer","level":"info","message":"Mapped {/api/v1/ports/:id, DELETE} route","timestamp":"2026-05-06T07:48:56.241Z"}
{"context":"PrismaService","level":"info","message":"Kết nối database thành công","timestamp":"2026-05-06T07:48:56.277Z"}
{"context":"NestApplication","level":"info","message":"Nest application successfully started","timestamp":"2026-05-06T07:48:56.282Z"}
{"level":"info","message":"Khởi tạo ứng dụng...","timestamp":"2026-05-06T07:49:29.333Z"}
{"context":"NestFactory","level":"info","message":"Starting Nest application...","timestamp":"2026-05-06T07:49:29.401Z"}
{"context":"InstanceLoader","level":"info","message":"PassportModule dependencies initialized","timestamp":"2026-05-06T07:49:29.408Z"}
{"context":"InstanceLoader","level":"info","message":"ConfigHostModule dependencies initialized","timestamp":"2026-05-06T07:49:29.409Z"}
{"context":"InstanceLoader","level":"info","message":"AppModule dependencies initialized","timestamp":"2026-05-06T07:49:29.409Z"}
{"context":"PrismaService","level":"info","message":"🔌 Prisma Connection String: postgresql://admin:******@localhost:5433/kyc_asset_db?schema=public","timestamp":"2026-05-06T07:49:29.411Z"}
{"context":"InstanceLoader","level":"info","message":"DepartmentsModule dependencies initialized","timestamp":"2026-05-06T07:49:29.412Z"}
{"context":"InstanceLoader","level":"info","message":"PortsModule dependencies initialized","timestamp":"2026-05-06T07:49:29.412Z"}
{"context":"InstanceLoader","level":"info","message":"FilesModule dependencies initialized","timestamp":"2026-05-06T07:49:29.412Z"}
{"context":"InstanceLoader","level":"info","message":"ConfigModule dependencies initialized","timestamp":"2026-05-06T07:49:29.412Z"}
{"context":"InstanceLoader","level":"info","message":"CommonModule dependencies initialized","timestamp":"2026-05-06T07:49:29.412Z"}
{"context":"InstanceLoader","level":"info","message":"JwtModule dependencies initialized","timestamp":"2026-05-06T07:49:29.413Z"}
{"context":"InstanceLoader","level":"info","message":"PrismaModule dependencies initialized","timestamp":"2026-05-06T07:49:29.413Z"}
{"context":"InstanceLoader","level":"info","message":"WhitelistIpModule dependencies initialized","timestamp":"2026-05-06T07:49:29.414Z"}
{"context":"InstanceLoader","level":"info","message":"AttributeModule dependencies initialized","timestamp":"2026-05-06T07:49:29.414Z"}
{"context":"InstanceLoader","level":"info","message":"UsersModule dependencies initialized","timestamp":"2026-05-06T07:49:29.414Z"}
{"context":"InstanceLoader","level":"info","message":"RolesModule dependencies initialized","timestamp":"2026-05-06T07:49:29.414Z"}
{"context":"InstanceLoader","level":"info","message":"PermissionsModule dependencies initialized","timestamp":"2026-05-06T07:49:29.414Z"}
{"context":"InstanceLoader","level":"info","message":"AuthModule dependencies initialized","timestamp":"2026-05-06T07:49:29.414Z"}
{"context":"LegacyRouteConverter","level":"warn","message":"Unsupported route path: \"/api/v1/*\". In previous versions, the symbols ?, *, and + were used to denote optional or repeating path parameters. The latest version of \"path-to-regexp\" now requires the use of named parameters. For example, instead of using a route like /users/* to capture all routes starting with \"/users\", you should use /users/*path. For more details, refer to the migration guide. Attempting to auto-convert...","timestamp":"2026-05-06T07:49:29.436Z"}
{"context":"RoutesResolver","level":"info","message":"AppController {/api/v1/ping}:","timestamp":"2026-05-06T07:49:29.437Z"}
{"context":"RouterExplorer","level":"info","message":"Mapped {/api/v1/ping, GET} route","timestamp":"2026-05-06T07:49:29.438Z"}
{"context":"RoutesResolver","level":"info","message":"UsersController {/api/v1/users}:","timestamp":"2026-05-06T07:49:29.438Z"}
{"context":"RouterExplorer","level":"info","message":"Mapped {/api/v1/users, POST} route","timestamp":"2026-05-06T07:49:29.438Z"}
{"context":"RouterExplorer","level":"info","message":"Mapped {/api/v1/users, GET} route","timestamp":"2026-05-06T07:49:29.438Z"}
{"context":"RouterExplorer","level":"info","message":"Mapped {/api/v1/users/:id, GET} route","timestamp":"2026-05-06T07:49:29.438Z"}
{"context":"RouterExplorer","level":"info","message":"Mapped {/api/v1/users/:id, PATCH} route","timestamp":"2026-05-06T07:49:29.439Z"}
{"context":"RouterExplorer","level":"info","message":"Mapped {/api/v1/users/:id, DELETE} route","timestamp":"2026-05-06T07:49:29.439Z"}
{"context":"RoutesResolver","level":"info","message":"WhitelistIpController {/api/v1/whitelist-ip}:","timestamp":"2026-05-06T07:49:29.439Z"}
{"context":"RouterExplorer","level":"info","message":"Mapped {/api/v1/whitelist-ip, POST} route","timestamp":"2026-05-06T07:49:29.439Z"}
{"context":"RouterExplorer","level":"info","message":"Mapped {/api/v1/whitelist-ip, GET} route","timestamp":"2026-05-06T07:49:29.439Z"}
{"context":"RouterExplorer","level":"info","message":"Mapped {/api/v1/whitelist-ip/:id, GET} route","timestamp":"2026-05-06T07:49:29.440Z"}
{"context":"RouterExplorer","level":"info","message":"Mapped {/api/v1/whitelist-ip/:id, PATCH} route","timestamp":"2026-05-06T07:49:29.440Z"}
{"context":"RouterExplorer","level":"info","message":"Mapped {/api/v1/whitelist-ip/:id, DELETE} route","timestamp":"2026-05-06T07:49:29.440Z"}
{"context":"RoutesResolver","level":"info","message":"RolesController {/api/v1/roles}:","timestamp":"2026-05-06T07:49:29.440Z"}
{"context":"RouterExplorer","level":"info","message":"Mapped {/api/v1/roles, POST} route","timestamp":"2026-05-06T07:49:29.441Z"}
{"context":"RouterExplorer","level":"info","message":"Mapped {/api/v1/roles, GET} route","timestamp":"2026-05-06T07:49:29.441Z"}
{"context":"RouterExplorer","level":"info","message":"Mapped {/api/v1/roles/:id, GET} route","timestamp":"2026-05-06T07:49:29.441Z"}
{"context":"RouterExplorer","level":"info","message":"Mapped {/api/v1/roles/:id, PATCH} route","timestamp":"2026-05-06T07:49:29.441Z"}
{"context":"RouterExplorer","level":"info","message":"Mapped {/api/v1/roles/:id, DELETE} route","timestamp":"2026-05-06T07:49:29.442Z"}
{"context":"RoutesResolver","level":"info","message":"PermissionsController {/api/v1/permissions}:","timestamp":"2026-05-06T07:49:29.442Z"}
{"context":"RouterExplorer","level":"info","message":"Mapped {/api/v1/permissions, POST} route","timestamp":"2026-05-06T07:49:29.442Z"}
{"context":"RouterExplorer","level":"info","message":"Mapped {/api/v1/permissions, GET} route","timestamp":"2026-05-06T07:49:29.442Z"}
{"context":"RouterExplorer","level":"info","message":"Mapped {/api/v1/permissions/:id, PATCH} route","timestamp":"2026-05-06T07:49:29.442Z"}
{"context":"RouterExplorer","level":"info","message":"Mapped {/api/v1/permissions/:id, DELETE} route","timestamp":"2026-05-06T07:49:29.442Z"}
{"context":"RoutesResolver","level":"info","message":"AuthController {/api/v1/auth}:","timestamp":"2026-05-06T07:49:29.442Z"}
{"context":"RouterExplorer","level":"info","message":"Mapped {/api/v1/auth/register, POST} route","timestamp":"2026-05-06T07:49:29.443Z"}
{"context":"RouterExplorer","level":"info","message":"Mapped {/api/v1/auth/login, POST} route","timestamp":"2026-05-06T07:49:29.443Z"}
{"context":"RouterExplorer","level":"info","message":"Mapped {/api/v1/auth/refresh, POST} route","timestamp":"2026-05-06T07:49:29.443Z"}
{"context":"RouterExplorer","level":"info","message":"Mapped {/api/v1/auth/logout, POST} route","timestamp":"2026-05-06T07:49:29.443Z"}
{"context":"RouterExplorer","level":"info","message":"Mapped {/api/v1/auth/me, GET} route","timestamp":"2026-05-06T07:49:29.443Z"}
{"context":"RouterExplorer","level":"info","message":"Mapped {/api/v1/auth/me/password, PATCH} route","timestamp":"2026-05-06T07:49:29.443Z"}
{"context":"RoutesResolver","level":"info","message":"AttributeController {/api/v1/attribute}:","timestamp":"2026-05-06T07:49:29.443Z"}
{"context":"RouterExplorer","level":"info","message":"Mapped {/api/v1/attribute, POST} route","timestamp":"2026-05-06T07:49:29.444Z"}
{"context":"RouterExplorer","level":"info","message":"Mapped {/api/v1/attribute, GET} route","timestamp":"2026-05-06T07:49:29.444Z"}
{"context":"RouterExplorer","level":"info","message":"Mapped {/api/v1/attribute/:id, GET} route","timestamp":"2026-05-06T07:49:29.444Z"}
{"context":"RouterExplorer","level":"info","message":"Mapped {/api/v1/attribute/:id, PATCH} route","timestamp":"2026-05-06T07:49:29.444Z"}
{"context":"RouterExplorer","level":"info","message":"Mapped {/api/v1/attribute/:id, DELETE} route","timestamp":"2026-05-06T07:49:29.444Z"}
{"context":"RoutesResolver","level":"info","message":"DepartmentsController {/api/v1/departments}:","timestamp":"2026-05-06T07:49:29.444Z"}
{"context":"RouterExplorer","level":"info","message":"Mapped {/api/v1/departments, POST} route","timestamp":"2026-05-06T07:49:29.444Z"}
{"context":"RouterExplorer","level":"info","message":"Mapped {/api/v1/departments, GET} route","timestamp":"2026-05-06T07:49:29.445Z"}
{"context":"RouterExplorer","level":"info","message":"Mapped {/api/v1/departments/:id, GET} route","timestamp":"2026-05-06T07:49:29.445Z"}
{"context":"RouterExplorer","level":"info","message":"Mapped {/api/v1/departments/:id, PATCH} route","timestamp":"2026-05-06T07:49:29.445Z"}
{"context":"RouterExplorer","level":"info","message":"Mapped {/api/v1/departments/:id, DELETE} route","timestamp":"2026-05-06T07:49:29.445Z"}
{"context":"RoutesResolver","level":"info","message":"PortsController {/api/v1/ports}:","timestamp":"2026-05-06T07:49:29.445Z"}
{"context":"RouterExplorer","level":"info","message":"Mapped {/api/v1/ports, POST} route","timestamp":"2026-05-06T07:49:29.445Z"}
{"context":"RouterExplorer","level":"info","message":"Mapped {/api/v1/ports, GET} route","timestamp":"2026-05-06T07:49:29.445Z"}
{"context":"RouterExplorer","level":"info","message":"Mapped {/api/v1/ports/:id, GET} route","timestamp":"2026-05-06T07:49:29.445Z"}
{"context":"RouterExplorer","level":"info","message":"Mapped {/api/v1/ports/:id, PATCH} route","timestamp":"2026-05-06T07:49:29.446Z"}
{"context":"RouterExplorer","level":"info","message":"Mapped {/api/v1/ports/:id, DELETE} route","timestamp":"2026-05-06T07:49:29.446Z"}
{"context":"RoutesResolver","level":"info","message":"FilesController {/api/v1/files}:","timestamp":"2026-05-06T07:49:29.446Z"}
{"context":"RouterExplorer","level":"info","message":"Mapped {/api/v1/files, POST} route","timestamp":"2026-05-06T07:49:29.446Z"}
{"context":"RouterExplorer","level":"info","message":"Mapped {/api/v1/files, GET} route","timestamp":"2026-05-06T07:49:29.446Z"}
{"context":"RouterExplorer","level":"info","message":"Mapped {/api/v1/files/:id, GET} route","timestamp":"2026-05-06T07:49:29.447Z"}
{"context":"RouterExplorer","level":"info","message":"Mapped {/api/v1/files/:id, PATCH} route","timestamp":"2026-05-06T07:49:29.447Z"}
{"context":"RouterExplorer","level":"info","message":"Mapped {/api/v1/files/:id, DELETE} route","timestamp":"2026-05-06T07:49:29.447Z"}
{"context":"PrismaService","level":"info","message":"Kết nối database thành công","timestamp":"2026-05-06T07:49:29.484Z"}
{"context":"NestApplication","level":"info","message":"Nest application successfully started","timestamp":"2026-05-06T07:49:29.488Z"}
{"level":"info","message":"Khởi tạo ứng dụng...","timestamp":"2026-05-06T08:39:23.661Z"}
{"context":"NestFactory","level":"info","message":"Starting Nest application...","timestamp":"2026-05-06T08:39:23.735Z"}
{"context":"InstanceLoader","level":"info","message":"PassportModule dependencies initialized","timestamp":"2026-05-06T08:39:23.743Z"}
{"context":"InstanceLoader","level":"info","message":"ConfigHostModule dependencies initialized","timestamp":"2026-05-06T08:39:23.744Z"}
{"context":"InstanceLoader","level":"info","message":"AppModule dependencies initialized","timestamp":"2026-05-06T08:39:23.744Z"}
{"context":"PrismaService","level":"info","message":"🔌 Prisma Connection String: postgresql://admin:******@localhost:5433/kyc_asset_db?schema=public","timestamp":"2026-05-06T08:39:23.746Z"}
{"context":"InstanceLoader","level":"info","message":"PortsModule dependencies initialized","timestamp":"2026-05-06T08:39:23.747Z"}
{"context":"InstanceLoader","level":"info","message":"FilesModule dependencies initialized","timestamp":"2026-05-06T08:39:23.747Z"}
{"context":"InstanceLoader","level":"info","message":"ConfigModule dependencies initialized","timestamp":"2026-05-06T08:39:23.747Z"}
{"context":"InstanceLoader","level":"info","message":"CommonModule dependencies initialized","timestamp":"2026-05-06T08:39:23.747Z"}
{"context":"InstanceLoader","level":"info","message":"JwtModule dependencies initialized","timestamp":"2026-05-06T08:39:23.748Z"}
{"context":"InstanceLoader","level":"info","message":"PrismaModule dependencies initialized","timestamp":"2026-05-06T08:39:23.748Z"}
{"context":"InstanceLoader","level":"info","message":"WhitelistIpModule dependencies initialized","timestamp":"2026-05-06T08:39:23.749Z"}
{"context":"InstanceLoader","level":"info","message":"AttributeModule dependencies initialized","timestamp":"2026-05-06T08:39:23.750Z"}
{"context":"InstanceLoader","level":"info","message":"DepartmentsModule dependencies initialized","timestamp":"2026-05-06T08:39:23.750Z"}
{"context":"InstanceLoader","level":"info","message":"UsersModule dependencies initialized","timestamp":"2026-05-06T08:39:23.750Z"}
{"context":"InstanceLoader","level":"info","message":"RolesModule dependencies initialized","timestamp":"2026-05-06T08:39:23.750Z"}
{"context":"InstanceLoader","level":"info","message":"PermissionsModule dependencies initialized","timestamp":"2026-05-06T08:39:23.750Z"}
{"context":"InstanceLoader","level":"info","message":"AuthModule dependencies initialized","timestamp":"2026-05-06T08:39:23.750Z"}
{"context":"LegacyRouteConverter","level":"warn","message":"Unsupported route path: \"/api/v1/*\". In previous versions, the symbols ?, *, and + were used to denote optional or repeating path parameters. The latest version of \"path-to-regexp\" now requires the use of named parameters. For example, instead of using a route like /users/* to capture all routes starting with \"/users\", you should use /users/*path. For more details, refer to the migration guide. Attempting to auto-convert...","timestamp":"2026-05-06T08:39:23.775Z"}
{"context":"RoutesResolver","level":"info","message":"AppController {/api/v1/ping}:","timestamp":"2026-05-06T08:39:23.775Z"}
{"context":"RouterExplorer","level":"info","message":"Mapped {/api/v1/ping, GET} route","timestamp":"2026-05-06T08:39:23.776Z"}
{"context":"RoutesResolver","level":"info","message":"UsersController {/api/v1/users}:","timestamp":"2026-05-06T08:39:23.777Z"}
{"context":"RouterExplorer","level":"info","message":"Mapped {/api/v1/users, POST} route","timestamp":"2026-05-06T08:39:23.778Z"}
{"context":"RouterExplorer","level":"info","message":"Mapped {/api/v1/users, GET} route","timestamp":"2026-05-06T08:39:23.778Z"}
{"context":"RouterExplorer","level":"info","message":"Mapped {/api/v1/users/:id, GET} route","timestamp":"2026-05-06T08:39:23.778Z"}
{"context":"RouterExplorer","level":"info","message":"Mapped {/api/v1/users/:id, PATCH} route","timestamp":"2026-05-06T08:39:23.778Z"}
{"context":"RouterExplorer","level":"info","message":"Mapped {/api/v1/users/:id, DELETE} route","timestamp":"2026-05-06T08:39:23.779Z"}
{"context":"RoutesResolver","level":"info","message":"WhitelistIpController {/api/v1/whitelist-ip}:","timestamp":"2026-05-06T08:39:23.779Z"}
{"context":"RouterExplorer","level":"info","message":"Mapped {/api/v1/whitelist-ip, POST} route","timestamp":"2026-05-06T08:39:23.779Z"}
{"context":"RouterExplorer","level":"info","message":"Mapped {/api/v1/whitelist-ip, GET} route","timestamp":"2026-05-06T08:39:23.779Z"}
{"context":"RouterExplorer","level":"info","message":"Mapped {/api/v1/whitelist-ip/:id, GET} route","timestamp":"2026-05-06T08:39:23.780Z"}
{"context":"RouterExplorer","level":"info","message":"Mapped {/api/v1/whitelist-ip/:id, PATCH} route","timestamp":"2026-05-06T08:39:23.780Z"}
{"context":"RouterExplorer","level":"info","message":"Mapped {/api/v1/whitelist-ip/:id, DELETE} route","timestamp":"2026-05-06T08:39:23.780Z"}
{"context":"RoutesResolver","level":"info","message":"RolesController {/api/v1/roles}:","timestamp":"2026-05-06T08:39:23.780Z"}
{"context":"RouterExplorer","level":"info","message":"Mapped {/api/v1/roles, POST} route","timestamp":"2026-05-06T08:39:23.781Z"}
{"context":"RouterExplorer","level":"info","message":"Mapped {/api/v1/roles, GET} route","timestamp":"2026-05-06T08:39:23.781Z"}
{"context":"RouterExplorer","level":"info","message":"Mapped {/api/v1/roles/:id, GET} route","timestamp":"2026-05-06T08:39:23.781Z"}
{"context":"RouterExplorer","level":"info","message":"Mapped {/api/v1/roles/:id, PATCH} route","timestamp":"2026-05-06T08:39:23.781Z"}
{"context":"RouterExplorer","level":"info","message":"Mapped {/api/v1/roles/:id, DELETE} route","timestamp":"2026-05-06T08:39:23.781Z"}
{"context":"RoutesResolver","level":"info","message":"PermissionsController {/api/v1/permissions}:","timestamp":"2026-05-06T08:39:23.781Z"}
{"context":"RouterExplorer","level":"info","message":"Mapped {/api/v1/permissions, POST} route","timestamp":"2026-05-06T08:39:23.782Z"}
{"context":"RouterExplorer","level":"info","message":"Mapped {/api/v1/permissions, GET} route","timestamp":"2026-05-06T08:39:23.782Z"}
{"context":"RouterExplorer","level":"info","message":"Mapped {/api/v1/permissions/:id, PATCH} route","timestamp":"2026-05-06T08:39:23.782Z"}
{"context":"RouterExplorer","level":"info","message":"Mapped {/api/v1/permissions/:id, DELETE} route","timestamp":"2026-05-06T08:39:23.782Z"}
{"context":"RoutesResolver","level":"info","message":"AuthController {/api/v1/auth}:","timestamp":"2026-05-06T08:39:23.782Z"}
{"context":"RouterExplorer","level":"info","message":"Mapped {/api/v1/auth/register, POST} route","timestamp":"2026-05-06T08:39:23.782Z"}
{"context":"RouterExplorer","level":"info","message":"Mapped {/api/v1/auth/login, POST} route","timestamp":"2026-05-06T08:39:23.783Z"}
{"context":"RouterExplorer","level":"info","message":"Mapped {/api/v1/auth/refresh, POST} route","timestamp":"2026-05-06T08:39:23.783Z"}
{"context":"RouterExplorer","level":"info","message":"Mapped {/api/v1/auth/logout, POST} route","timestamp":"2026-05-06T08:39:23.783Z"}
{"context":"RouterExplorer","level":"info","message":"Mapped {/api/v1/auth/me, GET} route","timestamp":"2026-05-06T08:39:23.783Z"}
{"context":"RouterExplorer","level":"info","message":"Mapped {/api/v1/auth/me/password, PATCH} route","timestamp":"2026-05-06T08:39:23.783Z"}
{"context":"RoutesResolver","level":"info","message":"AttributeController {/api/v1/attribute}:","timestamp":"2026-05-06T08:39:23.783Z"}
{"context":"RouterExplorer","level":"info","message":"Mapped {/api/v1/attribute, POST} route","timestamp":"2026-05-06T08:39:23.784Z"}
{"context":"RouterExplorer","level":"info","message":"Mapped {/api/v1/attribute, GET} route","timestamp":"2026-05-06T08:39:23.784Z"}
{"context":"RouterExplorer","level":"info","message":"Mapped {/api/v1/attribute/:id, GET} route","timestamp":"2026-05-06T08:39:23.784Z"}
{"context":"RouterExplorer","level":"info","message":"Mapped {/api/v1/attribute/:id, PATCH} route","timestamp":"2026-05-06T08:39:23.784Z"}
{"context":"RouterExplorer","level":"info","message":"Mapped {/api/v1/attribute/:id, DELETE} route","timestamp":"2026-05-06T08:39:23.784Z"}
{"context":"RoutesResolver","level":"info","message":"DepartmentsController {/api/v1/departments}:","timestamp":"2026-05-06T08:39:23.784Z"}
{"context":"RouterExplorer","level":"info","message":"Mapped {/api/v1/departments, POST} route","timestamp":"2026-05-06T08:39:23.784Z"}
{"context":"RouterExplorer","level":"info","message":"Mapped {/api/v1/departments, GET} route","timestamp":"2026-05-06T08:39:23.785Z"}
{"context":"RouterExplorer","level":"info","message":"Mapped {/api/v1/departments/:id, GET} route","timestamp":"2026-05-06T08:39:23.785Z"}
{"context":"RouterExplorer","level":"info","message":"Mapped {/api/v1/departments/:id, PATCH} route","timestamp":"2026-05-06T08:39:23.785Z"}
{"context":"RouterExplorer","level":"info","message":"Mapped {/api/v1/departments/:id, DELETE} route","timestamp":"2026-05-06T08:39:23.785Z"}
{"context":"RoutesResolver","level":"info","message":"PortsController {/api/v1/ports}:","timestamp":"2026-05-06T08:39:23.785Z"}
{"context":"RouterExplorer","level":"info","message":"Mapped {/api/v1/ports, POST} route","timestamp":"2026-05-06T08:39:23.785Z"}
{"context":"RouterExplorer","level":"info","message":"Mapped {/api/v1/ports, GET} route","timestamp":"2026-05-06T08:39:23.786Z"}
{"context":"RouterExplorer","level":"info","message":"Mapped {/api/v1/ports/:id, GET} route","timestamp":"2026-05-06T08:39:23.786Z"}
{"context":"RouterExplorer","level":"info","message":"Mapped {/api/v1/ports/:id, PATCH} route","timestamp":"2026-05-06T08:39:23.786Z"}
{"context":"RouterExplorer","level":"info","message":"Mapped {/api/v1/ports/:id, DELETE} route","timestamp":"2026-05-06T08:39:23.786Z"}
{"context":"RoutesResolver","level":"info","message":"FilesController {/api/v1/files}:","timestamp":"2026-05-06T08:39:23.786Z"}
{"context":"RouterExplorer","level":"info","message":"Mapped {/api/v1/files, POST} route","timestamp":"2026-05-06T08:39:23.786Z"}
{"context":"RouterExplorer","level":"info","message":"Mapped {/api/v1/files, GET} route","timestamp":"2026-05-06T08:39:23.787Z"}
{"context":"RouterExplorer","level":"info","message":"Mapped {/api/v1/files/:id, GET} route","timestamp":"2026-05-06T08:39:23.787Z"}
{"context":"RouterExplorer","level":"info","message":"Mapped {/api/v1/files/:id, PATCH} route","timestamp":"2026-05-06T08:39:23.787Z"}
{"context":"RouterExplorer","level":"info","message":"Mapped {/api/v1/files/:id, DELETE} route","timestamp":"2026-05-06T08:39:23.787Z"}
{"context":"PrismaService","level":"info","message":"Kết nối database thành công","timestamp":"2026-05-06T08:39:23.829Z"}
{"context":"NestApplication","level":"info","message":"Nest application successfully started","timestamp":"2026-05-06T08:39:23.834Z"}
{"level":"info","message":"Khởi tạo ứng dụng...","timestamp":"2026-05-06T08:47:31.845Z"}
{"context":"NestFactory","level":"info","message":"Starting Nest application...","timestamp":"2026-05-06T08:47:31.921Z"}
{"context":"InstanceLoader","level":"info","message":"PassportModule dependencies initialized","timestamp":"2026-05-06T08:47:31.929Z"}
{"context":"InstanceLoader","level":"info","message":"ConfigHostModule dependencies initialized","timestamp":"2026-05-06T08:47:31.930Z"}
{"context":"InstanceLoader","level":"info","message":"AppModule dependencies initialized","timestamp":"2026-05-06T08:47:31.930Z"}
{"context":"PrismaService","level":"info","message":"🔌 Prisma Connection String: postgresql://admin:******@localhost:5433/kyc_asset_db?schema=public","timestamp":"2026-05-06T08:47:31.932Z"}
{"context":"InstanceLoader","level":"info","message":"PortsModule dependencies initialized","timestamp":"2026-05-06T08:47:31.933Z"}
{"context":"InstanceLoader","level":"info","message":"FilesModule dependencies initialized","timestamp":"2026-05-06T08:47:31.933Z"}
{"context":"InstanceLoader","level":"info","message":"ConfigModule dependencies initialized","timestamp":"2026-05-06T08:47:31.933Z"}
{"context":"InstanceLoader","level":"info","message":"CommonModule dependencies initialized","timestamp":"2026-05-06T08:47:31.933Z"}
{"context":"InstanceLoader","level":"info","message":"JwtModule dependencies initialized","timestamp":"2026-05-06T08:47:31.934Z"}
{"context":"InstanceLoader","level":"info","message":"PrismaModule dependencies initialized","timestamp":"2026-05-06T08:47:31.934Z"}
{"context":"InstanceLoader","level":"info","message":"WhitelistIpModule dependencies initialized","timestamp":"2026-05-06T08:47:31.935Z"}
{"context":"InstanceLoader","level":"info","message":"AttributeModule dependencies initialized","timestamp":"2026-05-06T08:47:31.935Z"}
{"context":"InstanceLoader","level":"info","message":"DepartmentsModule dependencies initialized","timestamp":"2026-05-06T08:47:31.935Z"}
{"context":"InstanceLoader","level":"info","message":"UsersModule dependencies initialized","timestamp":"2026-05-06T08:47:31.935Z"}
{"context":"InstanceLoader","level":"info","message":"RolesModule dependencies initialized","timestamp":"2026-05-06T08:47:31.936Z"}
{"context":"InstanceLoader","level":"info","message":"PermissionsModule dependencies initialized","timestamp":"2026-05-06T08:47:31.936Z"}
{"context":"InstanceLoader","level":"info","message":"AuthModule dependencies initialized","timestamp":"2026-05-06T08:47:31.936Z"}
{"context":"LegacyRouteConverter","level":"warn","message":"Unsupported route path: \"/api/v1/*\". In previous versions, the symbols ?, *, and + were used to denote optional or repeating path parameters. The latest version of \"path-to-regexp\" now requires the use of named parameters. For example, instead of using a route like /users/* to capture all routes starting with \"/users\", you should use /users/*path. For more details, refer to the migration guide. Attempting to auto-convert...","timestamp":"2026-05-06T08:47:31.960Z"}
{"context":"RoutesResolver","level":"info","message":"AppController {/api/v1/ping}:","timestamp":"2026-05-06T08:47:31.961Z"}
{"context":"RouterExplorer","level":"info","message":"Mapped {/api/v1/ping, GET} route","timestamp":"2026-05-06T08:47:31.962Z"}
{"context":"RoutesResolver","level":"info","message":"UsersController {/api/v1/users}:","timestamp":"2026-05-06T08:47:31.962Z"}
{"context":"RouterExplorer","level":"info","message":"Mapped {/api/v1/users, POST} route","timestamp":"2026-05-06T08:47:31.963Z"}
{"context":"RouterExplorer","level":"info","message":"Mapped {/api/v1/users, GET} route","timestamp":"2026-05-06T08:47:31.963Z"}
{"context":"RouterExplorer","level":"info","message":"Mapped {/api/v1/users/:id, GET} route","timestamp":"2026-05-06T08:47:31.963Z"}
{"context":"RouterExplorer","level":"info","message":"Mapped {/api/v1/users/:id, PATCH} route","timestamp":"2026-05-06T08:47:31.963Z"}
{"context":"RouterExplorer","level":"info","message":"Mapped {/api/v1/users/:id, DELETE} route","timestamp":"2026-05-06T08:47:31.964Z"}
{"context":"RoutesResolver","level":"info","message":"WhitelistIpController {/api/v1/whitelist-ip}:","timestamp":"2026-05-06T08:47:31.964Z"}
{"context":"RouterExplorer","level":"info","message":"Mapped {/api/v1/whitelist-ip, POST} route","timestamp":"2026-05-06T08:47:31.964Z"}
{"context":"RouterExplorer","level":"info","message":"Mapped {/api/v1/whitelist-ip, GET} route","timestamp":"2026-05-06T08:47:31.964Z"}
{"context":"RouterExplorer","level":"info","message":"Mapped {/api/v1/whitelist-ip/:id, GET} route","timestamp":"2026-05-06T08:47:31.965Z"}
{"context":"RouterExplorer","level":"info","message":"Mapped {/api/v1/whitelist-ip/:id, PATCH} route","timestamp":"2026-05-06T08:47:31.965Z"}
{"context":"RouterExplorer","level":"info","message":"Mapped {/api/v1/whitelist-ip/:id, DELETE} route","timestamp":"2026-05-06T08:47:31.965Z"}
{"context":"RoutesResolver","level":"info","message":"RolesController {/api/v1/roles}:","timestamp":"2026-05-06T08:47:31.965Z"}
{"context":"RouterExplorer","level":"info","message":"Mapped {/api/v1/roles, POST} route","timestamp":"2026-05-06T08:47:31.966Z"}
{"context":"RouterExplorer","level":"info","message":"Mapped {/api/v1/roles, GET} route","timestamp":"2026-05-06T08:47:31.966Z"}
{"context":"RouterExplorer","level":"info","message":"Mapped {/api/v1/roles/:id, GET} route","timestamp":"2026-05-06T08:47:31.966Z"}
{"context":"RouterExplorer","level":"info","message":"Mapped {/api/v1/roles/:id, PATCH} route","timestamp":"2026-05-06T08:47:31.966Z"}
{"context":"RouterExplorer","level":"info","message":"Mapped {/api/v1/roles/:id, DELETE} route","timestamp":"2026-05-06T08:47:31.966Z"}
{"context":"RoutesResolver","level":"info","message":"PermissionsController {/api/v1/permissions}:","timestamp":"2026-05-06T08:47:31.966Z"}
{"context":"RouterExplorer","level":"info","message":"Mapped {/api/v1/permissions, POST} route","timestamp":"2026-05-06T08:47:31.967Z"}
{"context":"RouterExplorer","level":"info","message":"Mapped {/api/v1/permissions, GET} route","timestamp":"2026-05-06T08:47:31.967Z"}
{"context":"RouterExplorer","level":"info","message":"Mapped {/api/v1/permissions/:id, PATCH} route","timestamp":"2026-05-06T08:47:31.967Z"}
{"context":"RouterExplorer","level":"info","message":"Mapped {/api/v1/permissions/:id, DELETE} route","timestamp":"2026-05-06T08:47:31.967Z"}
{"context":"RoutesResolver","level":"info","message":"AuthController {/api/v1/auth}:","timestamp":"2026-05-06T08:47:31.967Z"}
{"context":"RouterExplorer","level":"info","message":"Mapped {/api/v1/auth/register, POST} route","timestamp":"2026-05-06T08:47:31.968Z"}
{"context":"RouterExplorer","level":"info","message":"Mapped {/api/v1/auth/login, POST} route","timestamp":"2026-05-06T08:47:31.968Z"}
{"context":"RouterExplorer","level":"info","message":"Mapped {/api/v1/auth/refresh, POST} route","timestamp":"2026-05-06T08:47:31.968Z"}
{"context":"RouterExplorer","level":"info","message":"Mapped {/api/v1/auth/logout, POST} route","timestamp":"2026-05-06T08:47:31.968Z"}
{"context":"RouterExplorer","level":"info","message":"Mapped {/api/v1/auth/me, GET} route","timestamp":"2026-05-06T08:47:31.968Z"}
{"context":"RouterExplorer","level":"info","message":"Mapped {/api/v1/auth/me/password, PATCH} route","timestamp":"2026-05-06T08:47:31.969Z"}
{"context":"RoutesResolver","level":"info","message":"AttributeController {/api/v1/attribute}:","timestamp":"2026-05-06T08:47:31.969Z"}
{"context":"RouterExplorer","level":"info","message":"Mapped {/api/v1/attribute, POST} route","timestamp":"2026-05-06T08:47:31.969Z"}
{"context":"RouterExplorer","level":"info","message":"Mapped {/api/v1/attribute, GET} route","timestamp":"2026-05-06T08:47:31.969Z"}
{"context":"RouterExplorer","level":"info","message":"Mapped {/api/v1/attribute/:id, GET} route","timestamp":"2026-05-06T08:47:31.970Z"}
{"context":"RouterExplorer","level":"info","message":"Mapped {/api/v1/attribute/:id, PATCH} route","timestamp":"2026-05-06T08:47:31.970Z"}
{"context":"RouterExplorer","level":"info","message":"Mapped {/api/v1/attribute/:id, DELETE} route","timestamp":"2026-05-06T08:47:31.970Z"}
{"context":"RoutesResolver","level":"info","message":"DepartmentsController {/api/v1/departments}:","timestamp":"2026-05-06T08:47:31.970Z"}
{"context":"RouterExplorer","level":"info","message":"Mapped {/api/v1/departments, POST} route","timestamp":"2026-05-06T08:47:31.970Z"}
{"context":"RouterExplorer","level":"info","message":"Mapped {/api/v1/departments, GET} route","timestamp":"2026-05-06T08:47:31.970Z"}
{"context":"RouterExplorer","level":"info","message":"Mapped {/api/v1/departments/:id, GET} route","timestamp":"2026-05-06T08:47:31.971Z"}
{"context":"RouterExplorer","level":"info","message":"Mapped {/api/v1/departments/:id, PATCH} route","timestamp":"2026-05-06T08:47:31.971Z"}
{"context":"RouterExplorer","level":"info","message":"Mapped {/api/v1/departments/:id, DELETE} route","timestamp":"2026-05-06T08:47:31.971Z"}
{"context":"RoutesResolver","level":"info","message":"PortsController {/api/v1/ports}:","timestamp":"2026-05-06T08:47:31.971Z"}
{"context":"RouterExplorer","level":"info","message":"Mapped {/api/v1/ports, POST} route","timestamp":"2026-05-06T08:47:31.971Z"}
{"context":"RouterExplorer","level":"info","message":"Mapped {/api/v1/ports, GET} route","timestamp":"2026-05-06T08:47:31.971Z"}
{"context":"RouterExplorer","level":"info","message":"Mapped {/api/v1/ports/:id, GET} route","timestamp":"2026-05-06T08:47:31.972Z"}
{"context":"RouterExplorer","level":"info","message":"Mapped {/api/v1/ports/:id, PATCH} route","timestamp":"2026-05-06T08:47:31.972Z"}
{"context":"RouterExplorer","level":"info","message":"Mapped {/api/v1/ports/:id, DELETE} route","timestamp":"2026-05-06T08:47:31.972Z"}
{"context":"RoutesResolver","level":"info","message":"FilesController {/api/v1/files}:","timestamp":"2026-05-06T08:47:31.972Z"}
{"context":"RouterExplorer","level":"info","message":"Mapped {/api/v1/files, POST} route","timestamp":"2026-05-06T08:47:31.972Z"}
{"context":"RouterExplorer","level":"info","message":"Mapped {/api/v1/files, GET} route","timestamp":"2026-05-06T08:47:31.973Z"}
{"context":"RouterExplorer","level":"info","message":"Mapped {/api/v1/files/:id, GET} route","timestamp":"2026-05-06T08:47:31.973Z"}
{"context":"RouterExplorer","level":"info","message":"Mapped {/api/v1/files/:id, PATCH} route","timestamp":"2026-05-06T08:47:31.973Z"}
{"context":"RouterExplorer","level":"info","message":"Mapped {/api/v1/files/:id, DELETE} route","timestamp":"2026-05-06T08:47:31.973Z"}
{"context":"PrismaService","level":"info","message":"Kết nối database thành công","timestamp":"2026-05-06T08:47:32.012Z"}
{"context":"NestApplication","level":"info","message":"Nest application successfully started","timestamp":"2026-05-06T08:47:32.017Z"}
{"level":"info","message":"Khởi tạo ứng dụng...","timestamp":"2026-05-06T08:47:34.075Z"}
{"context":"NestFactory","level":"info","message":"Starting Nest application...","timestamp":"2026-05-06T08:47:34.144Z"}
{"context":"InstanceLoader","level":"info","message":"PassportModule dependencies initialized","timestamp":"2026-05-06T08:47:34.151Z"}
{"context":"InstanceLoader","level":"info","message":"ConfigHostModule dependencies initialized","timestamp":"2026-05-06T08:47:34.152Z"}
{"context":"InstanceLoader","level":"info","message":"AppModule dependencies initialized","timestamp":"2026-05-06T08:47:34.152Z"}
{"context":"PrismaService","level":"info","message":"🔌 Prisma Connection String: postgresql://admin:******@localhost:5433/kyc_asset_db?schema=public","timestamp":"2026-05-06T08:47:34.154Z"}
{"context":"InstanceLoader","level":"info","message":"PortsModule dependencies initialized","timestamp":"2026-05-06T08:47:34.155Z"}
{"context":"InstanceLoader","level":"info","message":"FilesModule dependencies initialized","timestamp":"2026-05-06T08:47:34.155Z"}
{"context":"InstanceLoader","level":"info","message":"ConfigModule dependencies initialized","timestamp":"2026-05-06T08:47:34.155Z"}
{"context":"InstanceLoader","level":"info","message":"CommonModule dependencies initialized","timestamp":"2026-05-06T08:47:34.155Z"}
{"context":"InstanceLoader","level":"info","message":"JwtModule dependencies initialized","timestamp":"2026-05-06T08:47:34.155Z"}
{"context":"InstanceLoader","level":"info","message":"PrismaModule dependencies initialized","timestamp":"2026-05-06T08:47:34.156Z"}
{"context":"InstanceLoader","level":"info","message":"WhitelistIpModule dependencies initialized","timestamp":"2026-05-06T08:47:34.157Z"}
{"context":"InstanceLoader","level":"info","message":"AttributeModule dependencies initialized","timestamp":"2026-05-06T08:47:34.157Z"}
{"context":"InstanceLoader","level":"info","message":"DepartmentsModule dependencies initialized","timestamp":"2026-05-06T08:47:34.157Z"}
{"context":"InstanceLoader","level":"info","message":"UsersModule dependencies initialized","timestamp":"2026-05-06T08:47:34.158Z"}
{"context":"InstanceLoader","level":"info","message":"RolesModule dependencies initialized","timestamp":"2026-05-06T08:47:34.158Z"}
{"context":"InstanceLoader","level":"info","message":"PermissionsModule dependencies initialized","timestamp":"2026-05-06T08:47:34.158Z"}
{"context":"InstanceLoader","level":"info","message":"AuthModule dependencies initialized","timestamp":"2026-05-06T08:47:34.158Z"}
{"context":"LegacyRouteConverter","level":"warn","message":"Unsupported route path: \"/api/v1/*\". In previous versions, the symbols ?, *, and + were used to denote optional or repeating path parameters. The latest version of \"path-to-regexp\" now requires the use of named parameters. For example, instead of using a route like /users/* to capture all routes starting with \"/users\", you should use /users/*path. For more details, refer to the migration guide. Attempting to auto-convert...","timestamp":"2026-05-06T08:47:34.182Z"}
{"context":"RoutesResolver","level":"info","message":"AppController {/api/v1/ping}:","timestamp":"2026-05-06T08:47:34.183Z"}
{"context":"RouterExplorer","level":"info","message":"Mapped {/api/v1/ping, GET} route","timestamp":"2026-05-06T08:47:34.184Z"}
{"context":"RoutesResolver","level":"info","message":"UsersController {/api/v1/users}:","timestamp":"2026-05-06T08:47:34.184Z"}
{"context":"RouterExplorer","level":"info","message":"Mapped {/api/v1/users, POST} route","timestamp":"2026-05-06T08:47:34.184Z"}
{"context":"RouterExplorer","level":"info","message":"Mapped {/api/v1/users, GET} route","timestamp":"2026-05-06T08:47:34.185Z"}
{"context":"RouterExplorer","level":"info","message":"Mapped {/api/v1/users/:id, GET} route","timestamp":"2026-05-06T08:47:34.185Z"}
{"context":"RouterExplorer","level":"info","message":"Mapped {/api/v1/users/:id, PATCH} route","timestamp":"2026-05-06T08:47:34.185Z"}
{"context":"RouterExplorer","level":"info","message":"Mapped {/api/v1/users/:id, DELETE} route","timestamp":"2026-05-06T08:47:34.185Z"}
{"context":"RoutesResolver","level":"info","message":"WhitelistIpController {/api/v1/whitelist-ip}:","timestamp":"2026-05-06T08:47:34.186Z"}
{"context":"RouterExplorer","level":"info","message":"Mapped {/api/v1/whitelist-ip, POST} route","timestamp":"2026-05-06T08:47:34.186Z"}
{"context":"RouterExplorer","level":"info","message":"Mapped {/api/v1/whitelist-ip, GET} route","timestamp":"2026-05-06T08:47:34.186Z"}
{"context":"RouterExplorer","level":"info","message":"Mapped {/api/v1/whitelist-ip/:id, GET} route","timestamp":"2026-05-06T08:47:34.186Z"}
{"context":"RouterExplorer","level":"info","message":"Mapped {/api/v1/whitelist-ip/:id, PATCH} route","timestamp":"2026-05-06T08:47:34.187Z"}
{"context":"RouterExplorer","level":"info","message":"Mapped {/api/v1/whitelist-ip/:id, DELETE} route","timestamp":"2026-05-06T08:47:34.187Z"}
{"context":"RoutesResolver","level":"info","message":"RolesController {/api/v1/roles}:","timestamp":"2026-05-06T08:47:34.187Z"}
{"context":"RouterExplorer","level":"info","message":"Mapped {/api/v1/roles, POST} route","timestamp":"2026-05-06T08:47:34.187Z"}
{"context":"RouterExplorer","level":"info","message":"Mapped {/api/v1/roles, GET} route","timestamp":"2026-05-06T08:47:34.187Z"}
{"context":"RouterExplorer","level":"info","message":"Mapped {/api/v1/roles/:id, GET} route","timestamp":"2026-05-06T08:47:34.187Z"}
{"context":"RouterExplorer","level":"info","message":"Mapped {/api/v1/roles/:id, PATCH} route","timestamp":"2026-05-06T08:47:34.188Z"}
{"context":"RouterExplorer","level":"info","message":"Mapped {/api/v1/roles/:id, DELETE} route","timestamp":"2026-05-06T08:47:34.188Z"}
{"context":"RoutesResolver","level":"info","message":"PermissionsController {/api/v1/permissions}:","timestamp":"2026-05-06T08:47:34.188Z"}
{"context":"RouterExplorer","level":"info","message":"Mapped {/api/v1/permissions, POST} route","timestamp":"2026-05-06T08:47:34.188Z"}
{"context":"RouterExplorer","level":"info","message":"Mapped {/api/v1/permissions, GET} route","timestamp":"2026-05-06T08:47:34.188Z"}
{"context":"RouterExplorer","level":"info","message":"Mapped {/api/v1/permissions/:id, PATCH} route","timestamp":"2026-05-06T08:47:34.189Z"}
{"context":"RouterExplorer","level":"info","message":"Mapped {/api/v1/permissions/:id, DELETE} route","timestamp":"2026-05-06T08:47:34.189Z"}
{"context":"RoutesResolver","level":"info","message":"AuthController {/api/v1/auth}:","timestamp":"2026-05-06T08:47:34.189Z"}
{"context":"RouterExplorer","level":"info","message":"Mapped {/api/v1/auth/register, POST} route","timestamp":"2026-05-06T08:47:34.189Z"}
{"context":"RouterExplorer","level":"info","message":"Mapped {/api/v1/auth/login, POST} route","timestamp":"2026-05-06T08:47:34.189Z"}
{"context":"RouterExplorer","level":"info","message":"Mapped {/api/v1/auth/refresh, POST} route","timestamp":"2026-05-06T08:47:34.189Z"}
{"context":"RouterExplorer","level":"info","message":"Mapped {/api/v1/auth/logout, POST} route","timestamp":"2026-05-06T08:47:34.190Z"}
{"context":"RouterExplorer","level":"info","message":"Mapped {/api/v1/auth/me, GET} route","timestamp":"2026-05-06T08:47:34.190Z"}
{"context":"RouterExplorer","level":"info","message":"Mapped {/api/v1/auth/me/password, PATCH} route","timestamp":"2026-05-06T08:47:34.190Z"}
{"context":"RoutesResolver","level":"info","message":"AttributeController {/api/v1/attribute}:","timestamp":"2026-05-06T08:47:34.190Z"}
{"context":"RouterExplorer","level":"info","message":"Mapped {/api/v1/attribute, POST} route","timestamp":"2026-05-06T08:47:34.190Z"}
{"context":"RouterExplorer","level":"info","message":"Mapped {/api/v1/attribute, GET} route","timestamp":"2026-05-06T08:47:34.191Z"}
{"context":"RouterExplorer","level":"info","message":"Mapped {/api/v1/attribute/:id, GET} route","timestamp":"2026-05-06T08:47:34.191Z"}
{"context":"RouterExplorer","level":"info","message":"Mapped {/api/v1/attribute/:id, PATCH} route","timestamp":"2026-05-06T08:47:34.191Z"}
{"context":"RouterExplorer","level":"info","message":"Mapped {/api/v1/attribute/:id, DELETE} route","timestamp":"2026-05-06T08:47:34.191Z"}
{"context":"RoutesResolver","level":"info","message":"DepartmentsController {/api/v1/departments}:","timestamp":"2026-05-06T08:47:34.191Z"}
{"context":"RouterExplorer","level":"info","message":"Mapped {/api/v1/departments, POST} route","timestamp":"2026-05-06T08:47:34.191Z"}
{"context":"RouterExplorer","level":"info","message":"Mapped {/api/v1/departments, GET} route","timestamp":"2026-05-06T08:47:34.191Z"}
{"context":"RouterExplorer","level":"info","message":"Mapped {/api/v1/departments/:id, GET} route","timestamp":"2026-05-06T08:47:34.192Z"}
{"context":"RouterExplorer","level":"info","message":"Mapped {/api/v1/departments/:id, PATCH} route","timestamp":"2026-05-06T08:47:34.192Z"}
{"context":"RouterExplorer","level":"info","message":"Mapped {/api/v1/departments/:id, DELETE} route","timestamp":"2026-05-06T08:47:34.192Z"}
{"context":"RoutesResolver","level":"info","message":"PortsController {/api/v1/ports}:","timestamp":"2026-05-06T08:47:34.192Z"}
{"context":"RouterExplorer","level":"info","message":"Mapped {/api/v1/ports, POST} route","timestamp":"2026-05-06T08:47:34.192Z"}
{"context":"RouterExplorer","level":"info","message":"Mapped {/api/v1/ports, GET} route","timestamp":"2026-05-06T08:47:34.192Z"}
{"context":"RouterExplorer","level":"info","message":"Mapped {/api/v1/ports/:id, GET} route","timestamp":"2026-05-06T08:47:34.193Z"}
{"context":"RouterExplorer","level":"info","message":"Mapped {/api/v1/ports/:id, PATCH} route","timestamp":"2026-05-06T08:47:34.193Z"}
{"context":"RouterExplorer","level":"info","message":"Mapped {/api/v1/ports/:id, DELETE} route","timestamp":"2026-05-06T08:47:34.193Z"}
{"context":"RoutesResolver","level":"info","message":"FilesController {/api/v1/files}:","timestamp":"2026-05-06T08:47:34.193Z"}
{"context":"RouterExplorer","level":"info","message":"Mapped {/api/v1/files, POST} route","timestamp":"2026-05-06T08:47:34.193Z"}
{"context":"RouterExplorer","level":"info","message":"Mapped {/api/v1/files, GET} route","timestamp":"2026-05-06T08:47:34.193Z"}
{"context":"RouterExplorer","level":"info","message":"Mapped {/api/v1/files/:id, GET} route","timestamp":"2026-05-06T08:47:34.194Z"}
{"context":"RouterExplorer","level":"info","message":"Mapped {/api/v1/files/:id, PATCH} route","timestamp":"2026-05-06T08:47:34.194Z"}
{"context":"RouterExplorer","level":"info","message":"Mapped {/api/v1/files/:id, DELETE} route","timestamp":"2026-05-06T08:47:34.194Z"}
{"context":"PrismaService","level":"info","message":"Kết nối database thành công","timestamp":"2026-05-06T08:47:34.232Z"}
{"context":"NestApplication","level":"info","message":"Nest application successfully started","timestamp":"2026-05-06T08:47:34.237Z"}
{"level":"info","message":"Khởi tạo ứng dụng...","timestamp":"2026-05-06T09:04:22.476Z"}
{"context":"NestFactory","level":"info","message":"Starting Nest application...","timestamp":"2026-05-06T09:04:22.547Z"}
{"context":"InstanceLoader","level":"info","message":"PassportModule dependencies initialized","timestamp":"2026-05-06T09:04:22.555Z"}
{"context":"InstanceLoader","level":"info","message":"ConfigHostModule dependencies initialized","timestamp":"2026-05-06T09:04:22.556Z"}
{"context":"InstanceLoader","level":"info","message":"AppModule dependencies initialized","timestamp":"2026-05-06T09:04:22.556Z"}
{"context":"PrismaService","level":"info","message":"🔌 Prisma Connection String: postgresql://admin:******@localhost:5433/kyc_asset_db?schema=public","timestamp":"2026-05-06T09:04:22.559Z"}
{"context":"InstanceLoader","level":"info","message":"PortsModule dependencies initialized","timestamp":"2026-05-06T09:04:22.559Z"}
{"context":"InstanceLoader","level":"info","message":"FilesModule dependencies initialized","timestamp":"2026-05-06T09:04:22.559Z"}
{"context":"InstanceLoader","level":"info","message":"ConfigModule dependencies initialized","timestamp":"2026-05-06T09:04:22.559Z"}
{"context":"InstanceLoader","level":"info","message":"CommonModule dependencies initialized","timestamp":"2026-05-06T09:04:22.559Z"}
{"context":"InstanceLoader","level":"info","message":"JwtModule dependencies initialized","timestamp":"2026-05-06T09:04:22.560Z"}
{"context":"InstanceLoader","level":"info","message":"PrismaModule dependencies initialized","timestamp":"2026-05-06T09:04:22.560Z"}
{"context":"InstanceLoader","level":"info","message":"WhitelistIpModule dependencies initialized","timestamp":"2026-05-06T09:04:22.561Z"}
{"context":"InstanceLoader","level":"info","message":"AttributeModule dependencies initialized","timestamp":"2026-05-06T09:04:22.561Z"}
{"context":"InstanceLoader","level":"info","message":"DepartmentsModule dependencies initialized","timestamp":"2026-05-06T09:04:22.561Z"}
{"context":"InstanceLoader","level":"info","message":"UsersModule dependencies initialized","timestamp":"2026-05-06T09:04:22.562Z"}
{"context":"InstanceLoader","level":"info","message":"RolesModule dependencies initialized","timestamp":"2026-05-06T09:04:22.562Z"}
{"context":"InstanceLoader","level":"info","message":"PermissionsModule dependencies initialized","timestamp":"2026-05-06T09:04:22.562Z"}
{"context":"InstanceLoader","level":"info","message":"AuthModule dependencies initialized","timestamp":"2026-05-06T09:04:22.562Z"}
{"context":"LegacyRouteConverter","level":"warn","message":"Unsupported route path: \"/api/v1/*\". In previous versions, the symbols ?, *, and + were used to denote optional or repeating path parameters. The latest version of \"path-to-regexp\" now requires the use of named parameters. For example, instead of using a route like /users/* to capture all routes starting with \"/users\", you should use /users/*path. For more details, refer to the migration guide. Attempting to auto-convert...","timestamp":"2026-05-06T09:04:22.587Z"}
{"context":"RoutesResolver","level":"info","message":"AppController {/api/v1/ping}:","timestamp":"2026-05-06T09:04:22.587Z"}
{"context":"RouterExplorer","level":"info","message":"Mapped {/api/v1/ping, GET} route","timestamp":"2026-05-06T09:04:22.588Z"}
{"context":"RoutesResolver","level":"info","message":"UsersController {/api/v1/users}:","timestamp":"2026-05-06T09:04:22.588Z"}
{"context":"RouterExplorer","level":"info","message":"Mapped {/api/v1/users, POST} route","timestamp":"2026-05-06T09:04:22.589Z"}
{"context":"RouterExplorer","level":"info","message":"Mapped {/api/v1/users, GET} route","timestamp":"2026-05-06T09:04:22.589Z"}
{"context":"RouterExplorer","level":"info","message":"Mapped {/api/v1/users/:id, GET} route","timestamp":"2026-05-06T09:04:22.589Z"}
{"context":"RouterExplorer","level":"info","message":"Mapped {/api/v1/users/:id, PATCH} route","timestamp":"2026-05-06T09:04:22.590Z"}
{"context":"RouterExplorer","level":"info","message":"Mapped {/api/v1/users/:id, DELETE} route","timestamp":"2026-05-06T09:04:22.590Z"}
{"context":"RoutesResolver","level":"info","message":"WhitelistIpController {/api/v1/whitelist-ip}:","timestamp":"2026-05-06T09:04:22.590Z"}
{"context":"RouterExplorer","level":"info","message":"Mapped {/api/v1/whitelist-ip, POST} route","timestamp":"2026-05-06T09:04:22.590Z"}
{"context":"RouterExplorer","level":"info","message":"Mapped {/api/v1/whitelist-ip, GET} route","timestamp":"2026-05-06T09:04:22.591Z"}
{"context":"RouterExplorer","level":"info","message":"Mapped {/api/v1/whitelist-ip/:id, GET} route","timestamp":"2026-05-06T09:04:22.591Z"}
{"context":"RouterExplorer","level":"info","message":"Mapped {/api/v1/whitelist-ip/:id, PATCH} route","timestamp":"2026-05-06T09:04:22.591Z"}
{"context":"RouterExplorer","level":"info","message":"Mapped {/api/v1/whitelist-ip/:id, DELETE} route","timestamp":"2026-05-06T09:04:22.591Z"}
{"context":"RoutesResolver","level":"info","message":"RolesController {/api/v1/roles}:","timestamp":"2026-05-06T09:04:22.591Z"}
{"context":"RouterExplorer","level":"info","message":"Mapped {/api/v1/roles, POST} route","timestamp":"2026-05-06T09:04:22.591Z"}
{"context":"RouterExplorer","level":"info","message":"Mapped {/api/v1/roles, GET} route","timestamp":"2026-05-06T09:04:22.592Z"}
{"context":"RouterExplorer","level":"info","message":"Mapped {/api/v1/roles/:id, GET} route","timestamp":"2026-05-06T09:04:22.592Z"}
{"context":"RouterExplorer","level":"info","message":"Mapped {/api/v1/roles/:id, PATCH} route","timestamp":"2026-05-06T09:04:22.592Z"}
{"context":"RouterExplorer","level":"info","message":"Mapped {/api/v1/roles/:id, DELETE} route","timestamp":"2026-05-06T09:04:22.592Z"}
{"context":"RoutesResolver","level":"info","message":"PermissionsController {/api/v1/permissions}:","timestamp":"2026-05-06T09:04:22.592Z"}
{"context":"RouterExplorer","level":"info","message":"Mapped {/api/v1/permissions, POST} route","timestamp":"2026-05-06T09:04:22.592Z"}
{"context":"RouterExplorer","level":"info","message":"Mapped {/api/v1/permissions, GET} route","timestamp":"2026-05-06T09:04:22.593Z"}
{"context":"RouterExplorer","level":"info","message":"Mapped {/api/v1/permissions/:id, PATCH} route","timestamp":"2026-05-06T09:04:22.593Z"}
{"context":"RouterExplorer","level":"info","message":"Mapped {/api/v1/permissions/:id, DELETE} route","timestamp":"2026-05-06T09:04:22.593Z"}
{"context":"RoutesResolver","level":"info","message":"AuthController {/api/v1/auth}:","timestamp":"2026-05-06T09:04:22.593Z"}
{"context":"RouterExplorer","level":"info","message":"Mapped {/api/v1/auth/register, POST} route","timestamp":"2026-05-06T09:04:22.593Z"}
{"context":"RouterExplorer","level":"info","message":"Mapped {/api/v1/auth/login, POST} route","timestamp":"2026-05-06T09:04:22.593Z"}
{"context":"RouterExplorer","level":"info","message":"Mapped {/api/v1/auth/refresh, POST} route","timestamp":"2026-05-06T09:04:22.593Z"}
{"context":"RouterExplorer","level":"info","message":"Mapped {/api/v1/auth/logout, POST} route","timestamp":"2026-05-06T09:04:22.594Z"}
{"context":"RouterExplorer","level":"info","message":"Mapped {/api/v1/auth/me, GET} route","timestamp":"2026-05-06T09:04:22.594Z"}
{"context":"RouterExplorer","level":"info","message":"Mapped {/api/v1/auth/me/password, PATCH} route","timestamp":"2026-05-06T09:04:22.594Z"}
{"context":"RoutesResolver","level":"info","message":"AttributeController {/api/v1/attribute}:","timestamp":"2026-05-06T09:04:22.594Z"}
{"context":"RouterExplorer","level":"info","message":"Mapped {/api/v1/attribute, POST} route","timestamp":"2026-05-06T09:04:22.594Z"}
{"context":"RouterExplorer","level":"info","message":"Mapped {/api/v1/attribute, GET} route","timestamp":"2026-05-06T09:04:22.594Z"}
{"context":"RouterExplorer","level":"info","message":"Mapped {/api/v1/attribute/:id, GET} route","timestamp":"2026-05-06T09:04:22.594Z"}
{"context":"RouterExplorer","level":"info","message":"Mapped {/api/v1/attribute/:id, PATCH} route","timestamp":"2026-05-06T09:04:22.595Z"}
{"context":"RouterExplorer","level":"info","message":"Mapped {/api/v1/attribute/:id, DELETE} route","timestamp":"2026-05-06T09:04:22.595Z"}
{"context":"RoutesResolver","level":"info","message":"DepartmentsController {/api/v1/departments}:","timestamp":"2026-05-06T09:04:22.595Z"}
{"context":"RouterExplorer","level":"info","message":"Mapped {/api/v1/departments, POST} route","timestamp":"2026-05-06T09:04:22.595Z"}
{"context":"RouterExplorer","level":"info","message":"Mapped {/api/v1/departments, GET} route","timestamp":"2026-05-06T09:04:22.595Z"}
{"context":"RouterExplorer","level":"info","message":"Mapped {/api/v1/departments/:id, GET} route","timestamp":"2026-05-06T09:04:22.595Z"}
{"context":"RouterExplorer","level":"info","message":"Mapped {/api/v1/departments/:id, PATCH} route","timestamp":"2026-05-06T09:04:22.595Z"}
{"context":"RouterExplorer","level":"info","message":"Mapped {/api/v1/departments/:id, DELETE} route","timestamp":"2026-05-06T09:04:22.596Z"}
{"context":"RoutesResolver","level":"info","message":"PortsController {/api/v1/ports}:","timestamp":"2026-05-06T09:04:22.596Z"}
{"context":"RouterExplorer","level":"info","message":"Mapped {/api/v1/ports, POST} route","timestamp":"2026-05-06T09:04:22.596Z"}
{"context":"RouterExplorer","level":"info","message":"Mapped {/api/v1/ports, GET} route","timestamp":"2026-05-06T09:04:22.596Z"}
{"context":"RouterExplorer","level":"info","message":"Mapped {/api/v1/ports/:id, GET} route","timestamp":"2026-05-06T09:04:22.596Z"}
{"context":"RouterExplorer","level":"info","message":"Mapped {/api/v1/ports/:id, PATCH} route","timestamp":"2026-05-06T09:04:22.596Z"}
{"context":"RouterExplorer","level":"info","message":"Mapped {/api/v1/ports/:id, DELETE} route","timestamp":"2026-05-06T09:04:22.596Z"}
{"context":"RoutesResolver","level":"info","message":"FilesController {/api/v1/files}:","timestamp":"2026-05-06T09:04:22.596Z"}
{"context":"RouterExplorer","level":"info","message":"Mapped {/api/v1/files, POST} route","timestamp":"2026-05-06T09:04:22.597Z"}
{"context":"RouterExplorer","level":"info","message":"Mapped {/api/v1/files, GET} route","timestamp":"2026-05-06T09:04:22.597Z"}
{"context":"RouterExplorer","level":"info","message":"Mapped {/api/v1/files/:id, GET} route","timestamp":"2026-05-06T09:04:22.597Z"}
{"context":"RouterExplorer","level":"info","message":"Mapped {/api/v1/files/:id, PATCH} route","timestamp":"2026-05-06T09:04:22.597Z"}
{"context":"RouterExplorer","level":"info","message":"Mapped {/api/v1/files/:id, DELETE} route","timestamp":"2026-05-06T09:04:22.597Z"}
{"context":"PrismaService","level":"info","message":"Kết nối database thành công","timestamp":"2026-05-06T09:04:22.635Z"}
{"context":"NestApplication","level":"info","message":"Nest application successfully started","timestamp":"2026-05-06T09:04:22.640Z"}
{"level":"info","message":"Khởi tạo ứng dụng...","timestamp":"2026-05-06T11:38:08.740Z"}
{"context":"NestFactory","level":"info","message":"Starting Nest application...","timestamp":"2026-05-06T11:38:08.818Z"}
{"context":"InstanceLoader","level":"info","message":"PassportModule dependencies initialized","timestamp":"2026-05-06T11:38:08.826Z"}
{"context":"InstanceLoader","level":"info","message":"ConfigHostModule dependencies initialized","timestamp":"2026-05-06T11:38:08.826Z"}
{"context":"InstanceLoader","level":"info","message":"AppModule dependencies initialized","timestamp":"2026-05-06T11:38:08.826Z"}
{"context":"PrismaService","level":"info","message":"🔌 Prisma Connection String: postgresql://admin:******@localhost:5433/kyc_asset_db?schema=public","timestamp":"2026-05-06T11:38:08.829Z"}
{"context":"InstanceLoader","level":"info","message":"PortsModule dependencies initialized","timestamp":"2026-05-06T11:38:08.829Z"}
{"context":"InstanceLoader","level":"info","message":"FilesModule dependencies initialized","timestamp":"2026-05-06T11:38:08.829Z"}
{"context":"InstanceLoader","level":"info","message":"ConfigModule dependencies initialized","timestamp":"2026-05-06T11:38:08.829Z"}
{"context":"InstanceLoader","level":"info","message":"CommonModule dependencies initialized","timestamp":"2026-05-06T11:38:08.830Z"}
{"context":"InstanceLoader","level":"info","message":"JwtModule dependencies initialized","timestamp":"2026-05-06T11:38:08.830Z"}
{"context":"InstanceLoader","level":"info","message":"PrismaModule dependencies initialized","timestamp":"2026-05-06T11:38:08.830Z"}
{"context":"InstanceLoader","level":"info","message":"WhitelistIpModule dependencies initialized","timestamp":"2026-05-06T11:38:08.832Z"}
{"context":"InstanceLoader","level":"info","message":"AttributeModule dependencies initialized","timestamp":"2026-05-06T11:38:08.832Z"}
{"context":"InstanceLoader","level":"info","message":"DepartmentsModule dependencies initialized","timestamp":"2026-05-06T11:38:08.832Z"}
{"context":"InstanceLoader","level":"info","message":"UsersModule dependencies initialized","timestamp":"2026-05-06T11:38:08.832Z"}
{"context":"InstanceLoader","level":"info","message":"RolesModule dependencies initialized","timestamp":"2026-05-06T11:38:08.832Z"}
{"context":"InstanceLoader","level":"info","message":"PermissionsModule dependencies initialized","timestamp":"2026-05-06T11:38:08.832Z"}
{"context":"InstanceLoader","level":"info","message":"AuthModule dependencies initialized","timestamp":"2026-05-06T11:38:08.832Z"}
{"context":"LegacyRouteConverter","level":"warn","message":"Unsupported route path: \"/api/v1/*\". In previous versions, the symbols ?, *, and + were used to denote optional or repeating path parameters. The latest version of \"path-to-regexp\" now requires the use of named parameters. For example, instead of using a route like /users/* to capture all routes starting with \"/users\", you should use /users/*path. For more details, refer to the migration guide. Attempting to auto-convert...","timestamp":"2026-05-06T11:38:08.857Z"}
{"context":"RoutesResolver","level":"info","message":"AppController {/api/v1/ping}:","timestamp":"2026-05-06T11:38:08.858Z"}
{"context":"RouterExplorer","level":"info","message":"Mapped {/api/v1/ping, GET} route","timestamp":"2026-05-06T11:38:08.859Z"}
{"context":"RoutesResolver","level":"info","message":"UsersController {/api/v1/users}:","timestamp":"2026-05-06T11:38:08.859Z"}
{"context":"RouterExplorer","level":"info","message":"Mapped {/api/v1/users, POST} route","timestamp":"2026-05-06T11:38:08.860Z"}
{"context":"RouterExplorer","level":"info","message":"Mapped {/api/v1/users, GET} route","timestamp":"2026-05-06T11:38:08.860Z"}
{"context":"RouterExplorer","level":"info","message":"Mapped {/api/v1/users/:id, GET} route","timestamp":"2026-05-06T11:38:08.860Z"}
{"context":"RouterExplorer","level":"info","message":"Mapped {/api/v1/users/:id, PATCH} route","timestamp":"2026-05-06T11:38:08.861Z"}
{"context":"RouterExplorer","level":"info","message":"Mapped {/api/v1/users/:id, DELETE} route","timestamp":"2026-05-06T11:38:08.861Z"}
{"context":"RoutesResolver","level":"info","message":"WhitelistIpController {/api/v1/whitelist-ip}:","timestamp":"2026-05-06T11:38:08.861Z"}
{"context":"RouterExplorer","level":"info","message":"Mapped {/api/v1/whitelist-ip, POST} route","timestamp":"2026-05-06T11:38:08.861Z"}
{"context":"RouterExplorer","level":"info","message":"Mapped {/api/v1/whitelist-ip, GET} route","timestamp":"2026-05-06T11:38:08.861Z"}
{"context":"RouterExplorer","level":"info","message":"Mapped {/api/v1/whitelist-ip/:id, GET} route","timestamp":"2026-05-06T11:38:08.862Z"}
{"context":"RouterExplorer","level":"info","message":"Mapped {/api/v1/whitelist-ip/:id, PATCH} route","timestamp":"2026-05-06T11:38:08.862Z"}
{"context":"RouterExplorer","level":"info","message":"Mapped {/api/v1/whitelist-ip/:id, DELETE} route","timestamp":"2026-05-06T11:38:08.862Z"}
{"context":"RoutesResolver","level":"info","message":"RolesController {/api/v1/roles}:","timestamp":"2026-05-06T11:38:08.862Z"}
{"context":"RouterExplorer","level":"info","message":"Mapped {/api/v1/roles, POST} route","timestamp":"2026-05-06T11:38:08.862Z"}
{"context":"RouterExplorer","level":"info","message":"Mapped {/api/v1/roles, GET} route","timestamp":"2026-05-06T11:38:08.863Z"}
{"context":"RouterExplorer","level":"info","message":"Mapped {/api/v1/roles/:id, GET} route","timestamp":"2026-05-06T11:38:08.863Z"}
{"context":"RouterExplorer","level":"info","message":"Mapped {/api/v1/roles/:id, PATCH} route","timestamp":"2026-05-06T11:38:08.863Z"}
{"context":"RouterExplorer","level":"info","message":"Mapped {/api/v1/roles/:id, DELETE} route","timestamp":"2026-05-06T11:38:08.863Z"}
{"context":"RoutesResolver","level":"info","message":"PermissionsController {/api/v1/permissions}:","timestamp":"2026-05-06T11:38:08.863Z"}
{"context":"RouterExplorer","level":"info","message":"Mapped {/api/v1/permissions, POST} route","timestamp":"2026-05-06T11:38:08.864Z"}
{"context":"RouterExplorer","level":"info","message":"Mapped {/api/v1/permissions, GET} route","timestamp":"2026-05-06T11:38:08.864Z"}
{"context":"RouterExplorer","level":"info","message":"Mapped {/api/v1/permissions/:id, PATCH} route","timestamp":"2026-05-06T11:38:08.864Z"}
{"context":"RouterExplorer","level":"info","message":"Mapped {/api/v1/permissions/:id, DELETE} route","timestamp":"2026-05-06T11:38:08.864Z"}
{"context":"RoutesResolver","level":"info","message":"AuthController {/api/v1/auth}:","timestamp":"2026-05-06T11:38:08.864Z"}
{"context":"RouterExplorer","level":"info","message":"Mapped {/api/v1/auth/register, POST} route","timestamp":"2026-05-06T11:38:08.865Z"}
{"context":"RouterExplorer","level":"info","message":"Mapped {/api/v1/auth/login, POST} route","timestamp":"2026-05-06T11:38:08.865Z"}
{"context":"RouterExplorer","level":"info","message":"Mapped {/api/v1/auth/refresh, POST} route","timestamp":"2026-05-06T11:38:08.865Z"}
{"context":"RouterExplorer","level":"info","message":"Mapped {/api/v1/auth/logout, POST} route","timestamp":"2026-05-06T11:38:08.865Z"}
{"context":"RouterExplorer","level":"info","message":"Mapped {/api/v1/auth/me, GET} route","timestamp":"2026-05-06T11:38:08.866Z"}
{"context":"RouterExplorer","level":"info","message":"Mapped {/api/v1/auth/me/password, PATCH} route","timestamp":"2026-05-06T11:38:08.866Z"}
{"context":"RoutesResolver","level":"info","message":"AttributeController {/api/v1/attribute}:","timestamp":"2026-05-06T11:38:08.866Z"}
{"context":"RouterExplorer","level":"info","message":"Mapped {/api/v1/attribute, POST} route","timestamp":"2026-05-06T11:38:08.867Z"}
{"context":"RouterExplorer","level":"info","message":"Mapped {/api/v1/attribute, GET} route","timestamp":"2026-05-06T11:38:08.868Z"}
{"context":"RouterExplorer","level":"info","message":"Mapped {/api/v1/attribute/:id, GET} route","timestamp":"2026-05-06T11:38:08.868Z"}
{"context":"RouterExplorer","level":"info","message":"Mapped {/api/v1/attribute/:id, PATCH} route","timestamp":"2026-05-06T11:38:08.868Z"}
{"context":"RouterExplorer","level":"info","message":"Mapped {/api/v1/attribute/:id, DELETE} route","timestamp":"2026-05-06T11:38:08.868Z"}
{"context":"RoutesResolver","level":"info","message":"DepartmentsController {/api/v1/departments}:","timestamp":"2026-05-06T11:38:08.869Z"}
{"context":"RouterExplorer","level":"info","message":"Mapped {/api/v1/departments, POST} route","timestamp":"2026-05-06T11:38:08.869Z"}
{"context":"RouterExplorer","level":"info","message":"Mapped {/api/v1/departments, GET} route","timestamp":"2026-05-06T11:38:08.869Z"}
{"context":"RouterExplorer","level":"info","message":"Mapped {/api/v1/departments/:id, GET} route","timestamp":"2026-05-06T11:38:08.869Z"}
{"context":"RouterExplorer","level":"info","message":"Mapped {/api/v1/departments/:id, PATCH} route","timestamp":"2026-05-06T11:38:08.869Z"}
{"context":"RouterExplorer","level":"info","message":"Mapped {/api/v1/departments/:id, DELETE} route","timestamp":"2026-05-06T11:38:08.870Z"}
{"context":"RoutesResolver","level":"info","message":"PortsController {/api/v1/ports}:","timestamp":"2026-05-06T11:38:08.870Z"}
{"context":"RouterExplorer","level":"info","message":"Mapped {/api/v1/ports, POST} route","timestamp":"2026-05-06T11:38:08.870Z"}
{"context":"RouterExplorer","level":"info","message":"Mapped {/api/v1/ports, GET} route","timestamp":"2026-05-06T11:38:08.870Z"}
{"context":"RouterExplorer","level":"info","message":"Mapped {/api/v1/ports/:id, GET} route","timestamp":"2026-05-06T11:38:08.870Z"}
{"context":"RouterExplorer","level":"info","message":"Mapped {/api/v1/ports/:id, PATCH} route","timestamp":"2026-05-06T11:38:08.870Z"}
{"context":"RouterExplorer","level":"info","message":"Mapped {/api/v1/ports/:id, DELETE} route","timestamp":"2026-05-06T11:38:08.870Z"}
{"context":"RoutesResolver","level":"info","message":"FilesController {/api/v1/files}:","timestamp":"2026-05-06T11:38:08.871Z"}
{"context":"RouterExplorer","level":"info","message":"Mapped {/api/v1/files, POST} route","timestamp":"2026-05-06T11:38:08.871Z"}
{"context":"RouterExplorer","level":"info","message":"Mapped {/api/v1/files, GET} route","timestamp":"2026-05-06T11:38:08.871Z"}
{"context":"RouterExplorer","level":"info","message":"Mapped {/api/v1/files/:id, GET} route","timestamp":"2026-05-06T11:38:08.871Z"}
{"context":"RouterExplorer","level":"info","message":"Mapped {/api/v1/files/:id, PATCH} route","timestamp":"2026-05-06T11:38:08.871Z"}
{"context":"RouterExplorer","level":"info","message":"Mapped {/api/v1/files/:id, DELETE} route","timestamp":"2026-05-06T11:38:08.871Z"}
{"context":"PrismaService","level":"info","message":"Kết nối database thành công","timestamp":"2026-05-06T11:38:08.931Z"}
{"context":"NestApplication","level":"info","message":"Nest application successfully started","timestamp":"2026-05-06T11:38:08.939Z"}
{"level":"info","message":"Khởi tạo ứng dụng...","timestamp":"2026-05-06T11:38:10.041Z"}
{"context":"NestFactory","level":"info","message":"Starting Nest application...","timestamp":"2026-05-06T11:38:10.112Z"}
{"context":"InstanceLoader","level":"info","message":"PassportModule dependencies initialized","timestamp":"2026-05-06T11:38:10.121Z"}
{"context":"InstanceLoader","level":"info","message":"ConfigHostModule dependencies initialized","timestamp":"2026-05-06T11:38:10.122Z"}
{"context":"InstanceLoader","level":"info","message":"AppModule dependencies initialized","timestamp":"2026-05-06T11:38:10.122Z"}
{"context":"PrismaService","level":"info","message":"🔌 Prisma Connection String: postgresql://admin:******@localhost:5433/kyc_asset_db?schema=public","timestamp":"2026-05-06T11:38:10.125Z"}
{"context":"InstanceLoader","level":"info","message":"PortsModule dependencies initialized","timestamp":"2026-05-06T11:38:10.125Z"}
{"context":"InstanceLoader","level":"info","message":"FilesModule dependencies initialized","timestamp":"2026-05-06T11:38:10.125Z"}
{"context":"InstanceLoader","level":"info","message":"ConfigModule dependencies initialized","timestamp":"2026-05-06T11:38:10.125Z"}
{"context":"InstanceLoader","level":"info","message":"CommonModule dependencies initialized","timestamp":"2026-05-06T11:38:10.126Z"}
{"context":"InstanceLoader","level":"info","message":"JwtModule dependencies initialized","timestamp":"2026-05-06T11:38:10.126Z"}
{"context":"InstanceLoader","level":"info","message":"PrismaModule dependencies initialized","timestamp":"2026-05-06T11:38:10.127Z"}
{"context":"InstanceLoader","level":"info","message":"WhitelistIpModule dependencies initialized","timestamp":"2026-05-06T11:38:10.128Z"}
{"context":"InstanceLoader","level":"info","message":"AttributeModule dependencies initialized","timestamp":"2026-05-06T11:38:10.128Z"}
{"context":"InstanceLoader","level":"info","message":"DepartmentsModule dependencies initialized","timestamp":"2026-05-06T11:38:10.128Z"}
{"context":"InstanceLoader","level":"info","message":"UsersModule dependencies initialized","timestamp":"2026-05-06T11:38:10.128Z"}
{"context":"InstanceLoader","level":"info","message":"RolesModule dependencies initialized","timestamp":"2026-05-06T11:38:10.128Z"}
{"context":"InstanceLoader","level":"info","message":"PermissionsModule dependencies initialized","timestamp":"2026-05-06T11:38:10.129Z"}
{"context":"InstanceLoader","level":"info","message":"AuthModule dependencies initialized","timestamp":"2026-05-06T11:38:10.129Z"}
{"context":"LegacyRouteConverter","level":"warn","message":"Unsupported route path: \"/api/v1/*\". In previous versions, the symbols ?, *, and + were used to denote optional or repeating path parameters. The latest version of \"path-to-regexp\" now requires the use of named parameters. For example, instead of using a route like /users/* to capture all routes starting with \"/users\", you should use /users/*path. For more details, refer to the migration guide. Attempting to auto-convert...","timestamp":"2026-05-06T11:38:10.154Z"}
{"context":"RoutesResolver","level":"info","message":"AppController {/api/v1/ping}:","timestamp":"2026-05-06T11:38:10.154Z"}
{"context":"RouterExplorer","level":"info","message":"Mapped {/api/v1/ping, GET} route","timestamp":"2026-05-06T11:38:10.155Z"}
{"context":"RoutesResolver","level":"info","message":"UsersController {/api/v1/users}:","timestamp":"2026-05-06T11:38:10.156Z"}
{"context":"RouterExplorer","level":"info","message":"Mapped {/api/v1/users, POST} route","timestamp":"2026-05-06T11:38:10.156Z"}
{"context":"RouterExplorer","level":"info","message":"Mapped {/api/v1/users, GET} route","timestamp":"2026-05-06T11:38:10.156Z"}
{"context":"RouterExplorer","level":"info","message":"Mapped {/api/v1/users/:id, GET} route","timestamp":"2026-05-06T11:38:10.157Z"}
{"context":"RouterExplorer","level":"info","message":"Mapped {/api/v1/users/:id, PATCH} route","timestamp":"2026-05-06T11:38:10.157Z"}
{"context":"RouterExplorer","level":"info","message":"Mapped {/api/v1/users/:id, DELETE} route","timestamp":"2026-05-06T11:38:10.157Z"}
{"context":"RoutesResolver","level":"info","message":"WhitelistIpController {/api/v1/whitelist-ip}:","timestamp":"2026-05-06T11:38:10.157Z"}
{"context":"RouterExplorer","level":"info","message":"Mapped {/api/v1/whitelist-ip, POST} route","timestamp":"2026-05-06T11:38:10.158Z"}
{"context":"RouterExplorer","level":"info","message":"Mapped {/api/v1/whitelist-ip, GET} route","timestamp":"2026-05-06T11:38:10.158Z"}
{"context":"RouterExplorer","level":"info","message":"Mapped {/api/v1/whitelist-ip/:id, GET} route","timestamp":"2026-05-06T11:38:10.158Z"}
{"context":"RouterExplorer","level":"info","message":"Mapped {/api/v1/whitelist-ip/:id, PATCH} route","timestamp":"2026-05-06T11:38:10.158Z"}
{"context":"RouterExplorer","level":"info","message":"Mapped {/api/v1/whitelist-ip/:id, DELETE} route","timestamp":"2026-05-06T11:38:10.158Z"}
{"context":"RoutesResolver","level":"info","message":"RolesController {/api/v1/roles}:","timestamp":"2026-05-06T11:38:10.159Z"}
{"context":"RouterExplorer","level":"info","message":"Mapped {/api/v1/roles, POST} route","timestamp":"2026-05-06T11:38:10.159Z"}
{"context":"RouterExplorer","level":"info","message":"Mapped {/api/v1/roles, GET} route","timestamp":"2026-05-06T11:38:10.159Z"}
{"context":"RouterExplorer","level":"info","message":"Mapped {/api/v1/roles/:id, GET} route","timestamp":"2026-05-06T11:38:10.159Z"}
{"context":"RouterExplorer","level":"info","message":"Mapped {/api/v1/roles/:id, PATCH} route","timestamp":"2026-05-06T11:38:10.159Z"}
{"context":"RouterExplorer","level":"info","message":"Mapped {/api/v1/roles/:id, DELETE} route","timestamp":"2026-05-06T11:38:10.160Z"}
{"context":"RoutesResolver","level":"info","message":"PermissionsController {/api/v1/permissions}:","timestamp":"2026-05-06T11:38:10.160Z"}
{"context":"RouterExplorer","level":"info","message":"Mapped {/api/v1/permissions, POST} route","timestamp":"2026-05-06T11:38:10.160Z"}
{"context":"RouterExplorer","level":"info","message":"Mapped {/api/v1/permissions, GET} route","timestamp":"2026-05-06T11:38:10.160Z"}
{"context":"RouterExplorer","level":"info","message":"Mapped {/api/v1/permissions/:id, PATCH} route","timestamp":"2026-05-06T11:38:10.160Z"}
{"context":"RouterExplorer","level":"info","message":"Mapped {/api/v1/permissions/:id, DELETE} route","timestamp":"2026-05-06T11:38:10.161Z"}
{"context":"RoutesResolver","level":"info","message":"AuthController {/api/v1/auth}:","timestamp":"2026-05-06T11:38:10.161Z"}
{"context":"RouterExplorer","level":"info","message":"Mapped {/api/v1/auth/register, POST} route","timestamp":"2026-05-06T11:38:10.161Z"}
{"context":"RouterExplorer","level":"info","message":"Mapped {/api/v1/auth/login, POST} route","timestamp":"2026-05-06T11:38:10.161Z"}
{"context":"RouterExplorer","level":"info","message":"Mapped {/api/v1/auth/refresh, POST} route","timestamp":"2026-05-06T11:38:10.161Z"}
{"context":"RouterExplorer","level":"info","message":"Mapped {/api/v1/auth/logout, POST} route","timestamp":"2026-05-06T11:38:10.162Z"}
{"context":"RouterExplorer","level":"info","message":"Mapped {/api/v1/auth/me, GET} route","timestamp":"2026-05-06T11:38:10.162Z"}
{"context":"RouterExplorer","level":"info","message":"Mapped {/api/v1/auth/me/password, PATCH} route","timestamp":"2026-05-06T11:38:10.162Z"}
{"context":"RoutesResolver","level":"info","message":"AttributeController {/api/v1/attribute}:","timestamp":"2026-05-06T11:38:10.162Z"}
{"context":"RouterExplorer","level":"info","message":"Mapped {/api/v1/attribute, POST} route","timestamp":"2026-05-06T11:38:10.162Z"}
{"context":"RouterExplorer","level":"info","message":"Mapped {/api/v1/attribute, GET} route","timestamp":"2026-05-06T11:38:10.162Z"}
{"context":"RouterExplorer","level":"info","message":"Mapped {/api/v1/attribute/:id, GET} route","timestamp":"2026-05-06T11:38:10.163Z"}
{"context":"RouterExplorer","level":"info","message":"Mapped {/api/v1/attribute/:id, PATCH} route","timestamp":"2026-05-06T11:38:10.163Z"}
{"context":"RouterExplorer","level":"info","message":"Mapped {/api/v1/attribute/:id, DELETE} route","timestamp":"2026-05-06T11:38:10.163Z"}
{"context":"RoutesResolver","level":"info","message":"DepartmentsController {/api/v1/departments}:","timestamp":"2026-05-06T11:38:10.163Z"}
{"context":"RouterExplorer","level":"info","message":"Mapped {/api/v1/departments, POST} route","timestamp":"2026-05-06T11:38:10.163Z"}
{"context":"RouterExplorer","level":"info","message":"Mapped {/api/v1/departments, GET} route","timestamp":"2026-05-06T11:38:10.163Z"}
{"context":"RouterExplorer","level":"info","message":"Mapped {/api/v1/departments/:id, GET} route","timestamp":"2026-05-06T11:38:10.163Z"}
{"context":"RouterExplorer","level":"info","message":"Mapped {/api/v1/departments/:id, PATCH} route","timestamp":"2026-05-06T11:38:10.164Z"}
{"context":"RouterExplorer","level":"info","message":"Mapped {/api/v1/departments/:id, DELETE} route","timestamp":"2026-05-06T11:38:10.164Z"}
{"context":"RoutesResolver","level":"info","message":"PortsController {/api/v1/ports}:","timestamp":"2026-05-06T11:38:10.164Z"}
{"context":"RouterExplorer","level":"info","message":"Mapped {/api/v1/ports, POST} route","timestamp":"2026-05-06T11:38:10.164Z"}
{"context":"RouterExplorer","level":"info","message":"Mapped {/api/v1/ports, GET} route","timestamp":"2026-05-06T11:38:10.164Z"}
{"context":"RouterExplorer","level":"info","message":"Mapped {/api/v1/ports/:id, GET} route","timestamp":"2026-05-06T11:38:10.165Z"}
{"context":"RouterExplorer","level":"info","message":"Mapped {/api/v1/ports/:id, PATCH} route","timestamp":"2026-05-06T11:38:10.165Z"}
{"context":"RouterExplorer","level":"info","message":"Mapped {/api/v1/ports/:id, DELETE} route","timestamp":"2026-05-06T11:38:10.165Z"}
{"context":"RoutesResolver","level":"info","message":"FilesController {/api/v1/files}:","timestamp":"2026-05-06T11:38:10.165Z"}
{"context":"RouterExplorer","level":"info","message":"Mapped {/api/v1/files, POST} route","timestamp":"2026-05-06T11:38:10.165Z"}
{"context":"RouterExplorer","level":"info","message":"Mapped {/api/v1/files, GET} route","timestamp":"2026-05-06T11:38:10.165Z"}
{"context":"RouterExplorer","level":"info","message":"Mapped {/api/v1/files/:id, GET} route","timestamp":"2026-05-06T11:38:10.166Z"}
{"context":"RouterExplorer","level":"info","message":"Mapped {/api/v1/files/:id, PATCH} route","timestamp":"2026-05-06T11:38:10.166Z"}
{"context":"RouterExplorer","level":"info","message":"Mapped {/api/v1/files/:id, DELETE} route","timestamp":"2026-05-06T11:38:10.166Z"}
{"context":"PrismaService","level":"info","message":"Kết nối database thành công","timestamp":"2026-05-06T11:38:10.213Z"}
{"context":"NestApplication","level":"info","message":"Nest application successfully started","timestamp":"2026-05-06T11:38:10.214Z"}
{"level":"info","message":"Khởi tạo ứng dụng...","timestamp":"2026-05-06T11:38:11.502Z"}
{"context":"NestFactory","level":"info","message":"Starting Nest application...","timestamp":"2026-05-06T11:38:11.571Z"}
{"context":"InstanceLoader","level":"info","message":"PassportModule dependencies initialized","timestamp":"2026-05-06T11:38:11.579Z"}
{"context":"InstanceLoader","level":"info","message":"ConfigHostModule dependencies initialized","timestamp":"2026-05-06T11:38:11.579Z"}
{"context":"InstanceLoader","level":"info","message":"AppModule dependencies initialized","timestamp":"2026-05-06T11:38:11.580Z"}
{"context":"PrismaService","level":"info","message":"🔌 Prisma Connection String: postgresql://admin:******@localhost:5433/kyc_asset_db?schema=public","timestamp":"2026-05-06T11:38:11.582Z"}
{"context":"InstanceLoader","level":"info","message":"PortsModule dependencies initialized","timestamp":"2026-05-06T11:38:11.583Z"}
{"context":"InstanceLoader","level":"info","message":"FilesModule dependencies initialized","timestamp":"2026-05-06T11:38:11.583Z"}
{"context":"InstanceLoader","level":"info","message":"ConfigModule dependencies initialized","timestamp":"2026-05-06T11:38:11.583Z"}
{"context":"InstanceLoader","level":"info","message":"CommonModule dependencies initialized","timestamp":"2026-05-06T11:38:11.583Z"}
{"context":"InstanceLoader","level":"info","message":"JwtModule dependencies initialized","timestamp":"2026-05-06T11:38:11.583Z"}
{"context":"InstanceLoader","level":"info","message":"PrismaModule dependencies initialized","timestamp":"2026-05-06T11:38:11.584Z"}
{"context":"InstanceLoader","level":"info","message":"WhitelistIpModule dependencies initialized","timestamp":"2026-05-06T11:38:11.585Z"}
{"context":"InstanceLoader","level":"info","message":"AttributeModule dependencies initialized","timestamp":"2026-05-06T11:38:11.585Z"}
{"context":"InstanceLoader","level":"info","message":"DepartmentsModule dependencies initialized","timestamp":"2026-05-06T11:38:11.585Z"}
{"context":"InstanceLoader","level":"info","message":"UsersModule dependencies initialized","timestamp":"2026-05-06T11:38:11.585Z"}
{"context":"InstanceLoader","level":"info","message":"RolesModule dependencies initialized","timestamp":"2026-05-06T11:38:11.586Z"}
{"context":"InstanceLoader","level":"info","message":"PermissionsModule dependencies initialized","timestamp":"2026-05-06T11:38:11.586Z"}
{"context":"InstanceLoader","level":"info","message":"AuthModule dependencies initialized","timestamp":"2026-05-06T11:38:11.586Z"}
{"context":"LegacyRouteConverter","level":"warn","message":"Unsupported route path: \"/api/v1/*\". In previous versions, the symbols ?, *, and + were used to denote optional or repeating path parameters. The latest version of \"path-to-regexp\" now requires the use of named parameters. For example, instead of using a route like /users/* to capture all routes starting with \"/users\", you should use /users/*path. For more details, refer to the migration guide. Attempting to auto-convert...","timestamp":"2026-05-06T11:38:11.610Z"}
{"context":"RoutesResolver","level":"info","message":"AppController {/api/v1/ping}:","timestamp":"2026-05-06T11:38:11.610Z"}
{"context":"RouterExplorer","level":"info","message":"Mapped {/api/v1/ping, GET} route","timestamp":"2026-05-06T11:38:11.611Z"}
{"context":"RoutesResolver","level":"info","message":"UsersController {/api/v1/users}:","timestamp":"2026-05-06T11:38:11.612Z"}
{"context":"RouterExplorer","level":"info","message":"Mapped {/api/v1/users, POST} route","timestamp":"2026-05-06T11:38:11.612Z"}
{"context":"RouterExplorer","level":"info","message":"Mapped {/api/v1/users, GET} route","timestamp":"2026-05-06T11:38:11.612Z"}
{"context":"RouterExplorer","level":"info","message":"Mapped {/api/v1/users/:id, GET} route","timestamp":"2026-05-06T11:38:11.612Z"}
{"context":"RouterExplorer","level":"info","message":"Mapped {/api/v1/users/:id, PATCH} route","timestamp":"2026-05-06T11:38:11.613Z"}
{"context":"RouterExplorer","level":"info","message":"Mapped {/api/v1/users/:id, DELETE} route","timestamp":"2026-05-06T11:38:11.613Z"}
{"context":"RoutesResolver","level":"info","message":"WhitelistIpController {/api/v1/whitelist-ip}:","timestamp":"2026-05-06T11:38:11.613Z"}
{"context":"RouterExplorer","level":"info","message":"Mapped {/api/v1/whitelist-ip, POST} route","timestamp":"2026-05-06T11:38:11.613Z"}
{"context":"RouterExplorer","level":"info","message":"Mapped {/api/v1/whitelist-ip, GET} route","timestamp":"2026-05-06T11:38:11.614Z"}
{"context":"RouterExplorer","level":"info","message":"Mapped {/api/v1/whitelist-ip/:id, GET} route","timestamp":"2026-05-06T11:38:11.614Z"}
{"context":"RouterExplorer","level":"info","message":"Mapped {/api/v1/whitelist-ip/:id, PATCH} route","timestamp":"2026-05-06T11:38:11.614Z"}
{"context":"RouterExplorer","level":"info","message":"Mapped {/api/v1/whitelist-ip/:id, DELETE} route","timestamp":"2026-05-06T11:38:11.614Z"}
{"context":"RoutesResolver","level":"info","message":"RolesController {/api/v1/roles}:","timestamp":"2026-05-06T11:38:11.614Z"}
{"context":"RouterExplorer","level":"info","message":"Mapped {/api/v1/roles, POST} route","timestamp":"2026-05-06T11:38:11.614Z"}
{"context":"RouterExplorer","level":"info","message":"Mapped {/api/v1/roles, GET} route","timestamp":"2026-05-06T11:38:11.615Z"}
{"context":"RouterExplorer","level":"info","message":"Mapped {/api/v1/roles/:id, GET} route","timestamp":"2026-05-06T11:38:11.615Z"}
{"context":"RouterExplorer","level":"info","message":"Mapped {/api/v1/roles/:id, PATCH} route","timestamp":"2026-05-06T11:38:11.615Z"}
{"context":"RouterExplorer","level":"info","message":"Mapped {/api/v1/roles/:id, DELETE} route","timestamp":"2026-05-06T11:38:11.615Z"}
{"context":"RoutesResolver","level":"info","message":"PermissionsController {/api/v1/permissions}:","timestamp":"2026-05-06T11:38:11.615Z"}
{"context":"RouterExplorer","level":"info","message":"Mapped {/api/v1/permissions, POST} route","timestamp":"2026-05-06T11:38:11.616Z"}
{"context":"RouterExplorer","level":"info","message":"Mapped {/api/v1/permissions, GET} route","timestamp":"2026-05-06T11:38:11.616Z"}
{"context":"RouterExplorer","level":"info","message":"Mapped {/api/v1/permissions/:id, PATCH} route","timestamp":"2026-05-06T11:38:11.616Z"}
{"context":"RouterExplorer","level":"info","message":"Mapped {/api/v1/permissions/:id, DELETE} route","timestamp":"2026-05-06T11:38:11.616Z"}
{"context":"RoutesResolver","level":"info","message":"AuthController {/api/v1/auth}:","timestamp":"2026-05-06T11:38:11.616Z"}
{"context":"RouterExplorer","level":"info","message":"Mapped {/api/v1/auth/register, POST} route","timestamp":"2026-05-06T11:38:11.616Z"}
{"context":"RouterExplorer","level":"info","message":"Mapped {/api/v1/auth/login, POST} route","timestamp":"2026-05-06T11:38:11.617Z"}
{"context":"RouterExplorer","level":"info","message":"Mapped {/api/v1/auth/refresh, POST} route","timestamp":"2026-05-06T11:38:11.617Z"}
{"context":"RouterExplorer","level":"info","message":"Mapped {/api/v1/auth/logout, POST} route","timestamp":"2026-05-06T11:38:11.617Z"}
{"context":"RouterExplorer","level":"info","message":"Mapped {/api/v1/auth/me, GET} route","timestamp":"2026-05-06T11:38:11.617Z"}
{"context":"RouterExplorer","level":"info","message":"Mapped {/api/v1/auth/me/password, PATCH} route","timestamp":"2026-05-06T11:38:11.617Z"}
{"context":"RoutesResolver","level":"info","message":"AttributeController {/api/v1/attribute}:","timestamp":"2026-05-06T11:38:11.617Z"}
{"context":"RouterExplorer","level":"info","message":"Mapped {/api/v1/attribute, POST} route","timestamp":"2026-05-06T11:38:11.618Z"}
{"context":"RouterExplorer","level":"info","message":"Mapped {/api/v1/attribute, GET} route","timestamp":"2026-05-06T11:38:11.618Z"}
{"context":"RouterExplorer","level":"info","message":"Mapped {/api/v1/attribute/:id, GET} route","timestamp":"2026-05-06T11:38:11.618Z"}
{"context":"RouterExplorer","level":"info","message":"Mapped {/api/v1/attribute/:id, PATCH} route","timestamp":"2026-05-06T11:38:11.618Z"}
{"context":"RouterExplorer","level":"info","message":"Mapped {/api/v1/attribute/:id, DELETE} route","timestamp":"2026-05-06T11:38:11.618Z"}
{"context":"RoutesResolver","level":"info","message":"DepartmentsController {/api/v1/departments}:","timestamp":"2026-05-06T11:38:11.619Z"}
{"context":"RouterExplorer","level":"info","message":"Mapped {/api/v1/departments, POST} route","timestamp":"2026-05-06T11:38:11.619Z"}
{"context":"RouterExplorer","level":"info","message":"Mapped {/api/v1/departments, GET} route","timestamp":"2026-05-06T11:38:11.619Z"}
{"context":"RouterExplorer","level":"info","message":"Mapped {/api/v1/departments/:id, GET} route","timestamp":"2026-05-06T11:38:11.619Z"}
{"context":"RouterExplorer","level":"info","message":"Mapped {/api/v1/departments/:id, PATCH} route","timestamp":"2026-05-06T11:38:11.619Z"}
{"context":"RouterExplorer","level":"info","message":"Mapped {/api/v1/departments/:id, DELETE} route","timestamp":"2026-05-06T11:38:11.620Z"}
{"context":"RoutesResolver","level":"info","message":"PortsController {/api/v1/ports}:","timestamp":"2026-05-06T11:38:11.620Z"}
{"context":"RouterExplorer","level":"info","message":"Mapped {/api/v1/ports, POST} route","timestamp":"2026-05-06T11:38:11.620Z"}
{"context":"RouterExplorer","level":"info","message":"Mapped {/api/v1/ports, GET} route","timestamp":"2026-05-06T11:38:11.620Z"}
{"context":"RouterExplorer","level":"info","message":"Mapped {/api/v1/ports/:id, GET} route","timestamp":"2026-05-06T11:38:11.620Z"}
{"context":"RouterExplorer","level":"info","message":"Mapped {/api/v1/ports/:id, PATCH} route","timestamp":"2026-05-06T11:38:11.620Z"}
{"context":"RouterExplorer","level":"info","message":"Mapped {/api/v1/ports/:id, DELETE} route","timestamp":"2026-05-06T11:38:11.621Z"}
{"context":"RoutesResolver","level":"info","message":"FilesController {/api/v1/files}:","timestamp":"2026-05-06T11:38:11.621Z"}
{"context":"RouterExplorer","level":"info","message":"Mapped {/api/v1/files, POST} route","timestamp":"2026-05-06T11:38:11.621Z"}
{"context":"RouterExplorer","level":"info","message":"Mapped {/api/v1/files, GET} route","timestamp":"2026-05-06T11:38:11.621Z"}
{"context":"RouterExplorer","level":"info","message":"Mapped {/api/v1/files/:id, GET} route","timestamp":"2026-05-06T11:38:11.621Z"}
{"context":"RouterExplorer","level":"info","message":"Mapped {/api/v1/files/:id, PATCH} route","timestamp":"2026-05-06T11:38:11.621Z"}
{"context":"RouterExplorer","level":"info","message":"Mapped {/api/v1/files/:id, DELETE} route","timestamp":"2026-05-06T11:38:11.622Z"}
{"context":"PrismaService","level":"info","message":"Kết nối database thành công","timestamp":"2026-05-06T11:38:11.663Z"}
{"context":"NestApplication","level":"info","message":"Nest application successfully started","timestamp":"2026-05-06T11:38:11.667Z"}
{"context":"AccessTokenGuard","level":"info","message":"isPublic: true","requestId":"f2011541-0693-408e-9ef5-9a626bdc47ad","timestamp":"2026-05-06T11:54:59.125Z"}
{"context":"AccessTokenGuard","level":"info","message":"Public route, skipping authentication","requestId":"f2011541-0693-408e-9ef5-9a626bdc47ad","timestamp":"2026-05-06T11:54:59.125Z"}
{"context":"LoggerMiddleware","level":"info","message":"[RequestID: f2011541-0693-408e-9ef5-9a626bdc47ad] POST /api/v1/auth/login | Status: 201 | Duration: 126ms | IP: ::1 | UserAgent: Mozilla/5.0 (Windows NT 10.0; Win64; x64) AppleWebKit/537.36 (KHTML, like Gecko) Chrome/147.0.0.0 Safari/537.36","requestId":"f2011541-0693-408e-9ef5-9a626bdc47ad","timestamp":"2026-05-06T11:54:59.250Z"}
{"context":"AccessTokenGuard","level":"info","message":"isPublic: undefined","requestId":"ba19f58e-7d8d-467f-a1fe-98a941e38a1f","timestamp":"2026-05-06T11:55:25.746Z"}
{"context":"AccessTokenStrategy","level":"info","message":"user: {\"id\":\"cc6d2974-22cf-4b0b-9590-4b701cfa3c00\",\"username\":\"customer_001\",\"hashed_password\":\"scrypt:61b7465b5cc602c81ecaa66e31f0f570:064a122e33f58ab9bedcc806f62492b81e4451665c71c7dc3a5afd28b63aa6017713b59fb84dc9594c530b3bbe79c2bf5c738ae510f3152bf09f34a3b6d02482\",\"displayName\":\"Nguyễn Văn A\",\"token_version\":5,\"isActive\":true,\"createdAt\":\"2026-05-03T15:37:18.203Z\",\"updatedAt\":\"2026-05-04T09:10:04.759Z\",\"deletedAt\":null,\"roles\":[{\"user_id\":\"cc6d2974-22cf-4b0b-9590-4b701cfa3c00\",\"role_id\":\"4dd71768-1887-4879-9716-dab5dcddbebe\",\"assignedAt\":\"2026-05-06T11:53:17.723Z\",\"role\":{\"id\":\"4dd71768-1887-4879-9716-dab5dcddbebe\",\"name\":\"admin\",\"description\":\"Full system access\"}}]}","requestId":"ba19f58e-7d8d-467f-a1fe-98a941e38a1f","timestamp":"2026-05-06T11:55:25.763Z"}
{"context":"AuthService","level":"info","message":"payload: {\"id\":\"cc6d2974-22cf-4b0b-9590-4b701cfa3c00\",\"username\":\"customer_001\",\"hashed_password\":\"scrypt:61b7465b5cc602c81ecaa66e31f0f570:064a122e33f58ab9bedcc806f62492b81e4451665c71c7dc3a5afd28b63aa6017713b59fb84dc9594c530b3bbe79c2bf5c738ae510f3152bf09f34a3b6d02482\",\"displayName\":\"Nguyễn Văn A\",\"token_version\":5,\"isActive\":true,\"createdAt\":\"2026-05-03T15:37:18.203Z\",\"updatedAt\":\"2026-05-04T09:10:04.759Z\",\"deletedAt\":null,\"roles\":[{\"user_id\":\"cc6d2974-22cf-4b0b-9590-4b701cfa3c00\",\"role_id\":\"4dd71768-1887-4879-9716-dab5dcddbebe\",\"assignedAt\":\"2026-05-06T11:53:17.723Z\",\"role\":{\"id\":\"4dd71768-1887-4879-9716-dab5dcddbebe\",\"name\":\"admin\",\"description\":\"Full system access\"}}]}","requestId":"ba19f58e-7d8d-467f-a1fe-98a941e38a1f","timestamp":"2026-05-06T11:55:25.764Z"}
{"context":"AuthService","level":"info","message":"user: {\"id\":\"cc6d2974-22cf-4b0b-9590-4b701cfa3c00\",\"username\":\"customer_001\",\"hashed_password\":\"scrypt:61b7465b5cc602c81ecaa66e31f0f570:064a122e33f58ab9bedcc806f62492b81e4451665c71c7dc3a5afd28b63aa6017713b59fb84dc9594c530b3bbe79c2bf5c738ae510f3152bf09f34a3b6d02482\",\"displayName\":\"Nguyễn Văn A\",\"token_version\":5,\"isActive\":true,\"createdAt\":\"2026-05-03T15:37:18.203Z\",\"updatedAt\":\"2026-05-04T09:10:04.759Z\",\"deletedAt\":null,\"roles\":[{\"user_id\":\"cc6d2974-22cf-4b0b-9590-4b701cfa3c00\",\"role_id\":\"4dd71768-1887-4879-9716-dab5dcddbebe\",\"assignedAt\":\"2026-05-06T11:53:17.723Z\",\"role\":{\"id\":\"4dd71768-1887-4879-9716-dab5dcddbebe\",\"name\":\"admin\",\"description\":\"Full system access\"}}]}","requestId":"ba19f58e-7d8d-467f-a1fe-98a941e38a1f","timestamp":"2026-05-06T11:55:25.768Z"}
{"context":"LoggerMiddleware","level":"info","message":"[RequestID: ba19f58e-7d8d-467f-a1fe-98a941e38a1f] GET /api/v1/auth/me | Status: 200 | Duration: 24ms | IP: ::1 | UserAgent: Mozilla/5.0 (Windows NT 10.0; Win64; x64) AppleWebKit/537.36 (KHTML, like Gecko) Chrome/147.0.0.0 Safari/537.36","requestId":"ba19f58e-7d8d-467f-a1fe-98a941e38a1f","timestamp":"2026-05-06T11:55:25.769Z"}
{"level":"info","message":"Khởi tạo ứng dụng...","timestamp":"2026-05-06T12:03:27.435Z"}
{"context":"NestFactory","level":"info","message":"Starting Nest application...","timestamp":"2026-05-06T12:03:27.517Z"}
{"context":"InstanceLoader","level":"info","message":"PassportModule dependencies initialized","timestamp":"2026-05-06T12:03:27.526Z"}
{"context":"InstanceLoader","level":"info","message":"ConfigHostModule dependencies initialized","timestamp":"2026-05-06T12:03:27.527Z"}
{"context":"InstanceLoader","level":"info","message":"AppModule dependencies initialized","timestamp":"2026-05-06T12:03:27.527Z"}
{"context":"PrismaService","level":"info","message":"🔌 Prisma Connection String: postgresql://admin:******@localhost:5433/kyc_asset_db?schema=public","timestamp":"2026-05-06T12:03:27.530Z"}
{"context":"InstanceLoader","level":"info","message":"PortsModule dependencies initialized","timestamp":"2026-05-06T12:03:27.530Z"}
{"context":"InstanceLoader","level":"info","message":"FilesModule dependencies initialized","timestamp":"2026-05-06T12:03:27.530Z"}
{"context":"InstanceLoader","level":"info","message":"ConfigModule dependencies initialized","timestamp":"2026-05-06T12:03:27.530Z"}
{"context":"InstanceLoader","level":"info","message":"CommonModule dependencies initialized","timestamp":"2026-05-06T12:03:27.531Z"}
{"context":"InstanceLoader","level":"info","message":"JwtModule dependencies initialized","timestamp":"2026-05-06T12:03:27.531Z"}
{"context":"InstanceLoader","level":"info","message":"PrismaModule dependencies initialized","timestamp":"2026-05-06T12:03:27.532Z"}
{"context":"InstanceLoader","level":"info","message":"WhitelistIpModule dependencies initialized","timestamp":"2026-05-06T12:03:27.533Z"}
{"context":"InstanceLoader","level":"info","message":"AttributeModule dependencies initialized","timestamp":"2026-05-06T12:03:27.533Z"}
{"context":"InstanceLoader","level":"info","message":"DepartmentsModule dependencies initialized","timestamp":"2026-05-06T12:03:27.533Z"}
{"context":"InstanceLoader","level":"info","message":"UsersModule dependencies initialized","timestamp":"2026-05-06T12:03:27.533Z"}
{"context":"InstanceLoader","level":"info","message":"RolesModule dependencies initialized","timestamp":"2026-05-06T12:03:27.533Z"}
{"context":"InstanceLoader","level":"info","message":"PermissionsModule dependencies initialized","timestamp":"2026-05-06T12:03:27.534Z"}
{"context":"InstanceLoader","level":"info","message":"AuthModule dependencies initialized","timestamp":"2026-05-06T12:03:27.534Z"}
{"context":"LegacyRouteConverter","level":"warn","message":"Unsupported route path: \"/api/v1/*\". In previous versions, the symbols ?, *, and + were used to denote optional or repeating path parameters. The latest version of \"path-to-regexp\" now requires the use of named parameters. For example, instead of using a route like /users/* to capture all routes starting with \"/users\", you should use /users/*path. For more details, refer to the migration guide. Attempting to auto-convert...","timestamp":"2026-05-06T12:03:27.560Z"}
{"context":"RoutesResolver","level":"info","message":"AppController {/api/v1/ping}:","timestamp":"2026-05-06T12:03:27.561Z"}
{"context":"RouterExplorer","level":"info","message":"Mapped {/api/v1/ping, GET} route","timestamp":"2026-05-06T12:03:27.562Z"}
{"context":"RoutesResolver","level":"info","message":"UsersController {/api/v1/users}:","timestamp":"2026-05-06T12:03:27.562Z"}
{"context":"RouterExplorer","level":"info","message":"Mapped {/api/v1/users, POST} route","timestamp":"2026-05-06T12:03:27.563Z"}
{"context":"RouterExplorer","level":"info","message":"Mapped {/api/v1/users, GET} route","timestamp":"2026-05-06T12:03:27.563Z"}
{"context":"RouterExplorer","level":"info","message":"Mapped {/api/v1/users/:id, GET} route","timestamp":"2026-05-06T12:03:27.563Z"}
{"context":"RouterExplorer","level":"info","message":"Mapped {/api/v1/users/:id, PATCH} route","timestamp":"2026-05-06T12:03:27.563Z"}
{"context":"RouterExplorer","level":"info","message":"Mapped {/api/v1/users/:id, DELETE} route","timestamp":"2026-05-06T12:03:27.564Z"}
{"context":"RoutesResolver","level":"info","message":"WhitelistIpController {/api/v1/whitelist-ip}:","timestamp":"2026-05-06T12:03:27.564Z"}
{"context":"RouterExplorer","level":"info","message":"Mapped {/api/v1/whitelist-ip, POST} route","timestamp":"2026-05-06T12:03:27.564Z"}
{"context":"RouterExplorer","level":"info","message":"Mapped {/api/v1/whitelist-ip, GET} route","timestamp":"2026-05-06T12:03:27.564Z"}
{"context":"RouterExplorer","level":"info","message":"Mapped {/api/v1/whitelist-ip/:id, GET} route","timestamp":"2026-05-06T12:03:27.564Z"}
{"context":"RouterExplorer","level":"info","message":"Mapped {/api/v1/whitelist-ip/:id, PATCH} route","timestamp":"2026-05-06T12:03:27.565Z"}
{"context":"RouterExplorer","level":"info","message":"Mapped {/api/v1/whitelist-ip/:id, DELETE} route","timestamp":"2026-05-06T12:03:27.565Z"}
{"context":"RoutesResolver","level":"info","message":"RolesController {/api/v1/roles}:","timestamp":"2026-05-06T12:03:27.565Z"}
{"context":"RouterExplorer","level":"info","message":"Mapped {/api/v1/roles, POST} route","timestamp":"2026-05-06T12:03:27.565Z"}
{"context":"RouterExplorer","level":"info","message":"Mapped {/api/v1/roles, GET} route","timestamp":"2026-05-06T12:03:27.565Z"}
{"context":"RouterExplorer","level":"info","message":"Mapped {/api/v1/roles/:id, GET} route","timestamp":"2026-05-06T12:03:27.566Z"}
{"context":"RouterExplorer","level":"info","message":"Mapped {/api/v1/roles/:id, PATCH} route","timestamp":"2026-05-06T12:03:27.566Z"}
{"context":"RouterExplorer","level":"info","message":"Mapped {/api/v1/roles/:id, DELETE} route","timestamp":"2026-05-06T12:03:27.566Z"}
{"context":"RoutesResolver","level":"info","message":"PermissionsController {/api/v1/permissions}:","timestamp":"2026-05-06T12:03:27.566Z"}
{"context":"RouterExplorer","level":"info","message":"Mapped {/api/v1/permissions, POST} route","timestamp":"2026-05-06T12:03:27.567Z"}
{"context":"RouterExplorer","level":"info","message":"Mapped {/api/v1/permissions, GET} route","timestamp":"2026-05-06T12:03:27.567Z"}
{"context":"RouterExplorer","level":"info","message":"Mapped {/api/v1/permissions/:id, PATCH} route","timestamp":"2026-05-06T12:03:27.567Z"}
{"context":"RouterExplorer","level":"info","message":"Mapped {/api/v1/permissions/:id, DELETE} route","timestamp":"2026-05-06T12:03:27.567Z"}
{"context":"RoutesResolver","level":"info","message":"AuthController {/api/v1/auth}:","timestamp":"2026-05-06T12:03:27.567Z"}
{"context":"RouterExplorer","level":"info","message":"Mapped {/api/v1/auth/register, POST} route","timestamp":"2026-05-06T12:03:27.567Z"}
{"context":"RouterExplorer","level":"info","message":"Mapped {/api/v1/auth/login, POST} route","timestamp":"2026-05-06T12:03:27.568Z"}
{"context":"RouterExplorer","level":"info","message":"Mapped {/api/v1/auth/refresh, POST} route","timestamp":"2026-05-06T12:03:27.568Z"}
{"context":"RouterExplorer","level":"info","message":"Mapped {/api/v1/auth/logout, POST} route","timestamp":"2026-05-06T12:03:27.568Z"}
{"context":"RouterExplorer","level":"info","message":"Mapped {/api/v1/auth/me, GET} route","timestamp":"2026-05-06T12:03:27.568Z"}
{"context":"RouterExplorer","level":"info","message":"Mapped {/api/v1/auth/me/password, PATCH} route","timestamp":"2026-05-06T12:03:27.568Z"}
{"context":"RoutesResolver","level":"info","message":"AttributeController {/api/v1/attribute}:","timestamp":"2026-05-06T12:03:27.568Z"}
{"context":"RouterExplorer","level":"info","message":"Mapped {/api/v1/attribute, POST} route","timestamp":"2026-05-06T12:03:27.568Z"}
{"context":"RouterExplorer","level":"info","message":"Mapped {/api/v1/attribute, GET} route","timestamp":"2026-05-06T12:03:27.569Z"}
{"context":"RouterExplorer","level":"info","message":"Mapped {/api/v1/attribute/:id, GET} route","timestamp":"2026-05-06T12:03:27.569Z"}
{"context":"RouterExplorer","level":"info","message":"Mapped {/api/v1/attribute/:id, PATCH} route","timestamp":"2026-05-06T12:03:27.569Z"}
{"context":"RouterExplorer","level":"info","message":"Mapped {/api/v1/attribute/:id, DELETE} route","timestamp":"2026-05-06T12:03:27.569Z"}
{"context":"RoutesResolver","level":"info","message":"DepartmentsController {/api/v1/departments}:","timestamp":"2026-05-06T12:03:27.569Z"}
{"context":"RouterExplorer","level":"info","message":"Mapped {/api/v1/departments, POST} route","timestamp":"2026-05-06T12:03:27.569Z"}
{"context":"RouterExplorer","level":"info","message":"Mapped {/api/v1/departments, GET} route","timestamp":"2026-05-06T12:03:27.569Z"}
{"context":"RouterExplorer","level":"info","message":"Mapped {/api/v1/departments/:id, GET} route","timestamp":"2026-05-06T12:03:27.570Z"}
{"context":"RouterExplorer","level":"info","message":"Mapped {/api/v1/departments/:id, PATCH} route","timestamp":"2026-05-06T12:03:27.570Z"}
{"context":"RouterExplorer","level":"info","message":"Mapped {/api/v1/departments/:id, DELETE} route","timestamp":"2026-05-06T12:03:27.570Z"}
{"context":"RoutesResolver","level":"info","message":"PortsController {/api/v1/ports}:","timestamp":"2026-05-06T12:03:27.570Z"}
{"context":"RouterExplorer","level":"info","message":"Mapped {/api/v1/ports, POST} route","timestamp":"2026-05-06T12:03:27.570Z"}
{"context":"RouterExplorer","level":"info","message":"Mapped {/api/v1/ports, GET} route","timestamp":"2026-05-06T12:03:27.570Z"}
{"context":"RouterExplorer","level":"info","message":"Mapped {/api/v1/ports/:id, GET} route","timestamp":"2026-05-06T12:03:27.570Z"}
{"context":"RouterExplorer","level":"info","message":"Mapped {/api/v1/ports/:id, PATCH} route","timestamp":"2026-05-06T12:03:27.571Z"}
{"context":"RouterExplorer","level":"info","message":"Mapped {/api/v1/ports/:id, DELETE} route","timestamp":"2026-05-06T12:03:27.571Z"}
{"context":"RoutesResolver","level":"info","message":"FilesController {/api/v1/files}:","timestamp":"2026-05-06T12:03:27.571Z"}
{"context":"RouterExplorer","level":"info","message":"Mapped {/api/v1/files, POST} route","timestamp":"2026-05-06T12:03:27.571Z"}
{"context":"RouterExplorer","level":"info","message":"Mapped {/api/v1/files, GET} route","timestamp":"2026-05-06T12:03:27.571Z"}
{"context":"RouterExplorer","level":"info","message":"Mapped {/api/v1/files/:id, GET} route","timestamp":"2026-05-06T12:03:27.572Z"}
{"context":"RouterExplorer","level":"info","message":"Mapped {/api/v1/files/:id, PATCH} route","timestamp":"2026-05-06T12:03:27.572Z"}
{"context":"RouterExplorer","level":"info","message":"Mapped {/api/v1/files/:id, DELETE} route","timestamp":"2026-05-06T12:03:27.572Z"}
{"context":"PrismaService","level":"info","message":"Kết nối database thành công","timestamp":"2026-05-06T12:03:27.614Z"}
{"context":"NestApplication","level":"info","message":"Nest application successfully started","timestamp":"2026-05-06T12:03:27.618Z"}
{"context":"AccessTokenGuard","level":"info","message":"isPublic: undefined","requestId":"2fd9f717-084a-40e8-8b72-be7c8b755c1a","timestamp":"2026-05-06T12:03:32.207Z"}
{"context":"AccessTokenStrategy","level":"info","message":"user: {\"id\":\"cc6d2974-22cf-4b0b-9590-4b701cfa3c00\",\"username\":\"customer_001\",\"hashed_password\":\"scrypt:61b7465b5cc602c81ecaa66e31f0f570:064a122e33f58ab9bedcc806f62492b81e4451665c71c7dc3a5afd28b63aa6017713b59fb84dc9594c530b3bbe79c2bf5c738ae510f3152bf09f34a3b6d02482\",\"displayName\":\"Nguyễn Văn A\",\"token_version\":5,\"isActive\":true,\"createdAt\":\"2026-05-03T15:37:18.203Z\",\"updatedAt\":\"2026-05-04T09:10:04.759Z\",\"deletedAt\":null,\"roles\":[{\"user_id\":\"cc6d2974-22cf-4b0b-9590-4b701cfa3c00\",\"role_id\":\"4dd71768-1887-4879-9716-dab5dcddbebe\",\"assignedAt\":\"2026-05-06T11:53:17.723Z\",\"role\":{\"id\":\"4dd71768-1887-4879-9716-dab5dcddbebe\",\"name\":\"admin\",\"description\":\"Full system access\",\"permissions\":[{\"role_id\":\"4dd71768-1887-4879-9716-dab5dcddbebe\",\"permission_id\":\"7b2752ff-795f-49c6-abc7-d874550df97c\",\"permission\":{\"action\":\"read\",\"subject\":\"Department\",\"name\":\"department.read\"}},{\"role_id\":\"4dd71768-1887-4879-9716-dab5dcddbebe\",\"permission_id\":\"d34ddd4b-bfe0-4f38-871c-5fe3c0f25c57\",\"permission\":{\"action\":\"create\",\"subject\":\"Department\",\"name\":\"department.create\"}},{\"role_id\":\"4dd71768-1887-4879-9716-dab5dcddbebe\",\"permission_id\":\"a7c583f2-d8cf-4734-9113-c98e6c838ab8\",\"permission\":{\"action\":\"update\",\"subject\":\"Department\",\"name\":\"department.update\"}},{\"role_id\":\"4dd71768-1887-4879-9716-dab5dcddbebe\",\"permission_id\":\"14b80590-7ca4-4131-9560-8d58349e74eb\",\"permission\":{\"action\":\"delete\",\"subject\":\"Department\",\"name\":\"department.delete\"}},{\"role_id\":\"4dd71768-1887-4879-9716-dab5dcddbebe\",\"permission_id\":\"84f07ad6-e304-4f43-951d-e8c8eb599352\",\"permission\":{\"action\":\"read\",\"subject\":\"Port\",\"name\":\"port.read\"}},{\"role_id\":\"4dd71768-1887-4879-9716-dab5dcddbebe\",\"permission_id\":\"be2db210-da42-4ec9-888d-3a0858978431\",\"permission\":{\"action\":\"create\",\"subject\":\"Port\",\"name\":\"port.create\"}},{\"role_id\":\"4dd71768-1887-4879-9716-dab5dcddbebe\",\"permission_id\":\"7d8ec69e-467e-4f8e-a389-fa6ca6e256ed\",\"permission\":{\"action\":\"update\",\"subject\":\"Port\",\"name\":\"port.update\"}},{\"role_id\":\"4dd71768-1887-4879-9716-dab5dcddbebe\",\"permission_id\":\"4f3bd475-3290-4ab8-982f-4dd670cb649c\",\"permission\":{\"action\":\"delete\",\"subject\":\"Port\",\"name\":\"port.delete\"}},{\"role_id\":\"4dd71768-1887-4879-9716-dab5dcddbebe\",\"permission_id\":\"35d0dcaf-8b47-4333-b402-a91709e0fc31\",\"permission\":{\"action\":\"read\",\"subject\":\"File\",\"name\":\"file.read\"}},{\"role_id\":\"4dd71768-1887-4879-9716-dab5dcddbebe\",\"permission_id\":\"e57bb9e8-ae84-4eaa-8022-c6a84281aaff\",\"permission\":{\"action\":\"create\",\"subject\":\"File\",\"name\":\"file.create\"}},{\"role_id\":\"4dd71768-1887-4879-9716-dab5dcddbebe\",\"permission_id\":\"160ace45-3feb-4708-8eae-92a7b94b01f9\",\"permission\":{\"action\":\"delete\",\"subject\":\"File\",\"name\":\"file.delete\"}},{\"role_id\":\"4dd71768-1887-4879-9716-dab5dcddbebe\",\"permission_id\":\"31f694c5-76a4-4e2a-803d-9a9ea0e4ef63\",\"permission\":{\"action\":\"read\",\"subject\":\"IPWhitelist\",\"name\":\"ip.read\"}},{\"role_id\":\"4dd71768-1887-4879-9716-dab5dcddbebe\",\"permission_id\":\"ceac5cb1-ebc6-46c1-9d1e-efa0ace039db\",\"permission\":{\"action\":\"create\",\"subject\":\"IPWhitelist\",\"name\":\"ip.create\"}},{\"role_id\":\"4dd71768-1887-4879-9716-dab5dcddbebe\",\"permission_id\":\"3b21ac56-b1e9-4ad2-9ee9-d7a342829903\",\"permission\":{\"action\":\"delete\",\"subject\":\"IPWhitelist\",\"name\":\"ip.delete\"}}]}}]}","requestId":"2fd9f717-084a-40e8-8b72-be7c8b755c1a","timestamp":"2026-05-06T12:03:32.275Z"}
{"context":"AuthService","level":"info","message":"payload: {\"id\":\"cc6d2974-22cf-4b0b-9590-4b701cfa3c00\",\"username\":\"customer_001\",\"hashed_password\":\"scrypt:61b7465b5cc602c81ecaa66e31f0f570:064a122e33f58ab9bedcc806f62492b81e4451665c71c7dc3a5afd28b63aa6017713b59fb84dc9594c530b3bbe79c2bf5c738ae510f3152bf09f34a3b6d02482\",\"displayName\":\"Nguyễn Văn A\",\"token_version\":5,\"isActive\":true,\"createdAt\":\"2026-05-03T15:37:18.203Z\",\"updatedAt\":\"2026-05-04T09:10:04.759Z\",\"deletedAt\":null,\"roles\":[{\"user_id\":\"cc6d2974-22cf-4b0b-9590-4b701cfa3c00\",\"role_id\":\"4dd71768-1887-4879-9716-dab5dcddbebe\",\"assignedAt\":\"2026-05-06T11:53:17.723Z\",\"role\":{\"id\":\"4dd71768-1887-4879-9716-dab5dcddbebe\",\"name\":\"admin\",\"description\":\"Full system access\",\"permissions\":[{\"role_id\":\"4dd71768-1887-4879-9716-dab5dcddbebe\",\"permission_id\":\"7b2752ff-795f-49c6-abc7-d874550df97c\",\"permission\":{\"action\":\"read\",\"subject\":\"Department\",\"name\":\"department.read\"}},{\"role_id\":\"4dd71768-1887-4879-9716-dab5dcddbebe\",\"permission_id\":\"d34ddd4b-bfe0-4f38-871c-5fe3c0f25c57\",\"permission\":{\"action\":\"create\",\"subject\":\"Department\",\"name\":\"department.create\"}},{\"role_id\":\"4dd71768-1887-4879-9716-dab5dcddbebe\",\"permission_id\":\"a7c583f2-d8cf-4734-9113-c98e6c838ab8\",\"permission\":{\"action\":\"update\",\"subject\":\"Department\",\"name\":\"department.update\"}},{\"role_id\":\"4dd71768-1887-4879-9716-dab5dcddbebe\",\"permission_id\":\"14b80590-7ca4-4131-9560-8d58349e74eb\",\"permission\":{\"action\":\"delete\",\"subject\":\"Department\",\"name\":\"department.delete\"}},{\"role_id\":\"4dd71768-1887-4879-9716-dab5dcddbebe\",\"permission_id\":\"84f07ad6-e304-4f43-951d-e8c8eb599352\",\"permission\":{\"action\":\"read\",\"subject\":\"Port\",\"name\":\"port.read\"}},{\"role_id\":\"4dd71768-1887-4879-9716-dab5dcddbebe\",\"permission_id\":\"be2db210-da42-4ec9-888d-3a0858978431\",\"permission\":{\"action\":\"create\",\"subject\":\"Port\",\"name\":\"port.create\"}},{\"role_id\":\"4dd71768-1887-4879-9716-dab5dcddbebe\",\"permission_id\":\"7d8ec69e-467e-4f8e-a389-fa6ca6e256ed\",\"permission\":{\"action\":\"update\",\"subject\":\"Port\",\"name\":\"port.update\"}},{\"role_id\":\"4dd71768-1887-4879-9716-dab5dcddbebe\",\"permission_id\":\"4f3bd475-3290-4ab8-982f-4dd670cb649c\",\"permission\":{\"action\":\"delete\",\"subject\":\"Port\",\"name\":\"port.delete\"}},{\"role_id\":\"4dd71768-1887-4879-9716-dab5dcddbebe\",\"permission_id\":\"35d0dcaf-8b47-4333-b402-a91709e0fc31\",\"permission\":{\"action\":\"read\",\"subject\":\"File\",\"name\":\"file.read\"}},{\"role_id\":\"4dd71768-1887-4879-9716-dab5dcddbebe\",\"permission_id\":\"e57bb9e8-ae84-4eaa-8022-c6a84281aaff\",\"permission\":{\"action\":\"create\",\"subject\":\"File\",\"name\":\"file.create\"}},{\"role_id\":\"4dd71768-1887-4879-9716-dab5dcddbebe\",\"permission_id\":\"160ace45-3feb-4708-8eae-92a7b94b01f9\",\"permission\":{\"action\":\"delete\",\"subject\":\"File\",\"name\":\"file.delete\"}},{\"role_id\":\"4dd71768-1887-4879-9716-dab5dcddbebe\",\"permission_id\":\"31f694c5-76a4-4e2a-803d-9a9ea0e4ef63\",\"permission\":{\"action\":\"read\",\"subject\":\"IPWhitelist\",\"name\":\"ip.read\"}},{\"role_id\":\"4dd71768-1887-4879-9716-dab5dcddbebe\",\"permission_id\":\"ceac5cb1-ebc6-46c1-9d1e-efa0ace039db\",\"permission\":{\"action\":\"create\",\"subject\":\"IPWhitelist\",\"name\":\"ip.create\"}},{\"role_id\":\"4dd71768-1887-4879-9716-dab5dcddbebe\",\"permission_id\":\"3b21ac56-b1e9-4ad2-9ee9-d7a342829903\",\"permission\":{\"action\":\"delete\",\"subject\":\"IPWhitelist\",\"name\":\"ip.delete\"}}]}}]}","requestId":"2fd9f717-084a-40e8-8b72-be7c8b755c1a","timestamp":"2026-05-06T12:03:32.278Z"}
{"context":"AuthService","level":"info","message":"user: {\"id\":\"cc6d2974-22cf-4b0b-9590-4b701cfa3c00\",\"username\":\"customer_001\",\"hashed_password\":\"scrypt:61b7465b5cc602c81ecaa66e31f0f570:064a122e33f58ab9bedcc806f62492b81e4451665c71c7dc3a5afd28b63aa6017713b59fb84dc9594c530b3bbe79c2bf5c738ae510f3152bf09f34a3b6d02482\",\"displayName\":\"Nguyễn Văn A\",\"token_version\":5,\"isActive\":true,\"createdAt\":\"2026-05-03T15:37:18.203Z\",\"updatedAt\":\"2026-05-04T09:10:04.759Z\",\"deletedAt\":null,\"roles\":[{\"user_id\":\"cc6d2974-22cf-4b0b-9590-4b701cfa3c00\",\"role_id\":\"4dd71768-1887-4879-9716-dab5dcddbebe\",\"assignedAt\":\"2026-05-06T11:53:17.723Z\",\"role\":{\"id\":\"4dd71768-1887-4879-9716-dab5dcddbebe\",\"name\":\"admin\",\"description\":\"Full system access\",\"permissions\":[{\"role_id\":\"4dd71768-1887-4879-9716-dab5dcddbebe\",\"permission_id\":\"7b2752ff-795f-49c6-abc7-d874550df97c\",\"permission\":{\"action\":\"read\",\"subject\":\"Department\",\"name\":\"department.read\"}},{\"role_id\":\"4dd71768-1887-4879-9716-dab5dcddbebe\",\"permission_id\":\"d34ddd4b-bfe0-4f38-871c-5fe3c0f25c57\",\"permission\":{\"action\":\"create\",\"subject\":\"Department\",\"name\":\"department.create\"}},{\"role_id\":\"4dd71768-1887-4879-9716-dab5dcddbebe\",\"permission_id\":\"a7c583f2-d8cf-4734-9113-c98e6c838ab8\",\"permission\":{\"action\":\"update\",\"subject\":\"Department\",\"name\":\"department.update\"}},{\"role_id\":\"4dd71768-1887-4879-9716-dab5dcddbebe\",\"permission_id\":\"14b80590-7ca4-4131-9560-8d58349e74eb\",\"permission\":{\"action\":\"delete\",\"subject\":\"Department\",\"name\":\"department.delete\"}},{\"role_id\":\"4dd71768-1887-4879-9716-dab5dcddbebe\",\"permission_id\":\"84f07ad6-e304-4f43-951d-e8c8eb599352\",\"permission\":{\"action\":\"read\",\"subject\":\"Port\",\"name\":\"port.read\"}},{\"role_id\":\"4dd71768-1887-4879-9716-dab5dcddbebe\",\"permission_id\":\"be2db210-da42-4ec9-888d-3a0858978431\",\"permission\":{\"action\":\"create\",\"subject\":\"Port\",\"name\":\"port.create\"}},{\"role_id\":\"4dd71768-1887-4879-9716-dab5dcddbebe\",\"permission_id\":\"7d8ec69e-467e-4f8e-a389-fa6ca6e256ed\",\"permission\":{\"action\":\"update\",\"subject\":\"Port\",\"name\":\"port.update\"}},{\"role_id\":\"4dd71768-1887-4879-9716-dab5dcddbebe\",\"permission_id\":\"4f3bd475-3290-4ab8-982f-4dd670cb649c\",\"permission\":{\"action\":\"delete\",\"subject\":\"Port\",\"name\":\"port.delete\"}},{\"role_id\":\"4dd71768-1887-4879-9716-dab5dcddbebe\",\"permission_id\":\"35d0dcaf-8b47-4333-b402-a91709e0fc31\",\"permission\":{\"action\":\"read\",\"subject\":\"File\",\"name\":\"file.read\"}},{\"role_id\":\"4dd71768-1887-4879-9716-dab5dcddbebe\",\"permission_id\":\"e57bb9e8-ae84-4eaa-8022-c6a84281aaff\",\"permission\":{\"action\":\"create\",\"subject\":\"File\",\"name\":\"file.create\"}},{\"role_id\":\"4dd71768-1887-4879-9716-dab5dcddbebe\",\"permission_id\":\"160ace45-3feb-4708-8eae-92a7b94b01f9\",\"permission\":{\"action\":\"delete\",\"subject\":\"File\",\"name\":\"file.delete\"}},{\"role_id\":\"4dd71768-1887-4879-9716-dab5dcddbebe\",\"permission_id\":\"31f694c5-76a4-4e2a-803d-9a9ea0e4ef63\",\"permission\":{\"action\":\"read\",\"subject\":\"IPWhitelist\",\"name\":\"ip.read\"}},{\"role_id\":\"4dd71768-1887-4879-9716-dab5dcddbebe\",\"permission_id\":\"ceac5cb1-ebc6-46c1-9d1e-efa0ace039db\",\"permission\":{\"action\":\"create\",\"subject\":\"IPWhitelist\",\"name\":\"ip.create\"}},{\"role_id\":\"4dd71768-1887-4879-9716-dab5dcddbebe\",\"permission_id\":\"3b21ac56-b1e9-4ad2-9ee9-d7a342829903\",\"permission\":{\"action\":\"delete\",\"subject\":\"IPWhitelist\",\"name\":\"ip.delete\"}}]}}]}","requestId":"2fd9f717-084a-40e8-8b72-be7c8b755c1a","timestamp":"2026-05-06T12:03:32.286Z"}
{"context":"LoggerMiddleware","level":"info","message":"[RequestID: 2fd9f717-084a-40e8-8b72-be7c8b755c1a] GET /api/v1/auth/me | Status: 304 | Duration: 84ms | IP: ::1 | UserAgent: Mozilla/5.0 (Windows NT 10.0; Win64; x64) AppleWebKit/537.36 (KHTML, like Gecko) Chrome/147.0.0.0 Safari/537.36","requestId":"2fd9f717-084a-40e8-8b72-be7c8b755c1a","timestamp":"2026-05-06T12:03:32.290Z"}
{"context":"AccessTokenGuard","level":"info","message":"isPublic: undefined","requestId":"af1fbbd1-c422-4b4b-bf2d-06b6c76b1fd4","timestamp":"2026-05-06T12:03:38.428Z"}
{"context":"AccessTokenStrategy","level":"info","message":"user: {\"id\":\"cc6d2974-22cf-4b0b-9590-4b701cfa3c00\",\"username\":\"customer_001\",\"hashed_password\":\"scrypt:61b7465b5cc602c81ecaa66e31f0f570:064a122e33f58ab9bedcc806f62492b81e4451665c71c7dc3a5afd28b63aa6017713b59fb84dc9594c530b3bbe79c2bf5c738ae510f3152bf09f34a3b6d02482\",\"displayName\":\"Nguyễn Văn A\",\"token_version\":5,\"isActive\":true,\"createdAt\":\"2026-05-03T15:37:18.203Z\",\"updatedAt\":\"2026-05-04T09:10:04.759Z\",\"deletedAt\":null,\"roles\":[{\"user_id\":\"cc6d2974-22cf-4b0b-9590-4b701cfa3c00\",\"role_id\":\"4dd71768-1887-4879-9716-dab5dcddbebe\",\"assignedAt\":\"2026-05-06T11:53:17.723Z\",\"role\":{\"id\":\"4dd71768-1887-4879-9716-dab5dcddbebe\",\"name\":\"admin\",\"description\":\"Full system access\",\"permissions\":[{\"role_id\":\"4dd71768-1887-4879-9716-dab5dcddbebe\",\"permission_id\":\"7b2752ff-795f-49c6-abc7-d874550df97c\",\"permission\":{\"action\":\"read\",\"subject\":\"Department\",\"name\":\"department.read\"}},{\"role_id\":\"4dd71768-1887-4879-9716-dab5dcddbebe\",\"permission_id\":\"d34ddd4b-bfe0-4f38-871c-5fe3c0f25c57\",\"permission\":{\"action\":\"create\",\"subject\":\"Department\",\"name\":\"department.create\"}},{\"role_id\":\"4dd71768-1887-4879-9716-dab5dcddbebe\",\"permission_id\":\"a7c583f2-d8cf-4734-9113-c98e6c838ab8\",\"permission\":{\"action\":\"update\",\"subject\":\"Department\",\"name\":\"department.update\"}},{\"role_id\":\"4dd71768-1887-4879-9716-dab5dcddbebe\",\"permission_id\":\"14b80590-7ca4-4131-9560-8d58349e74eb\",\"permission\":{\"action\":\"delete\",\"subject\":\"Department\",\"name\":\"department.delete\"}},{\"role_id\":\"4dd71768-1887-4879-9716-dab5dcddbebe\",\"permission_id\":\"84f07ad6-e304-4f43-951d-e8c8eb599352\",\"permission\":{\"action\":\"read\",\"subject\":\"Port\",\"name\":\"port.read\"}},{\"role_id\":\"4dd71768-1887-4879-9716-dab5dcddbebe\",\"permission_id\":\"be2db210-da42-4ec9-888d-3a0858978431\",\"permission\":{\"action\":\"create\",\"subject\":\"Port\",\"name\":\"port.create\"}},{\"role_id\":\"4dd71768-1887-4879-9716-dab5dcddbebe\",\"permission_id\":\"7d8ec69e-467e-4f8e-a389-fa6ca6e256ed\",\"permission\":{\"action\":\"update\",\"subject\":\"Port\",\"name\":\"port.update\"}},{\"role_id\":\"4dd71768-1887-4879-9716-dab5dcddbebe\",\"permission_id\":\"4f3bd475-3290-4ab8-982f-4dd670cb649c\",\"permission\":{\"action\":\"delete\",\"subject\":\"Port\",\"name\":\"port.delete\"}},{\"role_id\":\"4dd71768-1887-4879-9716-dab5dcddbebe\",\"permission_id\":\"35d0dcaf-8b47-4333-b402-a91709e0fc31\",\"permission\":{\"action\":\"read\",\"subject\":\"File\",\"name\":\"file.read\"}},{\"role_id\":\"4dd71768-1887-4879-9716-dab5dcddbebe\",\"permission_id\":\"e57bb9e8-ae84-4eaa-8022-c6a84281aaff\",\"permission\":{\"action\":\"create\",\"subject\":\"File\",\"name\":\"file.create\"}},{\"role_id\":\"4dd71768-1887-4879-9716-dab5dcddbebe\",\"permission_id\":\"160ace45-3feb-4708-8eae-92a7b94b01f9\",\"permission\":{\"action\":\"delete\",\"subject\":\"File\",\"name\":\"file.delete\"}},{\"role_id\":\"4dd71768-1887-4879-9716-dab5dcddbebe\",\"permission_id\":\"31f694c5-76a4-4e2a-803d-9a9ea0e4ef63\",\"permission\":{\"action\":\"read\",\"subject\":\"IPWhitelist\",\"name\":\"ip.read\"}},{\"role_id\":\"4dd71768-1887-4879-9716-dab5dcddbebe\",\"permission_id\":\"ceac5cb1-ebc6-46c1-9d1e-efa0ace039db\",\"permission\":{\"action\":\"create\",\"subject\":\"IPWhitelist\",\"name\":\"ip.create\"}},{\"role_id\":\"4dd71768-1887-4879-9716-dab5dcddbebe\",\"permission_id\":\"3b21ac56-b1e9-4ad2-9ee9-d7a342829903\",\"permission\":{\"action\":\"delete\",\"subject\":\"IPWhitelist\",\"name\":\"ip.delete\"}}]}}]}","requestId":"af1fbbd1-c422-4b4b-bf2d-06b6c76b1fd4","timestamp":"2026-05-06T12:03:38.437Z"}
{"context":"AuthService","level":"info","message":"payload: {\"id\":\"cc6d2974-22cf-4b0b-9590-4b701cfa3c00\",\"username\":\"customer_001\",\"hashed_password\":\"scrypt:61b7465b5cc602c81ecaa66e31f0f570:064a122e33f58ab9bedcc806f62492b81e4451665c71c7dc3a5afd28b63aa6017713b59fb84dc9594c530b3bbe79c2bf5c738ae510f3152bf09f34a3b6d02482\",\"displayName\":\"Nguyễn Văn A\",\"token_version\":5,\"isActive\":true,\"createdAt\":\"2026-05-03T15:37:18.203Z\",\"updatedAt\":\"2026-05-04T09:10:04.759Z\",\"deletedAt\":null,\"roles\":[{\"user_id\":\"cc6d2974-22cf-4b0b-9590-4b701cfa3c00\",\"role_id\":\"4dd71768-1887-4879-9716-dab5dcddbebe\",\"assignedAt\":\"2026-05-06T11:53:17.723Z\",\"role\":{\"id\":\"4dd71768-1887-4879-9716-dab5dcddbebe\",\"name\":\"admin\",\"description\":\"Full system access\",\"permissions\":[{\"role_id\":\"4dd71768-1887-4879-9716-dab5dcddbebe\",\"permission_id\":\"7b2752ff-795f-49c6-abc7-d874550df97c\",\"permission\":{\"action\":\"read\",\"subject\":\"Department\",\"name\":\"department.read\"}},{\"role_id\":\"4dd71768-1887-4879-9716-dab5dcddbebe\",\"permission_id\":\"d34ddd4b-bfe0-4f38-871c-5fe3c0f25c57\",\"permission\":{\"action\":\"create\",\"subject\":\"Department\",\"name\":\"department.create\"}},{\"role_id\":\"4dd71768-1887-4879-9716-dab5dcddbebe\",\"permission_id\":\"a7c583f2-d8cf-4734-9113-c98e6c838ab8\",\"permission\":{\"action\":\"update\",\"subject\":\"Department\",\"name\":\"department.update\"}},{\"role_id\":\"4dd71768-1887-4879-9716-dab5dcddbebe\",\"permission_id\":\"14b80590-7ca4-4131-9560-8d58349e74eb\",\"permission\":{\"action\":\"delete\",\"subject\":\"Department\",\"name\":\"department.delete\"}},{\"role_id\":\"4dd71768-1887-4879-9716-dab5dcddbebe\",\"permission_id\":\"84f07ad6-e304-4f43-951d-e8c8eb599352\",\"permission\":{\"action\":\"read\",\"subject\":\"Port\",\"name\":\"port.read\"}},{\"role_id\":\"4dd71768-1887-4879-9716-dab5dcddbebe\",\"permission_id\":\"be2db210-da42-4ec9-888d-3a0858978431\",\"permission\":{\"action\":\"create\",\"subject\":\"Port\",\"name\":\"port.create\"}},{\"role_id\":\"4dd71768-1887-4879-9716-dab5dcddbebe\",\"permission_id\":\"7d8ec69e-467e-4f8e-a389-fa6ca6e256ed\",\"permission\":{\"action\":\"update\",\"subject\":\"Port\",\"name\":\"port.update\"}},{\"role_id\":\"4dd71768-1887-4879-9716-dab5dcddbebe\",\"permission_id\":\"4f3bd475-3290-4ab8-982f-4dd670cb649c\",\"permission\":{\"action\":\"delete\",\"subject\":\"Port\",\"name\":\"port.delete\"}},{\"role_id\":\"4dd71768-1887-4879-9716-dab5dcddbebe\",\"permission_id\":\"35d0dcaf-8b47-4333-b402-a91709e0fc31\",\"permission\":{\"action\":\"read\",\"subject\":\"File\",\"name\":\"file.read\"}},{\"role_id\":\"4dd71768-1887-4879-9716-dab5dcddbebe\",\"permission_id\":\"e57bb9e8-ae84-4eaa-8022-c6a84281aaff\",\"permission\":{\"action\":\"create\",\"subject\":\"File\",\"name\":\"file.create\"}},{\"role_id\":\"4dd71768-1887-4879-9716-dab5dcddbebe\",\"permission_id\":\"160ace45-3feb-4708-8eae-92a7b94b01f9\",\"permission\":{\"action\":\"delete\",\"subject\":\"File\",\"name\":\"file.delete\"}},{\"role_id\":\"4dd71768-1887-4879-9716-dab5dcddbebe\",\"permission_id\":\"31f694c5-76a4-4e2a-803d-9a9ea0e4ef63\",\"permission\":{\"action\":\"read\",\"subject\":\"IPWhitelist\",\"name\":\"ip.read\"}},{\"role_id\":\"4dd71768-1887-4879-9716-dab5dcddbebe\",\"permission_id\":\"ceac5cb1-ebc6-46c1-9d1e-efa0ace039db\",\"permission\":{\"action\":\"create\",\"subject\":\"IPWhitelist\",\"name\":\"ip.create\"}},{\"role_id\":\"4dd71768-1887-4879-9716-dab5dcddbebe\",\"permission_id\":\"3b21ac56-b1e9-4ad2-9ee9-d7a342829903\",\"permission\":{\"action\":\"delete\",\"subject\":\"IPWhitelist\",\"name\":\"ip.delete\"}}]}}]}","requestId":"af1fbbd1-c422-4b4b-bf2d-06b6c76b1fd4","timestamp":"2026-05-06T12:03:38.438Z"}
{"context":"AuthService","level":"info","message":"user: {\"id\":\"cc6d2974-22cf-4b0b-9590-4b701cfa3c00\",\"username\":\"customer_001\",\"hashed_password\":\"scrypt:61b7465b5cc602c81ecaa66e31f0f570:064a122e33f58ab9bedcc806f62492b81e4451665c71c7dc3a5afd28b63aa6017713b59fb84dc9594c530b3bbe79c2bf5c738ae510f3152bf09f34a3b6d02482\",\"displayName\":\"Nguyễn Văn A\",\"token_version\":5,\"isActive\":true,\"createdAt\":\"2026-05-03T15:37:18.203Z\",\"updatedAt\":\"2026-05-04T09:10:04.759Z\",\"deletedAt\":null,\"roles\":[{\"user_id\":\"cc6d2974-22cf-4b0b-9590-4b701cfa3c00\",\"role_id\":\"4dd71768-1887-4879-9716-dab5dcddbebe\",\"assignedAt\":\"2026-05-06T11:53:17.723Z\",\"role\":{\"id\":\"4dd71768-1887-4879-9716-dab5dcddbebe\",\"name\":\"admin\",\"description\":\"Full system access\",\"permissions\":[{\"role_id\":\"4dd71768-1887-4879-9716-dab5dcddbebe\",\"permission_id\":\"7b2752ff-795f-49c6-abc7-d874550df97c\",\"permission\":{\"action\":\"read\",\"subject\":\"Department\",\"name\":\"department.read\"}},{\"role_id\":\"4dd71768-1887-4879-9716-dab5dcddbebe\",\"permission_id\":\"d34ddd4b-bfe0-4f38-871c-5fe3c0f25c57\",\"permission\":{\"action\":\"create\",\"subject\":\"Department\",\"name\":\"department.create\"}},{\"role_id\":\"4dd71768-1887-4879-9716-dab5dcddbebe\",\"permission_id\":\"a7c583f2-d8cf-4734-9113-c98e6c838ab8\",\"permission\":{\"action\":\"update\",\"subject\":\"Department\",\"name\":\"department.update\"}},{\"role_id\":\"4dd71768-1887-4879-9716-dab5dcddbebe\",\"permission_id\":\"14b80590-7ca4-4131-9560-8d58349e74eb\",\"permission\":{\"action\":\"delete\",\"subject\":\"Department\",\"name\":\"department.delete\"}},{\"role_id\":\"4dd71768-1887-4879-9716-dab5dcddbebe\",\"permission_id\":\"84f07ad6-e304-4f43-951d-e8c8eb599352\",\"permission\":{\"action\":\"read\",\"subject\":\"Port\",\"name\":\"port.read\"}},{\"role_id\":\"4dd71768-1887-4879-9716-dab5dcddbebe\",\"permission_id\":\"be2db210-da42-4ec9-888d-3a0858978431\",\"permission\":{\"action\":\"create\",\"subject\":\"Port\",\"name\":\"port.create\"}},{\"role_id\":\"4dd71768-1887-4879-9716-dab5dcddbebe\",\"permission_id\":\"7d8ec69e-467e-4f8e-a389-fa6ca6e256ed\",\"permission\":{\"action\":\"update\",\"subject\":\"Port\",\"name\":\"port.update\"}},{\"role_id\":\"4dd71768-1887-4879-9716-dab5dcddbebe\",\"permission_id\":\"4f3bd475-3290-4ab8-982f-4dd670cb649c\",\"permission\":{\"action\":\"delete\",\"subject\":\"Port\",\"name\":\"port.delete\"}},{\"role_id\":\"4dd71768-1887-4879-9716-dab5dcddbebe\",\"permission_id\":\"35d0dcaf-8b47-4333-b402-a91709e0fc31\",\"permission\":{\"action\":\"read\",\"subject\":\"File\",\"name\":\"file.read\"}},{\"role_id\":\"4dd71768-1887-4879-9716-dab5dcddbebe\",\"permission_id\":\"e57bb9e8-ae84-4eaa-8022-c6a84281aaff\",\"permission\":{\"action\":\"create\",\"subject\":\"File\",\"name\":\"file.create\"}},{\"role_id\":\"4dd71768-1887-4879-9716-dab5dcddbebe\",\"permission_id\":\"160ace45-3feb-4708-8eae-92a7b94b01f9\",\"permission\":{\"action\":\"delete\",\"subject\":\"File\",\"name\":\"file.delete\"}},{\"role_id\":\"4dd71768-1887-4879-9716-dab5dcddbebe\",\"permission_id\":\"31f694c5-76a4-4e2a-803d-9a9ea0e4ef63\",\"permission\":{\"action\":\"read\",\"subject\":\"IPWhitelist\",\"name\":\"ip.read\"}},{\"role_id\":\"4dd71768-1887-4879-9716-dab5dcddbebe\",\"permission_id\":\"ceac5cb1-ebc6-46c1-9d1e-efa0ace039db\",\"permission\":{\"action\":\"create\",\"subject\":\"IPWhitelist\",\"name\":\"ip.create\"}},{\"role_id\":\"4dd71768-1887-4879-9716-dab5dcddbebe\",\"permission_id\":\"3b21ac56-b1e9-4ad2-9ee9-d7a342829903\",\"permission\":{\"action\":\"delete\",\"subject\":\"IPWhitelist\",\"name\":\"ip.delete\"}}]}}]}","requestId":"af1fbbd1-c422-4b4b-bf2d-06b6c76b1fd4","timestamp":"2026-05-06T12:03:38.445Z"}
{"context":"LoggerMiddleware","level":"info","message":"[RequestID: af1fbbd1-c422-4b4b-bf2d-06b6c76b1fd4] GET /api/v1/auth/me | Status: 304 | Duration: 19ms | IP: ::1 | UserAgent: Mozilla/5.0 (Windows NT 10.0; Win64; x64) AppleWebKit/537.36 (KHTML, like Gecko) Chrome/147.0.0.0 Safari/537.36","requestId":"af1fbbd1-c422-4b4b-bf2d-06b6c76b1fd4","timestamp":"2026-05-06T12:03:38.446Z"}
{"level":"info","message":"Khởi tạo ứng dụng...","timestamp":"2026-05-06T12:07:56.522Z"}
{"context":"NestFactory","level":"info","message":"Starting Nest application...","timestamp":"2026-05-06T12:07:56.591Z"}
{"context":"InstanceLoader","level":"info","message":"PassportModule dependencies initialized","timestamp":"2026-05-06T12:07:56.599Z"}
{"context":"InstanceLoader","level":"info","message":"ConfigHostModule dependencies initialized","timestamp":"2026-05-06T12:07:56.600Z"}
{"context":"InstanceLoader","level":"info","message":"AppModule dependencies initialized","timestamp":"2026-05-06T12:07:56.600Z"}
{"context":"PrismaService","level":"info","message":"🔌 Prisma Connection String: postgresql://admin:******@localhost:5433/kyc_asset_db?schema=public","timestamp":"2026-05-06T12:07:56.603Z"}
{"context":"InstanceLoader","level":"info","message":"PortsModule dependencies initialized","timestamp":"2026-05-06T12:07:56.603Z"}
{"context":"InstanceLoader","level":"info","message":"FilesModule dependencies initialized","timestamp":"2026-05-06T12:07:56.603Z"}
{"context":"InstanceLoader","level":"info","message":"ConfigModule dependencies initialized","timestamp":"2026-05-06T12:07:56.603Z"}
{"context":"InstanceLoader","level":"info","message":"CommonModule dependencies initialized","timestamp":"2026-05-06T12:07:56.603Z"}
{"context":"InstanceLoader","level":"info","message":"JwtModule dependencies initialized","timestamp":"2026-05-06T12:07:56.604Z"}
{"context":"InstanceLoader","level":"info","message":"PrismaModule dependencies initialized","timestamp":"2026-05-06T12:07:56.604Z"}
{"context":"InstanceLoader","level":"info","message":"WhitelistIpModule dependencies initialized","timestamp":"2026-05-06T12:07:56.606Z"}
{"context":"InstanceLoader","level":"info","message":"AttributeModule dependencies initialized","timestamp":"2026-05-06T12:07:56.606Z"}
{"context":"InstanceLoader","level":"info","message":"DepartmentsModule dependencies initialized","timestamp":"2026-05-06T12:07:56.606Z"}
{"context":"InstanceLoader","level":"info","message":"UsersModule dependencies initialized","timestamp":"2026-05-06T12:07:56.606Z"}
{"context":"InstanceLoader","level":"info","message":"RolesModule dependencies initialized","timestamp":"2026-05-06T12:07:56.606Z"}
{"context":"InstanceLoader","level":"info","message":"PermissionsModule dependencies initialized","timestamp":"2026-05-06T12:07:56.606Z"}
{"context":"InstanceLoader","level":"info","message":"AuthModule dependencies initialized","timestamp":"2026-05-06T12:07:56.606Z"}
{"context":"LegacyRouteConverter","level":"warn","message":"Unsupported route path: \"/api/v1/*\". In previous versions, the symbols ?, *, and + were used to denote optional or repeating path parameters. The latest version of \"path-to-regexp\" now requires the use of named parameters. For example, instead of using a route like /users/* to capture all routes starting with \"/users\", you should use /users/*path. For more details, refer to the migration guide. Attempting to auto-convert...","timestamp":"2026-05-06T12:07:56.631Z"}
{"context":"RoutesResolver","level":"info","message":"AppController {/api/v1/ping}:","timestamp":"2026-05-06T12:07:56.631Z"}
{"context":"RouterExplorer","level":"info","message":"Mapped {/api/v1/ping, GET} route","timestamp":"2026-05-06T12:07:56.633Z"}
{"context":"RoutesResolver","level":"info","message":"UsersController {/api/v1/users}:","timestamp":"2026-05-06T12:07:56.633Z"}
{"context":"RouterExplorer","level":"info","message":"Mapped {/api/v1/users, POST} route","timestamp":"2026-05-06T12:07:56.633Z"}
{"context":"RouterExplorer","level":"info","message":"Mapped {/api/v1/users, GET} route","timestamp":"2026-05-06T12:07:56.634Z"}
{"context":"RouterExplorer","level":"info","message":"Mapped {/api/v1/users/:id, GET} route","timestamp":"2026-05-06T12:07:56.634Z"}
{"context":"RouterExplorer","level":"info","message":"Mapped {/api/v1/users/:id, PATCH} route","timestamp":"2026-05-06T12:07:56.634Z"}
{"context":"RouterExplorer","level":"info","message":"Mapped {/api/v1/users/:id, DELETE} route","timestamp":"2026-05-06T12:07:56.634Z"}
{"context":"RoutesResolver","level":"info","message":"WhitelistIpController {/api/v1/whitelist-ip}:","timestamp":"2026-05-06T12:07:56.634Z"}
{"context":"RouterExplorer","level":"info","message":"Mapped {/api/v1/whitelist-ip, POST} route","timestamp":"2026-05-06T12:07:56.635Z"}
{"context":"RouterExplorer","level":"info","message":"Mapped {/api/v1/whitelist-ip, GET} route","timestamp":"2026-05-06T12:07:56.635Z"}
{"context":"RouterExplorer","level":"info","message":"Mapped {/api/v1/whitelist-ip/:id, GET} route","timestamp":"2026-05-06T12:07:56.635Z"}
{"context":"RouterExplorer","level":"info","message":"Mapped {/api/v1/whitelist-ip/:id, PATCH} route","timestamp":"2026-05-06T12:07:56.635Z"}
{"context":"RouterExplorer","level":"info","message":"Mapped {/api/v1/whitelist-ip/:id, DELETE} route","timestamp":"2026-05-06T12:07:56.635Z"}
{"context":"RoutesResolver","level":"info","message":"RolesController {/api/v1/roles}:","timestamp":"2026-05-06T12:07:56.635Z"}
{"context":"RouterExplorer","level":"info","message":"Mapped {/api/v1/roles, POST} route","timestamp":"2026-05-06T12:07:56.636Z"}
{"context":"RouterExplorer","level":"info","message":"Mapped {/api/v1/roles, GET} route","timestamp":"2026-05-06T12:07:56.636Z"}
{"context":"RouterExplorer","level":"info","message":"Mapped {/api/v1/roles/:id, GET} route","timestamp":"2026-05-06T12:07:56.636Z"}
{"context":"RouterExplorer","level":"info","message":"Mapped {/api/v1/roles/:id, PATCH} route","timestamp":"2026-05-06T12:07:56.636Z"}
{"context":"RouterExplorer","level":"info","message":"Mapped {/api/v1/roles/:id, DELETE} route","timestamp":"2026-05-06T12:07:56.636Z"}
{"context":"RoutesResolver","level":"info","message":"PermissionsController {/api/v1/permissions}:","timestamp":"2026-05-06T12:07:56.636Z"}
{"context":"RouterExplorer","level":"info","message":"Mapped {/api/v1/permissions, POST} route","timestamp":"2026-05-06T12:07:56.637Z"}
{"context":"RouterExplorer","level":"info","message":"Mapped {/api/v1/permissions, GET} route","timestamp":"2026-05-06T12:07:56.637Z"}
{"context":"RouterExplorer","level":"info","message":"Mapped {/api/v1/permissions/:id, PATCH} route","timestamp":"2026-05-06T12:07:56.637Z"}
{"context":"RouterExplorer","level":"info","message":"Mapped {/api/v1/permissions/:id, DELETE} route","timestamp":"2026-05-06T12:07:56.637Z"}
{"context":"RoutesResolver","level":"info","message":"AuthController {/api/v1/auth}:","timestamp":"2026-05-06T12:07:56.637Z"}
{"context":"RouterExplorer","level":"info","message":"Mapped {/api/v1/auth/register, POST} route","timestamp":"2026-05-06T12:07:56.637Z"}
{"context":"RouterExplorer","level":"info","message":"Mapped {/api/v1/auth/login, POST} route","timestamp":"2026-05-06T12:07:56.638Z"}
{"context":"RouterExplorer","level":"info","message":"Mapped {/api/v1/auth/refresh, POST} route","timestamp":"2026-05-06T12:07:56.638Z"}
{"context":"RouterExplorer","level":"info","message":"Mapped {/api/v1/auth/logout, POST} route","timestamp":"2026-05-06T12:07:56.638Z"}
{"context":"RouterExplorer","level":"info","message":"Mapped {/api/v1/auth/me, GET} route","timestamp":"2026-05-06T12:07:56.638Z"}
{"context":"RouterExplorer","level":"info","message":"Mapped {/api/v1/auth/me/password, PATCH} route","timestamp":"2026-05-06T12:07:56.638Z"}
{"context":"RoutesResolver","level":"info","message":"AttributeController {/api/v1/attribute}:","timestamp":"2026-05-06T12:07:56.638Z"}
{"context":"RouterExplorer","level":"info","message":"Mapped {/api/v1/attribute, POST} route","timestamp":"2026-05-06T12:07:56.638Z"}
{"context":"RouterExplorer","level":"info","message":"Mapped {/api/v1/attribute, GET} route","timestamp":"2026-05-06T12:07:56.639Z"}
{"context":"RouterExplorer","level":"info","message":"Mapped {/api/v1/attribute/:id, GET} route","timestamp":"2026-05-06T12:07:56.639Z"}
{"context":"RouterExplorer","level":"info","message":"Mapped {/api/v1/attribute/:id, PATCH} route","timestamp":"2026-05-06T12:07:56.639Z"}
{"context":"RouterExplorer","level":"info","message":"Mapped {/api/v1/attribute/:id, DELETE} route","timestamp":"2026-05-06T12:07:56.639Z"}
{"context":"RoutesResolver","level":"info","message":"DepartmentsController {/api/v1/departments}:","timestamp":"2026-05-06T12:07:56.639Z"}
{"context":"RouterExplorer","level":"info","message":"Mapped {/api/v1/departments, POST} route","timestamp":"2026-05-06T12:07:56.639Z"}
{"context":"RouterExplorer","level":"info","message":"Mapped {/api/v1/departments, GET} route","timestamp":"2026-05-06T12:07:56.640Z"}
{"context":"RouterExplorer","level":"info","message":"Mapped {/api/v1/departments/:id, GET} route","timestamp":"2026-05-06T12:07:56.640Z"}
{"context":"RouterExplorer","level":"info","message":"Mapped {/api/v1/departments/:id, PATCH} route","timestamp":"2026-05-06T12:07:56.640Z"}
{"context":"RouterExplorer","level":"info","message":"Mapped {/api/v1/departments/:id, DELETE} route","timestamp":"2026-05-06T12:07:56.640Z"}
{"context":"RoutesResolver","level":"info","message":"PortsController {/api/v1/ports}:","timestamp":"2026-05-06T12:07:56.640Z"}
{"context":"RouterExplorer","level":"info","message":"Mapped {/api/v1/ports, POST} route","timestamp":"2026-05-06T12:07:56.640Z"}
{"context":"RouterExplorer","level":"info","message":"Mapped {/api/v1/ports, GET} route","timestamp":"2026-05-06T12:07:56.641Z"}
{"context":"RouterExplorer","level":"info","message":"Mapped {/api/v1/ports/:id, GET} route","timestamp":"2026-05-06T12:07:56.641Z"}
{"context":"RouterExplorer","level":"info","message":"Mapped {/api/v1/ports/:id, PATCH} route","timestamp":"2026-05-06T12:07:56.641Z"}
{"context":"RouterExplorer","level":"info","message":"Mapped {/api/v1/ports/:id, DELETE} route","timestamp":"2026-05-06T12:07:56.641Z"}
{"context":"RoutesResolver","level":"info","message":"FilesController {/api/v1/files}:","timestamp":"2026-05-06T12:07:56.641Z"}
{"context":"RouterExplorer","level":"info","message":"Mapped {/api/v1/files, POST} route","timestamp":"2026-05-06T12:07:56.641Z"}
{"context":"RouterExplorer","level":"info","message":"Mapped {/api/v1/files, GET} route","timestamp":"2026-05-06T12:07:56.641Z"}
{"context":"RouterExplorer","level":"info","message":"Mapped {/api/v1/files/:id, GET} route","timestamp":"2026-05-06T12:07:56.641Z"}
{"context":"RouterExplorer","level":"info","message":"Mapped {/api/v1/files/:id, PATCH} route","timestamp":"2026-05-06T12:07:56.642Z"}
{"context":"RouterExplorer","level":"info","message":"Mapped {/api/v1/files/:id, DELETE} route","timestamp":"2026-05-06T12:07:56.642Z"}
{"context":"PrismaService","level":"info","message":"Kết nối database thành công","timestamp":"2026-05-06T12:07:56.680Z"}
{"context":"NestApplication","level":"info","message":"Nest application successfully started","timestamp":"2026-05-06T12:07:56.685Z"}
{"level":"info","message":"Khởi tạo ứng dụng...","timestamp":"2026-05-06T12:08:00.560Z"}
{"context":"NestFactory","level":"info","message":"Starting Nest application...","timestamp":"2026-05-06T12:08:00.628Z"}
{"context":"InstanceLoader","level":"info","message":"PassportModule dependencies initialized","timestamp":"2026-05-06T12:08:00.637Z"}
{"context":"InstanceLoader","level":"info","message":"ConfigHostModule dependencies initialized","timestamp":"2026-05-06T12:08:00.637Z"}
{"context":"InstanceLoader","level":"info","message":"AppModule dependencies initialized","timestamp":"2026-05-06T12:08:00.637Z"}
{"context":"PrismaService","level":"info","message":"🔌 Prisma Connection String: postgresql://admin:******@localhost:5433/kyc_asset_db?schema=public","timestamp":"2026-05-06T12:08:00.640Z"}
{"context":"InstanceLoader","level":"info","message":"PortsModule dependencies initialized","timestamp":"2026-05-06T12:08:00.640Z"}
{"context":"InstanceLoader","level":"info","message":"FilesModule dependencies initialized","timestamp":"2026-05-06T12:08:00.640Z"}
{"context":"InstanceLoader","level":"info","message":"ConfigModule dependencies initialized","timestamp":"2026-05-06T12:08:00.640Z"}
{"context":"InstanceLoader","level":"info","message":"CommonModule dependencies initialized","timestamp":"2026-05-06T12:08:00.640Z"}
{"context":"InstanceLoader","level":"info","message":"JwtModule dependencies initialized","timestamp":"2026-05-06T12:08:00.641Z"}
{"context":"InstanceLoader","level":"info","message":"PrismaModule dependencies initialized","timestamp":"2026-05-06T12:08:00.641Z"}
{"context":"InstanceLoader","level":"info","message":"WhitelistIpModule dependencies initialized","timestamp":"2026-05-06T12:08:00.642Z"}
{"context":"InstanceLoader","level":"info","message":"AttributeModule dependencies initialized","timestamp":"2026-05-06T12:08:00.642Z"}
{"context":"InstanceLoader","level":"info","message":"DepartmentsModule dependencies initialized","timestamp":"2026-05-06T12:08:00.643Z"}
{"context":"InstanceLoader","level":"info","message":"UsersModule dependencies initialized","timestamp":"2026-05-06T12:08:00.643Z"}
{"context":"InstanceLoader","level":"info","message":"RolesModule dependencies initialized","timestamp":"2026-05-06T12:08:00.643Z"}
{"context":"InstanceLoader","level":"info","message":"PermissionsModule dependencies initialized","timestamp":"2026-05-06T12:08:00.643Z"}
{"context":"InstanceLoader","level":"info","message":"AuthModule dependencies initialized","timestamp":"2026-05-06T12:08:00.643Z"}
{"context":"LegacyRouteConverter","level":"warn","message":"Unsupported route path: \"/api/v1/*\". In previous versions, the symbols ?, *, and + were used to denote optional or repeating path parameters. The latest version of \"path-to-regexp\" now requires the use of named parameters. For example, instead of using a route like /users/* to capture all routes starting with \"/users\", you should use /users/*path. For more details, refer to the migration guide. Attempting to auto-convert...","timestamp":"2026-05-06T12:08:00.666Z"}
{"context":"RoutesResolver","level":"info","message":"AppController {/api/v1/ping}:","timestamp":"2026-05-06T12:08:00.667Z"}
{"context":"RouterExplorer","level":"info","message":"Mapped {/api/v1/ping, GET} route","timestamp":"2026-05-06T12:08:00.668Z"}
{"context":"RoutesResolver","level":"info","message":"UsersController {/api/v1/users}:","timestamp":"2026-05-06T12:08:00.668Z"}
{"context":"RouterExplorer","level":"info","message":"Mapped {/api/v1/users, POST} route","timestamp":"2026-05-06T12:08:00.668Z"}
{"context":"RouterExplorer","level":"info","message":"Mapped {/api/v1/users, GET} route","timestamp":"2026-05-06T12:08:00.668Z"}
{"context":"RouterExplorer","level":"info","message":"Mapped {/api/v1/users/:id, GET} route","timestamp":"2026-05-06T12:08:00.669Z"}
{"context":"RouterExplorer","level":"info","message":"Mapped {/api/v1/users/:id, PATCH} route","timestamp":"2026-05-06T12:08:00.669Z"}
{"context":"RouterExplorer","level":"info","message":"Mapped {/api/v1/users/:id, DELETE} route","timestamp":"2026-05-06T12:08:00.669Z"}
{"context":"RoutesResolver","level":"info","message":"WhitelistIpController {/api/v1/whitelist-ip}:","timestamp":"2026-05-06T12:08:00.669Z"}
{"context":"RouterExplorer","level":"info","message":"Mapped {/api/v1/whitelist-ip, POST} route","timestamp":"2026-05-06T12:08:00.669Z"}
{"context":"RouterExplorer","level":"info","message":"Mapped {/api/v1/whitelist-ip, GET} route","timestamp":"2026-05-06T12:08:00.670Z"}
{"context":"RouterExplorer","level":"info","message":"Mapped {/api/v1/whitelist-ip/:id, GET} route","timestamp":"2026-05-06T12:08:00.670Z"}
{"context":"RouterExplorer","level":"info","message":"Mapped {/api/v1/whitelist-ip/:id, PATCH} route","timestamp":"2026-05-06T12:08:00.670Z"}
{"context":"RouterExplorer","level":"info","message":"Mapped {/api/v1/whitelist-ip/:id, DELETE} route","timestamp":"2026-05-06T12:08:00.670Z"}
{"context":"RoutesResolver","level":"info","message":"RolesController {/api/v1/roles}:","timestamp":"2026-05-06T12:08:00.670Z"}
{"context":"RouterExplorer","level":"info","message":"Mapped {/api/v1/roles, POST} route","timestamp":"2026-05-06T12:08:00.671Z"}
{"context":"RouterExplorer","level":"info","message":"Mapped {/api/v1/roles, GET} route","timestamp":"2026-05-06T12:08:00.671Z"}
{"context":"RouterExplorer","level":"info","message":"Mapped {/api/v1/roles/:id, GET} route","timestamp":"2026-05-06T12:08:00.671Z"}
{"context":"RouterExplorer","level":"info","message":"Mapped {/api/v1/roles/:id, PATCH} route","timestamp":"2026-05-06T12:08:00.672Z"}
{"context":"RouterExplorer","level":"info","message":"Mapped {/api/v1/roles/:id, DELETE} route","timestamp":"2026-05-06T12:08:00.672Z"}
{"context":"RoutesResolver","level":"info","message":"PermissionsController {/api/v1/permissions}:","timestamp":"2026-05-06T12:08:00.672Z"}
{"context":"RouterExplorer","level":"info","message":"Mapped {/api/v1/permissions, POST} route","timestamp":"2026-05-06T12:08:00.672Z"}
{"context":"RouterExplorer","level":"info","message":"Mapped {/api/v1/permissions, GET} route","timestamp":"2026-05-06T12:08:00.672Z"}
{"context":"RouterExplorer","level":"info","message":"Mapped {/api/v1/permissions/:id, PATCH} route","timestamp":"2026-05-06T12:08:00.673Z"}
{"context":"RouterExplorer","level":"info","message":"Mapped {/api/v1/permissions/:id, DELETE} route","timestamp":"2026-05-06T12:08:00.673Z"}
{"context":"RoutesResolver","level":"info","message":"AuthController {/api/v1/auth}:","timestamp":"2026-05-06T12:08:00.673Z"}
{"context":"RouterExplorer","level":"info","message":"Mapped {/api/v1/auth/register, POST} route","timestamp":"2026-05-06T12:08:00.673Z"}
{"context":"RouterExplorer","level":"info","message":"Mapped {/api/v1/auth/login, POST} route","timestamp":"2026-05-06T12:08:00.673Z"}
{"context":"RouterExplorer","level":"info","message":"Mapped {/api/v1/auth/refresh, POST} route","timestamp":"2026-05-06T12:08:00.673Z"}
{"context":"RouterExplorer","level":"info","message":"Mapped {/api/v1/auth/logout, POST} route","timestamp":"2026-05-06T12:08:00.674Z"}
{"context":"RouterExplorer","level":"info","message":"Mapped {/api/v1/auth/me, GET} route","timestamp":"2026-05-06T12:08:00.674Z"}
{"context":"RouterExplorer","level":"info","message":"Mapped {/api/v1/auth/me/password, PATCH} route","timestamp":"2026-05-06T12:08:00.674Z"}
{"context":"RoutesResolver","level":"info","message":"AttributeController {/api/v1/attribute}:","timestamp":"2026-05-06T12:08:00.674Z"}
{"context":"RouterExplorer","level":"info","message":"Mapped {/api/v1/attribute, POST} route","timestamp":"2026-05-06T12:08:00.675Z"}
{"context":"RouterExplorer","level":"info","message":"Mapped {/api/v1/attribute, GET} route","timestamp":"2026-05-06T12:08:00.675Z"}
{"context":"RouterExplorer","level":"info","message":"Mapped {/api/v1/attribute/:id, GET} route","timestamp":"2026-05-06T12:08:00.675Z"}
{"context":"RouterExplorer","level":"info","message":"Mapped {/api/v1/attribute/:id, PATCH} route","timestamp":"2026-05-06T12:08:00.675Z"}
{"context":"RouterExplorer","level":"info","message":"Mapped {/api/v1/attribute/:id, DELETE} route","timestamp":"2026-05-06T12:08:00.675Z"}
{"context":"RoutesResolver","level":"info","message":"DepartmentsController {/api/v1/departments}:","timestamp":"2026-05-06T12:08:00.676Z"}
{"context":"RouterExplorer","level":"info","message":"Mapped {/api/v1/departments, POST} route","timestamp":"2026-05-06T12:08:00.676Z"}
{"context":"RouterExplorer","level":"info","message":"Mapped {/api/v1/departments, GET} route","timestamp":"2026-05-06T12:08:00.676Z"}
{"context":"RouterExplorer","level":"info","message":"Mapped {/api/v1/departments/:id, GET} route","timestamp":"2026-05-06T12:08:00.676Z"}
{"context":"RouterExplorer","level":"info","message":"Mapped {/api/v1/departments/:id, PATCH} route","timestamp":"2026-05-06T12:08:00.676Z"}
{"context":"RouterExplorer","level":"info","message":"Mapped {/api/v1/departments/:id, DELETE} route","timestamp":"2026-05-06T12:08:00.677Z"}
{"context":"RoutesResolver","level":"info","message":"PortsController {/api/v1/ports}:","timestamp":"2026-05-06T12:08:00.677Z"}
{"context":"RouterExplorer","level":"info","message":"Mapped {/api/v1/ports, POST} route","timestamp":"2026-05-06T12:08:00.677Z"}
{"context":"RouterExplorer","level":"info","message":"Mapped {/api/v1/ports, GET} route","timestamp":"2026-05-06T12:08:00.677Z"}
{"context":"RouterExplorer","level":"info","message":"Mapped {/api/v1/ports/:id, GET} route","timestamp":"2026-05-06T12:08:00.677Z"}
{"context":"RouterExplorer","level":"info","message":"Mapped {/api/v1/ports/:id, PATCH} route","timestamp":"2026-05-06T12:08:00.677Z"}
{"context":"RouterExplorer","level":"info","message":"Mapped {/api/v1/ports/:id, DELETE} route","timestamp":"2026-05-06T12:08:00.678Z"}
{"context":"RoutesResolver","level":"info","message":"FilesController {/api/v1/files}:","timestamp":"2026-05-06T12:08:00.678Z"}
{"context":"RouterExplorer","level":"info","message":"Mapped {/api/v1/files, POST} route","timestamp":"2026-05-06T12:08:00.678Z"}
{"context":"RouterExplorer","level":"info","message":"Mapped {/api/v1/files, GET} route","timestamp":"2026-05-06T12:08:00.678Z"}
{"context":"RouterExplorer","level":"info","message":"Mapped {/api/v1/files/:id, GET} route","timestamp":"2026-05-06T12:08:00.678Z"}
{"context":"RouterExplorer","level":"info","message":"Mapped {/api/v1/files/:id, PATCH} route","timestamp":"2026-05-06T12:08:00.678Z"}
{"context":"RouterExplorer","level":"info","message":"Mapped {/api/v1/files/:id, DELETE} route","timestamp":"2026-05-06T12:08:00.678Z"}
{"context":"PrismaService","level":"info","message":"Kết nối database thành công","timestamp":"2026-05-06T12:08:00.718Z"}
{"context":"NestApplication","level":"info","message":"Nest application successfully started","timestamp":"2026-05-06T12:08:00.722Z"}
{"context":"AccessTokenGuard","level":"info","message":"isPublic: undefined","requestId":"27367aa8-a7c1-46bd-801a-d863c46597ae","timestamp":"2026-05-06T12:22:46.601Z"}
{"context":"LoggerMiddleware","level":"warn","message":"[RequestID: 27367aa8-a7c1-46bd-801a-d863c46597ae] GET /api/v1/auth/me | Status: 401 | Duration: 7ms | IP: ::1 | UserAgent: Mozilla/5.0 (Windows NT 10.0; Win64; x64) AppleWebKit/537.36 (KHTML, like Gecko) Chrome/147.0.0.0 Safari/537.36","requestId":"27367aa8-a7c1-46bd-801a-d863c46597ae","timestamp":"2026-05-06T12:22:46.608Z"}
{"context":"AccessTokenGuard","level":"info","message":"isPublic: true","requestId":"6f808630-a50d-4833-9a29-8fa647103796","timestamp":"2026-05-06T12:22:52.616Z"}
{"context":"AccessTokenGuard","level":"info","message":"Public route, skipping authentication","requestId":"6f808630-a50d-4833-9a29-8fa647103796","timestamp":"2026-05-06T12:22:52.616Z"}
{"context":"LoggerMiddleware","level":"info","message":"[RequestID: 6f808630-a50d-4833-9a29-8fa647103796] POST /api/v1/auth/login | Status: 201 | Duration: 121ms | IP: ::1 | UserAgent: Mozilla/5.0 (Windows NT 10.0; Win64; x64) AppleWebKit/537.36 (KHTML, like Gecko) Chrome/147.0.0.0 Safari/537.36","requestId":"6f808630-a50d-4833-9a29-8fa647103796","timestamp":"2026-05-06T12:22:52.737Z"}
{"context":"AccessTokenGuard","level":"info","message":"isPublic: undefined","requestId":"5dda22ba-016c-4265-8526-2d14f95aa1c8","timestamp":"2026-05-06T12:22:56.378Z"}
{"context":"AccessTokenStrategy","level":"info","message":"user: {\"id\":\"cc6d2974-22cf-4b0b-9590-4b701cfa3c00\",\"username\":\"customer_001\",\"hashed_password\":\"scrypt:61b7465b5cc602c81ecaa66e31f0f570:064a122e33f58ab9bedcc806f62492b81e4451665c71c7dc3a5afd28b63aa6017713b59fb84dc9594c530b3bbe79c2bf5c738ae510f3152bf09f34a3b6d02482\",\"displayName\":\"Nguyễn Văn A\",\"token_version\":5,\"isActive\":true,\"createdAt\":\"2026-05-03T15:37:18.203Z\",\"updatedAt\":\"2026-05-04T09:10:04.759Z\",\"deletedAt\":null,\"roles\":[{\"user_id\":\"cc6d2974-22cf-4b0b-9590-4b701cfa3c00\",\"role_id\":\"4dd71768-1887-4879-9716-dab5dcddbebe\",\"assignedAt\":\"2026-05-06T11:53:17.723Z\",\"role\":{\"id\":\"4dd71768-1887-4879-9716-dab5dcddbebe\",\"name\":\"admin\",\"description\":\"Full system access\",\"permissions\":[{\"role_id\":\"4dd71768-1887-4879-9716-dab5dcddbebe\",\"permission_id\":\"7b2752ff-795f-49c6-abc7-d874550df97c\",\"permission\":{\"action\":\"read\",\"subject\":\"Department\",\"conditions\":[]}},{\"role_id\":\"4dd71768-1887-4879-9716-dab5dcddbebe\",\"permission_id\":\"d34ddd4b-bfe0-4f38-871c-5fe3c0f25c57\",\"permission\":{\"action\":\"create\",\"subject\":\"Department\",\"conditions\":[]}},{\"role_id\":\"4dd71768-1887-4879-9716-dab5dcddbebe\",\"permission_id\":\"a7c583f2-d8cf-4734-9113-c98e6c838ab8\",\"permission\":{\"action\":\"update\",\"subject\":\"Department\",\"conditions\":[]}},{\"role_id\":\"4dd71768-1887-4879-9716-dab5dcddbebe\",\"permission_id\":\"14b80590-7ca4-4131-9560-8d58349e74eb\",\"permission\":{\"action\":\"delete\",\"subject\":\"Department\",\"conditions\":[]}},{\"role_id\":\"4dd71768-1887-4879-9716-dab5dcddbebe\",\"permission_id\":\"84f07ad6-e304-4f43-951d-e8c8eb599352\",\"permission\":{\"action\":\"read\",\"subject\":\"Port\",\"conditions\":[]}},{\"role_id\":\"4dd71768-1887-4879-9716-dab5dcddbebe\",\"permission_id\":\"be2db210-da42-4ec9-888d-3a0858978431\",\"permission\":{\"action\":\"create\",\"subject\":\"Port\",\"conditions\":[]}},{\"role_id\":\"4dd71768-1887-4879-9716-dab5dcddbebe\",\"permission_id\":\"7d8ec69e-467e-4f8e-a389-fa6ca6e256ed\",\"permission\":{\"action\":\"update\",\"subject\":\"Port\",\"conditions\":[]}},{\"role_id\":\"4dd71768-1887-4879-9716-dab5dcddbebe\",\"permission_id\":\"4f3bd475-3290-4ab8-982f-4dd670cb649c\",\"permission\":{\"action\":\"delete\",\"subject\":\"Port\",\"conditions\":[]}},{\"role_id\":\"4dd71768-1887-4879-9716-dab5dcddbebe\",\"permission_id\":\"35d0dcaf-8b47-4333-b402-a91709e0fc31\",\"permission\":{\"action\":\"read\",\"subject\":\"File\",\"conditions\":[]}},{\"role_id\":\"4dd71768-1887-4879-9716-dab5dcddbebe\",\"permission_id\":\"e57bb9e8-ae84-4eaa-8022-c6a84281aaff\",\"permission\":{\"action\":\"create\",\"subject\":\"File\",\"conditions\":[]}},{\"role_id\":\"4dd71768-1887-4879-9716-dab5dcddbebe\",\"permission_id\":\"160ace45-3feb-4708-8eae-92a7b94b01f9\",\"permission\":{\"action\":\"delete\",\"subject\":\"File\",\"conditions\":[]}},{\"role_id\":\"4dd71768-1887-4879-9716-dab5dcddbebe\",\"permission_id\":\"31f694c5-76a4-4e2a-803d-9a9ea0e4ef63\",\"permission\":{\"action\":\"read\",\"subject\":\"IPWhitelist\",\"conditions\":[]}},{\"role_id\":\"4dd71768-1887-4879-9716-dab5dcddbebe\",\"permission_id\":\"ceac5cb1-ebc6-46c1-9d1e-efa0ace039db\",\"permission\":{\"action\":\"create\",\"subject\":\"IPWhitelist\",\"conditions\":[]}},{\"role_id\":\"4dd71768-1887-4879-9716-dab5dcddbebe\",\"permission_id\":\"3b21ac56-b1e9-4ad2-9ee9-d7a342829903\",\"permission\":{\"action\":\"delete\",\"subject\":\"IPWhitelist\",\"conditions\":[]}}]}}]}","requestId":"5dda22ba-016c-4265-8526-2d14f95aa1c8","timestamp":"2026-05-06T12:22:56.392Z"}
{"context":"AuthService","level":"info","message":"payload: {\"id\":\"cc6d2974-22cf-4b0b-9590-4b701cfa3c00\",\"username\":\"customer_001\",\"hashed_password\":\"scrypt:61b7465b5cc602c81ecaa66e31f0f570:064a122e33f58ab9bedcc806f62492b81e4451665c71c7dc3a5afd28b63aa6017713b59fb84dc9594c530b3bbe79c2bf5c738ae510f3152bf09f34a3b6d02482\",\"displayName\":\"Nguyễn Văn A\",\"token_version\":5,\"isActive\":true,\"createdAt\":\"2026-05-03T15:37:18.203Z\",\"updatedAt\":\"2026-05-04T09:10:04.759Z\",\"deletedAt\":null,\"roles\":[{\"user_id\":\"cc6d2974-22cf-4b0b-9590-4b701cfa3c00\",\"role_id\":\"4dd71768-1887-4879-9716-dab5dcddbebe\",\"assignedAt\":\"2026-05-06T11:53:17.723Z\",\"role\":{\"id\":\"4dd71768-1887-4879-9716-dab5dcddbebe\",\"name\":\"admin\",\"description\":\"Full system access\",\"permissions\":[{\"role_id\":\"4dd71768-1887-4879-9716-dab5dcddbebe\",\"permission_id\":\"7b2752ff-795f-49c6-abc7-d874550df97c\",\"permission\":{\"action\":\"read\",\"subject\":\"Department\",\"conditions\":[]}},{\"role_id\":\"4dd71768-1887-4879-9716-dab5dcddbebe\",\"permission_id\":\"d34ddd4b-bfe0-4f38-871c-5fe3c0f25c57\",\"permission\":{\"action\":\"create\",\"subject\":\"Department\",\"conditions\":[]}},{\"role_id\":\"4dd71768-1887-4879-9716-dab5dcddbebe\",\"permission_id\":\"a7c583f2-d8cf-4734-9113-c98e6c838ab8\",\"permission\":{\"action\":\"update\",\"subject\":\"Department\",\"conditions\":[]}},{\"role_id\":\"4dd71768-1887-4879-9716-dab5dcddbebe\",\"permission_id\":\"14b80590-7ca4-4131-9560-8d58349e74eb\",\"permission\":{\"action\":\"delete\",\"subject\":\"Department\",\"conditions\":[]}},{\"role_id\":\"4dd71768-1887-4879-9716-dab5dcddbebe\",\"permission_id\":\"84f07ad6-e304-4f43-951d-e8c8eb599352\",\"permission\":{\"action\":\"read\",\"subject\":\"Port\",\"conditions\":[]}},{\"role_id\":\"4dd71768-1887-4879-9716-dab5dcddbebe\",\"permission_id\":\"be2db210-da42-4ec9-888d-3a0858978431\",\"permission\":{\"action\":\"create\",\"subject\":\"Port\",\"conditions\":[]}},{\"role_id\":\"4dd71768-1887-4879-9716-dab5dcddbebe\",\"permission_id\":\"7d8ec69e-467e-4f8e-a389-fa6ca6e256ed\",\"permission\":{\"action\":\"update\",\"subject\":\"Port\",\"conditions\":[]}},{\"role_id\":\"4dd71768-1887-4879-9716-dab5dcddbebe\",\"permission_id\":\"4f3bd475-3290-4ab8-982f-4dd670cb649c\",\"permission\":{\"action\":\"delete\",\"subject\":\"Port\",\"conditions\":[]}},{\"role_id\":\"4dd71768-1887-4879-9716-dab5dcddbebe\",\"permission_id\":\"35d0dcaf-8b47-4333-b402-a91709e0fc31\",\"permission\":{\"action\":\"read\",\"subject\":\"File\",\"conditions\":[]}},{\"role_id\":\"4dd71768-1887-4879-9716-dab5dcddbebe\",\"permission_id\":\"e57bb9e8-ae84-4eaa-8022-c6a84281aaff\",\"permission\":{\"action\":\"create\",\"subject\":\"File\",\"conditions\":[]}},{\"role_id\":\"4dd71768-1887-4879-9716-dab5dcddbebe\",\"permission_id\":\"160ace45-3feb-4708-8eae-92a7b94b01f9\",\"permission\":{\"action\":\"delete\",\"subject\":\"File\",\"conditions\":[]}},{\"role_id\":\"4dd71768-1887-4879-9716-dab5dcddbebe\",\"permission_id\":\"31f694c5-76a4-4e2a-803d-9a9ea0e4ef63\",\"permission\":{\"action\":\"read\",\"subject\":\"IPWhitelist\",\"conditions\":[]}},{\"role_id\":\"4dd71768-1887-4879-9716-dab5dcddbebe\",\"permission_id\":\"ceac5cb1-ebc6-46c1-9d1e-efa0ace039db\",\"permission\":{\"action\":\"create\",\"subject\":\"IPWhitelist\",\"conditions\":[]}},{\"role_id\":\"4dd71768-1887-4879-9716-dab5dcddbebe\",\"permission_id\":\"3b21ac56-b1e9-4ad2-9ee9-d7a342829903\",\"permission\":{\"action\":\"delete\",\"subject\":\"IPWhitelist\",\"conditions\":[]}}]}}]}","requestId":"5dda22ba-016c-4265-8526-2d14f95aa1c8","timestamp":"2026-05-06T12:22:56.393Z"}
{"context":"AuthService","level":"info","message":"user: {\"id\":\"cc6d2974-22cf-4b0b-9590-4b701cfa3c00\",\"username\":\"customer_001\",\"hashed_password\":\"scrypt:61b7465b5cc602c81ecaa66e31f0f570:064a122e33f58ab9bedcc806f62492b81e4451665c71c7dc3a5afd28b63aa6017713b59fb84dc9594c530b3bbe79c2bf5c738ae510f3152bf09f34a3b6d02482\",\"displayName\":\"Nguyễn Văn A\",\"token_version\":5,\"isActive\":true,\"createdAt\":\"2026-05-03T15:37:18.203Z\",\"updatedAt\":\"2026-05-04T09:10:04.759Z\",\"deletedAt\":null,\"roles\":[{\"user_id\":\"cc6d2974-22cf-4b0b-9590-4b701cfa3c00\",\"role_id\":\"4dd71768-1887-4879-9716-dab5dcddbebe\",\"assignedAt\":\"2026-05-06T11:53:17.723Z\",\"role\":{\"id\":\"4dd71768-1887-4879-9716-dab5dcddbebe\",\"name\":\"admin\",\"description\":\"Full system access\",\"permissions\":[{\"role_id\":\"4dd71768-1887-4879-9716-dab5dcddbebe\",\"permission_id\":\"7b2752ff-795f-49c6-abc7-d874550df97c\",\"permission\":{\"action\":\"read\",\"subject\":\"Department\",\"conditions\":[]}},{\"role_id\":\"4dd71768-1887-4879-9716-dab5dcddbebe\",\"permission_id\":\"d34ddd4b-bfe0-4f38-871c-5fe3c0f25c57\",\"permission\":{\"action\":\"create\",\"subject\":\"Department\",\"conditions\":[]}},{\"role_id\":\"4dd71768-1887-4879-9716-dab5dcddbebe\",\"permission_id\":\"a7c583f2-d8cf-4734-9113-c98e6c838ab8\",\"permission\":{\"action\":\"update\",\"subject\":\"Department\",\"conditions\":[]}},{\"role_id\":\"4dd71768-1887-4879-9716-dab5dcddbebe\",\"permission_id\":\"14b80590-7ca4-4131-9560-8d58349e74eb\",\"permission\":{\"action\":\"delete\",\"subject\":\"Department\",\"conditions\":[]}},{\"role_id\":\"4dd71768-1887-4879-9716-dab5dcddbebe\",\"permission_id\":\"84f07ad6-e304-4f43-951d-e8c8eb599352\",\"permission\":{\"action\":\"read\",\"subject\":\"Port\",\"conditions\":[]}},{\"role_id\":\"4dd71768-1887-4879-9716-dab5dcddbebe\",\"permission_id\":\"be2db210-da42-4ec9-888d-3a0858978431\",\"permission\":{\"action\":\"create\",\"subject\":\"Port\",\"conditions\":[]}},{\"role_id\":\"4dd71768-1887-4879-9716-dab5dcddbebe\",\"permission_id\":\"7d8ec69e-467e-4f8e-a389-fa6ca6e256ed\",\"permission\":{\"action\":\"update\",\"subject\":\"Port\",\"conditions\":[]}},{\"role_id\":\"4dd71768-1887-4879-9716-dab5dcddbebe\",\"permission_id\":\"4f3bd475-3290-4ab8-982f-4dd670cb649c\",\"permission\":{\"action\":\"delete\",\"subject\":\"Port\",\"conditions\":[]}},{\"role_id\":\"4dd71768-1887-4879-9716-dab5dcddbebe\",\"permission_id\":\"35d0dcaf-8b47-4333-b402-a91709e0fc31\",\"permission\":{\"action\":\"read\",\"subject\":\"File\",\"conditions\":[]}},{\"role_id\":\"4dd71768-1887-4879-9716-dab5dcddbebe\",\"permission_id\":\"e57bb9e8-ae84-4eaa-8022-c6a84281aaff\",\"permission\":{\"action\":\"create\",\"subject\":\"File\",\"conditions\":[]}},{\"role_id\":\"4dd71768-1887-4879-9716-dab5dcddbebe\",\"permission_id\":\"160ace45-3feb-4708-8eae-92a7b94b01f9\",\"permission\":{\"action\":\"delete\",\"subject\":\"File\",\"conditions\":[]}},{\"role_id\":\"4dd71768-1887-4879-9716-dab5dcddbebe\",\"permission_id\":\"31f694c5-76a4-4e2a-803d-9a9ea0e4ef63\",\"permission\":{\"action\":\"read\",\"subject\":\"IPWhitelist\",\"conditions\":[]}},{\"role_id\":\"4dd71768-1887-4879-9716-dab5dcddbebe\",\"permission_id\":\"ceac5cb1-ebc6-46c1-9d1e-efa0ace039db\",\"permission\":{\"action\":\"create\",\"subject\":\"IPWhitelist\",\"conditions\":[]}},{\"role_id\":\"4dd71768-1887-4879-9716-dab5dcddbebe\",\"permission_id\":\"3b21ac56-b1e9-4ad2-9ee9-d7a342829903\",\"permission\":{\"action\":\"delete\",\"subject\":\"IPWhitelist\",\"conditions\":[]}}]}}]}","requestId":"5dda22ba-016c-4265-8526-2d14f95aa1c8","timestamp":"2026-05-06T12:22:56.400Z"}
{"context":"LoggerMiddleware","level":"info","message":"[RequestID: 5dda22ba-016c-4265-8526-2d14f95aa1c8] GET /api/v1/auth/me | Status: 304 | Duration: 24ms | IP: ::1 | UserAgent: Mozilla/5.0 (Windows NT 10.0; Win64; x64) AppleWebKit/537.36 (KHTML, like Gecko) Chrome/147.0.0.0 Safari/537.36","requestId":"5dda22ba-016c-4265-8526-2d14f95aa1c8","timestamp":"2026-05-06T12:22:56.401Z"}
{"context":"AccessTokenGuard","level":"info","message":"isPublic: undefined","requestId":"8123fc90-3e4b-4fe8-8055-dfbe1c31e075","timestamp":"2026-05-06T12:32:21.774Z"}
{"context":"AccessTokenStrategy","level":"info","message":"user: {\"id\":\"cc6d2974-22cf-4b0b-9590-4b701cfa3c00\",\"username\":\"customer_001\",\"hashed_password\":\"scrypt:61b7465b5cc602c81ecaa66e31f0f570:064a122e33f58ab9bedcc806f62492b81e4451665c71c7dc3a5afd28b63aa6017713b59fb84dc9594c530b3bbe79c2bf5c738ae510f3152bf09f34a3b6d02482\",\"displayName\":\"Nguyễn Văn A\",\"token_version\":5,\"isActive\":true,\"createdAt\":\"2026-05-03T15:37:18.203Z\",\"updatedAt\":\"2026-05-04T09:10:04.759Z\",\"deletedAt\":null,\"roles\":[{\"user_id\":\"cc6d2974-22cf-4b0b-9590-4b701cfa3c00\",\"role_id\":\"4dd71768-1887-4879-9716-dab5dcddbebe\",\"assignedAt\":\"2026-05-06T11:53:17.723Z\",\"role\":{\"id\":\"4dd71768-1887-4879-9716-dab5dcddbebe\",\"name\":\"admin\",\"description\":\"Full system access\",\"permissions\":[{\"role_id\":\"4dd71768-1887-4879-9716-dab5dcddbebe\",\"permission_id\":\"7b2752ff-795f-49c6-abc7-d874550df97c\",\"permission\":{\"action\":\"read\",\"subject\":\"Department\",\"conditions\":[]}},{\"role_id\":\"4dd71768-1887-4879-9716-dab5dcddbebe\",\"permission_id\":\"d34ddd4b-bfe0-4f38-871c-5fe3c0f25c57\",\"permission\":{\"action\":\"create\",\"subject\":\"Department\",\"conditions\":[]}},{\"role_id\":\"4dd71768-1887-4879-9716-dab5dcddbebe\",\"permission_id\":\"a7c583f2-d8cf-4734-9113-c98e6c838ab8\",\"permission\":{\"action\":\"update\",\"subject\":\"Department\",\"conditions\":[]}},{\"role_id\":\"4dd71768-1887-4879-9716-dab5dcddbebe\",\"permission_id\":\"14b80590-7ca4-4131-9560-8d58349e74eb\",\"permission\":{\"action\":\"delete\",\"subject\":\"Department\",\"conditions\":[{\"conditions\":{\"end\":\"17:00\",\"type\":\"business_hours\",\"start\":\"08:00\"},\"attribute\":{\"name\":\"time\"}}]}},{\"role_id\":\"4dd71768-1887-4879-9716-dab5dcddbebe\",\"permission_id\":\"84f07ad6-e304-4f43-951d-e8c8eb599352\",\"permission\":{\"action\":\"read\",\"subject\":\"Port\",\"conditions\":[]}},{\"role_id\":\"4dd71768-1887-4879-9716-dab5dcddbebe\",\"permission_id\":\"be2db210-da42-4ec9-888d-3a0858978431\",\"permission\":{\"action\":\"create\",\"subject\":\"Port\",\"conditions\":[]}},{\"role_id\":\"4dd71768-1887-4879-9716-dab5dcddbebe\",\"permission_id\":\"7d8ec69e-467e-4f8e-a389-fa6ca6e256ed\",\"permission\":{\"action\":\"update\",\"subject\":\"Port\",\"conditions\":[]}},{\"role_id\":\"4dd71768-1887-4879-9716-dab5dcddbebe\",\"permission_id\":\"4f3bd475-3290-4ab8-982f-4dd670cb649c\",\"permission\":{\"action\":\"delete\",\"subject\":\"Port\",\"conditions\":[]}},{\"role_id\":\"4dd71768-1887-4879-9716-dab5dcddbebe\",\"permission_id\":\"35d0dcaf-8b47-4333-b402-a91709e0fc31\",\"permission\":{\"action\":\"read\",\"subject\":\"File\",\"conditions\":[]}},{\"role_id\":\"4dd71768-1887-4879-9716-dab5dcddbebe\",\"permission_id\":\"e57bb9e8-ae84-4eaa-8022-c6a84281aaff\",\"permission\":{\"action\":\"create\",\"subject\":\"File\",\"conditions\":[]}},{\"role_id\":\"4dd71768-1887-4879-9716-dab5dcddbebe\",\"permission_id\":\"160ace45-3feb-4708-8eae-92a7b94b01f9\",\"permission\":{\"action\":\"delete\",\"subject\":\"File\",\"conditions\":[]}},{\"role_id\":\"4dd71768-1887-4879-9716-dab5dcddbebe\",\"permission_id\":\"31f694c5-76a4-4e2a-803d-9a9ea0e4ef63\",\"permission\":{\"action\":\"read\",\"subject\":\"IPWhitelist\",\"conditions\":[]}},{\"role_id\":\"4dd71768-1887-4879-9716-dab5dcddbebe\",\"permission_id\":\"ceac5cb1-ebc6-46c1-9d1e-efa0ace039db\",\"permission\":{\"action\":\"create\",\"subject\":\"IPWhitelist\",\"conditions\":[]}},{\"role_id\":\"4dd71768-1887-4879-9716-dab5dcddbebe\",\"permission_id\":\"3b21ac56-b1e9-4ad2-9ee9-d7a342829903\",\"permission\":{\"action\":\"delete\",\"subject\":\"IPWhitelist\",\"conditions\":[]}}]}}]}","requestId":"8123fc90-3e4b-4fe8-8055-dfbe1c31e075","timestamp":"2026-05-06T12:32:21.796Z"}
{"context":"AuthService","level":"info","message":"payload: {\"id\":\"cc6d2974-22cf-4b0b-9590-4b701cfa3c00\",\"username\":\"customer_001\",\"hashed_password\":\"scrypt:61b7465b5cc602c81ecaa66e31f0f570:064a122e33f58ab9bedcc806f62492b81e4451665c71c7dc3a5afd28b63aa6017713b59fb84dc9594c530b3bbe79c2bf5c738ae510f3152bf09f34a3b6d02482\",\"displayName\":\"Nguyễn Văn A\",\"token_version\":5,\"isActive\":true,\"createdAt\":\"2026-05-03T15:37:18.203Z\",\"updatedAt\":\"2026-05-04T09:10:04.759Z\",\"deletedAt\":null,\"roles\":[{\"user_id\":\"cc6d2974-22cf-4b0b-9590-4b701cfa3c00\",\"role_id\":\"4dd71768-1887-4879-9716-dab5dcddbebe\",\"assignedAt\":\"2026-05-06T11:53:17.723Z\",\"role\":{\"id\":\"4dd71768-1887-4879-9716-dab5dcddbebe\",\"name\":\"admin\",\"description\":\"Full system access\",\"permissions\":[{\"role_id\":\"4dd71768-1887-4879-9716-dab5dcddbebe\",\"permission_id\":\"7b2752ff-795f-49c6-abc7-d874550df97c\",\"permission\":{\"action\":\"read\",\"subject\":\"Department\",\"conditions\":[]}},{\"role_id\":\"4dd71768-1887-4879-9716-dab5dcddbebe\",\"permission_id\":\"d34ddd4b-bfe0-4f38-871c-5fe3c0f25c57\",\"permission\":{\"action\":\"create\",\"subject\":\"Department\",\"conditions\":[]}},{\"role_id\":\"4dd71768-1887-4879-9716-dab5dcddbebe\",\"permission_id\":\"a7c583f2-d8cf-4734-9113-c98e6c838ab8\",\"permission\":{\"action\":\"update\",\"subject\":\"Department\",\"conditions\":[]}},{\"role_id\":\"4dd71768-1887-4879-9716-dab5dcddbebe\",\"permission_id\":\"14b80590-7ca4-4131-9560-8d58349e74eb\",\"permission\":{\"action\":\"delete\",\"subject\":\"Department\",\"conditions\":[{\"conditions\":{\"end\":\"17:00\",\"type\":\"business_hours\",\"start\":\"08:00\"},\"attribute\":{\"name\":\"time\"}}]}},{\"role_id\":\"4dd71768-1887-4879-9716-dab5dcddbebe\",\"permission_id\":\"84f07ad6-e304-4f43-951d-e8c8eb599352\",\"permission\":{\"action\":\"read\",\"subject\":\"Port\",\"conditions\":[]}},{\"role_id\":\"4dd71768-1887-4879-9716-dab5dcddbebe\",\"permission_id\":\"be2db210-da42-4ec9-888d-3a0858978431\",\"permission\":{\"action\":\"create\",\"subject\":\"Port\",\"conditions\":[]}},{\"role_id\":\"4dd71768-1887-4879-9716-dab5dcddbebe\",\"permission_id\":\"7d8ec69e-467e-4f8e-a389-fa6ca6e256ed\",\"permission\":{\"action\":\"update\",\"subject\":\"Port\",\"conditions\":[]}},{\"role_id\":\"4dd71768-1887-4879-9716-dab5dcddbebe\",\"permission_id\":\"4f3bd475-3290-4ab8-982f-4dd670cb649c\",\"permission\":{\"action\":\"delete\",\"subject\":\"Port\",\"conditions\":[]}},{\"role_id\":\"4dd71768-1887-4879-9716-dab5dcddbebe\",\"permission_id\":\"35d0dcaf-8b47-4333-b402-a91709e0fc31\",\"permission\":{\"action\":\"read\",\"subject\":\"File\",\"conditions\":[]}},{\"role_id\":\"4dd71768-1887-4879-9716-dab5dcddbebe\",\"permission_id\":\"e57bb9e8-ae84-4eaa-8022-c6a84281aaff\",\"permission\":{\"action\":\"create\",\"subject\":\"File\",\"conditions\":[]}},{\"role_id\":\"4dd71768-1887-4879-9716-dab5dcddbebe\",\"permission_id\":\"160ace45-3feb-4708-8eae-92a7b94b01f9\",\"permission\":{\"action\":\"delete\",\"subject\":\"File\",\"conditions\":[]}},{\"role_id\":\"4dd71768-1887-4879-9716-dab5dcddbebe\",\"permission_id\":\"31f694c5-76a4-4e2a-803d-9a9ea0e4ef63\",\"permission\":{\"action\":\"read\",\"subject\":\"IPWhitelist\",\"conditions\":[]}},{\"role_id\":\"4dd71768-1887-4879-9716-dab5dcddbebe\",\"permission_id\":\"ceac5cb1-ebc6-46c1-9d1e-efa0ace039db\",\"permission\":{\"action\":\"create\",\"subject\":\"IPWhitelist\",\"conditions\":[]}},{\"role_id\":\"4dd71768-1887-4879-9716-dab5dcddbebe\",\"permission_id\":\"3b21ac56-b1e9-4ad2-9ee9-d7a342829903\",\"permission\":{\"action\":\"delete\",\"subject\":\"IPWhitelist\",\"conditions\":[]}}]}}]}","requestId":"8123fc90-3e4b-4fe8-8055-dfbe1c31e075","timestamp":"2026-05-06T12:32:21.796Z"}
{"context":"AuthService","level":"info","message":"user: {\"id\":\"cc6d2974-22cf-4b0b-9590-4b701cfa3c00\",\"username\":\"customer_001\",\"hashed_password\":\"scrypt:61b7465b5cc602c81ecaa66e31f0f570:064a122e33f58ab9bedcc806f62492b81e4451665c71c7dc3a5afd28b63aa6017713b59fb84dc9594c530b3bbe79c2bf5c738ae510f3152bf09f34a3b6d02482\",\"displayName\":\"Nguyễn Văn A\",\"token_version\":5,\"isActive\":true,\"createdAt\":\"2026-05-03T15:37:18.203Z\",\"updatedAt\":\"2026-05-04T09:10:04.759Z\",\"deletedAt\":null,\"roles\":[{\"user_id\":\"cc6d2974-22cf-4b0b-9590-4b701cfa3c00\",\"role_id\":\"4dd71768-1887-4879-9716-dab5dcddbebe\",\"assignedAt\":\"2026-05-06T11:53:17.723Z\",\"role\":{\"id\":\"4dd71768-1887-4879-9716-dab5dcddbebe\",\"name\":\"admin\",\"description\":\"Full system access\",\"permissions\":[{\"role_id\":\"4dd71768-1887-4879-9716-dab5dcddbebe\",\"permission_id\":\"7b2752ff-795f-49c6-abc7-d874550df97c\",\"permission\":{\"action\":\"read\",\"subject\":\"Department\",\"conditions\":[]}},{\"role_id\":\"4dd71768-1887-4879-9716-dab5dcddbebe\",\"permission_id\":\"d34ddd4b-bfe0-4f38-871c-5fe3c0f25c57\",\"permission\":{\"action\":\"create\",\"subject\":\"Department\",\"conditions\":[]}},{\"role_id\":\"4dd71768-1887-4879-9716-dab5dcddbebe\",\"permission_id\":\"a7c583f2-d8cf-4734-9113-c98e6c838ab8\",\"permission\":{\"action\":\"update\",\"subject\":\"Department\",\"conditions\":[]}},{\"role_id\":\"4dd71768-1887-4879-9716-dab5dcddbebe\",\"permission_id\":\"14b80590-7ca4-4131-9560-8d58349e74eb\",\"permission\":{\"action\":\"delete\",\"subject\":\"Department\",\"conditions\":[{\"conditions\":{\"end\":\"17:00\",\"type\":\"business_hours\",\"start\":\"08:00\"},\"attribute\":{\"name\":\"time\"}}]}},{\"role_id\":\"4dd71768-1887-4879-9716-dab5dcddbebe\",\"permission_id\":\"84f07ad6-e304-4f43-951d-e8c8eb599352\",\"permission\":{\"action\":\"read\",\"subject\":\"Port\",\"conditions\":[]}},{\"role_id\":\"4dd71768-1887-4879-9716-dab5dcddbebe\",\"permission_id\":\"be2db210-da42-4ec9-888d-3a0858978431\",\"permission\":{\"action\":\"create\",\"subject\":\"Port\",\"conditions\":[]}},{\"role_id\":\"4dd71768-1887-4879-9716-dab5dcddbebe\",\"permission_id\":\"7d8ec69e-467e-4f8e-a389-fa6ca6e256ed\",\"permission\":{\"action\":\"update\",\"subject\":\"Port\",\"conditions\":[]}},{\"role_id\":\"4dd71768-1887-4879-9716-dab5dcddbebe\",\"permission_id\":\"4f3bd475-3290-4ab8-982f-4dd670cb649c\",\"permission\":{\"action\":\"delete\",\"subject\":\"Port\",\"conditions\":[]}},{\"role_id\":\"4dd71768-1887-4879-9716-dab5dcddbebe\",\"permission_id\":\"35d0dcaf-8b47-4333-b402-a91709e0fc31\",\"permission\":{\"action\":\"read\",\"subject\":\"File\",\"conditions\":[]}},{\"role_id\":\"4dd71768-1887-4879-9716-dab5dcddbebe\",\"permission_id\":\"e57bb9e8-ae84-4eaa-8022-c6a84281aaff\",\"permission\":{\"action\":\"create\",\"subject\":\"File\",\"conditions\":[]}},{\"role_id\":\"4dd71768-1887-4879-9716-dab5dcddbebe\",\"permission_id\":\"160ace45-3feb-4708-8eae-92a7b94b01f9\",\"permission\":{\"action\":\"delete\",\"subject\":\"File\",\"conditions\":[]}},{\"role_id\":\"4dd71768-1887-4879-9716-dab5dcddbebe\",\"permission_id\":\"31f694c5-76a4-4e2a-803d-9a9ea0e4ef63\",\"permission\":{\"action\":\"read\",\"subject\":\"IPWhitelist\",\"conditions\":[]}},{\"role_id\":\"4dd71768-1887-4879-9716-dab5dcddbebe\",\"permission_id\":\"ceac5cb1-ebc6-46c1-9d1e-efa0ace039db\",\"permission\":{\"action\":\"create\",\"subject\":\"IPWhitelist\",\"conditions\":[]}},{\"role_id\":\"4dd71768-1887-4879-9716-dab5dcddbebe\",\"permission_id\":\"3b21ac56-b1e9-4ad2-9ee9-d7a342829903\",\"permission\":{\"action\":\"delete\",\"subject\":\"IPWhitelist\",\"conditions\":[]}}]}}]}","requestId":"8123fc90-3e4b-4fe8-8055-dfbe1c31e075","timestamp":"2026-05-06T12:32:21.803Z"}
{"context":"LoggerMiddleware","level":"info","message":"[RequestID: 8123fc90-3e4b-4fe8-8055-dfbe1c31e075] GET /api/v1/auth/me | Status: 304 | Duration: 31ms | IP: ::1 | UserAgent: Mozilla/5.0 (Windows NT 10.0; Win64; x64) AppleWebKit/537.36 (KHTML, like Gecko) Chrome/147.0.0.0 Safari/537.36","requestId":"8123fc90-3e4b-4fe8-8055-dfbe1c31e075","timestamp":"2026-05-06T12:32:21.804Z"}
{"level":"info","message":"Khởi tạo ứng dụng...","timestamp":"2026-05-06T12:39:15.106Z"}
{"context":"NestFactory","level":"info","message":"Starting Nest application...","timestamp":"2026-05-06T12:39:15.203Z"}
{"context":"InstanceLoader","level":"info","message":"PassportModule dependencies initialized","timestamp":"2026-05-06T12:39:15.210Z"}
{"context":"InstanceLoader","level":"info","message":"ConfigHostModule dependencies initialized","timestamp":"2026-05-06T12:39:15.211Z"}
{"context":"InstanceLoader","level":"info","message":"AppModule dependencies initialized","timestamp":"2026-05-06T12:39:15.211Z"}
{"context":"PrismaService","level":"info","message":"🔌 Prisma Connection String: postgresql://admin:******@localhost:5433/kyc_asset_db?schema=public","timestamp":"2026-05-06T12:39:15.213Z"}
{"context":"InstanceLoader","level":"info","message":"PortsModule dependencies initialized","timestamp":"2026-05-06T12:39:15.214Z"}
{"context":"InstanceLoader","level":"info","message":"FilesModule dependencies initialized","timestamp":"2026-05-06T12:39:15.214Z"}
{"context":"InstanceLoader","level":"info","message":"ConfigModule dependencies initialized","timestamp":"2026-05-06T12:39:15.214Z"}
{"context":"InstanceLoader","level":"info","message":"CommonModule dependencies initialized","timestamp":"2026-05-06T12:39:15.214Z"}
{"context":"InstanceLoader","level":"info","message":"JwtModule dependencies initialized","timestamp":"2026-05-06T12:39:15.215Z"}
{"context":"InstanceLoader","level":"info","message":"PrismaModule dependencies initialized","timestamp":"2026-05-06T12:39:15.215Z"}
{"context":"InstanceLoader","level":"info","message":"WhitelistIpModule dependencies initialized","timestamp":"2026-05-06T12:39:15.216Z"}
{"context":"InstanceLoader","level":"info","message":"AttributeModule dependencies initialized","timestamp":"2026-05-06T12:39:15.217Z"}
{"context":"InstanceLoader","level":"info","message":"DepartmentsModule dependencies initialized","timestamp":"2026-05-06T12:39:15.217Z"}
{"context":"InstanceLoader","level":"info","message":"UsersModule dependencies initialized","timestamp":"2026-05-06T12:39:15.217Z"}
{"context":"InstanceLoader","level":"info","message":"RolesModule dependencies initialized","timestamp":"2026-05-06T12:39:15.217Z"}
{"context":"InstanceLoader","level":"info","message":"PermissionsModule dependencies initialized","timestamp":"2026-05-06T12:39:15.217Z"}
{"context":"InstanceLoader","level":"info","message":"AuthModule dependencies initialized","timestamp":"2026-05-06T12:39:15.217Z"}
{"context":"LegacyRouteConverter","level":"warn","message":"Unsupported route path: \"/api/v1/*\". In previous versions, the symbols ?, *, and + were used to denote optional or repeating path parameters. The latest version of \"path-to-regexp\" now requires the use of named parameters. For example, instead of using a route like /users/* to capture all routes starting with \"/users\", you should use /users/*path. For more details, refer to the migration guide. Attempting to auto-convert...","timestamp":"2026-05-06T12:39:15.262Z"}
{"context":"RoutesResolver","level":"info","message":"AppController {/api/v1/ping}:","timestamp":"2026-05-06T12:39:15.263Z"}
{"context":"RouterExplorer","level":"info","message":"Mapped {/api/v1/ping, GET} route","timestamp":"2026-05-06T12:39:15.265Z"}
{"context":"RoutesResolver","level":"info","message":"UsersController {/api/v1/users}:","timestamp":"2026-05-06T12:39:15.266Z"}
{"context":"RouterExplorer","level":"info","message":"Mapped {/api/v1/users, POST} route","timestamp":"2026-05-06T12:39:15.267Z"}
{"context":"RouterExplorer","level":"info","message":"Mapped {/api/v1/users, GET} route","timestamp":"2026-05-06T12:39:15.267Z"}
{"context":"RouterExplorer","level":"info","message":"Mapped {/api/v1/users/:id, GET} route","timestamp":"2026-05-06T12:39:15.268Z"}
{"context":"RouterExplorer","level":"info","message":"Mapped {/api/v1/users/:id, PATCH} route","timestamp":"2026-05-06T12:39:15.269Z"}
{"context":"RouterExplorer","level":"info","message":"Mapped {/api/v1/users/:id, DELETE} route","timestamp":"2026-05-06T12:39:15.269Z"}
{"context":"RoutesResolver","level":"info","message":"WhitelistIpController {/api/v1/whitelist-ip}:","timestamp":"2026-05-06T12:39:15.269Z"}
{"context":"RouterExplorer","level":"info","message":"Mapped {/api/v1/whitelist-ip, POST} route","timestamp":"2026-05-06T12:39:15.271Z"}
{"context":"RouterExplorer","level":"info","message":"Mapped {/api/v1/whitelist-ip, GET} route","timestamp":"2026-05-06T12:39:15.271Z"}
{"context":"RouterExplorer","level":"info","message":"Mapped {/api/v1/whitelist-ip/:id, GET} route","timestamp":"2026-05-06T12:39:15.272Z"}
{"context":"RouterExplorer","level":"info","message":"Mapped {/api/v1/whitelist-ip/:id, PATCH} route","timestamp":"2026-05-06T12:39:15.273Z"}
{"context":"RouterExplorer","level":"info","message":"Mapped {/api/v1/whitelist-ip/:id, DELETE} route","timestamp":"2026-05-06T12:39:15.273Z"}
{"context":"RoutesResolver","level":"info","message":"RolesController {/api/v1/roles}:","timestamp":"2026-05-06T12:39:15.274Z"}
{"context":"RouterExplorer","level":"info","message":"Mapped {/api/v1/roles, POST} route","timestamp":"2026-05-06T12:39:15.274Z"}
{"context":"RouterExplorer","level":"info","message":"Mapped {/api/v1/roles, GET} route","timestamp":"2026-05-06T12:39:15.275Z"}
{"context":"RouterExplorer","level":"info","message":"Mapped {/api/v1/roles/:id, GET} route","timestamp":"2026-05-06T12:39:15.275Z"}
{"context":"RouterExplorer","level":"info","message":"Mapped {/api/v1/roles/:id, PATCH} route","timestamp":"2026-05-06T12:39:15.276Z"}
{"context":"RouterExplorer","level":"info","message":"Mapped {/api/v1/roles/:id, DELETE} route","timestamp":"2026-05-06T12:39:15.276Z"}
{"context":"RoutesResolver","level":"info","message":"PermissionsController {/api/v1/permissions}:","timestamp":"2026-05-06T12:39:15.276Z"}
{"context":"RouterExplorer","level":"info","message":"Mapped {/api/v1/permissions, POST} route","timestamp":"2026-05-06T12:39:15.277Z"}
{"context":"RouterExplorer","level":"info","message":"Mapped {/api/v1/permissions, GET} route","timestamp":"2026-05-06T12:39:15.277Z"}
{"context":"RouterExplorer","level":"info","message":"Mapped {/api/v1/permissions/:id, PATCH} route","timestamp":"2026-05-06T12:39:15.278Z"}
{"context":"RouterExplorer","level":"info","message":"Mapped {/api/v1/permissions/:id, DELETE} route","timestamp":"2026-05-06T12:39:15.278Z"}
{"context":"RoutesResolver","level":"info","message":"AuthController {/api/v1/auth}:","timestamp":"2026-05-06T12:39:15.279Z"}
{"context":"RouterExplorer","level":"info","message":"Mapped {/api/v1/auth/register, POST} route","timestamp":"2026-05-06T12:39:15.279Z"}
{"context":"RouterExplorer","level":"info","message":"Mapped {/api/v1/auth/login, POST} route","timestamp":"2026-05-06T12:39:15.280Z"}
{"context":"RouterExplorer","level":"info","message":"Mapped {/api/v1/auth/refresh, POST} route","timestamp":"2026-05-06T12:39:15.280Z"}
{"context":"RouterExplorer","level":"info","message":"Mapped {/api/v1/auth/logout, POST} route","timestamp":"2026-05-06T12:39:15.281Z"}
{"context":"RouterExplorer","level":"info","message":"Mapped {/api/v1/auth/me, GET} route","timestamp":"2026-05-06T12:39:15.281Z"}
{"context":"RouterExplorer","level":"info","message":"Mapped {/api/v1/auth/me/password, PATCH} route","timestamp":"2026-05-06T12:39:15.282Z"}
{"context":"RoutesResolver","level":"info","message":"AttributeController {/api/v1/attribute}:","timestamp":"2026-05-06T12:39:15.282Z"}
{"context":"RouterExplorer","level":"info","message":"Mapped {/api/v1/attribute, POST} route","timestamp":"2026-05-06T12:39:15.283Z"}
{"context":"RouterExplorer","level":"info","message":"Mapped {/api/v1/attribute, GET} route","timestamp":"2026-05-06T12:39:15.283Z"}
{"context":"RouterExplorer","level":"info","message":"Mapped {/api/v1/attribute/:id, GET} route","timestamp":"2026-05-06T12:39:15.284Z"}
{"context":"RouterExplorer","level":"info","message":"Mapped {/api/v1/attribute/:id, PATCH} route","timestamp":"2026-05-06T12:39:15.284Z"}
{"context":"RouterExplorer","level":"info","message":"Mapped {/api/v1/attribute/:id, DELETE} route","timestamp":"2026-05-06T12:39:15.284Z"}
{"context":"RoutesResolver","level":"info","message":"DepartmentsController {/api/v1/departments}:","timestamp":"2026-05-06T12:39:15.285Z"}
{"context":"RouterExplorer","level":"info","message":"Mapped {/api/v1/departments, POST} route","timestamp":"2026-05-06T12:39:15.286Z"}
{"context":"RouterExplorer","level":"info","message":"Mapped {/api/v1/departments, GET} route","timestamp":"2026-05-06T12:39:15.286Z"}
{"context":"RouterExplorer","level":"info","message":"Mapped {/api/v1/departments/:id, GET} route","timestamp":"2026-05-06T12:39:15.286Z"}
{"context":"RouterExplorer","level":"info","message":"Mapped {/api/v1/departments/:id, PATCH} route","timestamp":"2026-05-06T12:39:15.287Z"}
{"context":"RouterExplorer","level":"info","message":"Mapped {/api/v1/departments/:id, DELETE} route","timestamp":"2026-05-06T12:39:15.287Z"}
{"context":"RoutesResolver","level":"info","message":"PortsController {/api/v1/ports}:","timestamp":"2026-05-06T12:39:15.288Z"}
{"context":"RouterExplorer","level":"info","message":"Mapped {/api/v1/ports, POST} route","timestamp":"2026-05-06T12:39:15.288Z"}
{"context":"RouterExplorer","level":"info","message":"Mapped {/api/v1/ports, GET} route","timestamp":"2026-05-06T12:39:15.288Z"}
{"context":"RouterExplorer","level":"info","message":"Mapped {/api/v1/ports/:id, GET} route","timestamp":"2026-05-06T12:39:15.289Z"}
{"context":"RouterExplorer","level":"info","message":"Mapped {/api/v1/ports/:id, PATCH} route","timestamp":"2026-05-06T12:39:15.289Z"}
{"context":"RouterExplorer","level":"info","message":"Mapped {/api/v1/ports/:id, DELETE} route","timestamp":"2026-05-06T12:39:15.290Z"}
{"context":"RoutesResolver","level":"info","message":"FilesController {/api/v1/files}:","timestamp":"2026-05-06T12:39:15.290Z"}
{"context":"RouterExplorer","level":"info","message":"Mapped {/api/v1/files, POST} route","timestamp":"2026-05-06T12:39:15.291Z"}
{"context":"RouterExplorer","level":"info","message":"Mapped {/api/v1/files, GET} route","timestamp":"2026-05-06T12:39:15.291Z"}
{"context":"RouterExplorer","level":"info","message":"Mapped {/api/v1/files/:id, GET} route","timestamp":"2026-05-06T12:39:15.291Z"}
{"context":"RouterExplorer","level":"info","message":"Mapped {/api/v1/files/:id, PATCH} route","timestamp":"2026-05-06T12:39:15.292Z"}
{"context":"RouterExplorer","level":"info","message":"Mapped {/api/v1/files/:id, DELETE} route","timestamp":"2026-05-06T12:39:15.292Z"}
{"context":"PrismaService","level":"info","message":"Kết nối database thành công","timestamp":"2026-05-06T12:39:15.336Z"}
{"context":"NestApplication","level":"info","message":"Nest application successfully started","timestamp":"2026-05-06T12:39:15.341Z"}
{"level":"info","message":"Khởi tạo ứng dụng...","timestamp":"2026-05-06T12:39:17.397Z"}
{"context":"NestFactory","level":"info","message":"Starting Nest application...","timestamp":"2026-05-06T12:39:17.469Z"}
{"context":"InstanceLoader","level":"info","message":"PassportModule dependencies initialized","timestamp":"2026-05-06T12:39:17.476Z"}
{"context":"InstanceLoader","level":"info","message":"ConfigHostModule dependencies initialized","timestamp":"2026-05-06T12:39:17.477Z"}
{"context":"InstanceLoader","level":"info","message":"AppModule dependencies initialized","timestamp":"2026-05-06T12:39:17.477Z"}
{"context":"PrismaService","level":"info","message":"🔌 Prisma Connection String: postgresql://admin:******@localhost:5433/kyc_asset_db?schema=public","timestamp":"2026-05-06T12:39:17.480Z"}
{"context":"InstanceLoader","level":"info","message":"PortsModule dependencies initialized","timestamp":"2026-05-06T12:39:17.480Z"}
{"context":"InstanceLoader","level":"info","message":"FilesModule dependencies initialized","timestamp":"2026-05-06T12:39:17.480Z"}
{"context":"InstanceLoader","level":"info","message":"ConfigModule dependencies initialized","timestamp":"2026-05-06T12:39:17.480Z"}
{"context":"InstanceLoader","level":"info","message":"CommonModule dependencies initialized","timestamp":"2026-05-06T12:39:17.480Z"}
{"context":"InstanceLoader","level":"info","message":"JwtModule dependencies initialized","timestamp":"2026-05-06T12:39:17.481Z"}
{"context":"InstanceLoader","level":"info","message":"PrismaModule dependencies initialized","timestamp":"2026-05-06T12:39:17.481Z"}
{"context":"InstanceLoader","level":"info","message":"WhitelistIpModule dependencies initialized","timestamp":"2026-05-06T12:39:17.483Z"}
{"context":"InstanceLoader","level":"info","message":"AttributeModule dependencies initialized","timestamp":"2026-05-06T12:39:17.483Z"}
{"context":"InstanceLoader","level":"info","message":"DepartmentsModule dependencies initialized","timestamp":"2026-05-06T12:39:17.483Z"}
{"context":"InstanceLoader","level":"info","message":"UsersModule dependencies initialized","timestamp":"2026-05-06T12:39:17.483Z"}
{"context":"InstanceLoader","level":"info","message":"RolesModule dependencies initialized","timestamp":"2026-05-06T12:39:17.483Z"}
{"context":"InstanceLoader","level":"info","message":"PermissionsModule dependencies initialized","timestamp":"2026-05-06T12:39:17.483Z"}
{"context":"InstanceLoader","level":"info","message":"AuthModule dependencies initialized","timestamp":"2026-05-06T12:39:17.483Z"}
{"context":"LegacyRouteConverter","level":"warn","message":"Unsupported route path: \"/api/v1/*\". In previous versions, the symbols ?, *, and + were used to denote optional or repeating path parameters. The latest version of \"path-to-regexp\" now requires the use of named parameters. For example, instead of using a route like /users/* to capture all routes starting with \"/users\", you should use /users/*path. For more details, refer to the migration guide. Attempting to auto-convert...","timestamp":"2026-05-06T12:39:17.507Z"}
{"context":"RoutesResolver","level":"info","message":"AppController {/api/v1/ping}:","timestamp":"2026-05-06T12:39:17.508Z"}
{"context":"RouterExplorer","level":"info","message":"Mapped {/api/v1/ping, GET} route","timestamp":"2026-05-06T12:39:17.509Z"}
{"context":"RoutesResolver","level":"info","message":"UsersController {/api/v1/users}:","timestamp":"2026-05-06T12:39:17.509Z"}
{"context":"RouterExplorer","level":"info","message":"Mapped {/api/v1/users, POST} route","timestamp":"2026-05-06T12:39:17.510Z"}
{"context":"RouterExplorer","level":"info","message":"Mapped {/api/v1/users, GET} route","timestamp":"2026-05-06T12:39:17.510Z"}
{"context":"RouterExplorer","level":"info","message":"Mapped {/api/v1/users/:id, GET} route","timestamp":"2026-05-06T12:39:17.511Z"}
{"context":"RouterExplorer","level":"info","message":"Mapped {/api/v1/users/:id, PATCH} route","timestamp":"2026-05-06T12:39:17.511Z"}
{"context":"RouterExplorer","level":"info","message":"Mapped {/api/v1/users/:id, DELETE} route","timestamp":"2026-05-06T12:39:17.511Z"}
{"context":"RoutesResolver","level":"info","message":"WhitelistIpController {/api/v1/whitelist-ip}:","timestamp":"2026-05-06T12:39:17.511Z"}
{"context":"RouterExplorer","level":"info","message":"Mapped {/api/v1/whitelist-ip, POST} route","timestamp":"2026-05-06T12:39:17.511Z"}
{"context":"RouterExplorer","level":"info","message":"Mapped {/api/v1/whitelist-ip, GET} route","timestamp":"2026-05-06T12:39:17.512Z"}
{"context":"RouterExplorer","level":"info","message":"Mapped {/api/v1/whitelist-ip/:id, GET} route","timestamp":"2026-05-06T12:39:17.512Z"}
{"context":"RouterExplorer","level":"info","message":"Mapped {/api/v1/whitelist-ip/:id, PATCH} route","timestamp":"2026-05-06T12:39:17.512Z"}
{"context":"RouterExplorer","level":"info","message":"Mapped {/api/v1/whitelist-ip/:id, DELETE} route","timestamp":"2026-05-06T12:39:17.512Z"}
{"context":"RoutesResolver","level":"info","message":"RolesController {/api/v1/roles}:","timestamp":"2026-05-06T12:39:17.512Z"}
{"context":"RouterExplorer","level":"info","message":"Mapped {/api/v1/roles, POST} route","timestamp":"2026-05-06T12:39:17.513Z"}
{"context":"RouterExplorer","level":"info","message":"Mapped {/api/v1/roles, GET} route","timestamp":"2026-05-06T12:39:17.513Z"}
{"context":"RouterExplorer","level":"info","message":"Mapped {/api/v1/roles/:id, GET} route","timestamp":"2026-05-06T12:39:17.513Z"}
{"context":"RouterExplorer","level":"info","message":"Mapped {/api/v1/roles/:id, PATCH} route","timestamp":"2026-05-06T12:39:17.513Z"}
{"context":"RouterExplorer","level":"info","message":"Mapped {/api/v1/roles/:id, DELETE} route","timestamp":"2026-05-06T12:39:17.514Z"}
{"context":"RoutesResolver","level":"info","message":"PermissionsController {/api/v1/permissions}:","timestamp":"2026-05-06T12:39:17.514Z"}
{"context":"RouterExplorer","level":"info","message":"Mapped {/api/v1/permissions, POST} route","timestamp":"2026-05-06T12:39:17.514Z"}
{"context":"RouterExplorer","level":"info","message":"Mapped {/api/v1/permissions, GET} route","timestamp":"2026-05-06T12:39:17.514Z"}
{"context":"RouterExplorer","level":"info","message":"Mapped {/api/v1/permissions/:id, PATCH} route","timestamp":"2026-05-06T12:39:17.514Z"}
{"context":"RouterExplorer","level":"info","message":"Mapped {/api/v1/permissions/:id, DELETE} route","timestamp":"2026-05-06T12:39:17.515Z"}
{"context":"RoutesResolver","level":"info","message":"AuthController {/api/v1/auth}:","timestamp":"2026-05-06T12:39:17.515Z"}
{"context":"RouterExplorer","level":"info","message":"Mapped {/api/v1/auth/register, POST} route","timestamp":"2026-05-06T12:39:17.515Z"}
{"context":"RouterExplorer","level":"info","message":"Mapped {/api/v1/auth/login, POST} route","timestamp":"2026-05-06T12:39:17.515Z"}
{"context":"RouterExplorer","level":"info","message":"Mapped {/api/v1/auth/refresh, POST} route","timestamp":"2026-05-06T12:39:17.516Z"}
{"context":"RouterExplorer","level":"info","message":"Mapped {/api/v1/auth/logout, POST} route","timestamp":"2026-05-06T12:39:17.516Z"}
{"context":"RouterExplorer","level":"info","message":"Mapped {/api/v1/auth/me, GET} route","timestamp":"2026-05-06T12:39:17.516Z"}
{"context":"RouterExplorer","level":"info","message":"Mapped {/api/v1/auth/me/password, PATCH} route","timestamp":"2026-05-06T12:39:17.516Z"}
{"context":"RoutesResolver","level":"info","message":"AttributeController {/api/v1/attribute}:","timestamp":"2026-05-06T12:39:17.516Z"}
{"context":"RouterExplorer","level":"info","message":"Mapped {/api/v1/attribute, POST} route","timestamp":"2026-05-06T12:39:17.516Z"}
{"context":"RouterExplorer","level":"info","message":"Mapped {/api/v1/attribute, GET} route","timestamp":"2026-05-06T12:39:17.516Z"}
{"context":"RouterExplorer","level":"info","message":"Mapped {/api/v1/attribute/:id, GET} route","timestamp":"2026-05-06T12:39:17.517Z"}
{"context":"RouterExplorer","level":"info","message":"Mapped {/api/v1/attribute/:id, PATCH} route","timestamp":"2026-05-06T12:39:17.517Z"}
{"context":"RouterExplorer","level":"info","message":"Mapped {/api/v1/attribute/:id, DELETE} route","timestamp":"2026-05-06T12:39:17.517Z"}
{"context":"RoutesResolver","level":"info","message":"DepartmentsController {/api/v1/departments}:","timestamp":"2026-05-06T12:39:17.517Z"}
{"context":"RouterExplorer","level":"info","message":"Mapped {/api/v1/departments, POST} route","timestamp":"2026-05-06T12:39:17.517Z"}
{"context":"RouterExplorer","level":"info","message":"Mapped {/api/v1/departments, GET} route","timestamp":"2026-05-06T12:39:17.517Z"}
{"context":"RouterExplorer","level":"info","message":"Mapped {/api/v1/departments/:id, GET} route","timestamp":"2026-05-06T12:39:17.518Z"}
{"context":"RouterExplorer","level":"info","message":"Mapped {/api/v1/departments/:id, PATCH} route","timestamp":"2026-05-06T12:39:17.518Z"}
{"context":"RouterExplorer","level":"info","message":"Mapped {/api/v1/departments/:id, DELETE} route","timestamp":"2026-05-06T12:39:17.518Z"}
{"context":"RoutesResolver","level":"info","message":"PortsController {/api/v1/ports}:","timestamp":"2026-05-06T12:39:17.518Z"}
{"context":"RouterExplorer","level":"info","message":"Mapped {/api/v1/ports, POST} route","timestamp":"2026-05-06T12:39:17.518Z"}
{"context":"RouterExplorer","level":"info","message":"Mapped {/api/v1/ports, GET} route","timestamp":"2026-05-06T12:39:17.519Z"}
{"context":"RouterExplorer","level":"info","message":"Mapped {/api/v1/ports/:id, GET} route","timestamp":"2026-05-06T12:39:17.519Z"}
{"context":"RouterExplorer","level":"info","message":"Mapped {/api/v1/ports/:id, PATCH} route","timestamp":"2026-05-06T12:39:17.519Z"}
{"context":"RouterExplorer","level":"info","message":"Mapped {/api/v1/ports/:id, DELETE} route","timestamp":"2026-05-06T12:39:17.519Z"}
{"context":"RoutesResolver","level":"info","message":"FilesController {/api/v1/files}:","timestamp":"2026-05-06T12:39:17.519Z"}
{"context":"RouterExplorer","level":"info","message":"Mapped {/api/v1/files, POST} route","timestamp":"2026-05-06T12:39:17.519Z"}
{"context":"RouterExplorer","level":"info","message":"Mapped {/api/v1/files, GET} route","timestamp":"2026-05-06T12:39:17.520Z"}
{"context":"RouterExplorer","level":"info","message":"Mapped {/api/v1/files/:id, GET} route","timestamp":"2026-05-06T12:39:17.520Z"}
{"context":"RouterExplorer","level":"info","message":"Mapped {/api/v1/files/:id, PATCH} route","timestamp":"2026-05-06T12:39:17.520Z"}
{"context":"RouterExplorer","level":"info","message":"Mapped {/api/v1/files/:id, DELETE} route","timestamp":"2026-05-06T12:39:17.520Z"}
{"context":"PrismaService","level":"info","message":"Kết nối database thành công","timestamp":"2026-05-06T12:39:17.558Z"}
{"context":"NestApplication","level":"info","message":"Nest application successfully started","timestamp":"2026-05-06T12:39:17.563Z"}
{"level":"info","message":"Khởi tạo ứng dụng...","timestamp":"2026-05-06T12:47:11.915Z"}
{"context":"NestFactory","level":"info","message":"Starting Nest application...","timestamp":"2026-05-06T12:47:11.988Z"}
{"context":"InstanceLoader","level":"info","message":"PassportModule dependencies initialized","timestamp":"2026-05-06T12:47:11.996Z"}
{"context":"InstanceLoader","level":"info","message":"ConfigHostModule dependencies initialized","timestamp":"2026-05-06T12:47:11.996Z"}
{"context":"InstanceLoader","level":"info","message":"AppModule dependencies initialized","timestamp":"2026-05-06T12:47:11.996Z"}
{"context":"PrismaService","level":"info","message":"🔌 Prisma Connection String: postgresql://admin:******@localhost:5433/kyc_asset_db?schema=public","timestamp":"2026-05-06T12:47:12.000Z"}
{"context":"InstanceLoader","level":"info","message":"PortsModule dependencies initialized","timestamp":"2026-05-06T12:47:12.000Z"}
{"context":"InstanceLoader","level":"info","message":"FilesModule dependencies initialized","timestamp":"2026-05-06T12:47:12.000Z"}
{"context":"InstanceLoader","level":"info","message":"ConfigModule dependencies initialized","timestamp":"2026-05-06T12:47:12.000Z"}
{"context":"InstanceLoader","level":"info","message":"CommonModule dependencies initialized","timestamp":"2026-05-06T12:47:12.000Z"}
{"context":"InstanceLoader","level":"info","message":"JwtModule dependencies initialized","timestamp":"2026-05-06T12:47:12.001Z"}
{"context":"InstanceLoader","level":"info","message":"PrismaModule dependencies initialized","timestamp":"2026-05-06T12:47:12.001Z"}
{"context":"InstanceLoader","level":"info","message":"WhitelistIpModule dependencies initialized","timestamp":"2026-05-06T12:47:12.003Z"}
{"context":"InstanceLoader","level":"info","message":"AttributeModule dependencies initialized","timestamp":"2026-05-06T12:47:12.003Z"}
{"context":"InstanceLoader","level":"info","message":"DepartmentsModule dependencies initialized","timestamp":"2026-05-06T12:47:12.003Z"}
{"context":"InstanceLoader","level":"info","message":"UsersModule dependencies initialized","timestamp":"2026-05-06T12:47:12.003Z"}
{"context":"InstanceLoader","level":"info","message":"RolesModule dependencies initialized","timestamp":"2026-05-06T12:47:12.003Z"}
{"context":"InstanceLoader","level":"info","message":"PermissionsModule dependencies initialized","timestamp":"2026-05-06T12:47:12.004Z"}
{"context":"InstanceLoader","level":"info","message":"AuthModule dependencies initialized","timestamp":"2026-05-06T12:47:12.004Z"}
{"context":"LegacyRouteConverter","level":"warn","message":"Unsupported route path: \"/api/v1/*\". In previous versions, the symbols ?, *, and + were used to denote optional or repeating path parameters. The latest version of \"path-to-regexp\" now requires the use of named parameters. For example, instead of using a route like /users/* to capture all routes starting with \"/users\", you should use /users/*path. For more details, refer to the migration guide. Attempting to auto-convert...","timestamp":"2026-05-06T12:47:12.034Z"}
{"context":"RoutesResolver","level":"info","message":"AppController {/api/v1/ping}:","timestamp":"2026-05-06T12:47:12.034Z"}
{"context":"RouterExplorer","level":"info","message":"Mapped {/api/v1/ping, GET} route","timestamp":"2026-05-06T12:47:12.036Z"}
{"context":"RoutesResolver","level":"info","message":"UsersController {/api/v1/users}:","timestamp":"2026-05-06T12:47:12.036Z"}
{"context":"RouterExplorer","level":"info","message":"Mapped {/api/v1/users, POST} route","timestamp":"2026-05-06T12:47:12.036Z"}
{"context":"RouterExplorer","level":"info","message":"Mapped {/api/v1/users, GET} route","timestamp":"2026-05-06T12:47:12.036Z"}
{"context":"RouterExplorer","level":"info","message":"Mapped {/api/v1/users/:id, GET} route","timestamp":"2026-05-06T12:47:12.037Z"}
{"context":"RouterExplorer","level":"info","message":"Mapped {/api/v1/users/:id, PATCH} route","timestamp":"2026-05-06T12:47:12.037Z"}
{"context":"RouterExplorer","level":"info","message":"Mapped {/api/v1/users/:id, DELETE} route","timestamp":"2026-05-06T12:47:12.037Z"}
{"context":"RoutesResolver","level":"info","message":"WhitelistIpController {/api/v1/whitelist-ip}:","timestamp":"2026-05-06T12:47:12.037Z"}
{"context":"RouterExplorer","level":"info","message":"Mapped {/api/v1/whitelist-ip, POST} route","timestamp":"2026-05-06T12:47:12.038Z"}
{"context":"RouterExplorer","level":"info","message":"Mapped {/api/v1/whitelist-ip, GET} route","timestamp":"2026-05-06T12:47:12.038Z"}
{"context":"RouterExplorer","level":"info","message":"Mapped {/api/v1/whitelist-ip/:id, GET} route","timestamp":"2026-05-06T12:47:12.038Z"}
{"context":"RouterExplorer","level":"info","message":"Mapped {/api/v1/whitelist-ip/:id, PATCH} route","timestamp":"2026-05-06T12:47:12.039Z"}
{"context":"RouterExplorer","level":"info","message":"Mapped {/api/v1/whitelist-ip/:id, DELETE} route","timestamp":"2026-05-06T12:47:12.039Z"}
{"context":"RoutesResolver","level":"info","message":"RolesController {/api/v1/roles}:","timestamp":"2026-05-06T12:47:12.039Z"}
{"context":"RouterExplorer","level":"info","message":"Mapped {/api/v1/roles, POST} route","timestamp":"2026-05-06T12:47:12.039Z"}
{"context":"RouterExplorer","level":"info","message":"Mapped {/api/v1/roles, GET} route","timestamp":"2026-05-06T12:47:12.039Z"}
{"context":"RouterExplorer","level":"info","message":"Mapped {/api/v1/roles/:id, GET} route","timestamp":"2026-05-06T12:47:12.040Z"}
{"context":"RouterExplorer","level":"info","message":"Mapped {/api/v1/roles/:id, PATCH} route","timestamp":"2026-05-06T12:47:12.040Z"}
{"context":"RouterExplorer","level":"info","message":"Mapped {/api/v1/roles/:id, DELETE} route","timestamp":"2026-05-06T12:47:12.040Z"}
{"context":"RoutesResolver","level":"info","message":"PermissionsController {/api/v1/permissions}:","timestamp":"2026-05-06T12:47:12.040Z"}
{"context":"RouterExplorer","level":"info","message":"Mapped {/api/v1/permissions, POST} route","timestamp":"2026-05-06T12:47:12.040Z"}
{"context":"RouterExplorer","level":"info","message":"Mapped {/api/v1/permissions, GET} route","timestamp":"2026-05-06T12:47:12.040Z"}
{"context":"RouterExplorer","level":"info","message":"Mapped {/api/v1/permissions/:id, PATCH} route","timestamp":"2026-05-06T12:47:12.040Z"}
{"context":"RouterExplorer","level":"info","message":"Mapped {/api/v1/permissions/:id, DELETE} route","timestamp":"2026-05-06T12:47:12.041Z"}
{"context":"RoutesResolver","level":"info","message":"AuthController {/api/v1/auth}:","timestamp":"2026-05-06T12:47:12.041Z"}
{"context":"RouterExplorer","level":"info","message":"Mapped {/api/v1/auth/register, POST} route","timestamp":"2026-05-06T12:47:12.041Z"}
{"context":"RouterExplorer","level":"info","message":"Mapped {/api/v1/auth/login, POST} route","timestamp":"2026-05-06T12:47:12.041Z"}
{"context":"RouterExplorer","level":"info","message":"Mapped {/api/v1/auth/refresh, POST} route","timestamp":"2026-05-06T12:47:12.041Z"}
{"context":"RouterExplorer","level":"info","message":"Mapped {/api/v1/auth/logout, POST} route","timestamp":"2026-05-06T12:47:12.042Z"}
{"context":"RouterExplorer","level":"info","message":"Mapped {/api/v1/auth/me, GET} route","timestamp":"2026-05-06T12:47:12.042Z"}
{"context":"RouterExplorer","level":"info","message":"Mapped {/api/v1/auth/me/password, PATCH} route","timestamp":"2026-05-06T12:47:12.042Z"}
{"context":"RoutesResolver","level":"info","message":"AttributeController {/api/v1/attribute}:","timestamp":"2026-05-06T12:47:12.042Z"}
{"context":"RouterExplorer","level":"info","message":"Mapped {/api/v1/attribute, POST} route","timestamp":"2026-05-06T12:47:12.042Z"}
{"context":"RouterExplorer","level":"info","message":"Mapped {/api/v1/attribute, GET} route","timestamp":"2026-05-06T12:47:12.043Z"}
{"context":"RouterExplorer","level":"info","message":"Mapped {/api/v1/attribute/:id, GET} route","timestamp":"2026-05-06T12:47:12.043Z"}
{"context":"RouterExplorer","level":"info","message":"Mapped {/api/v1/attribute/:id, PATCH} route","timestamp":"2026-05-06T12:47:12.043Z"}
{"context":"RouterExplorer","level":"info","message":"Mapped {/api/v1/attribute/:id, DELETE} route","timestamp":"2026-05-06T12:47:12.043Z"}
{"context":"RoutesResolver","level":"info","message":"DepartmentsController {/api/v1/departments}:","timestamp":"2026-05-06T12:47:12.043Z"}
{"context":"RouterExplorer","level":"info","message":"Mapped {/api/v1/departments, POST} route","timestamp":"2026-05-06T12:47:12.044Z"}
{"context":"RouterExplorer","level":"info","message":"Mapped {/api/v1/departments, GET} route","timestamp":"2026-05-06T12:47:12.044Z"}
{"context":"RouterExplorer","level":"info","message":"Mapped {/api/v1/departments/:id, GET} route","timestamp":"2026-05-06T12:47:12.044Z"}
{"context":"RouterExplorer","level":"info","message":"Mapped {/api/v1/departments/:id, PATCH} route","timestamp":"2026-05-06T12:47:12.044Z"}
{"context":"RouterExplorer","level":"info","message":"Mapped {/api/v1/departments/:id, DELETE} route","timestamp":"2026-05-06T12:47:12.044Z"}
{"context":"RoutesResolver","level":"info","message":"PortsController {/api/v1/ports}:","timestamp":"2026-05-06T12:47:12.044Z"}
{"context":"RouterExplorer","level":"info","message":"Mapped {/api/v1/ports, POST} route","timestamp":"2026-05-06T12:47:12.045Z"}
{"context":"RouterExplorer","level":"info","message":"Mapped {/api/v1/ports, GET} route","timestamp":"2026-05-06T12:47:12.045Z"}
{"context":"RouterExplorer","level":"info","message":"Mapped {/api/v1/ports/:id, GET} route","timestamp":"2026-05-06T12:47:12.045Z"}
{"context":"RouterExplorer","level":"info","message":"Mapped {/api/v1/ports/:id, PATCH} route","timestamp":"2026-05-06T12:47:12.045Z"}
{"context":"RouterExplorer","level":"info","message":"Mapped {/api/v1/ports/:id, DELETE} route","timestamp":"2026-05-06T12:47:12.045Z"}
{"context":"RoutesResolver","level":"info","message":"FilesController {/api/v1/files}:","timestamp":"2026-05-06T12:47:12.046Z"}
{"context":"RouterExplorer","level":"info","message":"Mapped {/api/v1/files, POST} route","timestamp":"2026-05-06T12:47:12.046Z"}
{"context":"RouterExplorer","level":"info","message":"Mapped {/api/v1/files, GET} route","timestamp":"2026-05-06T12:47:12.046Z"}
{"context":"RouterExplorer","level":"info","message":"Mapped {/api/v1/files/:id, GET} route","timestamp":"2026-05-06T12:47:12.046Z"}
{"context":"RouterExplorer","level":"info","message":"Mapped {/api/v1/files/:id, PATCH} route","timestamp":"2026-05-06T12:47:12.047Z"}
{"context":"RouterExplorer","level":"info","message":"Mapped {/api/v1/files/:id, DELETE} route","timestamp":"2026-05-06T12:47:12.047Z"}
{"context":"PrismaService","level":"info","message":"Kết nối database thành công","timestamp":"2026-05-06T12:47:12.085Z"}
{"context":"NestApplication","level":"info","message":"Nest application successfully started","timestamp":"2026-05-06T12:47:12.090Z"}
{"context":"AccessTokenGuard","level":"info","message":"isPublic: true","requestId":"480cde86-aa17-463d-b56d-ae284a047415","timestamp":"2026-05-06T12:47:20.187Z"}
{"context":"AccessTokenGuard","level":"info","message":"Public route, skipping authentication","requestId":"480cde86-aa17-463d-b56d-ae284a047415","timestamp":"2026-05-06T12:47:20.188Z"}
{"context":"LoggerMiddleware","level":"info","message":"[RequestID: 480cde86-aa17-463d-b56d-ae284a047415] POST /api/v1/auth/login | Status: 201 | Duration: 115ms | IP: ::1 | UserAgent: Mozilla/5.0 (Windows NT 10.0; Win64; x64) AppleWebKit/537.36 (KHTML, like Gecko) Chrome/147.0.0.0 Safari/537.36","requestId":"480cde86-aa17-463d-b56d-ae284a047415","timestamp":"2026-05-06T12:47:20.301Z"}
{"context":"AccessTokenGuard","level":"info","message":"isPublic: undefined","requestId":"8c5a8a42-9ef7-476d-b2be-6be98d0e72e3","timestamp":"2026-05-06T12:47:25.194Z"}
{"context":"AccessTokenStrategy","level":"info","message":"user: {\"id\":\"cc6d2974-22cf-4b0b-9590-4b701cfa3c00\",\"displayName\":\"Nguyễn Văn A\",\"username\":\"customer_001\",\"token_version\":5,\"isActive\":true,\"deletedAt\":null,\"hashed_password\":\"scrypt:61b7465b5cc602c81ecaa66e31f0f570:064a122e33f58ab9bedcc806f62492b81e4451665c71c7dc3a5afd28b63aa6017713b59fb84dc9594c530b3bbe79c2bf5c738ae510f3152bf09f34a3b6d02482\",\"roles\":[{\"role\":{\"name\":\"admin\",\"permissions\":[{\"permission\":{\"action\":\"read\",\"subject\":\"Department\",\"conditions\":[]}},{\"permission\":{\"action\":\"create\",\"subject\":\"Department\",\"conditions\":[]}},{\"permission\":{\"action\":\"update\",\"subject\":\"Department\",\"conditions\":[]}},{\"permission\":{\"action\":\"delete\",\"subject\":\"Department\",\"conditions\":[{\"conditions\":{\"end\":\"17:00\",\"type\":\"business_hours\",\"start\":\"08:00\"},\"attribute\":{\"name\":\"time\"}}]}},{\"permission\":{\"action\":\"read\",\"subject\":\"Port\",\"conditions\":[]}},{\"permission\":{\"action\":\"create\",\"subject\":\"Port\",\"conditions\":[]}},{\"permission\":{\"action\":\"update\",\"subject\":\"Port\",\"conditions\":[]}},{\"permission\":{\"action\":\"delete\",\"subject\":\"Port\",\"conditions\":[]}},{\"permission\":{\"action\":\"read\",\"subject\":\"File\",\"conditions\":[]}},{\"permission\":{\"action\":\"create\",\"subject\":\"File\",\"conditions\":[]}},{\"permission\":{\"action\":\"delete\",\"subject\":\"File\",\"conditions\":[]}},{\"permission\":{\"action\":\"read\",\"subject\":\"IPWhitelist\",\"conditions\":[]}},{\"permission\":{\"action\":\"create\",\"subject\":\"IPWhitelist\",\"conditions\":[]}},{\"permission\":{\"action\":\"delete\",\"subject\":\"IPWhitelist\",\"conditions\":[]}}]}}]}","requestId":"8c5a8a42-9ef7-476d-b2be-6be98d0e72e3","timestamp":"2026-05-06T12:47:25.207Z"}
{"context":"AuthService","level":"info","message":"payload: {\"id\":\"cc6d2974-22cf-4b0b-9590-4b701cfa3c00\",\"displayName\":\"Nguyễn Văn A\",\"username\":\"customer_001\",\"token_version\":5,\"isActive\":true,\"deletedAt\":null,\"hashed_password\":\"scrypt:61b7465b5cc602c81ecaa66e31f0f570:064a122e33f58ab9bedcc806f62492b81e4451665c71c7dc3a5afd28b63aa6017713b59fb84dc9594c530b3bbe79c2bf5c738ae510f3152bf09f34a3b6d02482\",\"roles\":[{\"role\":{\"name\":\"admin\",\"permissions\":[{\"permission\":{\"action\":\"read\",\"subject\":\"Department\",\"conditions\":[]}},{\"permission\":{\"action\":\"create\",\"subject\":\"Department\",\"conditions\":[]}},{\"permission\":{\"action\":\"update\",\"subject\":\"Department\",\"conditions\":[]}},{\"permission\":{\"action\":\"delete\",\"subject\":\"Department\",\"conditions\":[{\"conditions\":{\"end\":\"17:00\",\"type\":\"business_hours\",\"start\":\"08:00\"},\"attribute\":{\"name\":\"time\"}}]}},{\"permission\":{\"action\":\"read\",\"subject\":\"Port\",\"conditions\":[]}},{\"permission\":{\"action\":\"create\",\"subject\":\"Port\",\"conditions\":[]}},{\"permission\":{\"action\":\"update\",\"subject\":\"Port\",\"conditions\":[]}},{\"permission\":{\"action\":\"delete\",\"subject\":\"Port\",\"conditions\":[]}},{\"permission\":{\"action\":\"read\",\"subject\":\"File\",\"conditions\":[]}},{\"permission\":{\"action\":\"create\",\"subject\":\"File\",\"conditions\":[]}},{\"permission\":{\"action\":\"delete\",\"subject\":\"File\",\"conditions\":[]}},{\"permission\":{\"action\":\"read\",\"subject\":\"IPWhitelist\",\"conditions\":[]}},{\"permission\":{\"action\":\"create\",\"subject\":\"IPWhitelist\",\"conditions\":[]}},{\"permission\":{\"action\":\"delete\",\"subject\":\"IPWhitelist\",\"conditions\":[]}}]}}]}","requestId":"8c5a8a42-9ef7-476d-b2be-6be98d0e72e3","timestamp":"2026-05-06T12:47:25.208Z"}
{"context":"AuthService","level":"info","message":"user: {\"id\":\"cc6d2974-22cf-4b0b-9590-4b701cfa3c00\",\"displayName\":\"Nguyễn Văn A\",\"username\":\"customer_001\",\"token_version\":5,\"isActive\":true,\"deletedAt\":null,\"hashed_password\":\"scrypt:61b7465b5cc602c81ecaa66e31f0f570:064a122e33f58ab9bedcc806f62492b81e4451665c71c7dc3a5afd28b63aa6017713b59fb84dc9594c530b3bbe79c2bf5c738ae510f3152bf09f34a3b6d02482\",\"roles\":[{\"role\":{\"name\":\"admin\",\"permissions\":[{\"permission\":{\"action\":\"read\",\"subject\":\"Department\",\"conditions\":[]}},{\"permission\":{\"action\":\"create\",\"subject\":\"Department\",\"conditions\":[]}},{\"permission\":{\"action\":\"update\",\"subject\":\"Department\",\"conditions\":[]}},{\"permission\":{\"action\":\"delete\",\"subject\":\"Department\",\"conditions\":[{\"conditions\":{\"end\":\"17:00\",\"type\":\"business_hours\",\"start\":\"08:00\"},\"attribute\":{\"name\":\"time\"}}]}},{\"permission\":{\"action\":\"read\",\"subject\":\"Port\",\"conditions\":[]}},{\"permission\":{\"action\":\"create\",\"subject\":\"Port\",\"conditions\":[]}},{\"permission\":{\"action\":\"update\",\"subject\":\"Port\",\"conditions\":[]}},{\"permission\":{\"action\":\"delete\",\"subject\":\"Port\",\"conditions\":[]}},{\"permission\":{\"action\":\"read\",\"subject\":\"File\",\"conditions\":[]}},{\"permission\":{\"action\":\"create\",\"subject\":\"File\",\"conditions\":[]}},{\"permission\":{\"action\":\"delete\",\"subject\":\"File\",\"conditions\":[]}},{\"permission\":{\"action\":\"read\",\"subject\":\"IPWhitelist\",\"conditions\":[]}},{\"permission\":{\"action\":\"create\",\"subject\":\"IPWhitelist\",\"conditions\":[]}},{\"permission\":{\"action\":\"delete\",\"subject\":\"IPWhitelist\",\"conditions\":[]}}]}}]}","requestId":"8c5a8a42-9ef7-476d-b2be-6be98d0e72e3","timestamp":"2026-05-06T12:47:25.218Z"}
{"context":"LoggerMiddleware","level":"info","message":"[RequestID: 8c5a8a42-9ef7-476d-b2be-6be98d0e72e3] GET /api/v1/auth/me | Status: 200 | Duration: 26ms | IP: ::1 | UserAgent: Mozilla/5.0 (Windows NT 10.0; Win64; x64) AppleWebKit/537.36 (KHTML, like Gecko) Chrome/147.0.0.0 Safari/537.36","requestId":"8c5a8a42-9ef7-476d-b2be-6be98d0e72e3","timestamp":"2026-05-06T12:47:25.219Z"}
{"level":"info","message":"Khởi tạo ứng dụng...","timestamp":"2026-05-06T12:53:16.880Z"}
{"context":"NestFactory","level":"info","message":"Starting Nest application...","timestamp":"2026-05-06T12:53:16.953Z"}
{"context":"InstanceLoader","level":"info","message":"PassportModule dependencies initialized","timestamp":"2026-05-06T12:53:16.961Z"}
{"context":"InstanceLoader","level":"info","message":"ConfigHostModule dependencies initialized","timestamp":"2026-05-06T12:53:16.962Z"}
{"context":"InstanceLoader","level":"info","message":"AppModule dependencies initialized","timestamp":"2026-05-06T12:53:16.962Z"}
{"context":"PrismaService","level":"info","message":"🔌 Prisma Connection String: postgresql://admin:******@localhost:5433/kyc_asset_db?schema=public","timestamp":"2026-05-06T12:53:16.964Z"}
{"context":"InstanceLoader","level":"info","message":"PortsModule dependencies initialized","timestamp":"2026-05-06T12:53:16.965Z"}
{"context":"InstanceLoader","level":"info","message":"FilesModule dependencies initialized","timestamp":"2026-05-06T12:53:16.965Z"}
{"context":"InstanceLoader","level":"info","message":"ConfigModule dependencies initialized","timestamp":"2026-05-06T12:53:16.965Z"}
{"context":"InstanceLoader","level":"info","message":"CommonModule dependencies initialized","timestamp":"2026-05-06T12:53:16.965Z"}
{"context":"InstanceLoader","level":"info","message":"JwtModule dependencies initialized","timestamp":"2026-05-06T12:53:16.966Z"}
{"context":"InstanceLoader","level":"info","message":"PrismaModule dependencies initialized","timestamp":"2026-05-06T12:53:16.966Z"}
{"context":"InstanceLoader","level":"info","message":"WhitelistIpModule dependencies initialized","timestamp":"2026-05-06T12:53:16.967Z"}
{"context":"InstanceLoader","level":"info","message":"AttributeModule dependencies initialized","timestamp":"2026-05-06T12:53:16.968Z"}
{"context":"InstanceLoader","level":"info","message":"DepartmentsModule dependencies initialized","timestamp":"2026-05-06T12:53:16.968Z"}
{"context":"InstanceLoader","level":"info","message":"UsersModule dependencies initialized","timestamp":"2026-05-06T12:53:16.968Z"}
{"context":"InstanceLoader","level":"info","message":"RolesModule dependencies initialized","timestamp":"2026-05-06T12:53:16.968Z"}
{"context":"InstanceLoader","level":"info","message":"PermissionsModule dependencies initialized","timestamp":"2026-05-06T12:53:16.968Z"}
{"context":"InstanceLoader","level":"info","message":"AuthModule dependencies initialized","timestamp":"2026-05-06T12:53:16.968Z"}
{"context":"LegacyRouteConverter","level":"warn","message":"Unsupported route path: \"/api/v1/*\". In previous versions, the symbols ?, *, and + were used to denote optional or repeating path parameters. The latest version of \"path-to-regexp\" now requires the use of named parameters. For example, instead of using a route like /users/* to capture all routes starting with \"/users\", you should use /users/*path. For more details, refer to the migration guide. Attempting to auto-convert...","timestamp":"2026-05-06T12:53:16.994Z"}
{"context":"RoutesResolver","level":"info","message":"AppController {/api/v1/ping}:","timestamp":"2026-05-06T12:53:16.994Z"}
{"context":"RouterExplorer","level":"info","message":"Mapped {/api/v1/ping, GET} route","timestamp":"2026-05-06T12:53:16.996Z"}
{"context":"RoutesResolver","level":"info","message":"UsersController {/api/v1/users}:","timestamp":"2026-05-06T12:53:16.996Z"}
{"context":"RouterExplorer","level":"info","message":"Mapped {/api/v1/users, POST} route","timestamp":"2026-05-06T12:53:16.996Z"}
{"context":"RouterExplorer","level":"info","message":"Mapped {/api/v1/users, GET} route","timestamp":"2026-05-06T12:53:16.997Z"}
{"context":"RouterExplorer","level":"info","message":"Mapped {/api/v1/users/:id, GET} route","timestamp":"2026-05-06T12:53:16.997Z"}
{"context":"RouterExplorer","level":"info","message":"Mapped {/api/v1/users/:id, PATCH} route","timestamp":"2026-05-06T12:53:16.997Z"}
{"context":"RouterExplorer","level":"info","message":"Mapped {/api/v1/users/:id, DELETE} route","timestamp":"2026-05-06T12:53:16.998Z"}
{"context":"RoutesResolver","level":"info","message":"WhitelistIpController {/api/v1/whitelist-ip}:","timestamp":"2026-05-06T12:53:16.998Z"}
{"context":"RouterExplorer","level":"info","message":"Mapped {/api/v1/whitelist-ip, POST} route","timestamp":"2026-05-06T12:53:16.998Z"}
{"context":"RouterExplorer","level":"info","message":"Mapped {/api/v1/whitelist-ip, GET} route","timestamp":"2026-05-06T12:53:16.998Z"}
{"context":"RouterExplorer","level":"info","message":"Mapped {/api/v1/whitelist-ip/:id, GET} route","timestamp":"2026-05-06T12:53:16.999Z"}
{"context":"RouterExplorer","level":"info","message":"Mapped {/api/v1/whitelist-ip/:id, PATCH} route","timestamp":"2026-05-06T12:53:16.999Z"}
{"context":"RouterExplorer","level":"info","message":"Mapped {/api/v1/whitelist-ip/:id, DELETE} route","timestamp":"2026-05-06T12:53:16.999Z"}
{"context":"RoutesResolver","level":"info","message":"RolesController {/api/v1/roles}:","timestamp":"2026-05-06T12:53:16.999Z"}
{"context":"RouterExplorer","level":"info","message":"Mapped {/api/v1/roles, POST} route","timestamp":"2026-05-06T12:53:17.000Z"}
{"context":"RouterExplorer","level":"info","message":"Mapped {/api/v1/roles, GET} route","timestamp":"2026-05-06T12:53:17.000Z"}
{"context":"RouterExplorer","level":"info","message":"Mapped {/api/v1/roles/:id, GET} route","timestamp":"2026-05-06T12:53:17.000Z"}
{"context":"RouterExplorer","level":"info","message":"Mapped {/api/v1/roles/:id, PATCH} route","timestamp":"2026-05-06T12:53:17.000Z"}
{"context":"RouterExplorer","level":"info","message":"Mapped {/api/v1/roles/:id, DELETE} route","timestamp":"2026-05-06T12:53:17.000Z"}
{"context":"RoutesResolver","level":"info","message":"PermissionsController {/api/v1/permissions}:","timestamp":"2026-05-06T12:53:17.001Z"}
{"context":"RouterExplorer","level":"info","message":"Mapped {/api/v1/permissions, POST} route","timestamp":"2026-05-06T12:53:17.001Z"}
{"context":"RouterExplorer","level":"info","message":"Mapped {/api/v1/permissions, GET} route","timestamp":"2026-05-06T12:53:17.001Z"}
{"context":"RouterExplorer","level":"info","message":"Mapped {/api/v1/permissions/:id, PATCH} route","timestamp":"2026-05-06T12:53:17.001Z"}
{"context":"RouterExplorer","level":"info","message":"Mapped {/api/v1/permissions/:id, DELETE} route","timestamp":"2026-05-06T12:53:17.001Z"}
{"context":"RoutesResolver","level":"info","message":"AuthController {/api/v1/auth}:","timestamp":"2026-05-06T12:53:17.001Z"}
{"context":"RouterExplorer","level":"info","message":"Mapped {/api/v1/auth/register, POST} route","timestamp":"2026-05-06T12:53:17.002Z"}
{"context":"RouterExplorer","level":"info","message":"Mapped {/api/v1/auth/login, POST} route","timestamp":"2026-05-06T12:53:17.002Z"}
{"context":"RouterExplorer","level":"info","message":"Mapped {/api/v1/auth/refresh, POST} route","timestamp":"2026-05-06T12:53:17.002Z"}
{"context":"RouterExplorer","level":"info","message":"Mapped {/api/v1/auth/logout, POST} route","timestamp":"2026-05-06T12:53:17.002Z"}
{"context":"RouterExplorer","level":"info","message":"Mapped {/api/v1/auth/me, GET} route","timestamp":"2026-05-06T12:53:17.002Z"}
{"context":"RouterExplorer","level":"info","message":"Mapped {/api/v1/auth/me/password, PATCH} route","timestamp":"2026-05-06T12:53:17.003Z"}
{"context":"RoutesResolver","level":"info","message":"AttributeController {/api/v1/attribute}:","timestamp":"2026-05-06T12:53:17.003Z"}
{"context":"RouterExplorer","level":"info","message":"Mapped {/api/v1/attribute, POST} route","timestamp":"2026-05-06T12:53:17.003Z"}
{"context":"RouterExplorer","level":"info","message":"Mapped {/api/v1/attribute, GET} route","timestamp":"2026-05-06T12:53:17.003Z"}
{"context":"RouterExplorer","level":"info","message":"Mapped {/api/v1/attribute/:id, GET} route","timestamp":"2026-05-06T12:53:17.003Z"}
{"context":"RouterExplorer","level":"info","message":"Mapped {/api/v1/attribute/:id, PATCH} route","timestamp":"2026-05-06T12:53:17.003Z"}
{"context":"RouterExplorer","level":"info","message":"Mapped {/api/v1/attribute/:id, DELETE} route","timestamp":"2026-05-06T12:53:17.004Z"}
{"context":"RoutesResolver","level":"info","message":"DepartmentsController {/api/v1/departments}:","timestamp":"2026-05-06T12:53:17.004Z"}
{"context":"RouterExplorer","level":"info","message":"Mapped {/api/v1/departments, POST} route","timestamp":"2026-05-06T12:53:17.004Z"}
{"context":"RouterExplorer","level":"info","message":"Mapped {/api/v1/departments, GET} route","timestamp":"2026-05-06T12:53:17.004Z"}
{"context":"RouterExplorer","level":"info","message":"Mapped {/api/v1/departments/:id, GET} route","timestamp":"2026-05-06T12:53:17.004Z"}
{"context":"RouterExplorer","level":"info","message":"Mapped {/api/v1/departments/:id, PATCH} route","timestamp":"2026-05-06T12:53:17.005Z"}
{"context":"RouterExplorer","level":"info","message":"Mapped {/api/v1/departments/:id, DELETE} route","timestamp":"2026-05-06T12:53:17.005Z"}
{"context":"RoutesResolver","level":"info","message":"PortsController {/api/v1/ports}:","timestamp":"2026-05-06T12:53:17.005Z"}
{"context":"RouterExplorer","level":"info","message":"Mapped {/api/v1/ports, POST} route","timestamp":"2026-05-06T12:53:17.005Z"}
{"context":"RouterExplorer","level":"info","message":"Mapped {/api/v1/ports, GET} route","timestamp":"2026-05-06T12:53:17.005Z"}
{"context":"RouterExplorer","level":"info","message":"Mapped {/api/v1/ports/:id, GET} route","timestamp":"2026-05-06T12:53:17.005Z"}
{"context":"RouterExplorer","level":"info","message":"Mapped {/api/v1/ports/:id, PATCH} route","timestamp":"2026-05-06T12:53:17.006Z"}
{"context":"RouterExplorer","level":"info","message":"Mapped {/api/v1/ports/:id, DELETE} route","timestamp":"2026-05-06T12:53:17.006Z"}
{"context":"RoutesResolver","level":"info","message":"FilesController {/api/v1/files}:","timestamp":"2026-05-06T12:53:17.006Z"}
{"context":"RouterExplorer","level":"info","message":"Mapped {/api/v1/files, POST} route","timestamp":"2026-05-06T12:53:17.006Z"}
{"context":"RouterExplorer","level":"info","message":"Mapped {/api/v1/files, GET} route","timestamp":"2026-05-06T12:53:17.006Z"}
{"context":"RouterExplorer","level":"info","message":"Mapped {/api/v1/files/:id, GET} route","timestamp":"2026-05-06T12:53:17.006Z"}
{"context":"RouterExplorer","level":"info","message":"Mapped {/api/v1/files/:id, PATCH} route","timestamp":"2026-05-06T12:53:17.007Z"}
{"context":"RouterExplorer","level":"info","message":"Mapped {/api/v1/files/:id, DELETE} route","timestamp":"2026-05-06T12:53:17.007Z"}
{"context":"PrismaService","level":"info","message":"Kết nối database thành công","timestamp":"2026-05-06T12:53:17.047Z"}
{"context":"NestApplication","level":"info","message":"Nest application successfully started","timestamp":"2026-05-06T12:53:17.053Z"}
{"level":"info","message":"Khởi tạo ứng dụng...","timestamp":"2026-05-06T12:54:30.385Z"}
{"context":"NestFactory","level":"info","message":"Starting Nest application...","timestamp":"2026-05-06T12:54:30.458Z"}
{"context":"InstanceLoader","level":"info","message":"PassportModule dependencies initialized","timestamp":"2026-05-06T12:54:30.466Z"}
{"context":"InstanceLoader","level":"info","message":"ConfigHostModule dependencies initialized","timestamp":"2026-05-06T12:54:30.466Z"}
{"context":"InstanceLoader","level":"info","message":"AppModule dependencies initialized","timestamp":"2026-05-06T12:54:30.467Z"}
{"context":"PrismaService","level":"info","message":"🔌 Prisma Connection String: postgresql://admin:******@localhost:5433/kyc_asset_db?schema=public","timestamp":"2026-05-06T12:54:30.469Z"}
{"context":"InstanceLoader","level":"info","message":"PortsModule dependencies initialized","timestamp":"2026-05-06T12:54:30.469Z"}
{"context":"InstanceLoader","level":"info","message":"FilesModule dependencies initialized","timestamp":"2026-05-06T12:54:30.470Z"}
{"context":"InstanceLoader","level":"info","message":"ConfigModule dependencies initialized","timestamp":"2026-05-06T12:54:30.470Z"}
{"context":"InstanceLoader","level":"info","message":"CommonModule dependencies initialized","timestamp":"2026-05-06T12:54:30.470Z"}
{"context":"InstanceLoader","level":"info","message":"JwtModule dependencies initialized","timestamp":"2026-05-06T12:54:30.470Z"}
{"context":"InstanceLoader","level":"info","message":"PrismaModule dependencies initialized","timestamp":"2026-05-06T12:54:30.471Z"}
{"context":"InstanceLoader","level":"info","message":"WhitelistIpModule dependencies initialized","timestamp":"2026-05-06T12:54:30.473Z"}
{"context":"InstanceLoader","level":"info","message":"AttributeModule dependencies initialized","timestamp":"2026-05-06T12:54:30.473Z"}
{"context":"InstanceLoader","level":"info","message":"DepartmentsModule dependencies initialized","timestamp":"2026-05-06T12:54:30.473Z"}
{"context":"InstanceLoader","level":"info","message":"UsersModule dependencies initialized","timestamp":"2026-05-06T12:54:30.473Z"}
{"context":"InstanceLoader","level":"info","message":"RolesModule dependencies initialized","timestamp":"2026-05-06T12:54:30.473Z"}
{"context":"InstanceLoader","level":"info","message":"PermissionsModule dependencies initialized","timestamp":"2026-05-06T12:54:30.473Z"}
{"context":"InstanceLoader","level":"info","message":"AuthModule dependencies initialized","timestamp":"2026-05-06T12:54:30.473Z"}
{"context":"LegacyRouteConverter","level":"warn","message":"Unsupported route path: \"/api/v1/*\". In previous versions, the symbols ?, *, and + were used to denote optional or repeating path parameters. The latest version of \"path-to-regexp\" now requires the use of named parameters. For example, instead of using a route like /users/* to capture all routes starting with \"/users\", you should use /users/*path. For more details, refer to the migration guide. Attempting to auto-convert...","timestamp":"2026-05-06T12:54:30.499Z"}
{"context":"RoutesResolver","level":"info","message":"AppController {/api/v1/ping}:","timestamp":"2026-05-06T12:54:30.500Z"}
{"context":"RouterExplorer","level":"info","message":"Mapped {/api/v1/ping, GET} route","timestamp":"2026-05-06T12:54:30.501Z"}
{"context":"RoutesResolver","level":"info","message":"UsersController {/api/v1/users}:","timestamp":"2026-05-06T12:54:30.501Z"}
{"context":"RouterExplorer","level":"info","message":"Mapped {/api/v1/users, POST} route","timestamp":"2026-05-06T12:54:30.501Z"}
{"context":"RouterExplorer","level":"info","message":"Mapped {/api/v1/users, GET} route","timestamp":"2026-05-06T12:54:30.502Z"}
{"context":"RouterExplorer","level":"info","message":"Mapped {/api/v1/users/:id, GET} route","timestamp":"2026-05-06T12:54:30.502Z"}
{"context":"RouterExplorer","level":"info","message":"Mapped {/api/v1/users/:id, PATCH} route","timestamp":"2026-05-06T12:54:30.502Z"}
{"context":"RouterExplorer","level":"info","message":"Mapped {/api/v1/users/:id, DELETE} route","timestamp":"2026-05-06T12:54:30.503Z"}
{"context":"RoutesResolver","level":"info","message":"WhitelistIpController {/api/v1/whitelist-ip}:","timestamp":"2026-05-06T12:54:30.503Z"}
{"context":"RouterExplorer","level":"info","message":"Mapped {/api/v1/whitelist-ip, POST} route","timestamp":"2026-05-06T12:54:30.503Z"}
{"context":"RouterExplorer","level":"info","message":"Mapped {/api/v1/whitelist-ip, GET} route","timestamp":"2026-05-06T12:54:30.503Z"}
{"context":"RouterExplorer","level":"info","message":"Mapped {/api/v1/whitelist-ip/:id, GET} route","timestamp":"2026-05-06T12:54:30.504Z"}
{"context":"RouterExplorer","level":"info","message":"Mapped {/api/v1/whitelist-ip/:id, PATCH} route","timestamp":"2026-05-06T12:54:30.504Z"}
{"context":"RouterExplorer","level":"info","message":"Mapped {/api/v1/whitelist-ip/:id, DELETE} route","timestamp":"2026-05-06T12:54:30.504Z"}
{"context":"RoutesResolver","level":"info","message":"RolesController {/api/v1/roles}:","timestamp":"2026-05-06T12:54:30.504Z"}
{"context":"RouterExplorer","level":"info","message":"Mapped {/api/v1/roles, POST} route","timestamp":"2026-05-06T12:54:30.504Z"}
{"context":"RouterExplorer","level":"info","message":"Mapped {/api/v1/roles, GET} route","timestamp":"2026-05-06T12:54:30.504Z"}
{"context":"RouterExplorer","level":"info","message":"Mapped {/api/v1/roles/:id, GET} route","timestamp":"2026-05-06T12:54:30.505Z"}
{"context":"RouterExplorer","level":"info","message":"Mapped {/api/v1/roles/:id, PATCH} route","timestamp":"2026-05-06T12:54:30.505Z"}
{"context":"RouterExplorer","level":"info","message":"Mapped {/api/v1/roles/:id, DELETE} route","timestamp":"2026-05-06T12:54:30.505Z"}
{"context":"RoutesResolver","level":"info","message":"PermissionsController {/api/v1/permissions}:","timestamp":"2026-05-06T12:54:30.505Z"}
{"context":"RouterExplorer","level":"info","message":"Mapped {/api/v1/permissions, POST} route","timestamp":"2026-05-06T12:54:30.505Z"}
{"context":"RouterExplorer","level":"info","message":"Mapped {/api/v1/permissions, GET} route","timestamp":"2026-05-06T12:54:30.506Z"}
{"context":"RouterExplorer","level":"info","message":"Mapped {/api/v1/permissions/:id, PATCH} route","timestamp":"2026-05-06T12:54:30.506Z"}
{"context":"RouterExplorer","level":"info","message":"Mapped {/api/v1/permissions/:id, DELETE} route","timestamp":"2026-05-06T12:54:30.506Z"}
{"context":"RoutesResolver","level":"info","message":"AuthController {/api/v1/auth}:","timestamp":"2026-05-06T12:54:30.506Z"}
{"context":"RouterExplorer","level":"info","message":"Mapped {/api/v1/auth/register, POST} route","timestamp":"2026-05-06T12:54:30.506Z"}
{"context":"RouterExplorer","level":"info","message":"Mapped {/api/v1/auth/login, POST} route","timestamp":"2026-05-06T12:54:30.507Z"}
{"context":"RouterExplorer","level":"info","message":"Mapped {/api/v1/auth/refresh, POST} route","timestamp":"2026-05-06T12:54:30.507Z"}
{"context":"RouterExplorer","level":"info","message":"Mapped {/api/v1/auth/logout, POST} route","timestamp":"2026-05-06T12:54:30.507Z"}
{"context":"RouterExplorer","level":"info","message":"Mapped {/api/v1/auth/me, GET} route","timestamp":"2026-05-06T12:54:30.507Z"}
{"context":"RouterExplorer","level":"info","message":"Mapped {/api/v1/auth/me/password, PATCH} route","timestamp":"2026-05-06T12:54:30.507Z"}
{"context":"RoutesResolver","level":"info","message":"AttributeController {/api/v1/attribute}:","timestamp":"2026-05-06T12:54:30.507Z"}
{"context":"RouterExplorer","level":"info","message":"Mapped {/api/v1/attribute, POST} route","timestamp":"2026-05-06T12:54:30.508Z"}
{"context":"RouterExplorer","level":"info","message":"Mapped {/api/v1/attribute, GET} route","timestamp":"2026-05-06T12:54:30.508Z"}
{"context":"RouterExplorer","level":"info","message":"Mapped {/api/v1/attribute/:id, GET} route","timestamp":"2026-05-06T12:54:30.508Z"}
{"context":"RouterExplorer","level":"info","message":"Mapped {/api/v1/attribute/:id, PATCH} route","timestamp":"2026-05-06T12:54:30.508Z"}
{"context":"RouterExplorer","level":"info","message":"Mapped {/api/v1/attribute/:id, DELETE} route","timestamp":"2026-05-06T12:54:30.508Z"}
{"context":"RoutesResolver","level":"info","message":"DepartmentsController {/api/v1/departments}:","timestamp":"2026-05-06T12:54:30.509Z"}
{"context":"RouterExplorer","level":"info","message":"Mapped {/api/v1/departments, POST} route","timestamp":"2026-05-06T12:54:30.509Z"}
{"context":"RouterExplorer","level":"info","message":"Mapped {/api/v1/departments, GET} route","timestamp":"2026-05-06T12:54:30.509Z"}
{"context":"RouterExplorer","level":"info","message":"Mapped {/api/v1/departments/:id, GET} route","timestamp":"2026-05-06T12:54:30.509Z"}
{"context":"RouterExplorer","level":"info","message":"Mapped {/api/v1/departments/:id, PATCH} route","timestamp":"2026-05-06T12:54:30.509Z"}
{"context":"RouterExplorer","level":"info","message":"Mapped {/api/v1/departments/:id, DELETE} route","timestamp":"2026-05-06T12:54:30.510Z"}
{"context":"RoutesResolver","level":"info","message":"PortsController {/api/v1/ports}:","timestamp":"2026-05-06T12:54:30.510Z"}
{"context":"RouterExplorer","level":"info","message":"Mapped {/api/v1/ports, POST} route","timestamp":"2026-05-06T12:54:30.510Z"}
{"context":"RouterExplorer","level":"info","message":"Mapped {/api/v1/ports, GET} route","timestamp":"2026-05-06T12:54:30.510Z"}
{"context":"RouterExplorer","level":"info","message":"Mapped {/api/v1/ports/:id, GET} route","timestamp":"2026-05-06T12:54:30.510Z"}
{"context":"RouterExplorer","level":"info","message":"Mapped {/api/v1/ports/:id, PATCH} route","timestamp":"2026-05-06T12:54:30.510Z"}
{"context":"RouterExplorer","level":"info","message":"Mapped {/api/v1/ports/:id, DELETE} route","timestamp":"2026-05-06T12:54:30.511Z"}
{"context":"RoutesResolver","level":"info","message":"FilesController {/api/v1/files}:","timestamp":"2026-05-06T12:54:30.511Z"}
{"context":"RouterExplorer","level":"info","message":"Mapped {/api/v1/files, POST} route","timestamp":"2026-05-06T12:54:30.511Z"}
{"context":"RouterExplorer","level":"info","message":"Mapped {/api/v1/files, GET} route","timestamp":"2026-05-06T12:54:30.511Z"}
{"context":"RouterExplorer","level":"info","message":"Mapped {/api/v1/files/:id, GET} route","timestamp":"2026-05-06T12:54:30.511Z"}
{"context":"RouterExplorer","level":"info","message":"Mapped {/api/v1/files/:id, PATCH} route","timestamp":"2026-05-06T12:54:30.512Z"}
{"context":"RouterExplorer","level":"info","message":"Mapped {/api/v1/files/:id, DELETE} route","timestamp":"2026-05-06T12:54:30.512Z"}
{"context":"PrismaService","level":"info","message":"Kết nối database thành công","timestamp":"2026-05-06T12:54:30.552Z"}
{"context":"NestApplication","level":"info","message":"Nest application successfully started","timestamp":"2026-05-06T12:54:30.556Z"}
{"level":"info","message":"Khởi tạo ứng dụng...","timestamp":"2026-05-06T12:56:03.388Z"}
{"context":"NestFactory","level":"info","message":"Starting Nest application...","timestamp":"2026-05-06T12:56:03.456Z"}
{"context":"InstanceLoader","level":"info","message":"PassportModule dependencies initialized","timestamp":"2026-05-06T12:56:03.466Z"}
{"context":"InstanceLoader","level":"info","message":"ConfigHostModule dependencies initialized","timestamp":"2026-05-06T12:56:03.466Z"}
{"context":"InstanceLoader","level":"info","message":"AppModule dependencies initialized","timestamp":"2026-05-06T12:56:03.467Z"}
{"context":"PrismaService","level":"info","message":"🔌 Prisma Connection String: postgresql://admin:******@localhost:5433/kyc_asset_db?schema=public","timestamp":"2026-05-06T12:56:03.469Z"}
{"context":"InstanceLoader","level":"info","message":"PortsModule dependencies initialized","timestamp":"2026-05-06T12:56:03.469Z"}
{"context":"InstanceLoader","level":"info","message":"FilesModule dependencies initialized","timestamp":"2026-05-06T12:56:03.469Z"}
{"context":"InstanceLoader","level":"info","message":"ConfigModule dependencies initialized","timestamp":"2026-05-06T12:56:03.469Z"}
{"context":"InstanceLoader","level":"info","message":"CommonModule dependencies initialized","timestamp":"2026-05-06T12:56:03.470Z"}
{"context":"InstanceLoader","level":"info","message":"JwtModule dependencies initialized","timestamp":"2026-05-06T12:56:03.470Z"}
{"context":"InstanceLoader","level":"info","message":"PrismaModule dependencies initialized","timestamp":"2026-05-06T12:56:03.470Z"}
{"context":"InstanceLoader","level":"info","message":"WhitelistIpModule dependencies initialized","timestamp":"2026-05-06T12:56:03.472Z"}
{"context":"InstanceLoader","level":"info","message":"AttributeModule dependencies initialized","timestamp":"2026-05-06T12:56:03.472Z"}
{"context":"InstanceLoader","level":"info","message":"DepartmentsModule dependencies initialized","timestamp":"2026-05-06T12:56:03.472Z"}
{"context":"InstanceLoader","level":"info","message":"UsersModule dependencies initialized","timestamp":"2026-05-06T12:56:03.472Z"}
{"context":"InstanceLoader","level":"info","message":"RolesModule dependencies initialized","timestamp":"2026-05-06T12:56:03.472Z"}
{"context":"InstanceLoader","level":"info","message":"PermissionsModule dependencies initialized","timestamp":"2026-05-06T12:56:03.472Z"}
{"context":"InstanceLoader","level":"info","message":"AuthModule dependencies initialized","timestamp":"2026-05-06T12:56:03.472Z"}
{"context":"LegacyRouteConverter","level":"warn","message":"Unsupported route path: \"/api/v1/*\". In previous versions, the symbols ?, *, and + were used to denote optional or repeating path parameters. The latest version of \"path-to-regexp\" now requires the use of named parameters. For example, instead of using a route like /users/* to capture all routes starting with \"/users\", you should use /users/*path. For more details, refer to the migration guide. Attempting to auto-convert...","timestamp":"2026-05-06T12:56:03.497Z"}
{"context":"RoutesResolver","level":"info","message":"AppController {/api/v1/ping}:","timestamp":"2026-05-06T12:56:03.498Z"}
{"context":"RouterExplorer","level":"info","message":"Mapped {/api/v1/ping, GET} route","timestamp":"2026-05-06T12:56:03.499Z"}
{"context":"RoutesResolver","level":"info","message":"UsersController {/api/v1/users}:","timestamp":"2026-05-06T12:56:03.499Z"}
{"context":"RouterExplorer","level":"info","message":"Mapped {/api/v1/users, POST} route","timestamp":"2026-05-06T12:56:03.499Z"}
{"context":"RouterExplorer","level":"info","message":"Mapped {/api/v1/users, GET} route","timestamp":"2026-05-06T12:56:03.500Z"}
{"context":"RouterExplorer","level":"info","message":"Mapped {/api/v1/users/:id, GET} route","timestamp":"2026-05-06T12:56:03.500Z"}
{"context":"RouterExplorer","level":"info","message":"Mapped {/api/v1/users/:id, PATCH} route","timestamp":"2026-05-06T12:56:03.500Z"}
{"context":"RouterExplorer","level":"info","message":"Mapped {/api/v1/users/:id, DELETE} route","timestamp":"2026-05-06T12:56:03.500Z"}
{"context":"RoutesResolver","level":"info","message":"WhitelistIpController {/api/v1/whitelist-ip}:","timestamp":"2026-05-06T12:56:03.501Z"}
{"context":"RouterExplorer","level":"info","message":"Mapped {/api/v1/whitelist-ip, POST} route","timestamp":"2026-05-06T12:56:03.501Z"}
{"context":"RouterExplorer","level":"info","message":"Mapped {/api/v1/whitelist-ip, GET} route","timestamp":"2026-05-06T12:56:03.501Z"}
{"context":"RouterExplorer","level":"info","message":"Mapped {/api/v1/whitelist-ip/:id, GET} route","timestamp":"2026-05-06T12:56:03.501Z"}
{"context":"RouterExplorer","level":"info","message":"Mapped {/api/v1/whitelist-ip/:id, PATCH} route","timestamp":"2026-05-06T12:56:03.502Z"}
{"context":"RouterExplorer","level":"info","message":"Mapped {/api/v1/whitelist-ip/:id, DELETE} route","timestamp":"2026-05-06T12:56:03.502Z"}
{"context":"RoutesResolver","level":"info","message":"RolesController {/api/v1/roles}:","timestamp":"2026-05-06T12:56:03.502Z"}
{"context":"RouterExplorer","level":"info","message":"Mapped {/api/v1/roles, POST} route","timestamp":"2026-05-06T12:56:03.502Z"}
{"context":"RouterExplorer","level":"info","message":"Mapped {/api/v1/roles, GET} route","timestamp":"2026-05-06T12:56:03.502Z"}
{"context":"RouterExplorer","level":"info","message":"Mapped {/api/v1/roles/:id, GET} route","timestamp":"2026-05-06T12:56:03.503Z"}
{"context":"RouterExplorer","level":"info","message":"Mapped {/api/v1/roles/:id, PATCH} route","timestamp":"2026-05-06T12:56:03.503Z"}
{"context":"RouterExplorer","level":"info","message":"Mapped {/api/v1/roles/:id, DELETE} route","timestamp":"2026-05-06T12:56:03.503Z"}
{"context":"RoutesResolver","level":"info","message":"PermissionsController {/api/v1/permissions}:","timestamp":"2026-05-06T12:56:03.503Z"}
{"context":"RouterExplorer","level":"info","message":"Mapped {/api/v1/permissions, POST} route","timestamp":"2026-05-06T12:56:03.503Z"}
{"context":"RouterExplorer","level":"info","message":"Mapped {/api/v1/permissions, GET} route","timestamp":"2026-05-06T12:56:03.503Z"}
{"context":"RouterExplorer","level":"info","message":"Mapped {/api/v1/permissions/:id, PATCH} route","timestamp":"2026-05-06T12:56:03.504Z"}
{"context":"RouterExplorer","level":"info","message":"Mapped {/api/v1/permissions/:id, DELETE} route","timestamp":"2026-05-06T12:56:03.504Z"}
{"context":"RoutesResolver","level":"info","message":"AuthController {/api/v1/auth}:","timestamp":"2026-05-06T12:56:03.504Z"}
{"context":"RouterExplorer","level":"info","message":"Mapped {/api/v1/auth/register, POST} route","timestamp":"2026-05-06T12:56:03.504Z"}
{"context":"RouterExplorer","level":"info","message":"Mapped {/api/v1/auth/login, POST} route","timestamp":"2026-05-06T12:56:03.504Z"}
{"context":"RouterExplorer","level":"info","message":"Mapped {/api/v1/auth/refresh, POST} route","timestamp":"2026-05-06T12:56:03.504Z"}
{"context":"RouterExplorer","level":"info","message":"Mapped {/api/v1/auth/logout, POST} route","timestamp":"2026-05-06T12:56:03.505Z"}
{"context":"RouterExplorer","level":"info","message":"Mapped {/api/v1/auth/me, GET} route","timestamp":"2026-05-06T12:56:03.505Z"}
{"context":"RouterExplorer","level":"info","message":"Mapped {/api/v1/auth/me/password, PATCH} route","timestamp":"2026-05-06T12:56:03.505Z"}
{"context":"RoutesResolver","level":"info","message":"AttributeController {/api/v1/attribute}:","timestamp":"2026-05-06T12:56:03.505Z"}
{"context":"RouterExplorer","level":"info","message":"Mapped {/api/v1/attribute, POST} route","timestamp":"2026-05-06T12:56:03.505Z"}
{"context":"RouterExplorer","level":"info","message":"Mapped {/api/v1/attribute, GET} route","timestamp":"2026-05-06T12:56:03.505Z"}
{"context":"RouterExplorer","level":"info","message":"Mapped {/api/v1/attribute/:id, GET} route","timestamp":"2026-05-06T12:56:03.505Z"}
{"context":"RouterExplorer","level":"info","message":"Mapped {/api/v1/attribute/:id, PATCH} route","timestamp":"2026-05-06T12:56:03.506Z"}
{"context":"RouterExplorer","level":"info","message":"Mapped {/api/v1/attribute/:id, DELETE} route","timestamp":"2026-05-06T12:56:03.506Z"}
{"context":"RoutesResolver","level":"info","message":"DepartmentsController {/api/v1/departments}:","timestamp":"2026-05-06T12:56:03.506Z"}
{"context":"RouterExplorer","level":"info","message":"Mapped {/api/v1/departments, POST} route","timestamp":"2026-05-06T12:56:03.506Z"}
{"context":"RouterExplorer","level":"info","message":"Mapped {/api/v1/departments, GET} route","timestamp":"2026-05-06T12:56:03.506Z"}
{"context":"RouterExplorer","level":"info","message":"Mapped {/api/v1/departments/:id, GET} route","timestamp":"2026-05-06T12:56:03.506Z"}
{"context":"RouterExplorer","level":"info","message":"Mapped {/api/v1/departments/:id, PATCH} route","timestamp":"2026-05-06T12:56:03.506Z"}
{"context":"RouterExplorer","level":"info","message":"Mapped {/api/v1/departments/:id, DELETE} route","timestamp":"2026-05-06T12:56:03.507Z"}
{"context":"RoutesResolver","level":"info","message":"PortsController {/api/v1/ports}:","timestamp":"2026-05-06T12:56:03.507Z"}
{"context":"RouterExplorer","level":"info","message":"Mapped {/api/v1/ports, POST} route","timestamp":"2026-05-06T12:56:03.507Z"}
{"context":"RouterExplorer","level":"info","message":"Mapped {/api/v1/ports, GET} route","timestamp":"2026-05-06T12:56:03.507Z"}
{"context":"RouterExplorer","level":"info","message":"Mapped {/api/v1/ports/:id, GET} route","timestamp":"2026-05-06T12:56:03.507Z"}
{"context":"RouterExplorer","level":"info","message":"Mapped {/api/v1/ports/:id, PATCH} route","timestamp":"2026-05-06T12:56:03.508Z"}
{"context":"RouterExplorer","level":"info","message":"Mapped {/api/v1/ports/:id, DELETE} route","timestamp":"2026-05-06T12:56:03.508Z"}
{"context":"RoutesResolver","level":"info","message":"FilesController {/api/v1/files}:","timestamp":"2026-05-06T12:56:03.508Z"}
{"context":"RouterExplorer","level":"info","message":"Mapped {/api/v1/files, POST} route","timestamp":"2026-05-06T12:56:03.508Z"}
{"context":"RouterExplorer","level":"info","message":"Mapped {/api/v1/files, GET} route","timestamp":"2026-05-06T12:56:03.508Z"}
{"context":"RouterExplorer","level":"info","message":"Mapped {/api/v1/files/:id, GET} route","timestamp":"2026-05-06T12:56:03.508Z"}
{"context":"RouterExplorer","level":"info","message":"Mapped {/api/v1/files/:id, PATCH} route","timestamp":"2026-05-06T12:56:03.509Z"}
{"context":"RouterExplorer","level":"info","message":"Mapped {/api/v1/files/:id, DELETE} route","timestamp":"2026-05-06T12:56:03.509Z"}
{"context":"PrismaService","level":"info","message":"Kết nối database thành công","timestamp":"2026-05-06T12:56:03.548Z"}
{"context":"NestApplication","level":"info","message":"Nest application successfully started","timestamp":"2026-05-06T12:56:03.553Z"}
{"context":"AccessTokenGuard","level":"info","message":"isPublic: true","requestId":"0a4795d9-fa09-44a6-bd1a-70497916cdb9","timestamp":"2026-05-06T12:56:10.450Z"}
{"context":"AccessTokenGuard","level":"info","message":"Public route, skipping authentication","requestId":"0a4795d9-fa09-44a6-bd1a-70497916cdb9","timestamp":"2026-05-06T12:56:10.450Z"}
{"context":"LoggerMiddleware","level":"info","message":"[RequestID: 0a4795d9-fa09-44a6-bd1a-70497916cdb9] POST /api/v1/auth/login | Status: 201 | Duration: 110ms | IP: ::1 | UserAgent: Mozilla/5.0 (Windows NT 10.0; Win64; x64) AppleWebKit/537.36 (KHTML, like Gecko) Chrome/147.0.0.0 Safari/537.36","requestId":"0a4795d9-fa09-44a6-bd1a-70497916cdb9","timestamp":"2026-05-06T12:56:10.558Z"}
{"context":"AccessTokenGuard","level":"info","message":"isPublic: undefined","requestId":"d2b30b7d-5a40-4ce4-bcfe-6434b7137416","timestamp":"2026-05-06T12:56:15.402Z"}
{"context":"AccessTokenStrategy","level":"info","message":"user: {\"id\":\"cc6d2974-22cf-4b0b-9590-4b701cfa3c00\",\"username\":\"customer_001\",\"hashed_password\":\"scrypt:61b7465b5cc602c81ecaa66e31f0f570:064a122e33f58ab9bedcc806f62492b81e4451665c71c7dc3a5afd28b63aa6017713b59fb84dc9594c530b3bbe79c2bf5c738ae510f3152bf09f34a3b6d02482\",\"displayName\":\"Nguyễn Văn A\",\"token_version\":5,\"isActive\":true,\"createdAt\":\"2026-05-03T15:37:18.203Z\",\"updatedAt\":\"2026-05-04T09:10:04.759Z\",\"deletedAt\":null,\"roles\":[{\"user_id\":\"cc6d2974-22cf-4b0b-9590-4b701cfa3c00\",\"role_id\":\"4dd71768-1887-4879-9716-dab5dcddbebe\",\"assignedAt\":\"2026-05-06T11:53:17.723Z\",\"role\":{\"id\":\"4dd71768-1887-4879-9716-dab5dcddbebe\",\"name\":\"admin\",\"description\":\"Full system access\",\"permissions\":[{\"role_id\":\"4dd71768-1887-4879-9716-dab5dcddbebe\",\"permission_id\":\"7b2752ff-795f-49c6-abc7-d874550df97c\",\"permission\":{\"action\":\"read\",\"subject\":\"Department\",\"conditions\":[]}},{\"role_id\":\"4dd71768-1887-4879-9716-dab5dcddbebe\",\"permission_id\":\"d34ddd4b-bfe0-4f38-871c-5fe3c0f25c57\",\"permission\":{\"action\":\"create\",\"subject\":\"Department\",\"conditions\":[]}},{\"role_id\":\"4dd71768-1887-4879-9716-dab5dcddbebe\",\"permission_id\":\"a7c583f2-d8cf-4734-9113-c98e6c838ab8\",\"permission\":{\"action\":\"update\",\"subject\":\"Department\",\"conditions\":[]}},{\"role_id\":\"4dd71768-1887-4879-9716-dab5dcddbebe\",\"permission_id\":\"14b80590-7ca4-4131-9560-8d58349e74eb\",\"permission\":{\"action\":\"delete\",\"subject\":\"Department\",\"conditions\":[{\"conditions\":{\"end\":\"17:00\",\"type\":\"business_hours\",\"start\":\"08:00\"},\"attribute\":{\"name\":\"time\"}}]}},{\"role_id\":\"4dd71768-1887-4879-9716-dab5dcddbebe\",\"permission_id\":\"84f07ad6-e304-4f43-951d-e8c8eb599352\",\"permission\":{\"action\":\"read\",\"subject\":\"Port\",\"conditions\":[]}},{\"role_id\":\"4dd71768-1887-4879-9716-dab5dcddbebe\",\"permission_id\":\"be2db210-da42-4ec9-888d-3a0858978431\",\"permission\":{\"action\":\"create\",\"subject\":\"Port\",\"conditions\":[]}},{\"role_id\":\"4dd71768-1887-4879-9716-dab5dcddbebe\",\"permission_id\":\"7d8ec69e-467e-4f8e-a389-fa6ca6e256ed\",\"permission\":{\"action\":\"update\",\"subject\":\"Port\",\"conditions\":[]}},{\"role_id\":\"4dd71768-1887-4879-9716-dab5dcddbebe\",\"permission_id\":\"4f3bd475-3290-4ab8-982f-4dd670cb649c\",\"permission\":{\"action\":\"delete\",\"subject\":\"Port\",\"conditions\":[]}},{\"role_id\":\"4dd71768-1887-4879-9716-dab5dcddbebe\",\"permission_id\":\"35d0dcaf-8b47-4333-b402-a91709e0fc31\",\"permission\":{\"action\":\"read\",\"subject\":\"File\",\"conditions\":[]}},{\"role_id\":\"4dd71768-1887-4879-9716-dab5dcddbebe\",\"permission_id\":\"e57bb9e8-ae84-4eaa-8022-c6a84281aaff\",\"permission\":{\"action\":\"create\",\"subject\":\"File\",\"conditions\":[]}},{\"role_id\":\"4dd71768-1887-4879-9716-dab5dcddbebe\",\"permission_id\":\"160ace45-3feb-4708-8eae-92a7b94b01f9\",\"permission\":{\"action\":\"delete\",\"subject\":\"File\",\"conditions\":[]}},{\"role_id\":\"4dd71768-1887-4879-9716-dab5dcddbebe\",\"permission_id\":\"31f694c5-76a4-4e2a-803d-9a9ea0e4ef63\",\"permission\":{\"action\":\"read\",\"subject\":\"IPWhitelist\",\"conditions\":[]}},{\"role_id\":\"4dd71768-1887-4879-9716-dab5dcddbebe\",\"permission_id\":\"ceac5cb1-ebc6-46c1-9d1e-efa0ace039db\",\"permission\":{\"action\":\"create\",\"subject\":\"IPWhitelist\",\"conditions\":[]}},{\"role_id\":\"4dd71768-1887-4879-9716-dab5dcddbebe\",\"permission_id\":\"3b21ac56-b1e9-4ad2-9ee9-d7a342829903\",\"permission\":{\"action\":\"delete\",\"subject\":\"IPWhitelist\",\"conditions\":[]}}]}}]}","requestId":"d2b30b7d-5a40-4ce4-bcfe-6434b7137416","timestamp":"2026-05-06T12:56:15.416Z"}
{"context":"AuthService","level":"info","message":"payload: {\"id\":\"cc6d2974-22cf-4b0b-9590-4b701cfa3c00\",\"username\":\"customer_001\",\"hashed_password\":\"scrypt:61b7465b5cc602c81ecaa66e31f0f570:064a122e33f58ab9bedcc806f62492b81e4451665c71c7dc3a5afd28b63aa6017713b59fb84dc9594c530b3bbe79c2bf5c738ae510f3152bf09f34a3b6d02482\",\"displayName\":\"Nguyễn Văn A\",\"token_version\":5,\"isActive\":true,\"createdAt\":\"2026-05-03T15:37:18.203Z\",\"updatedAt\":\"2026-05-04T09:10:04.759Z\",\"deletedAt\":null,\"roles\":[{\"user_id\":\"cc6d2974-22cf-4b0b-9590-4b701cfa3c00\",\"role_id\":\"4dd71768-1887-4879-9716-dab5dcddbebe\",\"assignedAt\":\"2026-05-06T11:53:17.723Z\",\"role\":{\"id\":\"4dd71768-1887-4879-9716-dab5dcddbebe\",\"name\":\"admin\",\"description\":\"Full system access\",\"permissions\":[{\"role_id\":\"4dd71768-1887-4879-9716-dab5dcddbebe\",\"permission_id\":\"7b2752ff-795f-49c6-abc7-d874550df97c\",\"permission\":{\"action\":\"read\",\"subject\":\"Department\",\"conditions\":[]}},{\"role_id\":\"4dd71768-1887-4879-9716-dab5dcddbebe\",\"permission_id\":\"d34ddd4b-bfe0-4f38-871c-5fe3c0f25c57\",\"permission\":{\"action\":\"create\",\"subject\":\"Department\",\"conditions\":[]}},{\"role_id\":\"4dd71768-1887-4879-9716-dab5dcddbebe\",\"permission_id\":\"a7c583f2-d8cf-4734-9113-c98e6c838ab8\",\"permission\":{\"action\":\"update\",\"subject\":\"Department\",\"conditions\":[]}},{\"role_id\":\"4dd71768-1887-4879-9716-dab5dcddbebe\",\"permission_id\":\"14b80590-7ca4-4131-9560-8d58349e74eb\",\"permission\":{\"action\":\"delete\",\"subject\":\"Department\",\"conditions\":[{\"conditions\":{\"end\":\"17:00\",\"type\":\"business_hours\",\"start\":\"08:00\"},\"attribute\":{\"name\":\"time\"}}]}},{\"role_id\":\"4dd71768-1887-4879-9716-dab5dcddbebe\",\"permission_id\":\"84f07ad6-e304-4f43-951d-e8c8eb599352\",\"permission\":{\"action\":\"read\",\"subject\":\"Port\",\"conditions\":[]}},{\"role_id\":\"4dd71768-1887-4879-9716-dab5dcddbebe\",\"permission_id\":\"be2db210-da42-4ec9-888d-3a0858978431\",\"permission\":{\"action\":\"create\",\"subject\":\"Port\",\"conditions\":[]}},{\"role_id\":\"4dd71768-1887-4879-9716-dab5dcddbebe\",\"permission_id\":\"7d8ec69e-467e-4f8e-a389-fa6ca6e256ed\",\"permission\":{\"action\":\"update\",\"subject\":\"Port\",\"conditions\":[]}},{\"role_id\":\"4dd71768-1887-4879-9716-dab5dcddbebe\",\"permission_id\":\"4f3bd475-3290-4ab8-982f-4dd670cb649c\",\"permission\":{\"action\":\"delete\",\"subject\":\"Port\",\"conditions\":[]}},{\"role_id\":\"4dd71768-1887-4879-9716-dab5dcddbebe\",\"permission_id\":\"35d0dcaf-8b47-4333-b402-a91709e0fc31\",\"permission\":{\"action\":\"read\",\"subject\":\"File\",\"conditions\":[]}},{\"role_id\":\"4dd71768-1887-4879-9716-dab5dcddbebe\",\"permission_id\":\"e57bb9e8-ae84-4eaa-8022-c6a84281aaff\",\"permission\":{\"action\":\"create\",\"subject\":\"File\",\"conditions\":[]}},{\"role_id\":\"4dd71768-1887-4879-9716-dab5dcddbebe\",\"permission_id\":\"160ace45-3feb-4708-8eae-92a7b94b01f9\",\"permission\":{\"action\":\"delete\",\"subject\":\"File\",\"conditions\":[]}},{\"role_id\":\"4dd71768-1887-4879-9716-dab5dcddbebe\",\"permission_id\":\"31f694c5-76a4-4e2a-803d-9a9ea0e4ef63\",\"permission\":{\"action\":\"read\",\"subject\":\"IPWhitelist\",\"conditions\":[]}},{\"role_id\":\"4dd71768-1887-4879-9716-dab5dcddbebe\",\"permission_id\":\"ceac5cb1-ebc6-46c1-9d1e-efa0ace039db\",\"permission\":{\"action\":\"create\",\"subject\":\"IPWhitelist\",\"conditions\":[]}},{\"role_id\":\"4dd71768-1887-4879-9716-dab5dcddbebe\",\"permission_id\":\"3b21ac56-b1e9-4ad2-9ee9-d7a342829903\",\"permission\":{\"action\":\"delete\",\"subject\":\"IPWhitelist\",\"conditions\":[]}}]}}]}","requestId":"d2b30b7d-5a40-4ce4-bcfe-6434b7137416","timestamp":"2026-05-06T12:56:15.418Z"}
{"context":"AuthService","level":"info","message":"user: {\"id\":\"cc6d2974-22cf-4b0b-9590-4b701cfa3c00\",\"displayName\":\"Nguyễn Văn A\",\"username\":\"customer_001\",\"token_version\":5,\"isActive\":true,\"deletedAt\":null,\"hashed_password\":\"scrypt:61b7465b5cc602c81ecaa66e31f0f570:064a122e33f58ab9bedcc806f62492b81e4451665c71c7dc3a5afd28b63aa6017713b59fb84dc9594c530b3bbe79c2bf5c738ae510f3152bf09f34a3b6d02482\",\"roles\":[{\"role\":{\"name\":\"admin\",\"permissions\":[{\"permission\":{\"action\":\"read\",\"subject\":\"Department\",\"conditions\":[]}},{\"permission\":{\"action\":\"create\",\"subject\":\"Department\",\"conditions\":[]}},{\"permission\":{\"action\":\"update\",\"subject\":\"Department\",\"conditions\":[]}},{\"permission\":{\"action\":\"delete\",\"subject\":\"Department\",\"conditions\":[{\"conditions\":{\"end\":\"17:00\",\"type\":\"business_hours\",\"start\":\"08:00\"},\"attribute\":{\"name\":\"time\"}}]}},{\"permission\":{\"action\":\"read\",\"subject\":\"Port\",\"conditions\":[]}},{\"permission\":{\"action\":\"create\",\"subject\":\"Port\",\"conditions\":[]}},{\"permission\":{\"action\":\"update\",\"subject\":\"Port\",\"conditions\":[]}},{\"permission\":{\"action\":\"delete\",\"subject\":\"Port\",\"conditions\":[]}},{\"permission\":{\"action\":\"read\",\"subject\":\"File\",\"conditions\":[]}},{\"permission\":{\"action\":\"create\",\"subject\":\"File\",\"conditions\":[]}},{\"permission\":{\"action\":\"delete\",\"subject\":\"File\",\"conditions\":[]}},{\"permission\":{\"action\":\"read\",\"subject\":\"IPWhitelist\",\"conditions\":[]}},{\"permission\":{\"action\":\"create\",\"subject\":\"IPWhitelist\",\"conditions\":[]}},{\"permission\":{\"action\":\"delete\",\"subject\":\"IPWhitelist\",\"conditions\":[]}}]}}]}","requestId":"d2b30b7d-5a40-4ce4-bcfe-6434b7137416","timestamp":"2026-05-06T12:56:15.426Z"}
{"context":"LoggerMiddleware","level":"info","message":"[RequestID: d2b30b7d-5a40-4ce4-bcfe-6434b7137416] GET /api/v1/auth/me | Status: 200 | Duration: 26ms | IP: ::1 | UserAgent: Mozilla/5.0 (Windows NT 10.0; Win64; x64) AppleWebKit/537.36 (KHTML, like Gecko) Chrome/147.0.0.0 Safari/537.36","requestId":"d2b30b7d-5a40-4ce4-bcfe-6434b7137416","timestamp":"2026-05-06T12:56:15.428Z"}
{"level":"info","message":"Khởi tạo ứng dụng...","timestamp":"2026-05-06T12:56:49.664Z"}
{"context":"NestFactory","level":"info","message":"Starting Nest application...","timestamp":"2026-05-06T12:56:49.737Z"}
{"context":"InstanceLoader","level":"info","message":"PassportModule dependencies initialized","timestamp":"2026-05-06T12:56:49.745Z"}
{"context":"InstanceLoader","level":"info","message":"ConfigHostModule dependencies initialized","timestamp":"2026-05-06T12:56:49.746Z"}
{"context":"InstanceLoader","level":"info","message":"AppModule dependencies initialized","timestamp":"2026-05-06T12:56:49.746Z"}
{"context":"PrismaService","level":"info","message":"🔌 Prisma Connection String: postgresql://admin:******@localhost:5433/kyc_asset_db?schema=public","timestamp":"2026-05-06T12:56:49.748Z"}
{"context":"InstanceLoader","level":"info","message":"PortsModule dependencies initialized","timestamp":"2026-05-06T12:56:49.748Z"}
{"context":"InstanceLoader","level":"info","message":"FilesModule dependencies initialized","timestamp":"2026-05-06T12:56:49.749Z"}
{"context":"InstanceLoader","level":"info","message":"ConfigModule dependencies initialized","timestamp":"2026-05-06T12:56:49.749Z"}
{"context":"InstanceLoader","level":"info","message":"CommonModule dependencies initialized","timestamp":"2026-05-06T12:56:49.749Z"}
{"context":"InstanceLoader","level":"info","message":"JwtModule dependencies initialized","timestamp":"2026-05-06T12:56:49.750Z"}
{"context":"InstanceLoader","level":"info","message":"PrismaModule dependencies initialized","timestamp":"2026-05-06T12:56:49.750Z"}
{"context":"InstanceLoader","level":"info","message":"WhitelistIpModule dependencies initialized","timestamp":"2026-05-06T12:56:49.751Z"}
{"context":"InstanceLoader","level":"info","message":"AttributeModule dependencies initialized","timestamp":"2026-05-06T12:56:49.751Z"}
{"context":"InstanceLoader","level":"info","message":"DepartmentsModule dependencies initialized","timestamp":"2026-05-06T12:56:49.752Z"}
{"context":"InstanceLoader","level":"info","message":"UsersModule dependencies initialized","timestamp":"2026-05-06T12:56:49.752Z"}
{"context":"InstanceLoader","level":"info","message":"RolesModule dependencies initialized","timestamp":"2026-05-06T12:56:49.752Z"}
{"context":"InstanceLoader","level":"info","message":"PermissionsModule dependencies initialized","timestamp":"2026-05-06T12:56:49.752Z"}
{"context":"InstanceLoader","level":"info","message":"AuthModule dependencies initialized","timestamp":"2026-05-06T12:56:49.752Z"}
{"context":"LegacyRouteConverter","level":"warn","message":"Unsupported route path: \"/api/v1/*\". In previous versions, the symbols ?, *, and + were used to denote optional or repeating path parameters. The latest version of \"path-to-regexp\" now requires the use of named parameters. For example, instead of using a route like /users/* to capture all routes starting with \"/users\", you should use /users/*path. For more details, refer to the migration guide. Attempting to auto-convert...","timestamp":"2026-05-06T12:56:49.778Z"}
{"context":"RoutesResolver","level":"info","message":"AppController {/api/v1/ping}:","timestamp":"2026-05-06T12:56:49.779Z"}
{"context":"RouterExplorer","level":"info","message":"Mapped {/api/v1/ping, GET} route","timestamp":"2026-05-06T12:56:49.780Z"}
{"context":"RoutesResolver","level":"info","message":"UsersController {/api/v1/users}:","timestamp":"2026-05-06T12:56:49.780Z"}
{"context":"RouterExplorer","level":"info","message":"Mapped {/api/v1/users, POST} route","timestamp":"2026-05-06T12:56:49.781Z"}
{"context":"RouterExplorer","level":"info","message":"Mapped {/api/v1/users, GET} route","timestamp":"2026-05-06T12:56:49.781Z"}
{"context":"RouterExplorer","level":"info","message":"Mapped {/api/v1/users/:id, GET} route","timestamp":"2026-05-06T12:56:49.782Z"}
{"context":"RouterExplorer","level":"info","message":"Mapped {/api/v1/users/:id, PATCH} route","timestamp":"2026-05-06T12:56:49.782Z"}
{"context":"RouterExplorer","level":"info","message":"Mapped {/api/v1/users/:id, DELETE} route","timestamp":"2026-05-06T12:56:49.782Z"}
{"context":"RoutesResolver","level":"info","message":"WhitelistIpController {/api/v1/whitelist-ip}:","timestamp":"2026-05-06T12:56:49.782Z"}
{"context":"RouterExplorer","level":"info","message":"Mapped {/api/v1/whitelist-ip, POST} route","timestamp":"2026-05-06T12:56:49.782Z"}
{"context":"RouterExplorer","level":"info","message":"Mapped {/api/v1/whitelist-ip, GET} route","timestamp":"2026-05-06T12:56:49.783Z"}
{"context":"RouterExplorer","level":"info","message":"Mapped {/api/v1/whitelist-ip/:id, GET} route","timestamp":"2026-05-06T12:56:49.783Z"}
{"context":"RouterExplorer","level":"info","message":"Mapped {/api/v1/whitelist-ip/:id, PATCH} route","timestamp":"2026-05-06T12:56:49.783Z"}
{"context":"RouterExplorer","level":"info","message":"Mapped {/api/v1/whitelist-ip/:id, DELETE} route","timestamp":"2026-05-06T12:56:49.783Z"}
{"context":"RoutesResolver","level":"info","message":"RolesController {/api/v1/roles}:","timestamp":"2026-05-06T12:56:49.783Z"}
{"context":"RouterExplorer","level":"info","message":"Mapped {/api/v1/roles, POST} route","timestamp":"2026-05-06T12:56:49.784Z"}
{"context":"RouterExplorer","level":"info","message":"Mapped {/api/v1/roles, GET} route","timestamp":"2026-05-06T12:56:49.784Z"}
{"context":"RouterExplorer","level":"info","message":"Mapped {/api/v1/roles/:id, GET} route","timestamp":"2026-05-06T12:56:49.784Z"}
{"context":"RouterExplorer","level":"info","message":"Mapped {/api/v1/roles/:id, PATCH} route","timestamp":"2026-05-06T12:56:49.784Z"}
{"context":"RouterExplorer","level":"info","message":"Mapped {/api/v1/roles/:id, DELETE} route","timestamp":"2026-05-06T12:56:49.784Z"}
{"context":"RoutesResolver","level":"info","message":"PermissionsController {/api/v1/permissions}:","timestamp":"2026-05-06T12:56:49.784Z"}
{"context":"RouterExplorer","level":"info","message":"Mapped {/api/v1/permissions, POST} route","timestamp":"2026-05-06T12:56:49.785Z"}
{"context":"RouterExplorer","level":"info","message":"Mapped {/api/v1/permissions, GET} route","timestamp":"2026-05-06T12:56:49.785Z"}
{"context":"RouterExplorer","level":"info","message":"Mapped {/api/v1/permissions/:id, PATCH} route","timestamp":"2026-05-06T12:56:49.785Z"}
{"context":"RouterExplorer","level":"info","message":"Mapped {/api/v1/permissions/:id, DELETE} route","timestamp":"2026-05-06T12:56:49.785Z"}
{"context":"RoutesResolver","level":"info","message":"AuthController {/api/v1/auth}:","timestamp":"2026-05-06T12:56:49.785Z"}
{"context":"RouterExplorer","level":"info","message":"Mapped {/api/v1/auth/register, POST} route","timestamp":"2026-05-06T12:56:49.786Z"}
{"context":"RouterExplorer","level":"info","message":"Mapped {/api/v1/auth/login, POST} route","timestamp":"2026-05-06T12:56:49.786Z"}
{"context":"RouterExplorer","level":"info","message":"Mapped {/api/v1/auth/refresh, POST} route","timestamp":"2026-05-06T12:56:49.786Z"}
{"context":"RouterExplorer","level":"info","message":"Mapped {/api/v1/auth/logout, POST} route","timestamp":"2026-05-06T12:56:49.786Z"}
{"context":"RouterExplorer","level":"info","message":"Mapped {/api/v1/auth/me, GET} route","timestamp":"2026-05-06T12:56:49.786Z"}
{"context":"RouterExplorer","level":"info","message":"Mapped {/api/v1/auth/me/password, PATCH} route","timestamp":"2026-05-06T12:56:49.786Z"}
{"context":"RoutesResolver","level":"info","message":"AttributeController {/api/v1/attribute}:","timestamp":"2026-05-06T12:56:49.787Z"}
{"context":"RouterExplorer","level":"info","message":"Mapped {/api/v1/attribute, POST} route","timestamp":"2026-05-06T12:56:49.787Z"}
{"context":"RouterExplorer","level":"info","message":"Mapped {/api/v1/attribute, GET} route","timestamp":"2026-05-06T12:56:49.787Z"}
{"context":"RouterExplorer","level":"info","message":"Mapped {/api/v1/attribute/:id, GET} route","timestamp":"2026-05-06T12:56:49.787Z"}
{"context":"RouterExplorer","level":"info","message":"Mapped {/api/v1/attribute/:id, PATCH} route","timestamp":"2026-05-06T12:56:49.787Z"}
{"context":"RouterExplorer","level":"info","message":"Mapped {/api/v1/attribute/:id, DELETE} route","timestamp":"2026-05-06T12:56:49.787Z"}
{"context":"RoutesResolver","level":"info","message":"DepartmentsController {/api/v1/departments}:","timestamp":"2026-05-06T12:56:49.788Z"}
{"context":"RouterExplorer","level":"info","message":"Mapped {/api/v1/departments, POST} route","timestamp":"2026-05-06T12:56:49.788Z"}
{"context":"RouterExplorer","level":"info","message":"Mapped {/api/v1/departments, GET} route","timestamp":"2026-05-06T12:56:49.788Z"}
{"context":"RouterExplorer","level":"info","message":"Mapped {/api/v1/departments/:id, GET} route","timestamp":"2026-05-06T12:56:49.788Z"}
{"context":"RouterExplorer","level":"info","message":"Mapped {/api/v1/departments/:id, PATCH} route","timestamp":"2026-05-06T12:56:49.788Z"}
{"context":"RouterExplorer","level":"info","message":"Mapped {/api/v1/departments/:id, DELETE} route","timestamp":"2026-05-06T12:56:49.789Z"}
{"context":"RoutesResolver","level":"info","message":"PortsController {/api/v1/ports}:","timestamp":"2026-05-06T12:56:49.789Z"}
{"context":"RouterExplorer","level":"info","message":"Mapped {/api/v1/ports, POST} route","timestamp":"2026-05-06T12:56:49.789Z"}
{"context":"RouterExplorer","level":"info","message":"Mapped {/api/v1/ports, GET} route","timestamp":"2026-05-06T12:56:49.789Z"}
{"context":"RouterExplorer","level":"info","message":"Mapped {/api/v1/ports/:id, GET} route","timestamp":"2026-05-06T12:56:49.789Z"}
{"context":"RouterExplorer","level":"info","message":"Mapped {/api/v1/ports/:id, PATCH} route","timestamp":"2026-05-06T12:56:49.790Z"}
{"context":"RouterExplorer","level":"info","message":"Mapped {/api/v1/ports/:id, DELETE} route","timestamp":"2026-05-06T12:56:49.790Z"}
{"context":"RoutesResolver","level":"info","message":"FilesController {/api/v1/files}:","timestamp":"2026-05-06T12:56:49.790Z"}
{"context":"RouterExplorer","level":"info","message":"Mapped {/api/v1/files, POST} route","timestamp":"2026-05-06T12:56:49.790Z"}
{"context":"RouterExplorer","level":"info","message":"Mapped {/api/v1/files, GET} route","timestamp":"2026-05-06T12:56:49.790Z"}
{"context":"RouterExplorer","level":"info","message":"Mapped {/api/v1/files/:id, GET} route","timestamp":"2026-05-06T12:56:49.790Z"}
{"context":"RouterExplorer","level":"info","message":"Mapped {/api/v1/files/:id, PATCH} route","timestamp":"2026-05-06T12:56:49.791Z"}
{"context":"RouterExplorer","level":"info","message":"Mapped {/api/v1/files/:id, DELETE} route","timestamp":"2026-05-06T12:56:49.791Z"}
{"context":"PrismaService","level":"info","message":"Kết nối database thành công","timestamp":"2026-05-06T12:56:49.831Z"}
{"context":"NestApplication","level":"info","message":"Nest application successfully started","timestamp":"2026-05-06T12:56:49.835Z"}
{"context":"AccessTokenGuard","level":"info","message":"isPublic: undefined","requestId":"3a4f8cef-4737-439e-b3e4-c8ec56afb0d6","timestamp":"2026-05-06T12:56:52.161Z"}
{"context":"AccessTokenStrategy","level":"info","message":"user: {\"id\":\"cc6d2974-22cf-4b0b-9590-4b701cfa3c00\",\"username\":\"customer_001\",\"hashed_password\":\"scrypt:61b7465b5cc602c81ecaa66e31f0f570:064a122e33f58ab9bedcc806f62492b81e4451665c71c7dc3a5afd28b63aa6017713b59fb84dc9594c530b3bbe79c2bf5c738ae510f3152bf09f34a3b6d02482\",\"displayName\":\"Nguyễn Văn A\",\"token_version\":5,\"isActive\":true,\"createdAt\":\"2026-05-03T15:37:18.203Z\",\"updatedAt\":\"2026-05-04T09:10:04.759Z\",\"deletedAt\":null,\"roles\":[{\"user_id\":\"cc6d2974-22cf-4b0b-9590-4b701cfa3c00\",\"role_id\":\"4dd71768-1887-4879-9716-dab5dcddbebe\",\"assignedAt\":\"2026-05-06T11:53:17.723Z\",\"role\":{\"id\":\"4dd71768-1887-4879-9716-dab5dcddbebe\",\"name\":\"admin\",\"description\":\"Full system access\",\"permissions\":[{\"role_id\":\"4dd71768-1887-4879-9716-dab5dcddbebe\",\"permission_id\":\"7b2752ff-795f-49c6-abc7-d874550df97c\",\"permission\":{\"action\":\"read\",\"subject\":\"Department\",\"conditions\":[]}},{\"role_id\":\"4dd71768-1887-4879-9716-dab5dcddbebe\",\"permission_id\":\"d34ddd4b-bfe0-4f38-871c-5fe3c0f25c57\",\"permission\":{\"action\":\"create\",\"subject\":\"Department\",\"conditions\":[]}},{\"role_id\":\"4dd71768-1887-4879-9716-dab5dcddbebe\",\"permission_id\":\"a7c583f2-d8cf-4734-9113-c98e6c838ab8\",\"permission\":{\"action\":\"update\",\"subject\":\"Department\",\"conditions\":[]}},{\"role_id\":\"4dd71768-1887-4879-9716-dab5dcddbebe\",\"permission_id\":\"14b80590-7ca4-4131-9560-8d58349e74eb\",\"permission\":{\"action\":\"delete\",\"subject\":\"Department\",\"conditions\":[{\"conditions\":{\"end\":\"17:00\",\"type\":\"business_hours\",\"start\":\"08:00\"},\"attribute\":{\"name\":\"time\"}}]}},{\"role_id\":\"4dd71768-1887-4879-9716-dab5dcddbebe\",\"permission_id\":\"84f07ad6-e304-4f43-951d-e8c8eb599352\",\"permission\":{\"action\":\"read\",\"subject\":\"Port\",\"conditions\":[]}},{\"role_id\":\"4dd71768-1887-4879-9716-dab5dcddbebe\",\"permission_id\":\"be2db210-da42-4ec9-888d-3a0858978431\",\"permission\":{\"action\":\"create\",\"subject\":\"Port\",\"conditions\":[]}},{\"role_id\":\"4dd71768-1887-4879-9716-dab5dcddbebe\",\"permission_id\":\"7d8ec69e-467e-4f8e-a389-fa6ca6e256ed\",\"permission\":{\"action\":\"update\",\"subject\":\"Port\",\"conditions\":[]}},{\"role_id\":\"4dd71768-1887-4879-9716-dab5dcddbebe\",\"permission_id\":\"4f3bd475-3290-4ab8-982f-4dd670cb649c\",\"permission\":{\"action\":\"delete\",\"subject\":\"Port\",\"conditions\":[]}},{\"role_id\":\"4dd71768-1887-4879-9716-dab5dcddbebe\",\"permission_id\":\"35d0dcaf-8b47-4333-b402-a91709e0fc31\",\"permission\":{\"action\":\"read\",\"subject\":\"File\",\"conditions\":[]}},{\"role_id\":\"4dd71768-1887-4879-9716-dab5dcddbebe\",\"permission_id\":\"e57bb9e8-ae84-4eaa-8022-c6a84281aaff\",\"permission\":{\"action\":\"create\",\"subject\":\"File\",\"conditions\":[]}},{\"role_id\":\"4dd71768-1887-4879-9716-dab5dcddbebe\",\"permission_id\":\"160ace45-3feb-4708-8eae-92a7b94b01f9\",\"permission\":{\"action\":\"delete\",\"subject\":\"File\",\"conditions\":[]}},{\"role_id\":\"4dd71768-1887-4879-9716-dab5dcddbebe\",\"permission_id\":\"31f694c5-76a4-4e2a-803d-9a9ea0e4ef63\",\"permission\":{\"action\":\"read\",\"subject\":\"IPWhitelist\",\"conditions\":[]}},{\"role_id\":\"4dd71768-1887-4879-9716-dab5dcddbebe\",\"permission_id\":\"ceac5cb1-ebc6-46c1-9d1e-efa0ace039db\",\"permission\":{\"action\":\"create\",\"subject\":\"IPWhitelist\",\"conditions\":[]}},{\"role_id\":\"4dd71768-1887-4879-9716-dab5dcddbebe\",\"permission_id\":\"3b21ac56-b1e9-4ad2-9ee9-d7a342829903\",\"permission\":{\"action\":\"delete\",\"subject\":\"IPWhitelist\",\"conditions\":[]}}]}}]}","requestId":"3a4f8cef-4737-439e-b3e4-c8ec56afb0d6","timestamp":"2026-05-06T12:56:52.250Z"}
{"context":"AuthService","level":"info","message":"payload: {\"id\":\"cc6d2974-22cf-4b0b-9590-4b701cfa3c00\",\"username\":\"customer_001\",\"hashed_password\":\"scrypt:61b7465b5cc602c81ecaa66e31f0f570:064a122e33f58ab9bedcc806f62492b81e4451665c71c7dc3a5afd28b63aa6017713b59fb84dc9594c530b3bbe79c2bf5c738ae510f3152bf09f34a3b6d02482\",\"displayName\":\"Nguyễn Văn A\",\"token_version\":5,\"isActive\":true,\"createdAt\":\"2026-05-03T15:37:18.203Z\",\"updatedAt\":\"2026-05-04T09:10:04.759Z\",\"deletedAt\":null,\"roles\":[{\"user_id\":\"cc6d2974-22cf-4b0b-9590-4b701cfa3c00\",\"role_id\":\"4dd71768-1887-4879-9716-dab5dcddbebe\",\"assignedAt\":\"2026-05-06T11:53:17.723Z\",\"role\":{\"id\":\"4dd71768-1887-4879-9716-dab5dcddbebe\",\"name\":\"admin\",\"description\":\"Full system access\",\"permissions\":[{\"role_id\":\"4dd71768-1887-4879-9716-dab5dcddbebe\",\"permission_id\":\"7b2752ff-795f-49c6-abc7-d874550df97c\",\"permission\":{\"action\":\"read\",\"subject\":\"Department\",\"conditions\":[]}},{\"role_id\":\"4dd71768-1887-4879-9716-dab5dcddbebe\",\"permission_id\":\"d34ddd4b-bfe0-4f38-871c-5fe3c0f25c57\",\"permission\":{\"action\":\"create\",\"subject\":\"Department\",\"conditions\":[]}},{\"role_id\":\"4dd71768-1887-4879-9716-dab5dcddbebe\",\"permission_id\":\"a7c583f2-d8cf-4734-9113-c98e6c838ab8\",\"permission\":{\"action\":\"update\",\"subject\":\"Department\",\"conditions\":[]}},{\"role_id\":\"4dd71768-1887-4879-9716-dab5dcddbebe\",\"permission_id\":\"14b80590-7ca4-4131-9560-8d58349e74eb\",\"permission\":{\"action\":\"delete\",\"subject\":\"Department\",\"conditions\":[{\"conditions\":{\"end\":\"17:00\",\"type\":\"business_hours\",\"start\":\"08:00\"},\"attribute\":{\"name\":\"time\"}}]}},{\"role_id\":\"4dd71768-1887-4879-9716-dab5dcddbebe\",\"permission_id\":\"84f07ad6-e304-4f43-951d-e8c8eb599352\",\"permission\":{\"action\":\"read\",\"subject\":\"Port\",\"conditions\":[]}},{\"role_id\":\"4dd71768-1887-4879-9716-dab5dcddbebe\",\"permission_id\":\"be2db210-da42-4ec9-888d-3a0858978431\",\"permission\":{\"action\":\"create\",\"subject\":\"Port\",\"conditions\":[]}},{\"role_id\":\"4dd71768-1887-4879-9716-dab5dcddbebe\",\"permission_id\":\"7d8ec69e-467e-4f8e-a389-fa6ca6e256ed\",\"permission\":{\"action\":\"update\",\"subject\":\"Port\",\"conditions\":[]}},{\"role_id\":\"4dd71768-1887-4879-9716-dab5dcddbebe\",\"permission_id\":\"4f3bd475-3290-4ab8-982f-4dd670cb649c\",\"permission\":{\"action\":\"delete\",\"subject\":\"Port\",\"conditions\":[]}},{\"role_id\":\"4dd71768-1887-4879-9716-dab5dcddbebe\",\"permission_id\":\"35d0dcaf-8b47-4333-b402-a91709e0fc31\",\"permission\":{\"action\":\"read\",\"subject\":\"File\",\"conditions\":[]}},{\"role_id\":\"4dd71768-1887-4879-9716-dab5dcddbebe\",\"permission_id\":\"e57bb9e8-ae84-4eaa-8022-c6a84281aaff\",\"permission\":{\"action\":\"create\",\"subject\":\"File\",\"conditions\":[]}},{\"role_id\":\"4dd71768-1887-4879-9716-dab5dcddbebe\",\"permission_id\":\"160ace45-3feb-4708-8eae-92a7b94b01f9\",\"permission\":{\"action\":\"delete\",\"subject\":\"File\",\"conditions\":[]}},{\"role_id\":\"4dd71768-1887-4879-9716-dab5dcddbebe\",\"permission_id\":\"31f694c5-76a4-4e2a-803d-9a9ea0e4ef63\",\"permission\":{\"action\":\"read\",\"subject\":\"IPWhitelist\",\"conditions\":[]}},{\"role_id\":\"4dd71768-1887-4879-9716-dab5dcddbebe\",\"permission_id\":\"ceac5cb1-ebc6-46c1-9d1e-efa0ace039db\",\"permission\":{\"action\":\"create\",\"subject\":\"IPWhitelist\",\"conditions\":[]}},{\"role_id\":\"4dd71768-1887-4879-9716-dab5dcddbebe\",\"permission_id\":\"3b21ac56-b1e9-4ad2-9ee9-d7a342829903\",\"permission\":{\"action\":\"delete\",\"subject\":\"IPWhitelist\",\"conditions\":[]}}]}}]}","requestId":"3a4f8cef-4737-439e-b3e4-c8ec56afb0d6","timestamp":"2026-05-06T12:56:52.253Z"}
{"context":"AuthService","level":"info","message":"user: {\"id\":\"cc6d2974-22cf-4b0b-9590-4b701cfa3c00\",\"displayName\":\"Nguyễn Văn A\",\"roles\":[{\"role\":{\"name\":\"admin\",\"permissions\":[{\"permission\":{\"action\":\"read\",\"subject\":\"Department\",\"conditions\":[]}},{\"permission\":{\"action\":\"create\",\"subject\":\"Department\",\"conditions\":[]}},{\"permission\":{\"action\":\"update\",\"subject\":\"Department\",\"conditions\":[]}},{\"permission\":{\"action\":\"delete\",\"subject\":\"Department\",\"conditions\":[{\"conditions\":{\"end\":\"17:00\",\"type\":\"business_hours\",\"start\":\"08:00\"},\"attribute\":{\"name\":\"time\"}}]}},{\"permission\":{\"action\":\"read\",\"subject\":\"Port\",\"conditions\":[]}},{\"permission\":{\"action\":\"create\",\"subject\":\"Port\",\"conditions\":[]}},{\"permission\":{\"action\":\"update\",\"subject\":\"Port\",\"conditions\":[]}},{\"permission\":{\"action\":\"delete\",\"subject\":\"Port\",\"conditions\":[]}},{\"permission\":{\"action\":\"read\",\"subject\":\"File\",\"conditions\":[]}},{\"permission\":{\"action\":\"create\",\"subject\":\"File\",\"conditions\":[]}},{\"permission\":{\"action\":\"delete\",\"subject\":\"File\",\"conditions\":[]}},{\"permission\":{\"action\":\"read\",\"subject\":\"IPWhitelist\",\"conditions\":[]}},{\"permission\":{\"action\":\"create\",\"subject\":\"IPWhitelist\",\"conditions\":[]}},{\"permission\":{\"action\":\"delete\",\"subject\":\"IPWhitelist\",\"conditions\":[]}}]}}]}","requestId":"3a4f8cef-4737-439e-b3e4-c8ec56afb0d6","timestamp":"2026-05-06T12:56:52.263Z"}
{"context":"LoggerMiddleware","level":"info","message":"[RequestID: 3a4f8cef-4737-439e-b3e4-c8ec56afb0d6] GET /api/v1/auth/me | Status: 200 | Duration: 107ms | IP: ::1 | UserAgent: Mozilla/5.0 (Windows NT 10.0; Win64; x64) AppleWebKit/537.36 (KHTML, like Gecko) Chrome/147.0.0.0 Safari/537.36","requestId":"3a4f8cef-4737-439e-b3e4-c8ec56afb0d6","timestamp":"2026-05-06T12:56:52.268Z"}
{"level":"info","message":"Khởi tạo ứng dụng...","timestamp":"2026-05-06T13:08:24.425Z"}
{"context":"NestFactory","level":"info","message":"Starting Nest application...","timestamp":"2026-05-06T13:08:24.498Z"}
{"context":"InstanceLoader","level":"info","message":"PassportModule dependencies initialized","timestamp":"2026-05-06T13:08:24.506Z"}
{"context":"InstanceLoader","level":"info","message":"ConfigHostModule dependencies initialized","timestamp":"2026-05-06T13:08:24.507Z"}
{"context":"InstanceLoader","level":"info","message":"AppModule dependencies initialized","timestamp":"2026-05-06T13:08:24.507Z"}
{"context":"PrismaService","level":"info","message":"🔌 Prisma Connection String: postgresql://admin:******@localhost:5433/kyc_asset_db?schema=public","timestamp":"2026-05-06T13:08:24.509Z"}
{"context":"InstanceLoader","level":"info","message":"PortsModule dependencies initialized","timestamp":"2026-05-06T13:08:24.510Z"}
{"context":"InstanceLoader","level":"info","message":"FilesModule dependencies initialized","timestamp":"2026-05-06T13:08:24.510Z"}
{"context":"InstanceLoader","level":"info","message":"ConfigModule dependencies initialized","timestamp":"2026-05-06T13:08:24.510Z"}
{"context":"InstanceLoader","level":"info","message":"CommonModule dependencies initialized","timestamp":"2026-05-06T13:08:24.510Z"}
{"context":"InstanceLoader","level":"info","message":"JwtModule dependencies initialized","timestamp":"2026-05-06T13:08:24.511Z"}
{"context":"InstanceLoader","level":"info","message":"PrismaModule dependencies initialized","timestamp":"2026-05-06T13:08:24.511Z"}
{"context":"InstanceLoader","level":"info","message":"WhitelistIpModule dependencies initialized","timestamp":"2026-05-06T13:08:24.512Z"}
{"context":"InstanceLoader","level":"info","message":"AttributeModule dependencies initialized","timestamp":"2026-05-06T13:08:24.512Z"}
{"context":"InstanceLoader","level":"info","message":"DepartmentsModule dependencies initialized","timestamp":"2026-05-06T13:08:24.512Z"}
{"context":"InstanceLoader","level":"info","message":"UsersModule dependencies initialized","timestamp":"2026-05-06T13:08:24.513Z"}
{"context":"InstanceLoader","level":"info","message":"RolesModule dependencies initialized","timestamp":"2026-05-06T13:08:24.513Z"}
{"context":"InstanceLoader","level":"info","message":"PermissionsModule dependencies initialized","timestamp":"2026-05-06T13:08:24.513Z"}
{"context":"InstanceLoader","level":"info","message":"AuthModule dependencies initialized","timestamp":"2026-05-06T13:08:24.513Z"}
{"context":"LegacyRouteConverter","level":"warn","message":"Unsupported route path: \"/api/v1/*\". In previous versions, the symbols ?, *, and + were used to denote optional or repeating path parameters. The latest version of \"path-to-regexp\" now requires the use of named parameters. For example, instead of using a route like /users/* to capture all routes starting with \"/users\", you should use /users/*path. For more details, refer to the migration guide. Attempting to auto-convert...","timestamp":"2026-05-06T13:08:24.539Z"}
{"context":"RoutesResolver","level":"info","message":"AppController {/api/v1/ping}:","timestamp":"2026-05-06T13:08:24.540Z"}
{"context":"RouterExplorer","level":"info","message":"Mapped {/api/v1/ping, GET} route","timestamp":"2026-05-06T13:08:24.541Z"}
{"context":"RoutesResolver","level":"info","message":"UsersController {/api/v1/users}:","timestamp":"2026-05-06T13:08:24.541Z"}
{"context":"RouterExplorer","level":"info","message":"Mapped {/api/v1/users, POST} route","timestamp":"2026-05-06T13:08:24.541Z"}
{"context":"RouterExplorer","level":"info","message":"Mapped {/api/v1/users, GET} route","timestamp":"2026-05-06T13:08:24.542Z"}
{"context":"RouterExplorer","level":"info","message":"Mapped {/api/v1/users/:id, GET} route","timestamp":"2026-05-06T13:08:24.542Z"}
{"context":"RouterExplorer","level":"info","message":"Mapped {/api/v1/users/:id, PATCH} route","timestamp":"2026-05-06T13:08:24.542Z"}
{"context":"RouterExplorer","level":"info","message":"Mapped {/api/v1/users/:id, DELETE} route","timestamp":"2026-05-06T13:08:24.542Z"}
{"context":"RoutesResolver","level":"info","message":"WhitelistIpController {/api/v1/whitelist-ip}:","timestamp":"2026-05-06T13:08:24.543Z"}
{"context":"RouterExplorer","level":"info","message":"Mapped {/api/v1/whitelist-ip, POST} route","timestamp":"2026-05-06T13:08:24.543Z"}
{"context":"RouterExplorer","level":"info","message":"Mapped {/api/v1/whitelist-ip, GET} route","timestamp":"2026-05-06T13:08:24.543Z"}
{"context":"RouterExplorer","level":"info","message":"Mapped {/api/v1/whitelist-ip/:id, GET} route","timestamp":"2026-05-06T13:08:24.543Z"}
{"context":"RouterExplorer","level":"info","message":"Mapped {/api/v1/whitelist-ip/:id, PATCH} route","timestamp":"2026-05-06T13:08:24.544Z"}
{"context":"RouterExplorer","level":"info","message":"Mapped {/api/v1/whitelist-ip/:id, DELETE} route","timestamp":"2026-05-06T13:08:24.544Z"}
{"context":"RoutesResolver","level":"info","message":"RolesController {/api/v1/roles}:","timestamp":"2026-05-06T13:08:24.544Z"}
{"context":"RouterExplorer","level":"info","message":"Mapped {/api/v1/roles, POST} route","timestamp":"2026-05-06T13:08:24.544Z"}
{"context":"RouterExplorer","level":"info","message":"Mapped {/api/v1/roles, GET} route","timestamp":"2026-05-06T13:08:24.544Z"}
{"context":"RouterExplorer","level":"info","message":"Mapped {/api/v1/roles/:id, GET} route","timestamp":"2026-05-06T13:08:24.544Z"}
{"context":"RouterExplorer","level":"info","message":"Mapped {/api/v1/roles/:id, PATCH} route","timestamp":"2026-05-06T13:08:24.545Z"}
{"context":"RouterExplorer","level":"info","message":"Mapped {/api/v1/roles/:id, DELETE} route","timestamp":"2026-05-06T13:08:24.545Z"}
{"context":"RoutesResolver","level":"info","message":"PermissionsController {/api/v1/permissions}:","timestamp":"2026-05-06T13:08:24.545Z"}
{"context":"RouterExplorer","level":"info","message":"Mapped {/api/v1/permissions, POST} route","timestamp":"2026-05-06T13:08:24.545Z"}
{"context":"RouterExplorer","level":"info","message":"Mapped {/api/v1/permissions, GET} route","timestamp":"2026-05-06T13:08:24.546Z"}
{"context":"RouterExplorer","level":"info","message":"Mapped {/api/v1/permissions/:id, PATCH} route","timestamp":"2026-05-06T13:08:24.546Z"}
{"context":"RouterExplorer","level":"info","message":"Mapped {/api/v1/permissions/:id, DELETE} route","timestamp":"2026-05-06T13:08:24.546Z"}
{"context":"RoutesResolver","level":"info","message":"AuthController {/api/v1/auth}:","timestamp":"2026-05-06T13:08:24.546Z"}
{"context":"RouterExplorer","level":"info","message":"Mapped {/api/v1/auth/register, POST} route","timestamp":"2026-05-06T13:08:24.546Z"}
{"context":"RouterExplorer","level":"info","message":"Mapped {/api/v1/auth/login, POST} route","timestamp":"2026-05-06T13:08:24.547Z"}
{"context":"RouterExplorer","level":"info","message":"Mapped {/api/v1/auth/refresh, POST} route","timestamp":"2026-05-06T13:08:24.547Z"}
{"context":"RouterExplorer","level":"info","message":"Mapped {/api/v1/auth/logout, POST} route","timestamp":"2026-05-06T13:08:24.547Z"}
{"context":"RouterExplorer","level":"info","message":"Mapped {/api/v1/auth/me, GET} route","timestamp":"2026-05-06T13:08:24.548Z"}
{"context":"RouterExplorer","level":"info","message":"Mapped {/api/v1/auth/me/password, PATCH} route","timestamp":"2026-05-06T13:08:24.548Z"}
{"context":"RoutesResolver","level":"info","message":"AttributeController {/api/v1/attribute}:","timestamp":"2026-05-06T13:08:24.548Z"}
{"context":"RouterExplorer","level":"info","message":"Mapped {/api/v1/attribute, POST} route","timestamp":"2026-05-06T13:08:24.548Z"}
{"context":"RouterExplorer","level":"info","message":"Mapped {/api/v1/attribute, GET} route","timestamp":"2026-05-06T13:08:24.548Z"}
{"context":"RouterExplorer","level":"info","message":"Mapped {/api/v1/attribute/:id, GET} route","timestamp":"2026-05-06T13:08:24.549Z"}
{"context":"RouterExplorer","level":"info","message":"Mapped {/api/v1/attribute/:id, PATCH} route","timestamp":"2026-05-06T13:08:24.549Z"}
{"context":"RouterExplorer","level":"info","message":"Mapped {/api/v1/attribute/:id, DELETE} route","timestamp":"2026-05-06T13:08:24.549Z"}
{"context":"RoutesResolver","level":"info","message":"DepartmentsController {/api/v1/departments}:","timestamp":"2026-05-06T13:08:24.549Z"}
{"context":"RouterExplorer","level":"info","message":"Mapped {/api/v1/departments, POST} route","timestamp":"2026-05-06T13:08:24.550Z"}
{"context":"RouterExplorer","level":"info","message":"Mapped {/api/v1/departments, GET} route","timestamp":"2026-05-06T13:08:24.550Z"}
{"context":"RouterExplorer","level":"info","message":"Mapped {/api/v1/departments/:id, GET} route","timestamp":"2026-05-06T13:08:24.550Z"}
{"context":"RouterExplorer","level":"info","message":"Mapped {/api/v1/departments/:id, PATCH} route","timestamp":"2026-05-06T13:08:24.550Z"}
{"context":"RouterExplorer","level":"info","message":"Mapped {/api/v1/departments/:id, DELETE} route","timestamp":"2026-05-06T13:08:24.551Z"}
{"context":"RoutesResolver","level":"info","message":"PortsController {/api/v1/ports}:","timestamp":"2026-05-06T13:08:24.551Z"}
{"context":"RouterExplorer","level":"info","message":"Mapped {/api/v1/ports, POST} route","timestamp":"2026-05-06T13:08:24.551Z"}
{"context":"RouterExplorer","level":"info","message":"Mapped {/api/v1/ports, GET} route","timestamp":"2026-05-06T13:08:24.551Z"}
{"context":"RouterExplorer","level":"info","message":"Mapped {/api/v1/ports/:id, GET} route","timestamp":"2026-05-06T13:08:24.551Z"}
{"context":"RouterExplorer","level":"info","message":"Mapped {/api/v1/ports/:id, PATCH} route","timestamp":"2026-05-06T13:08:24.552Z"}
{"context":"RouterExplorer","level":"info","message":"Mapped {/api/v1/ports/:id, DELETE} route","timestamp":"2026-05-06T13:08:24.552Z"}
{"context":"RoutesResolver","level":"info","message":"FilesController {/api/v1/files}:","timestamp":"2026-05-06T13:08:24.552Z"}
{"context":"RouterExplorer","level":"info","message":"Mapped {/api/v1/files, POST} route","timestamp":"2026-05-06T13:08:24.552Z"}
{"context":"RouterExplorer","level":"info","message":"Mapped {/api/v1/files, GET} route","timestamp":"2026-05-06T13:08:24.552Z"}
{"context":"RouterExplorer","level":"info","message":"Mapped {/api/v1/files/:id, GET} route","timestamp":"2026-05-06T13:08:24.553Z"}
{"context":"RouterExplorer","level":"info","message":"Mapped {/api/v1/files/:id, PATCH} route","timestamp":"2026-05-06T13:08:24.553Z"}
{"context":"RouterExplorer","level":"info","message":"Mapped {/api/v1/files/:id, DELETE} route","timestamp":"2026-05-06T13:08:24.553Z"}
{"context":"PrismaService","level":"info","message":"Kết nối database thành công","timestamp":"2026-05-06T13:08:24.599Z"}
{"context":"NestApplication","level":"info","message":"Nest application successfully started","timestamp":"2026-05-06T13:08:24.606Z"}
{"level":"info","message":"Khởi tạo ứng dụng...","timestamp":"2026-05-06T13:08:45.771Z"}
{"context":"NestFactory","level":"info","message":"Starting Nest application...","timestamp":"2026-05-06T13:08:45.843Z"}
{"context":"InstanceLoader","level":"info","message":"PassportModule dependencies initialized","timestamp":"2026-05-06T13:08:45.851Z"}
{"context":"InstanceLoader","level":"info","message":"ConfigHostModule dependencies initialized","timestamp":"2026-05-06T13:08:45.851Z"}
{"context":"InstanceLoader","level":"info","message":"AppModule dependencies initialized","timestamp":"2026-05-06T13:08:45.852Z"}
{"context":"PrismaService","level":"info","message":"🔌 Prisma Connection String: postgresql://admin:******@localhost:5433/kyc_asset_db?schema=public","timestamp":"2026-05-06T13:08:45.854Z"}
{"context":"InstanceLoader","level":"info","message":"PortsModule dependencies initialized","timestamp":"2026-05-06T13:08:45.855Z"}
{"context":"InstanceLoader","level":"info","message":"FilesModule dependencies initialized","timestamp":"2026-05-06T13:08:45.855Z"}
{"context":"InstanceLoader","level":"info","message":"ConfigModule dependencies initialized","timestamp":"2026-05-06T13:08:45.855Z"}
{"context":"InstanceLoader","level":"info","message":"CommonModule dependencies initialized","timestamp":"2026-05-06T13:08:45.855Z"}
{"context":"InstanceLoader","level":"info","message":"JwtModule dependencies initialized","timestamp":"2026-05-06T13:08:45.855Z"}
{"context":"InstanceLoader","level":"info","message":"PrismaModule dependencies initialized","timestamp":"2026-05-06T13:08:45.856Z"}
{"context":"InstanceLoader","level":"info","message":"WhitelistIpModule dependencies initialized","timestamp":"2026-05-06T13:08:45.857Z"}
{"context":"InstanceLoader","level":"info","message":"AttributeModule dependencies initialized","timestamp":"2026-05-06T13:08:45.857Z"}
{"context":"InstanceLoader","level":"info","message":"DepartmentsModule dependencies initialized","timestamp":"2026-05-06T13:08:45.857Z"}
{"context":"InstanceLoader","level":"info","message":"UsersModule dependencies initialized","timestamp":"2026-05-06T13:08:45.857Z"}
{"context":"InstanceLoader","level":"info","message":"RolesModule dependencies initialized","timestamp":"2026-05-06T13:08:45.857Z"}
{"context":"InstanceLoader","level":"info","message":"PermissionsModule dependencies initialized","timestamp":"2026-05-06T13:08:45.857Z"}
{"context":"InstanceLoader","level":"info","message":"AuthModule dependencies initialized","timestamp":"2026-05-06T13:08:45.858Z"}
{"context":"LegacyRouteConverter","level":"warn","message":"Unsupported route path: \"/api/v1/*\". In previous versions, the symbols ?, *, and + were used to denote optional or repeating path parameters. The latest version of \"path-to-regexp\" now requires the use of named parameters. For example, instead of using a route like /users/* to capture all routes starting with \"/users\", you should use /users/*path. For more details, refer to the migration guide. Attempting to auto-convert...","timestamp":"2026-05-06T13:08:45.882Z"}
{"context":"RoutesResolver","level":"info","message":"AppController {/api/v1/ping}:","timestamp":"2026-05-06T13:08:45.882Z"}
{"context":"RouterExplorer","level":"info","message":"Mapped {/api/v1/ping, GET} route","timestamp":"2026-05-06T13:08:45.883Z"}
{"context":"RoutesResolver","level":"info","message":"UsersController {/api/v1/users}:","timestamp":"2026-05-06T13:08:45.884Z"}
{"context":"RouterExplorer","level":"info","message":"Mapped {/api/v1/users, POST} route","timestamp":"2026-05-06T13:08:45.884Z"}
{"context":"RouterExplorer","level":"info","message":"Mapped {/api/v1/users, GET} route","timestamp":"2026-05-06T13:08:45.884Z"}
{"context":"RouterExplorer","level":"info","message":"Mapped {/api/v1/users/:id, GET} route","timestamp":"2026-05-06T13:08:45.885Z"}
{"context":"RouterExplorer","level":"info","message":"Mapped {/api/v1/users/:id, PATCH} route","timestamp":"2026-05-06T13:08:45.885Z"}
{"context":"RouterExplorer","level":"info","message":"Mapped {/api/v1/users/:id, DELETE} route","timestamp":"2026-05-06T13:08:45.885Z"}
{"context":"RoutesResolver","level":"info","message":"WhitelistIpController {/api/v1/whitelist-ip}:","timestamp":"2026-05-06T13:08:45.885Z"}
{"context":"RouterExplorer","level":"info","message":"Mapped {/api/v1/whitelist-ip, POST} route","timestamp":"2026-05-06T13:08:45.886Z"}
{"context":"RouterExplorer","level":"info","message":"Mapped {/api/v1/whitelist-ip, GET} route","timestamp":"2026-05-06T13:08:45.886Z"}
{"context":"RouterExplorer","level":"info","message":"Mapped {/api/v1/whitelist-ip/:id, GET} route","timestamp":"2026-05-06T13:08:45.887Z"}
{"context":"RouterExplorer","level":"info","message":"Mapped {/api/v1/whitelist-ip/:id, PATCH} route","timestamp":"2026-05-06T13:08:45.887Z"}
{"context":"RouterExplorer","level":"info","message":"Mapped {/api/v1/whitelist-ip/:id, DELETE} route","timestamp":"2026-05-06T13:08:45.887Z"}
{"context":"RoutesResolver","level":"info","message":"RolesController {/api/v1/roles}:","timestamp":"2026-05-06T13:08:45.887Z"}
{"context":"RouterExplorer","level":"info","message":"Mapped {/api/v1/roles, POST} route","timestamp":"2026-05-06T13:08:45.887Z"}
{"context":"RouterExplorer","level":"info","message":"Mapped {/api/v1/roles, GET} route","timestamp":"2026-05-06T13:08:45.887Z"}
{"context":"RouterExplorer","level":"info","message":"Mapped {/api/v1/roles/:id, GET} route","timestamp":"2026-05-06T13:08:45.888Z"}
{"context":"RouterExplorer","level":"info","message":"Mapped {/api/v1/roles/:id, PATCH} route","timestamp":"2026-05-06T13:08:45.888Z"}
{"context":"RouterExplorer","level":"info","message":"Mapped {/api/v1/roles/:id, DELETE} route","timestamp":"2026-05-06T13:08:45.888Z"}
{"context":"RoutesResolver","level":"info","message":"PermissionsController {/api/v1/permissions}:","timestamp":"2026-05-06T13:08:45.888Z"}
{"context":"RouterExplorer","level":"info","message":"Mapped {/api/v1/permissions, POST} route","timestamp":"2026-05-06T13:08:45.889Z"}
{"context":"RouterExplorer","level":"info","message":"Mapped {/api/v1/permissions, GET} route","timestamp":"2026-05-06T13:08:45.889Z"}
{"context":"RouterExplorer","level":"info","message":"Mapped {/api/v1/permissions/:id, PATCH} route","timestamp":"2026-05-06T13:08:45.889Z"}
{"context":"RouterExplorer","level":"info","message":"Mapped {/api/v1/permissions/:id, DELETE} route","timestamp":"2026-05-06T13:08:45.889Z"}
{"context":"RoutesResolver","level":"info","message":"AuthController {/api/v1/auth}:","timestamp":"2026-05-06T13:08:45.889Z"}
{"context":"RouterExplorer","level":"info","message":"Mapped {/api/v1/auth/register, POST} route","timestamp":"2026-05-06T13:08:45.889Z"}
{"context":"RouterExplorer","level":"info","message":"Mapped {/api/v1/auth/login, POST} route","timestamp":"2026-05-06T13:08:45.890Z"}
{"context":"RouterExplorer","level":"info","message":"Mapped {/api/v1/auth/refresh, POST} route","timestamp":"2026-05-06T13:08:45.890Z"}
{"context":"RouterExplorer","level":"info","message":"Mapped {/api/v1/auth/logout, POST} route","timestamp":"2026-05-06T13:08:45.890Z"}
{"context":"RouterExplorer","level":"info","message":"Mapped {/api/v1/auth/me, GET} route","timestamp":"2026-05-06T13:08:45.890Z"}
{"context":"RouterExplorer","level":"info","message":"Mapped {/api/v1/auth/me/password, PATCH} route","timestamp":"2026-05-06T13:08:45.890Z"}
{"context":"RoutesResolver","level":"info","message":"AttributeController {/api/v1/attribute}:","timestamp":"2026-05-06T13:08:45.890Z"}
{"context":"RouterExplorer","level":"info","message":"Mapped {/api/v1/attribute, POST} route","timestamp":"2026-05-06T13:08:45.891Z"}
{"context":"RouterExplorer","level":"info","message":"Mapped {/api/v1/attribute, GET} route","timestamp":"2026-05-06T13:08:45.891Z"}
{"context":"RouterExplorer","level":"info","message":"Mapped {/api/v1/attribute/:id, GET} route","timestamp":"2026-05-06T13:08:45.891Z"}
{"context":"RouterExplorer","level":"info","message":"Mapped {/api/v1/attribute/:id, PATCH} route","timestamp":"2026-05-06T13:08:45.891Z"}
{"context":"RouterExplorer","level":"info","message":"Mapped {/api/v1/attribute/:id, DELETE} route","timestamp":"2026-05-06T13:08:45.891Z"}
{"context":"RoutesResolver","level":"info","message":"DepartmentsController {/api/v1/departments}:","timestamp":"2026-05-06T13:08:45.891Z"}
{"context":"RouterExplorer","level":"info","message":"Mapped {/api/v1/departments, POST} route","timestamp":"2026-05-06T13:08:45.892Z"}
{"context":"RouterExplorer","level":"info","message":"Mapped {/api/v1/departments, GET} route","timestamp":"2026-05-06T13:08:45.892Z"}
{"context":"RouterExplorer","level":"info","message":"Mapped {/api/v1/departments/:id, GET} route","timestamp":"2026-05-06T13:08:45.892Z"}
{"context":"RouterExplorer","level":"info","message":"Mapped {/api/v1/departments/:id, PATCH} route","timestamp":"2026-05-06T13:08:45.892Z"}
{"context":"RouterExplorer","level":"info","message":"Mapped {/api/v1/departments/:id, DELETE} route","timestamp":"2026-05-06T13:08:45.892Z"}
{"context":"RoutesResolver","level":"info","message":"PortsController {/api/v1/ports}:","timestamp":"2026-05-06T13:08:45.892Z"}
{"context":"RouterExplorer","level":"info","message":"Mapped {/api/v1/ports, POST} route","timestamp":"2026-05-06T13:08:45.892Z"}
{"context":"RouterExplorer","level":"info","message":"Mapped {/api/v1/ports, GET} route","timestamp":"2026-05-06T13:08:45.893Z"}
{"context":"RouterExplorer","level":"info","message":"Mapped {/api/v1/ports/:id, GET} route","timestamp":"2026-05-06T13:08:45.893Z"}
{"context":"RouterExplorer","level":"info","message":"Mapped {/api/v1/ports/:id, PATCH} route","timestamp":"2026-05-06T13:08:45.893Z"}
{"context":"RouterExplorer","level":"info","message":"Mapped {/api/v1/ports/:id, DELETE} route","timestamp":"2026-05-06T13:08:45.893Z"}
{"context":"RoutesResolver","level":"info","message":"FilesController {/api/v1/files}:","timestamp":"2026-05-06T13:08:45.894Z"}
{"context":"RouterExplorer","level":"info","message":"Mapped {/api/v1/files, POST} route","timestamp":"2026-05-06T13:08:45.894Z"}
{"context":"RouterExplorer","level":"info","message":"Mapped {/api/v1/files, GET} route","timestamp":"2026-05-06T13:08:45.894Z"}
{"context":"RouterExplorer","level":"info","message":"Mapped {/api/v1/files/:id, GET} route","timestamp":"2026-05-06T13:08:45.894Z"}
{"context":"RouterExplorer","level":"info","message":"Mapped {/api/v1/files/:id, PATCH} route","timestamp":"2026-05-06T13:08:45.894Z"}
{"context":"RouterExplorer","level":"info","message":"Mapped {/api/v1/files/:id, DELETE} route","timestamp":"2026-05-06T13:08:45.895Z"}
{"context":"PrismaService","level":"info","message":"Kết nối database thành công","timestamp":"2026-05-06T13:08:45.933Z"}
{"context":"NestApplication","level":"info","message":"Nest application successfully started","timestamp":"2026-05-06T13:08:45.938Z"}
{"context":"AccessTokenGuard","level":"info","message":"isPublic: true","requestId":"44b5930b-e027-46e4-92f6-77208c5c10e8","timestamp":"2026-05-06T13:08:52.547Z"}
{"context":"AccessTokenGuard","level":"info","message":"Public route, skipping authentication","requestId":"44b5930b-e027-46e4-92f6-77208c5c10e8","timestamp":"2026-05-06T13:08:52.548Z"}
{"context":"LoggerMiddleware","level":"info","message":"[RequestID: 44b5930b-e027-46e4-92f6-77208c5c10e8] POST /api/v1/auth/login | Status: 201 | Duration: 110ms | IP: ::1 | UserAgent: Mozilla/5.0 (Windows NT 10.0; Win64; x64) AppleWebKit/537.36 (KHTML, like Gecko) Chrome/147.0.0.0 Safari/537.36","requestId":"44b5930b-e027-46e4-92f6-77208c5c10e8","timestamp":"2026-05-06T13:08:52.657Z"}
{"context":"AccessTokenGuard","level":"info","message":"isPublic: undefined","requestId":"51610f97-6cf5-495f-9e5a-fcb295967338","timestamp":"2026-05-06T13:08:56.030Z"}
{"context":"AccessTokenStrategy","level":"info","message":"user: {\"id\":\"cc6d2974-22cf-4b0b-9590-4b701cfa3c00\",\"username\":\"customer_001\",\"hashed_password\":\"scrypt:61b7465b5cc602c81ecaa66e31f0f570:064a122e33f58ab9bedcc806f62492b81e4451665c71c7dc3a5afd28b63aa6017713b59fb84dc9594c530b3bbe79c2bf5c738ae510f3152bf09f34a3b6d02482\",\"displayName\":\"Nguyễn Văn A\",\"token_version\":5,\"isActive\":true,\"createdAt\":\"2026-05-03T15:37:18.203Z\",\"updatedAt\":\"2026-05-04T09:10:04.759Z\",\"deletedAt\":null,\"roles\":[{\"user_id\":\"cc6d2974-22cf-4b0b-9590-4b701cfa3c00\",\"role_id\":\"4dd71768-1887-4879-9716-dab5dcddbebe\",\"assignedAt\":\"2026-05-06T11:53:17.723Z\",\"role\":{\"id\":\"4dd71768-1887-4879-9716-dab5dcddbebe\",\"name\":\"admin\",\"description\":\"Full system access\",\"permissions\":[{\"role_id\":\"4dd71768-1887-4879-9716-dab5dcddbebe\",\"permission_id\":\"7b2752ff-795f-49c6-abc7-d874550df97c\",\"permission\":{\"action\":\"read\",\"subject\":\"Department\",\"conditions\":[]}},{\"role_id\":\"4dd71768-1887-4879-9716-dab5dcddbebe\",\"permission_id\":\"d34ddd4b-bfe0-4f38-871c-5fe3c0f25c57\",\"permission\":{\"action\":\"create\",\"subject\":\"Department\",\"conditions\":[]}},{\"role_id\":\"4dd71768-1887-4879-9716-dab5dcddbebe\",\"permission_id\":\"a7c583f2-d8cf-4734-9113-c98e6c838ab8\",\"permission\":{\"action\":\"update\",\"subject\":\"Department\",\"conditions\":[]}},{\"role_id\":\"4dd71768-1887-4879-9716-dab5dcddbebe\",\"permission_id\":\"14b80590-7ca4-4131-9560-8d58349e74eb\",\"permission\":{\"action\":\"delete\",\"subject\":\"Department\",\"conditions\":[{\"conditions\":{\"end\":\"17:00\",\"type\":\"business_hours\",\"start\":\"08:00\"},\"attribute\":{\"name\":\"time\"}}]}},{\"role_id\":\"4dd71768-1887-4879-9716-dab5dcddbebe\",\"permission_id\":\"84f07ad6-e304-4f43-951d-e8c8eb599352\",\"permission\":{\"action\":\"read\",\"subject\":\"Port\",\"conditions\":[]}},{\"role_id\":\"4dd71768-1887-4879-9716-dab5dcddbebe\",\"permission_id\":\"be2db210-da42-4ec9-888d-3a0858978431\",\"permission\":{\"action\":\"create\",\"subject\":\"Port\",\"conditions\":[]}},{\"role_id\":\"4dd71768-1887-4879-9716-dab5dcddbebe\",\"permission_id\":\"7d8ec69e-467e-4f8e-a389-fa6ca6e256ed\",\"permission\":{\"action\":\"update\",\"subject\":\"Port\",\"conditions\":[]}},{\"role_id\":\"4dd71768-1887-4879-9716-dab5dcddbebe\",\"permission_id\":\"4f3bd475-3290-4ab8-982f-4dd670cb649c\",\"permission\":{\"action\":\"delete\",\"subject\":\"Port\",\"conditions\":[]}},{\"role_id\":\"4dd71768-1887-4879-9716-dab5dcddbebe\",\"permission_id\":\"35d0dcaf-8b47-4333-b402-a91709e0fc31\",\"permission\":{\"action\":\"read\",\"subject\":\"File\",\"conditions\":[]}},{\"role_id\":\"4dd71768-1887-4879-9716-dab5dcddbebe\",\"permission_id\":\"e57bb9e8-ae84-4eaa-8022-c6a84281aaff\",\"permission\":{\"action\":\"create\",\"subject\":\"File\",\"conditions\":[]}},{\"role_id\":\"4dd71768-1887-4879-9716-dab5dcddbebe\",\"permission_id\":\"160ace45-3feb-4708-8eae-92a7b94b01f9\",\"permission\":{\"action\":\"delete\",\"subject\":\"File\",\"conditions\":[]}},{\"role_id\":\"4dd71768-1887-4879-9716-dab5dcddbebe\",\"permission_id\":\"31f694c5-76a4-4e2a-803d-9a9ea0e4ef63\",\"permission\":{\"action\":\"read\",\"subject\":\"IPWhitelist\",\"conditions\":[]}},{\"role_id\":\"4dd71768-1887-4879-9716-dab5dcddbebe\",\"permission_id\":\"ceac5cb1-ebc6-46c1-9d1e-efa0ace039db\",\"permission\":{\"action\":\"create\",\"subject\":\"IPWhitelist\",\"conditions\":[]}},{\"role_id\":\"4dd71768-1887-4879-9716-dab5dcddbebe\",\"permission_id\":\"3b21ac56-b1e9-4ad2-9ee9-d7a342829903\",\"permission\":{\"action\":\"delete\",\"subject\":\"IPWhitelist\",\"conditions\":[]}}]}}]}","requestId":"51610f97-6cf5-495f-9e5a-fcb295967338","timestamp":"2026-05-06T13:08:56.039Z"}
{"context":"AuthService","level":"info","message":"payload: {\"id\":\"cc6d2974-22cf-4b0b-9590-4b701cfa3c00\",\"username\":\"customer_001\",\"hashed_password\":\"scrypt:61b7465b5cc602c81ecaa66e31f0f570:064a122e33f58ab9bedcc806f62492b81e4451665c71c7dc3a5afd28b63aa6017713b59fb84dc9594c530b3bbe79c2bf5c738ae510f3152bf09f34a3b6d02482\",\"displayName\":\"Nguyễn Văn A\",\"token_version\":5,\"isActive\":true,\"createdAt\":\"2026-05-03T15:37:18.203Z\",\"updatedAt\":\"2026-05-04T09:10:04.759Z\",\"deletedAt\":null,\"roles\":[{\"user_id\":\"cc6d2974-22cf-4b0b-9590-4b701cfa3c00\",\"role_id\":\"4dd71768-1887-4879-9716-dab5dcddbebe\",\"assignedAt\":\"2026-05-06T11:53:17.723Z\",\"role\":{\"id\":\"4dd71768-1887-4879-9716-dab5dcddbebe\",\"name\":\"admin\",\"description\":\"Full system access\",\"permissions\":[{\"role_id\":\"4dd71768-1887-4879-9716-dab5dcddbebe\",\"permission_id\":\"7b2752ff-795f-49c6-abc7-d874550df97c\",\"permission\":{\"action\":\"read\",\"subject\":\"Department\",\"conditions\":[]}},{\"role_id\":\"4dd71768-1887-4879-9716-dab5dcddbebe\",\"permission_id\":\"d34ddd4b-bfe0-4f38-871c-5fe3c0f25c57\",\"permission\":{\"action\":\"create\",\"subject\":\"Department\",\"conditions\":[]}},{\"role_id\":\"4dd71768-1887-4879-9716-dab5dcddbebe\",\"permission_id\":\"a7c583f2-d8cf-4734-9113-c98e6c838ab8\",\"permission\":{\"action\":\"update\",\"subject\":\"Department\",\"conditions\":[]}},{\"role_id\":\"4dd71768-1887-4879-9716-dab5dcddbebe\",\"permission_id\":\"14b80590-7ca4-4131-9560-8d58349e74eb\",\"permission\":{\"action\":\"delete\",\"subject\":\"Department\",\"conditions\":[{\"conditions\":{\"end\":\"17:00\",\"type\":\"business_hours\",\"start\":\"08:00\"},\"attribute\":{\"name\":\"time\"}}]}},{\"role_id\":\"4dd71768-1887-4879-9716-dab5dcddbebe\",\"permission_id\":\"84f07ad6-e304-4f43-951d-e8c8eb599352\",\"permission\":{\"action\":\"read\",\"subject\":\"Port\",\"conditions\":[]}},{\"role_id\":\"4dd71768-1887-4879-9716-dab5dcddbebe\",\"permission_id\":\"be2db210-da42-4ec9-888d-3a0858978431\",\"permission\":{\"action\":\"create\",\"subject\":\"Port\",\"conditions\":[]}},{\"role_id\":\"4dd71768-1887-4879-9716-dab5dcddbebe\",\"permission_id\":\"7d8ec69e-467e-4f8e-a389-fa6ca6e256ed\",\"permission\":{\"action\":\"update\",\"subject\":\"Port\",\"conditions\":[]}},{\"role_id\":\"4dd71768-1887-4879-9716-dab5dcddbebe\",\"permission_id\":\"4f3bd475-3290-4ab8-982f-4dd670cb649c\",\"permission\":{\"action\":\"delete\",\"subject\":\"Port\",\"conditions\":[]}},{\"role_id\":\"4dd71768-1887-4879-9716-dab5dcddbebe\",\"permission_id\":\"35d0dcaf-8b47-4333-b402-a91709e0fc31\",\"permission\":{\"action\":\"read\",\"subject\":\"File\",\"conditions\":[]}},{\"role_id\":\"4dd71768-1887-4879-9716-dab5dcddbebe\",\"permission_id\":\"e57bb9e8-ae84-4eaa-8022-c6a84281aaff\",\"permission\":{\"action\":\"create\",\"subject\":\"File\",\"conditions\":[]}},{\"role_id\":\"4dd71768-1887-4879-9716-dab5dcddbebe\",\"permission_id\":\"160ace45-3feb-4708-8eae-92a7b94b01f9\",\"permission\":{\"action\":\"delete\",\"subject\":\"File\",\"conditions\":[]}},{\"role_id\":\"4dd71768-1887-4879-9716-dab5dcddbebe\",\"permission_id\":\"31f694c5-76a4-4e2a-803d-9a9ea0e4ef63\",\"permission\":{\"action\":\"read\",\"subject\":\"IPWhitelist\",\"conditions\":[]}},{\"role_id\":\"4dd71768-1887-4879-9716-dab5dcddbebe\",\"permission_id\":\"ceac5cb1-ebc6-46c1-9d1e-efa0ace039db\",\"permission\":{\"action\":\"create\",\"subject\":\"IPWhitelist\",\"conditions\":[]}},{\"role_id\":\"4dd71768-1887-4879-9716-dab5dcddbebe\",\"permission_id\":\"3b21ac56-b1e9-4ad2-9ee9-d7a342829903\",\"permission\":{\"action\":\"delete\",\"subject\":\"IPWhitelist\",\"conditions\":[]}}]}}]}","requestId":"51610f97-6cf5-495f-9e5a-fcb295967338","timestamp":"2026-05-06T13:08:56.040Z"}
{"context":"AuthService","level":"info","message":"user: {\"id\":\"cc6d2974-22cf-4b0b-9590-4b701cfa3c00\",\"displayName\":\"Nguyễn Văn A\",\"roles\":[{\"role\":{\"name\":\"admin\",\"permissions\":[{\"permission\":{\"action\":\"read\",\"subject\":\"Department\",\"conditions\":[]}},{\"permission\":{\"action\":\"create\",\"subject\":\"Department\",\"conditions\":[]}},{\"permission\":{\"action\":\"update\",\"subject\":\"Department\",\"conditions\":[]}},{\"permission\":{\"action\":\"delete\",\"subject\":\"Department\",\"conditions\":[{\"conditions\":{\"end\":\"17:00\",\"type\":\"business_hours\",\"start\":\"08:00\"},\"attribute\":{\"name\":\"time\"}}]}},{\"permission\":{\"action\":\"read\",\"subject\":\"Port\",\"conditions\":[]}},{\"permission\":{\"action\":\"create\",\"subject\":\"Port\",\"conditions\":[]}},{\"permission\":{\"action\":\"update\",\"subject\":\"Port\",\"conditions\":[]}},{\"permission\":{\"action\":\"delete\",\"subject\":\"Port\",\"conditions\":[]}},{\"permission\":{\"action\":\"read\",\"subject\":\"File\",\"conditions\":[]}},{\"permission\":{\"action\":\"create\",\"subject\":\"File\",\"conditions\":[]}},{\"permission\":{\"action\":\"delete\",\"subject\":\"File\",\"conditions\":[]}},{\"permission\":{\"action\":\"read\",\"subject\":\"IPWhitelist\",\"conditions\":[]}},{\"permission\":{\"action\":\"create\",\"subject\":\"IPWhitelist\",\"conditions\":[]}},{\"permission\":{\"action\":\"delete\",\"subject\":\"IPWhitelist\",\"conditions\":[]}}]}}]}","requestId":"51610f97-6cf5-495f-9e5a-fcb295967338","timestamp":"2026-05-06T13:08:56.048Z"}
{"context":"LoggerMiddleware","level":"info","message":"[RequestID: 51610f97-6cf5-495f-9e5a-fcb295967338] GET /api/v1/auth/me | Status: 200 | Duration: 21ms | IP: ::1 | UserAgent: Mozilla/5.0 (Windows NT 10.0; Win64; x64) AppleWebKit/537.36 (KHTML, like Gecko) Chrome/147.0.0.0 Safari/537.36","requestId":"51610f97-6cf5-495f-9e5a-fcb295967338","timestamp":"2026-05-06T13:08:56.050Z"}
{"level":"info","message":"Khởi tạo ứng dụng...","timestamp":"2026-05-06T13:50:56.911Z"}
{"context":"NestFactory","level":"info","message":"Starting Nest application...","timestamp":"2026-05-06T13:50:56.987Z"}
{"context":"InstanceLoader","level":"info","message":"PassportModule dependencies initialized","timestamp":"2026-05-06T13:50:56.995Z"}
{"context":"InstanceLoader","level":"info","message":"ConfigHostModule dependencies initialized","timestamp":"2026-05-06T13:50:56.995Z"}
{"context":"InstanceLoader","level":"info","message":"AppModule dependencies initialized","timestamp":"2026-05-06T13:50:56.995Z"}
{"context":"PrismaService","level":"info","message":"🔌 Prisma Connection String: postgresql://admin:******@localhost:5433/kyc_asset_db?schema=public","timestamp":"2026-05-06T13:50:56.998Z"}
{"context":"InstanceLoader","level":"info","message":"PortsModule dependencies initialized","timestamp":"2026-05-06T13:50:56.998Z"}
{"context":"InstanceLoader","level":"info","message":"FilesModule dependencies initialized","timestamp":"2026-05-06T13:50:56.998Z"}
{"context":"InstanceLoader","level":"info","message":"ConfigModule dependencies initialized","timestamp":"2026-05-06T13:50:56.998Z"}
{"context":"InstanceLoader","level":"info","message":"CommonModule dependencies initialized","timestamp":"2026-05-06T13:50:56.998Z"}
{"context":"InstanceLoader","level":"info","message":"JwtModule dependencies initialized","timestamp":"2026-05-06T13:50:56.999Z"}
{"context":"InstanceLoader","level":"info","message":"PrismaModule dependencies initialized","timestamp":"2026-05-06T13:50:56.999Z"}
{"context":"InstanceLoader","level":"info","message":"WhitelistIpModule dependencies initialized","timestamp":"2026-05-06T13:50:57.001Z"}
{"context":"InstanceLoader","level":"info","message":"AttributeModule dependencies initialized","timestamp":"2026-05-06T13:50:57.001Z"}
{"context":"InstanceLoader","level":"info","message":"DepartmentsModule dependencies initialized","timestamp":"2026-05-06T13:50:57.001Z"}
{"context":"InstanceLoader","level":"info","message":"UsersModule dependencies initialized","timestamp":"2026-05-06T13:50:57.001Z"}
{"context":"InstanceLoader","level":"info","message":"RolesModule dependencies initialized","timestamp":"2026-05-06T13:50:57.001Z"}
{"context":"InstanceLoader","level":"info","message":"PermissionsModule dependencies initialized","timestamp":"2026-05-06T13:50:57.001Z"}
{"context":"InstanceLoader","level":"info","message":"AuthModule dependencies initialized","timestamp":"2026-05-06T13:50:57.001Z"}
{"context":"LegacyRouteConverter","level":"warn","message":"Unsupported route path: \"/api/v1/*\". In previous versions, the symbols ?, *, and + were used to denote optional or repeating path parameters. The latest version of \"path-to-regexp\" now requires the use of named parameters. For example, instead of using a route like /users/* to capture all routes starting with \"/users\", you should use /users/*path. For more details, refer to the migration guide. Attempting to auto-convert...","timestamp":"2026-05-06T13:50:57.027Z"}
{"context":"RoutesResolver","level":"info","message":"AppController {/api/v1/ping}:","timestamp":"2026-05-06T13:50:57.028Z"}
{"context":"RouterExplorer","level":"info","message":"Mapped {/api/v1/ping, GET} route","timestamp":"2026-05-06T13:50:57.029Z"}
{"context":"RoutesResolver","level":"info","message":"UsersController {/api/v1/users}:","timestamp":"2026-05-06T13:50:57.029Z"}
{"context":"RouterExplorer","level":"info","message":"Mapped {/api/v1/users, POST} route","timestamp":"2026-05-06T13:50:57.029Z"}
{"context":"RouterExplorer","level":"info","message":"Mapped {/api/v1/users, GET} route","timestamp":"2026-05-06T13:50:57.030Z"}
{"context":"RouterExplorer","level":"info","message":"Mapped {/api/v1/users/:id, GET} route","timestamp":"2026-05-06T13:50:57.030Z"}
{"context":"RouterExplorer","level":"info","message":"Mapped {/api/v1/users/:id, PATCH} route","timestamp":"2026-05-06T13:50:57.030Z"}
{"context":"RouterExplorer","level":"info","message":"Mapped {/api/v1/users/:id, DELETE} route","timestamp":"2026-05-06T13:50:57.030Z"}
{"context":"RoutesResolver","level":"info","message":"WhitelistIpController {/api/v1/whitelist-ip}:","timestamp":"2026-05-06T13:50:57.031Z"}
{"context":"RouterExplorer","level":"info","message":"Mapped {/api/v1/whitelist-ip, POST} route","timestamp":"2026-05-06T13:50:57.031Z"}
{"context":"RouterExplorer","level":"info","message":"Mapped {/api/v1/whitelist-ip, GET} route","timestamp":"2026-05-06T13:50:57.031Z"}
{"context":"RouterExplorer","level":"info","message":"Mapped {/api/v1/whitelist-ip/:id, GET} route","timestamp":"2026-05-06T13:50:57.031Z"}
{"context":"RouterExplorer","level":"info","message":"Mapped {/api/v1/whitelist-ip/:id, PATCH} route","timestamp":"2026-05-06T13:50:57.031Z"}
{"context":"RouterExplorer","level":"info","message":"Mapped {/api/v1/whitelist-ip/:id, DELETE} route","timestamp":"2026-05-06T13:50:57.032Z"}
{"context":"RoutesResolver","level":"info","message":"RolesController {/api/v1/roles}:","timestamp":"2026-05-06T13:50:57.032Z"}
{"context":"RouterExplorer","level":"info","message":"Mapped {/api/v1/roles, POST} route","timestamp":"2026-05-06T13:50:57.032Z"}
{"context":"RouterExplorer","level":"info","message":"Mapped {/api/v1/roles, GET} route","timestamp":"2026-05-06T13:50:57.032Z"}
{"context":"RouterExplorer","level":"info","message":"Mapped {/api/v1/roles/:id, GET} route","timestamp":"2026-05-06T13:50:57.032Z"}
{"context":"RouterExplorer","level":"info","message":"Mapped {/api/v1/roles/:id, PATCH} route","timestamp":"2026-05-06T13:50:57.032Z"}
{"context":"RouterExplorer","level":"info","message":"Mapped {/api/v1/roles/:id, DELETE} route","timestamp":"2026-05-06T13:50:57.033Z"}
{"context":"RoutesResolver","level":"info","message":"PermissionsController {/api/v1/permissions}:","timestamp":"2026-05-06T13:50:57.033Z"}
{"context":"RouterExplorer","level":"info","message":"Mapped {/api/v1/permissions, POST} route","timestamp":"2026-05-06T13:50:57.033Z"}
{"context":"RouterExplorer","level":"info","message":"Mapped {/api/v1/permissions, GET} route","timestamp":"2026-05-06T13:50:57.033Z"}
{"context":"RouterExplorer","level":"info","message":"Mapped {/api/v1/permissions/:id, PATCH} route","timestamp":"2026-05-06T13:50:57.033Z"}
{"context":"RouterExplorer","level":"info","message":"Mapped {/api/v1/permissions/:id, DELETE} route","timestamp":"2026-05-06T13:50:57.033Z"}
{"context":"RoutesResolver","level":"info","message":"AuthController {/api/v1/auth}:","timestamp":"2026-05-06T13:50:57.033Z"}
{"context":"RouterExplorer","level":"info","message":"Mapped {/api/v1/auth/register, POST} route","timestamp":"2026-05-06T13:50:57.034Z"}
{"context":"RouterExplorer","level":"info","message":"Mapped {/api/v1/auth/login, POST} route","timestamp":"2026-05-06T13:50:57.034Z"}
{"context":"RouterExplorer","level":"info","message":"Mapped {/api/v1/auth/refresh, POST} route","timestamp":"2026-05-06T13:50:57.034Z"}
{"context":"RouterExplorer","level":"info","message":"Mapped {/api/v1/auth/logout, POST} route","timestamp":"2026-05-06T13:50:57.034Z"}
{"context":"RouterExplorer","level":"info","message":"Mapped {/api/v1/auth/me, GET} route","timestamp":"2026-05-06T13:50:57.034Z"}
{"context":"RouterExplorer","level":"info","message":"Mapped {/api/v1/auth/me/password, PATCH} route","timestamp":"2026-05-06T13:50:57.034Z"}
{"context":"RoutesResolver","level":"info","message":"AttributeController {/api/v1/attribute}:","timestamp":"2026-05-06T13:50:57.035Z"}
{"context":"RouterExplorer","level":"info","message":"Mapped {/api/v1/attribute, POST} route","timestamp":"2026-05-06T13:50:57.035Z"}
{"context":"RouterExplorer","level":"info","message":"Mapped {/api/v1/attribute, GET} route","timestamp":"2026-05-06T13:50:57.035Z"}
{"context":"RouterExplorer","level":"info","message":"Mapped {/api/v1/attribute/:id, GET} route","timestamp":"2026-05-06T13:50:57.035Z"}
{"context":"RouterExplorer","level":"info","message":"Mapped {/api/v1/attribute/:id, PATCH} route","timestamp":"2026-05-06T13:50:57.035Z"}
{"context":"RouterExplorer","level":"info","message":"Mapped {/api/v1/attribute/:id, DELETE} route","timestamp":"2026-05-06T13:50:57.035Z"}
{"context":"RoutesResolver","level":"info","message":"DepartmentsController {/api/v1/departments}:","timestamp":"2026-05-06T13:50:57.036Z"}
{"context":"RouterExplorer","level":"info","message":"Mapped {/api/v1/departments, POST} route","timestamp":"2026-05-06T13:50:57.036Z"}
{"context":"RouterExplorer","level":"info","message":"Mapped {/api/v1/departments, GET} route","timestamp":"2026-05-06T13:50:57.036Z"}
{"context":"RouterExplorer","level":"info","message":"Mapped {/api/v1/departments/:id, GET} route","timestamp":"2026-05-06T13:50:57.036Z"}
{"context":"RouterExplorer","level":"info","message":"Mapped {/api/v1/departments/:id, PATCH} route","timestamp":"2026-05-06T13:50:57.036Z"}
{"context":"RouterExplorer","level":"info","message":"Mapped {/api/v1/departments/:id, DELETE} route","timestamp":"2026-05-06T13:50:57.036Z"}
{"context":"RoutesResolver","level":"info","message":"PortsController {/api/v1/ports}:","timestamp":"2026-05-06T13:50:57.037Z"}
{"context":"RouterExplorer","level":"info","message":"Mapped {/api/v1/ports, POST} route","timestamp":"2026-05-06T13:50:57.037Z"}
{"context":"RouterExplorer","level":"info","message":"Mapped {/api/v1/ports, GET} route","timestamp":"2026-05-06T13:50:57.037Z"}
{"context":"RouterExplorer","level":"info","message":"Mapped {/api/v1/ports/:id, GET} route","timestamp":"2026-05-06T13:50:57.037Z"}
{"context":"RouterExplorer","level":"info","message":"Mapped {/api/v1/ports/:id, PATCH} route","timestamp":"2026-05-06T13:50:57.037Z"}
{"context":"RouterExplorer","level":"info","message":"Mapped {/api/v1/ports/:id, DELETE} route","timestamp":"2026-05-06T13:50:57.038Z"}
{"context":"RoutesResolver","level":"info","message":"FilesController {/api/v1/files}:","timestamp":"2026-05-06T13:50:57.038Z"}
{"context":"RouterExplorer","level":"info","message":"Mapped {/api/v1/files, POST} route","timestamp":"2026-05-06T13:50:57.038Z"}
{"context":"RouterExplorer","level":"info","message":"Mapped {/api/v1/files, GET} route","timestamp":"2026-05-06T13:50:57.038Z"}
{"context":"RouterExplorer","level":"info","message":"Mapped {/api/v1/files/:id, GET} route","timestamp":"2026-05-06T13:50:57.038Z"}
{"context":"RouterExplorer","level":"info","message":"Mapped {/api/v1/files/:id, PATCH} route","timestamp":"2026-05-06T13:50:57.039Z"}
{"context":"RouterExplorer","level":"info","message":"Mapped {/api/v1/files/:id, DELETE} route","timestamp":"2026-05-06T13:50:57.039Z"}
{"context":"PrismaService","level":"info","message":"Kết nối database thành công","timestamp":"2026-05-06T13:50:57.083Z"}
{"context":"NestApplication","level":"info","message":"Nest application successfully started","timestamp":"2026-05-06T13:50:57.088Z"}
{"level":"info","message":"Khởi tạo ứng dụng...","timestamp":"2026-05-06T13:50:59.192Z"}
{"context":"NestFactory","level":"info","message":"Starting Nest application...","timestamp":"2026-05-06T13:50:59.260Z"}
{"context":"InstanceLoader","level":"info","message":"PassportModule dependencies initialized","timestamp":"2026-05-06T13:50:59.268Z"}
{"context":"InstanceLoader","level":"info","message":"ConfigHostModule dependencies initialized","timestamp":"2026-05-06T13:50:59.268Z"}
{"context":"InstanceLoader","level":"info","message":"AppModule dependencies initialized","timestamp":"2026-05-06T13:50:59.269Z"}
{"context":"PrismaService","level":"info","message":"🔌 Prisma Connection String: postgresql://admin:******@localhost:5433/kyc_asset_db?schema=public","timestamp":"2026-05-06T13:50:59.271Z"}
{"context":"InstanceLoader","level":"info","message":"PortsModule dependencies initialized","timestamp":"2026-05-06T13:50:59.271Z"}
{"context":"InstanceLoader","level":"info","message":"FilesModule dependencies initialized","timestamp":"2026-05-06T13:50:59.271Z"}
{"context":"InstanceLoader","level":"info","message":"ConfigModule dependencies initialized","timestamp":"2026-05-06T13:50:59.272Z"}
{"context":"InstanceLoader","level":"info","message":"CommonModule dependencies initialized","timestamp":"2026-05-06T13:50:59.272Z"}
{"context":"InstanceLoader","level":"info","message":"JwtModule dependencies initialized","timestamp":"2026-05-06T13:50:59.272Z"}
{"context":"InstanceLoader","level":"info","message":"PrismaModule dependencies initialized","timestamp":"2026-05-06T13:50:59.273Z"}
{"context":"InstanceLoader","level":"info","message":"WhitelistIpModule dependencies initialized","timestamp":"2026-05-06T13:50:59.274Z"}
{"context":"InstanceLoader","level":"info","message":"AttributeModule dependencies initialized","timestamp":"2026-05-06T13:50:59.274Z"}
{"context":"InstanceLoader","level":"info","message":"DepartmentsModule dependencies initialized","timestamp":"2026-05-06T13:50:59.274Z"}
{"context":"InstanceLoader","level":"info","message":"UsersModule dependencies initialized","timestamp":"2026-05-06T13:50:59.274Z"}
{"context":"InstanceLoader","level":"info","message":"RolesModule dependencies initialized","timestamp":"2026-05-06T13:50:59.274Z"}
{"context":"InstanceLoader","level":"info","message":"PermissionsModule dependencies initialized","timestamp":"2026-05-06T13:50:59.274Z"}
{"context":"InstanceLoader","level":"info","message":"AuthModule dependencies initialized","timestamp":"2026-05-06T13:50:59.274Z"}
{"context":"LegacyRouteConverter","level":"warn","message":"Unsupported route path: \"/api/v1/*\". In previous versions, the symbols ?, *, and + were used to denote optional or repeating path parameters. The latest version of \"path-to-regexp\" now requires the use of named parameters. For example, instead of using a route like /users/* to capture all routes starting with \"/users\", you should use /users/*path. For more details, refer to the migration guide. Attempting to auto-convert...","timestamp":"2026-05-06T13:50:59.302Z"}
{"context":"RoutesResolver","level":"info","message":"AppController {/api/v1/ping}:","timestamp":"2026-05-06T13:50:59.302Z"}
{"context":"RouterExplorer","level":"info","message":"Mapped {/api/v1/ping, GET} route","timestamp":"2026-05-06T13:50:59.304Z"}
{"context":"RoutesResolver","level":"info","message":"UsersController {/api/v1/users}:","timestamp":"2026-05-06T13:50:59.304Z"}
{"context":"RouterExplorer","level":"info","message":"Mapped {/api/v1/users, POST} route","timestamp":"2026-05-06T13:50:59.304Z"}
{"context":"RouterExplorer","level":"info","message":"Mapped {/api/v1/users, GET} route","timestamp":"2026-05-06T13:50:59.305Z"}
{"context":"RouterExplorer","level":"info","message":"Mapped {/api/v1/users/:id, GET} route","timestamp":"2026-05-06T13:50:59.305Z"}
{"context":"RouterExplorer","level":"info","message":"Mapped {/api/v1/users/:id, PATCH} route","timestamp":"2026-05-06T13:50:59.305Z"}
{"context":"RouterExplorer","level":"info","message":"Mapped {/api/v1/users/:id, DELETE} route","timestamp":"2026-05-06T13:50:59.305Z"}
{"context":"RoutesResolver","level":"info","message":"WhitelistIpController {/api/v1/whitelist-ip}:","timestamp":"2026-05-06T13:50:59.306Z"}
{"context":"RouterExplorer","level":"info","message":"Mapped {/api/v1/whitelist-ip, POST} route","timestamp":"2026-05-06T13:50:59.306Z"}
{"context":"RouterExplorer","level":"info","message":"Mapped {/api/v1/whitelist-ip, GET} route","timestamp":"2026-05-06T13:50:59.306Z"}
{"context":"RouterExplorer","level":"info","message":"Mapped {/api/v1/whitelist-ip/:id, GET} route","timestamp":"2026-05-06T13:50:59.306Z"}
{"context":"RouterExplorer","level":"info","message":"Mapped {/api/v1/whitelist-ip/:id, PATCH} route","timestamp":"2026-05-06T13:50:59.306Z"}
{"context":"RouterExplorer","level":"info","message":"Mapped {/api/v1/whitelist-ip/:id, DELETE} route","timestamp":"2026-05-06T13:50:59.307Z"}
{"context":"RoutesResolver","level":"info","message":"RolesController {/api/v1/roles}:","timestamp":"2026-05-06T13:50:59.307Z"}
{"context":"RouterExplorer","level":"info","message":"Mapped {/api/v1/roles, POST} route","timestamp":"2026-05-06T13:50:59.307Z"}
{"context":"RouterExplorer","level":"info","message":"Mapped {/api/v1/roles, GET} route","timestamp":"2026-05-06T13:50:59.307Z"}
{"context":"RouterExplorer","level":"info","message":"Mapped {/api/v1/roles/:id, GET} route","timestamp":"2026-05-06T13:50:59.308Z"}
{"context":"RouterExplorer","level":"info","message":"Mapped {/api/v1/roles/:id, PATCH} route","timestamp":"2026-05-06T13:50:59.308Z"}
{"context":"RouterExplorer","level":"info","message":"Mapped {/api/v1/roles/:id, DELETE} route","timestamp":"2026-05-06T13:50:59.308Z"}
{"context":"RoutesResolver","level":"info","message":"PermissionsController {/api/v1/permissions}:","timestamp":"2026-05-06T13:50:59.308Z"}
{"context":"RouterExplorer","level":"info","message":"Mapped {/api/v1/permissions, POST} route","timestamp":"2026-05-06T13:50:59.308Z"}
{"context":"RouterExplorer","level":"info","message":"Mapped {/api/v1/permissions, GET} route","timestamp":"2026-05-06T13:50:59.308Z"}
{"context":"RouterExplorer","level":"info","message":"Mapped {/api/v1/permissions/:id, PATCH} route","timestamp":"2026-05-06T13:50:59.309Z"}
{"context":"RouterExplorer","level":"info","message":"Mapped {/api/v1/permissions/:id, DELETE} route","timestamp":"2026-05-06T13:50:59.309Z"}
{"context":"RoutesResolver","level":"info","message":"AuthController {/api/v1/auth}:","timestamp":"2026-05-06T13:50:59.309Z"}
{"context":"RouterExplorer","level":"info","message":"Mapped {/api/v1/auth/register, POST} route","timestamp":"2026-05-06T13:50:59.309Z"}
{"context":"RouterExplorer","level":"info","message":"Mapped {/api/v1/auth/login, POST} route","timestamp":"2026-05-06T13:50:59.309Z"}
{"context":"RouterExplorer","level":"info","message":"Mapped {/api/v1/auth/refresh, POST} route","timestamp":"2026-05-06T13:50:59.309Z"}
{"context":"RouterExplorer","level":"info","message":"Mapped {/api/v1/auth/logout, POST} route","timestamp":"2026-05-06T13:50:59.309Z"}
{"context":"RouterExplorer","level":"info","message":"Mapped {/api/v1/auth/me, GET} route","timestamp":"2026-05-06T13:50:59.310Z"}
{"context":"RouterExplorer","level":"info","message":"Mapped {/api/v1/auth/me/password, PATCH} route","timestamp":"2026-05-06T13:50:59.310Z"}
{"context":"RoutesResolver","level":"info","message":"AttributeController {/api/v1/attribute}:","timestamp":"2026-05-06T13:50:59.310Z"}
{"context":"RouterExplorer","level":"info","message":"Mapped {/api/v1/attribute, POST} route","timestamp":"2026-05-06T13:50:59.310Z"}
{"context":"RouterExplorer","level":"info","message":"Mapped {/api/v1/attribute, GET} route","timestamp":"2026-05-06T13:50:59.310Z"}
{"context":"RouterExplorer","level":"info","message":"Mapped {/api/v1/attribute/:id, GET} route","timestamp":"2026-05-06T13:50:59.310Z"}
{"context":"RouterExplorer","level":"info","message":"Mapped {/api/v1/attribute/:id, PATCH} route","timestamp":"2026-05-06T13:50:59.310Z"}
{"context":"RouterExplorer","level":"info","message":"Mapped {/api/v1/attribute/:id, DELETE} route","timestamp":"2026-05-06T13:50:59.311Z"}
{"context":"RoutesResolver","level":"info","message":"DepartmentsController {/api/v1/departments}:","timestamp":"2026-05-06T13:50:59.311Z"}
{"context":"RouterExplorer","level":"info","message":"Mapped {/api/v1/departments, POST} route","timestamp":"2026-05-06T13:50:59.311Z"}
{"context":"RouterExplorer","level":"info","message":"Mapped {/api/v1/departments, GET} route","timestamp":"2026-05-06T13:50:59.311Z"}
{"context":"RouterExplorer","level":"info","message":"Mapped {/api/v1/departments/:id, GET} route","timestamp":"2026-05-06T13:50:59.311Z"}
{"context":"RouterExplorer","level":"info","message":"Mapped {/api/v1/departments/:id, PATCH} route","timestamp":"2026-05-06T13:50:59.311Z"}
{"context":"RouterExplorer","level":"info","message":"Mapped {/api/v1/departments/:id, DELETE} route","timestamp":"2026-05-06T13:50:59.311Z"}
{"context":"RoutesResolver","level":"info","message":"PortsController {/api/v1/ports}:","timestamp":"2026-05-06T13:50:59.311Z"}
{"context":"RouterExplorer","level":"info","message":"Mapped {/api/v1/ports, POST} route","timestamp":"2026-05-06T13:50:59.312Z"}
{"context":"RouterExplorer","level":"info","message":"Mapped {/api/v1/ports, GET} route","timestamp":"2026-05-06T13:50:59.312Z"}
{"context":"RouterExplorer","level":"info","message":"Mapped {/api/v1/ports/:id, GET} route","timestamp":"2026-05-06T13:50:59.312Z"}
{"context":"RouterExplorer","level":"info","message":"Mapped {/api/v1/ports/:id, PATCH} route","timestamp":"2026-05-06T13:50:59.312Z"}
{"context":"RouterExplorer","level":"info","message":"Mapped {/api/v1/ports/:id, DELETE} route","timestamp":"2026-05-06T13:50:59.312Z"}
{"context":"RoutesResolver","level":"info","message":"FilesController {/api/v1/files}:","timestamp":"2026-05-06T13:50:59.312Z"}
{"context":"RouterExplorer","level":"info","message":"Mapped {/api/v1/files, POST} route","timestamp":"2026-05-06T13:50:59.313Z"}
{"context":"RouterExplorer","level":"info","message":"Mapped {/api/v1/files, GET} route","timestamp":"2026-05-06T13:50:59.313Z"}
{"context":"RouterExplorer","level":"info","message":"Mapped {/api/v1/files/:id, GET} route","timestamp":"2026-05-06T13:50:59.313Z"}
{"context":"RouterExplorer","level":"info","message":"Mapped {/api/v1/files/:id, PATCH} route","timestamp":"2026-05-06T13:50:59.314Z"}
{"context":"RouterExplorer","level":"info","message":"Mapped {/api/v1/files/:id, DELETE} route","timestamp":"2026-05-06T13:50:59.314Z"}
{"context":"PrismaService","level":"info","message":"Kết nối database thành công","timestamp":"2026-05-06T13:50:59.357Z"}
{"context":"NestApplication","level":"info","message":"Nest application successfully started","timestamp":"2026-05-06T13:50:59.362Z"}
{"level":"info","message":"Khởi tạo ứng dụng...","timestamp":"2026-05-06T13:51:05.934Z"}
{"context":"NestFactory","level":"info","message":"Starting Nest application...","timestamp":"2026-05-06T13:51:06.008Z"}
{"context":"InstanceLoader","level":"info","message":"PassportModule dependencies initialized","timestamp":"2026-05-06T13:51:06.016Z"}
{"context":"InstanceLoader","level":"info","message":"ConfigHostModule dependencies initialized","timestamp":"2026-05-06T13:51:06.016Z"}
{"context":"InstanceLoader","level":"info","message":"AppModule dependencies initialized","timestamp":"2026-05-06T13:51:06.016Z"}
{"context":"PrismaService","level":"info","message":"🔌 Prisma Connection String: postgresql://admin:******@localhost:5433/kyc_asset_db?schema=public","timestamp":"2026-05-06T13:51:06.019Z"}
{"context":"InstanceLoader","level":"info","message":"PortsModule dependencies initialized","timestamp":"2026-05-06T13:51:06.019Z"}
{"context":"InstanceLoader","level":"info","message":"FilesModule dependencies initialized","timestamp":"2026-05-06T13:51:06.019Z"}
{"context":"InstanceLoader","level":"info","message":"ConfigModule dependencies initialized","timestamp":"2026-05-06T13:51:06.019Z"}
{"context":"InstanceLoader","level":"info","message":"CommonModule dependencies initialized","timestamp":"2026-05-06T13:51:06.019Z"}
{"context":"InstanceLoader","level":"info","message":"JwtModule dependencies initialized","timestamp":"2026-05-06T13:51:06.020Z"}
{"context":"InstanceLoader","level":"info","message":"PrismaModule dependencies initialized","timestamp":"2026-05-06T13:51:06.020Z"}
{"context":"InstanceLoader","level":"info","message":"WhitelistIpModule dependencies initialized","timestamp":"2026-05-06T13:51:06.022Z"}
{"context":"InstanceLoader","level":"info","message":"AttributeModule dependencies initialized","timestamp":"2026-05-06T13:51:06.022Z"}
{"context":"InstanceLoader","level":"info","message":"DepartmentsModule dependencies initialized","timestamp":"2026-05-06T13:51:06.022Z"}
{"context":"InstanceLoader","level":"info","message":"UsersModule dependencies initialized","timestamp":"2026-05-06T13:51:06.022Z"}
{"context":"InstanceLoader","level":"info","message":"RolesModule dependencies initialized","timestamp":"2026-05-06T13:51:06.022Z"}
{"context":"InstanceLoader","level":"info","message":"PermissionsModule dependencies initialized","timestamp":"2026-05-06T13:51:06.022Z"}
{"context":"InstanceLoader","level":"info","message":"AuthModule dependencies initialized","timestamp":"2026-05-06T13:51:06.022Z"}
{"context":"LegacyRouteConverter","level":"warn","message":"Unsupported route path: \"/api/v1/*\". In previous versions, the symbols ?, *, and + were used to denote optional or repeating path parameters. The latest version of \"path-to-regexp\" now requires the use of named parameters. For example, instead of using a route like /users/* to capture all routes starting with \"/users\", you should use /users/*path. For more details, refer to the migration guide. Attempting to auto-convert...","timestamp":"2026-05-06T13:51:06.049Z"}
{"context":"RoutesResolver","level":"info","message":"AppController {/api/v1/ping}:","timestamp":"2026-05-06T13:51:06.049Z"}
{"context":"RouterExplorer","level":"info","message":"Mapped {/api/v1/ping, GET} route","timestamp":"2026-05-06T13:51:06.050Z"}
{"context":"RoutesResolver","level":"info","message":"UsersController {/api/v1/users}:","timestamp":"2026-05-06T13:51:06.050Z"}
{"context":"RouterExplorer","level":"info","message":"Mapped {/api/v1/users, POST} route","timestamp":"2026-05-06T13:51:06.051Z"}
{"context":"RouterExplorer","level":"info","message":"Mapped {/api/v1/users, GET} route","timestamp":"2026-05-06T13:51:06.051Z"}
{"context":"RouterExplorer","level":"info","message":"Mapped {/api/v1/users/:id, GET} route","timestamp":"2026-05-06T13:51:06.051Z"}
{"context":"RouterExplorer","level":"info","message":"Mapped {/api/v1/users/:id, PATCH} route","timestamp":"2026-05-06T13:51:06.052Z"}
{"context":"RouterExplorer","level":"info","message":"Mapped {/api/v1/users/:id, DELETE} route","timestamp":"2026-05-06T13:51:06.052Z"}
{"context":"RoutesResolver","level":"info","message":"WhitelistIpController {/api/v1/whitelist-ip}:","timestamp":"2026-05-06T13:51:06.052Z"}
{"context":"RouterExplorer","level":"info","message":"Mapped {/api/v1/whitelist-ip, POST} route","timestamp":"2026-05-06T13:51:06.052Z"}
{"context":"RouterExplorer","level":"info","message":"Mapped {/api/v1/whitelist-ip, GET} route","timestamp":"2026-05-06T13:51:06.052Z"}
{"context":"RouterExplorer","level":"info","message":"Mapped {/api/v1/whitelist-ip/:id, GET} route","timestamp":"2026-05-06T13:51:06.053Z"}
{"context":"RouterExplorer","level":"info","message":"Mapped {/api/v1/whitelist-ip/:id, PATCH} route","timestamp":"2026-05-06T13:51:06.053Z"}
{"context":"RouterExplorer","level":"info","message":"Mapped {/api/v1/whitelist-ip/:id, DELETE} route","timestamp":"2026-05-06T13:51:06.053Z"}
{"context":"RoutesResolver","level":"info","message":"RolesController {/api/v1/roles}:","timestamp":"2026-05-06T13:51:06.053Z"}
{"context":"RouterExplorer","level":"info","message":"Mapped {/api/v1/roles, POST} route","timestamp":"2026-05-06T13:51:06.054Z"}
{"context":"RouterExplorer","level":"info","message":"Mapped {/api/v1/roles, GET} route","timestamp":"2026-05-06T13:51:06.054Z"}
{"context":"RouterExplorer","level":"info","message":"Mapped {/api/v1/roles/:id, GET} route","timestamp":"2026-05-06T13:51:06.054Z"}
{"context":"RouterExplorer","level":"info","message":"Mapped {/api/v1/roles/:id, PATCH} route","timestamp":"2026-05-06T13:51:06.054Z"}
{"context":"RouterExplorer","level":"info","message":"Mapped {/api/v1/roles/:id, DELETE} route","timestamp":"2026-05-06T13:51:06.055Z"}
{"context":"RoutesResolver","level":"info","message":"PermissionsController {/api/v1/permissions}:","timestamp":"2026-05-06T13:51:06.055Z"}
{"context":"RouterExplorer","level":"info","message":"Mapped {/api/v1/permissions, POST} route","timestamp":"2026-05-06T13:51:06.055Z"}
{"context":"RouterExplorer","level":"info","message":"Mapped {/api/v1/permissions, GET} route","timestamp":"2026-05-06T13:51:06.055Z"}
{"context":"RouterExplorer","level":"info","message":"Mapped {/api/v1/permissions/:id, PATCH} route","timestamp":"2026-05-06T13:51:06.055Z"}
{"context":"RouterExplorer","level":"info","message":"Mapped {/api/v1/permissions/:id, DELETE} route","timestamp":"2026-05-06T13:51:06.055Z"}
{"context":"RoutesResolver","level":"info","message":"AuthController {/api/v1/auth}:","timestamp":"2026-05-06T13:51:06.055Z"}
{"context":"RouterExplorer","level":"info","message":"Mapped {/api/v1/auth/register, POST} route","timestamp":"2026-05-06T13:51:06.056Z"}
{"context":"RouterExplorer","level":"info","message":"Mapped {/api/v1/auth/login, POST} route","timestamp":"2026-05-06T13:51:06.056Z"}
{"context":"RouterExplorer","level":"info","message":"Mapped {/api/v1/auth/refresh, POST} route","timestamp":"2026-05-06T13:51:06.056Z"}
{"context":"RouterExplorer","level":"info","message":"Mapped {/api/v1/auth/logout, POST} route","timestamp":"2026-05-06T13:51:06.056Z"}
{"context":"RouterExplorer","level":"info","message":"Mapped {/api/v1/auth/me, GET} route","timestamp":"2026-05-06T13:51:06.056Z"}
{"context":"RouterExplorer","level":"info","message":"Mapped {/api/v1/auth/me/password, PATCH} route","timestamp":"2026-05-06T13:51:06.057Z"}
{"context":"RoutesResolver","level":"info","message":"AttributeController {/api/v1/attribute}:","timestamp":"2026-05-06T13:51:06.057Z"}
{"context":"RouterExplorer","level":"info","message":"Mapped {/api/v1/attribute, POST} route","timestamp":"2026-05-06T13:51:06.057Z"}
{"context":"RouterExplorer","level":"info","message":"Mapped {/api/v1/attribute, GET} route","timestamp":"2026-05-06T13:51:06.057Z"}
{"context":"RouterExplorer","level":"info","message":"Mapped {/api/v1/attribute/:id, GET} route","timestamp":"2026-05-06T13:51:06.057Z"}
{"context":"RouterExplorer","level":"info","message":"Mapped {/api/v1/attribute/:id, PATCH} route","timestamp":"2026-05-06T13:51:06.057Z"}
{"context":"RouterExplorer","level":"info","message":"Mapped {/api/v1/attribute/:id, DELETE} route","timestamp":"2026-05-06T13:51:06.058Z"}
{"context":"RoutesResolver","level":"info","message":"DepartmentsController {/api/v1/departments}:","timestamp":"2026-05-06T13:51:06.058Z"}
{"context":"RouterExplorer","level":"info","message":"Mapped {/api/v1/departments, POST} route","timestamp":"2026-05-06T13:51:06.058Z"}
{"context":"RouterExplorer","level":"info","message":"Mapped {/api/v1/departments, GET} route","timestamp":"2026-05-06T13:51:06.058Z"}
{"context":"RouterExplorer","level":"info","message":"Mapped {/api/v1/departments/:id, GET} route","timestamp":"2026-05-06T13:51:06.058Z"}
{"context":"RouterExplorer","level":"info","message":"Mapped {/api/v1/departments/:id, PATCH} route","timestamp":"2026-05-06T13:51:06.059Z"}
{"context":"RouterExplorer","level":"info","message":"Mapped {/api/v1/departments/:id, DELETE} route","timestamp":"2026-05-06T13:51:06.059Z"}
{"context":"RoutesResolver","level":"info","message":"PortsController {/api/v1/ports}:","timestamp":"2026-05-06T13:51:06.059Z"}
{"context":"RouterExplorer","level":"info","message":"Mapped {/api/v1/ports, POST} route","timestamp":"2026-05-06T13:51:06.059Z"}
{"context":"RouterExplorer","level":"info","message":"Mapped {/api/v1/ports, GET} route","timestamp":"2026-05-06T13:51:06.059Z"}
{"context":"RouterExplorer","level":"info","message":"Mapped {/api/v1/ports/:id, GET} route","timestamp":"2026-05-06T13:51:06.060Z"}
{"context":"RouterExplorer","level":"info","message":"Mapped {/api/v1/ports/:id, PATCH} route","timestamp":"2026-05-06T13:51:06.060Z"}
{"context":"RouterExplorer","level":"info","message":"Mapped {/api/v1/ports/:id, DELETE} route","timestamp":"2026-05-06T13:51:06.060Z"}
{"context":"RoutesResolver","level":"info","message":"FilesController {/api/v1/files}:","timestamp":"2026-05-06T13:51:06.060Z"}
{"context":"RouterExplorer","level":"info","message":"Mapped {/api/v1/files, POST} route","timestamp":"2026-05-06T13:51:06.060Z"}
{"context":"RouterExplorer","level":"info","message":"Mapped {/api/v1/files, GET} route","timestamp":"2026-05-06T13:51:06.060Z"}
{"context":"RouterExplorer","level":"info","message":"Mapped {/api/v1/files/:id, GET} route","timestamp":"2026-05-06T13:51:06.061Z"}
{"context":"RouterExplorer","level":"info","message":"Mapped {/api/v1/files/:id, PATCH} route","timestamp":"2026-05-06T13:51:06.061Z"}
{"context":"RouterExplorer","level":"info","message":"Mapped {/api/v1/files/:id, DELETE} route","timestamp":"2026-05-06T13:51:06.061Z"}
{"context":"PrismaService","level":"info","message":"Kết nối database thành công","timestamp":"2026-05-06T13:51:06.105Z"}
{"context":"NestApplication","level":"info","message":"Nest application successfully started","timestamp":"2026-05-06T13:51:06.106Z"}
{"context":"AccessTokenGuard","level":"info","message":"isPublic: true","requestId":"fe521595-e357-4f61-ad1e-7e0b0bac6be8","timestamp":"2026-05-06T13:51:11.945Z"}
{"context":"AccessTokenGuard","level":"info","message":"Public route, skipping authentication","requestId":"fe521595-e357-4f61-ad1e-7e0b0bac6be8","timestamp":"2026-05-06T13:51:11.945Z"}
{"context":"LoggerMiddleware","level":"info","message":"[RequestID: fe521595-e357-4f61-ad1e-7e0b0bac6be8] POST /api/v1/auth/login | Status: 201 | Duration: 155ms | IP: ::1 | UserAgent: Mozilla/5.0 (Windows NT 10.0; Win64; x64) AppleWebKit/537.36 (KHTML, like Gecko) Chrome/147.0.0.0 Safari/537.36","requestId":"fe521595-e357-4f61-ad1e-7e0b0bac6be8","timestamp":"2026-05-06T13:51:12.099Z"}
{"context":"AccessTokenGuard","level":"info","message":"isPublic: undefined","requestId":"92a31e94-6482-431b-a607-db73898e656d","timestamp":"2026-05-06T13:51:16.425Z"}
{"context":"AccessTokenStrategy","level":"info","message":"user: {\"id\":\"cc6d2974-22cf-4b0b-9590-4b701cfa3c00\",\"username\":\"customer_001\",\"hashed_password\":\"scrypt:61b7465b5cc602c81ecaa66e31f0f570:064a122e33f58ab9bedcc806f62492b81e4451665c71c7dc3a5afd28b63aa6017713b59fb84dc9594c530b3bbe79c2bf5c738ae510f3152bf09f34a3b6d02482\",\"displayName\":\"Nguyễn Văn A\",\"token_version\":5,\"isActive\":true,\"createdAt\":\"2026-05-03T15:37:18.203Z\",\"updatedAt\":\"2026-05-04T09:10:04.759Z\",\"deletedAt\":null,\"roles\":[{\"user_id\":\"cc6d2974-22cf-4b0b-9590-4b701cfa3c00\",\"role_id\":\"4dd71768-1887-4879-9716-dab5dcddbebe\",\"assignedAt\":\"2026-05-06T11:53:17.723Z\",\"role\":{\"id\":\"4dd71768-1887-4879-9716-dab5dcddbebe\",\"name\":\"admin\",\"description\":\"Full system access\",\"permissions\":[{\"role_id\":\"4dd71768-1887-4879-9716-dab5dcddbebe\",\"permission_id\":\"7b2752ff-795f-49c6-abc7-d874550df97c\",\"permission\":{\"action\":\"read\",\"subject\":\"Department\",\"conditions\":[]}},{\"role_id\":\"4dd71768-1887-4879-9716-dab5dcddbebe\",\"permission_id\":\"d34ddd4b-bfe0-4f38-871c-5fe3c0f25c57\",\"permission\":{\"action\":\"create\",\"subject\":\"Department\",\"conditions\":[]}},{\"role_id\":\"4dd71768-1887-4879-9716-dab5dcddbebe\",\"permission_id\":\"a7c583f2-d8cf-4734-9113-c98e6c838ab8\",\"permission\":{\"action\":\"update\",\"subject\":\"Department\",\"conditions\":[]}},{\"role_id\":\"4dd71768-1887-4879-9716-dab5dcddbebe\",\"permission_id\":\"14b80590-7ca4-4131-9560-8d58349e74eb\",\"permission\":{\"action\":\"delete\",\"subject\":\"Department\",\"conditions\":[{\"conditions\":{\"end\":\"17:00\",\"type\":\"business_hours\",\"start\":\"08:00\"},\"attribute\":{\"name\":\"time\"}}]}},{\"role_id\":\"4dd71768-1887-4879-9716-dab5dcddbebe\",\"permission_id\":\"84f07ad6-e304-4f43-951d-e8c8eb599352\",\"permission\":{\"action\":\"read\",\"subject\":\"Port\",\"conditions\":[]}},{\"role_id\":\"4dd71768-1887-4879-9716-dab5dcddbebe\",\"permission_id\":\"be2db210-da42-4ec9-888d-3a0858978431\",\"permission\":{\"action\":\"create\",\"subject\":\"Port\",\"conditions\":[]}},{\"role_id\":\"4dd71768-1887-4879-9716-dab5dcddbebe\",\"permission_id\":\"7d8ec69e-467e-4f8e-a389-fa6ca6e256ed\",\"permission\":{\"action\":\"update\",\"subject\":\"Port\",\"conditions\":[]}},{\"role_id\":\"4dd71768-1887-4879-9716-dab5dcddbebe\",\"permission_id\":\"4f3bd475-3290-4ab8-982f-4dd670cb649c\",\"permission\":{\"action\":\"delete\",\"subject\":\"Port\",\"conditions\":[]}},{\"role_id\":\"4dd71768-1887-4879-9716-dab5dcddbebe\",\"permission_id\":\"35d0dcaf-8b47-4333-b402-a91709e0fc31\",\"permission\":{\"action\":\"read\",\"subject\":\"File\",\"conditions\":[]}},{\"role_id\":\"4dd71768-1887-4879-9716-dab5dcddbebe\",\"permission_id\":\"e57bb9e8-ae84-4eaa-8022-c6a84281aaff\",\"permission\":{\"action\":\"create\",\"subject\":\"File\",\"conditions\":[]}},{\"role_id\":\"4dd71768-1887-4879-9716-dab5dcddbebe\",\"permission_id\":\"160ace45-3feb-4708-8eae-92a7b94b01f9\",\"permission\":{\"action\":\"delete\",\"subject\":\"File\",\"conditions\":[]}},{\"role_id\":\"4dd71768-1887-4879-9716-dab5dcddbebe\",\"permission_id\":\"31f694c5-76a4-4e2a-803d-9a9ea0e4ef63\",\"permission\":{\"action\":\"read\",\"subject\":\"IPWhitelist\",\"conditions\":[]}},{\"role_id\":\"4dd71768-1887-4879-9716-dab5dcddbebe\",\"permission_id\":\"ceac5cb1-ebc6-46c1-9d1e-efa0ace039db\",\"permission\":{\"action\":\"create\",\"subject\":\"IPWhitelist\",\"conditions\":[]}},{\"role_id\":\"4dd71768-1887-4879-9716-dab5dcddbebe\",\"permission_id\":\"3b21ac56-b1e9-4ad2-9ee9-d7a342829903\",\"permission\":{\"action\":\"delete\",\"subject\":\"IPWhitelist\",\"conditions\":[]}}]}}]}","requestId":"92a31e94-6482-431b-a607-db73898e656d","timestamp":"2026-05-06T13:51:16.438Z"}
{"context":"AuthService","level":"info","message":"payload: {\"id\":\"cc6d2974-22cf-4b0b-9590-4b701cfa3c00\",\"username\":\"customer_001\",\"hashed_password\":\"scrypt:61b7465b5cc602c81ecaa66e31f0f570:064a122e33f58ab9bedcc806f62492b81e4451665c71c7dc3a5afd28b63aa6017713b59fb84dc9594c530b3bbe79c2bf5c738ae510f3152bf09f34a3b6d02482\",\"displayName\":\"Nguyễn Văn A\",\"token_version\":5,\"isActive\":true,\"createdAt\":\"2026-05-03T15:37:18.203Z\",\"updatedAt\":\"2026-05-04T09:10:04.759Z\",\"deletedAt\":null,\"roles\":[{\"user_id\":\"cc6d2974-22cf-4b0b-9590-4b701cfa3c00\",\"role_id\":\"4dd71768-1887-4879-9716-dab5dcddbebe\",\"assignedAt\":\"2026-05-06T11:53:17.723Z\",\"role\":{\"id\":\"4dd71768-1887-4879-9716-dab5dcddbebe\",\"name\":\"admin\",\"description\":\"Full system access\",\"permissions\":[{\"role_id\":\"4dd71768-1887-4879-9716-dab5dcddbebe\",\"permission_id\":\"7b2752ff-795f-49c6-abc7-d874550df97c\",\"permission\":{\"action\":\"read\",\"subject\":\"Department\",\"conditions\":[]}},{\"role_id\":\"4dd71768-1887-4879-9716-dab5dcddbebe\",\"permission_id\":\"d34ddd4b-bfe0-4f38-871c-5fe3c0f25c57\",\"permission\":{\"action\":\"create\",\"subject\":\"Department\",\"conditions\":[]}},{\"role_id\":\"4dd71768-1887-4879-9716-dab5dcddbebe\",\"permission_id\":\"a7c583f2-d8cf-4734-9113-c98e6c838ab8\",\"permission\":{\"action\":\"update\",\"subject\":\"Department\",\"conditions\":[]}},{\"role_id\":\"4dd71768-1887-4879-9716-dab5dcddbebe\",\"permission_id\":\"14b80590-7ca4-4131-9560-8d58349e74eb\",\"permission\":{\"action\":\"delete\",\"subject\":\"Department\",\"conditions\":[{\"conditions\":{\"end\":\"17:00\",\"type\":\"business_hours\",\"start\":\"08:00\"},\"attribute\":{\"name\":\"time\"}}]}},{\"role_id\":\"4dd71768-1887-4879-9716-dab5dcddbebe\",\"permission_id\":\"84f07ad6-e304-4f43-951d-e8c8eb599352\",\"permission\":{\"action\":\"read\",\"subject\":\"Port\",\"conditions\":[]}},{\"role_id\":\"4dd71768-1887-4879-9716-dab5dcddbebe\",\"permission_id\":\"be2db210-da42-4ec9-888d-3a0858978431\",\"permission\":{\"action\":\"create\",\"subject\":\"Port\",\"conditions\":[]}},{\"role_id\":\"4dd71768-1887-4879-9716-dab5dcddbebe\",\"permission_id\":\"7d8ec69e-467e-4f8e-a389-fa6ca6e256ed\",\"permission\":{\"action\":\"update\",\"subject\":\"Port\",\"conditions\":[]}},{\"role_id\":\"4dd71768-1887-4879-9716-dab5dcddbebe\",\"permission_id\":\"4f3bd475-3290-4ab8-982f-4dd670cb649c\",\"permission\":{\"action\":\"delete\",\"subject\":\"Port\",\"conditions\":[]}},{\"role_id\":\"4dd71768-1887-4879-9716-dab5dcddbebe\",\"permission_id\":\"35d0dcaf-8b47-4333-b402-a91709e0fc31\",\"permission\":{\"action\":\"read\",\"subject\":\"File\",\"conditions\":[]}},{\"role_id\":\"4dd71768-1887-4879-9716-dab5dcddbebe\",\"permission_id\":\"e57bb9e8-ae84-4eaa-8022-c6a84281aaff\",\"permission\":{\"action\":\"create\",\"subject\":\"File\",\"conditions\":[]}},{\"role_id\":\"4dd71768-1887-4879-9716-dab5dcddbebe\",\"permission_id\":\"160ace45-3feb-4708-8eae-92a7b94b01f9\",\"permission\":{\"action\":\"delete\",\"subject\":\"File\",\"conditions\":[]}},{\"role_id\":\"4dd71768-1887-4879-9716-dab5dcddbebe\",\"permission_id\":\"31f694c5-76a4-4e2a-803d-9a9ea0e4ef63\",\"permission\":{\"action\":\"read\",\"subject\":\"IPWhitelist\",\"conditions\":[]}},{\"role_id\":\"4dd71768-1887-4879-9716-dab5dcddbebe\",\"permission_id\":\"ceac5cb1-ebc6-46c1-9d1e-efa0ace039db\",\"permission\":{\"action\":\"create\",\"subject\":\"IPWhitelist\",\"conditions\":[]}},{\"role_id\":\"4dd71768-1887-4879-9716-dab5dcddbebe\",\"permission_id\":\"3b21ac56-b1e9-4ad2-9ee9-d7a342829903\",\"permission\":{\"action\":\"delete\",\"subject\":\"IPWhitelist\",\"conditions\":[]}}]}}]}","requestId":"92a31e94-6482-431b-a607-db73898e656d","timestamp":"2026-05-06T13:51:16.438Z"}
{"context":"AuthService","level":"info","message":"user: {\"id\":\"cc6d2974-22cf-4b0b-9590-4b701cfa3c00\",\"displayName\":\"Nguyễn Văn A\",\"roles\":[{\"role\":{\"name\":\"admin\",\"permissions\":[{\"permission\":{\"action\":\"read\",\"subject\":\"Department\",\"conditions\":[]}},{\"permission\":{\"action\":\"create\",\"subject\":\"Department\",\"conditions\":[]}},{\"permission\":{\"action\":\"update\",\"subject\":\"Department\",\"conditions\":[]}},{\"permission\":{\"action\":\"delete\",\"subject\":\"Department\",\"conditions\":[{\"conditions\":{\"end\":\"17:00\",\"type\":\"business_hours\",\"start\":\"08:00\"},\"attribute\":{\"name\":\"time\"}}]}},{\"permission\":{\"action\":\"read\",\"subject\":\"Port\",\"conditions\":[]}},{\"permission\":{\"action\":\"create\",\"subject\":\"Port\",\"conditions\":[]}},{\"permission\":{\"action\":\"update\",\"subject\":\"Port\",\"conditions\":[]}},{\"permission\":{\"action\":\"delete\",\"subject\":\"Port\",\"conditions\":[]}},{\"permission\":{\"action\":\"read\",\"subject\":\"File\",\"conditions\":[]}},{\"permission\":{\"action\":\"create\",\"subject\":\"File\",\"conditions\":[]}},{\"permission\":{\"action\":\"delete\",\"subject\":\"File\",\"conditions\":[]}},{\"permission\":{\"action\":\"read\",\"subject\":\"IPWhitelist\",\"conditions\":[]}},{\"permission\":{\"action\":\"create\",\"subject\":\"IPWhitelist\",\"conditions\":[]}},{\"permission\":{\"action\":\"delete\",\"subject\":\"IPWhitelist\",\"conditions\":[]}}]}}]}","requestId":"92a31e94-6482-431b-a607-db73898e656d","timestamp":"2026-05-06T13:51:16.446Z"}
{"context":"LoggerMiddleware","level":"info","message":"[RequestID: 92a31e94-6482-431b-a607-db73898e656d] GET /api/v1/auth/me | Status: 200 | Duration: 22ms | IP: ::1 | UserAgent: Mozilla/5.0 (Windows NT 10.0; Win64; x64) AppleWebKit/537.36 (KHTML, like Gecko) Chrome/147.0.0.0 Safari/537.36","requestId":"92a31e94-6482-431b-a607-db73898e656d","timestamp":"2026-05-06T13:51:16.447Z"}
{"level":"info","message":"Khởi tạo ứng dụng...","timestamp":"2026-05-06T13:55:40.322Z"}
{"context":"NestFactory","level":"info","message":"Starting Nest application...","timestamp":"2026-05-06T13:55:40.392Z"}
{"context":"InstanceLoader","level":"info","message":"PassportModule dependencies initialized","timestamp":"2026-05-06T13:55:40.399Z"}
{"context":"InstanceLoader","level":"info","message":"ConfigHostModule dependencies initialized","timestamp":"2026-05-06T13:55:40.399Z"}
{"context":"InstanceLoader","level":"info","message":"AppModule dependencies initialized","timestamp":"2026-05-06T13:55:40.399Z"}
{"context":"PrismaService","level":"info","message":"🔌 Prisma Connection String: postgresql://admin:******@localhost:5433/kyc_asset_db?schema=public","timestamp":"2026-05-06T13:55:40.402Z"}
{"context":"InstanceLoader","level":"info","message":"PortsModule dependencies initialized","timestamp":"2026-05-06T13:55:40.402Z"}
{"context":"InstanceLoader","level":"info","message":"FilesModule dependencies initialized","timestamp":"2026-05-06T13:55:40.402Z"}
{"context":"InstanceLoader","level":"info","message":"ConfigModule dependencies initialized","timestamp":"2026-05-06T13:55:40.402Z"}
{"context":"InstanceLoader","level":"info","message":"CommonModule dependencies initialized","timestamp":"2026-05-06T13:55:40.403Z"}
{"context":"InstanceLoader","level":"info","message":"JwtModule dependencies initialized","timestamp":"2026-05-06T13:55:40.403Z"}
{"context":"InstanceLoader","level":"info","message":"PrismaModule dependencies initialized","timestamp":"2026-05-06T13:55:40.403Z"}
{"context":"InstanceLoader","level":"info","message":"WhitelistIpModule dependencies initialized","timestamp":"2026-05-06T13:55:40.405Z"}
{"context":"InstanceLoader","level":"info","message":"AttributeModule dependencies initialized","timestamp":"2026-05-06T13:55:40.405Z"}
{"context":"InstanceLoader","level":"info","message":"DepartmentsModule dependencies initialized","timestamp":"2026-05-06T13:55:40.405Z"}
{"context":"InstanceLoader","level":"info","message":"UsersModule dependencies initialized","timestamp":"2026-05-06T13:55:40.405Z"}
{"context":"InstanceLoader","level":"info","message":"RolesModule dependencies initialized","timestamp":"2026-05-06T13:55:40.405Z"}
{"context":"InstanceLoader","level":"info","message":"PermissionsModule dependencies initialized","timestamp":"2026-05-06T13:55:40.406Z"}
{"context":"InstanceLoader","level":"info","message":"AuthModule dependencies initialized","timestamp":"2026-05-06T13:55:40.406Z"}
{"context":"LegacyRouteConverter","level":"warn","message":"Unsupported route path: \"/api/v1/*\". In previous versions, the symbols ?, *, and + were used to denote optional or repeating path parameters. The latest version of \"path-to-regexp\" now requires the use of named parameters. For example, instead of using a route like /users/* to capture all routes starting with \"/users\", you should use /users/*path. For more details, refer to the migration guide. Attempting to auto-convert...","timestamp":"2026-05-06T13:55:40.430Z"}
{"context":"RoutesResolver","level":"info","message":"AppController {/api/v1/ping}:","timestamp":"2026-05-06T13:55:40.431Z"}
{"context":"RouterExplorer","level":"info","message":"Mapped {/api/v1/ping, GET} route","timestamp":"2026-05-06T13:55:40.432Z"}
{"context":"RoutesResolver","level":"info","message":"UsersController {/api/v1/users}:","timestamp":"2026-05-06T13:55:40.432Z"}
{"context":"RouterExplorer","level":"info","message":"Mapped {/api/v1/users, POST} route","timestamp":"2026-05-06T13:55:40.433Z"}
{"context":"RouterExplorer","level":"info","message":"Mapped {/api/v1/users, GET} route","timestamp":"2026-05-06T13:55:40.433Z"}
{"context":"RouterExplorer","level":"info","message":"Mapped {/api/v1/users/:id, GET} route","timestamp":"2026-05-06T13:55:40.433Z"}
{"context":"RouterExplorer","level":"info","message":"Mapped {/api/v1/users/:id, PATCH} route","timestamp":"2026-05-06T13:55:40.434Z"}
{"context":"RouterExplorer","level":"info","message":"Mapped {/api/v1/users/:id, DELETE} route","timestamp":"2026-05-06T13:55:40.434Z"}
{"context":"RoutesResolver","level":"info","message":"WhitelistIpController {/api/v1/whitelist-ip}:","timestamp":"2026-05-06T13:55:40.434Z"}
{"context":"RouterExplorer","level":"info","message":"Mapped {/api/v1/whitelist-ip, POST} route","timestamp":"2026-05-06T13:55:40.434Z"}
{"context":"RouterExplorer","level":"info","message":"Mapped {/api/v1/whitelist-ip, GET} route","timestamp":"2026-05-06T13:55:40.434Z"}
{"context":"RouterExplorer","level":"info","message":"Mapped {/api/v1/whitelist-ip/:id, GET} route","timestamp":"2026-05-06T13:55:40.435Z"}
{"context":"RouterExplorer","level":"info","message":"Mapped {/api/v1/whitelist-ip/:id, PATCH} route","timestamp":"2026-05-06T13:55:40.435Z"}
{"context":"RouterExplorer","level":"info","message":"Mapped {/api/v1/whitelist-ip/:id, DELETE} route","timestamp":"2026-05-06T13:55:40.435Z"}
{"context":"RoutesResolver","level":"info","message":"RolesController {/api/v1/roles}:","timestamp":"2026-05-06T13:55:40.435Z"}
{"context":"RouterExplorer","level":"info","message":"Mapped {/api/v1/roles, POST} route","timestamp":"2026-05-06T13:55:40.435Z"}
{"context":"RouterExplorer","level":"info","message":"Mapped {/api/v1/roles, GET} route","timestamp":"2026-05-06T13:55:40.436Z"}
{"context":"RouterExplorer","level":"info","message":"Mapped {/api/v1/roles/:id, GET} route","timestamp":"2026-05-06T13:55:40.436Z"}
{"context":"RouterExplorer","level":"info","message":"Mapped {/api/v1/roles/:id, PATCH} route","timestamp":"2026-05-06T13:55:40.436Z"}
{"context":"RouterExplorer","level":"info","message":"Mapped {/api/v1/roles/:id, DELETE} route","timestamp":"2026-05-06T13:55:40.436Z"}
{"context":"RoutesResolver","level":"info","message":"PermissionsController {/api/v1/permissions}:","timestamp":"2026-05-06T13:55:40.436Z"}
{"context":"RouterExplorer","level":"info","message":"Mapped {/api/v1/permissions, POST} route","timestamp":"2026-05-06T13:55:40.436Z"}
{"context":"RouterExplorer","level":"info","message":"Mapped {/api/v1/permissions, GET} route","timestamp":"2026-05-06T13:55:40.436Z"}
{"context":"RouterExplorer","level":"info","message":"Mapped {/api/v1/permissions/:id, PATCH} route","timestamp":"2026-05-06T13:55:40.437Z"}
{"context":"RouterExplorer","level":"info","message":"Mapped {/api/v1/permissions/:id, DELETE} route","timestamp":"2026-05-06T13:55:40.437Z"}
{"context":"RoutesResolver","level":"info","message":"AuthController {/api/v1/auth}:","timestamp":"2026-05-06T13:55:40.437Z"}
{"context":"RouterExplorer","level":"info","message":"Mapped {/api/v1/auth/register, POST} route","timestamp":"2026-05-06T13:55:40.437Z"}
{"context":"RouterExplorer","level":"info","message":"Mapped {/api/v1/auth/login, POST} route","timestamp":"2026-05-06T13:55:40.437Z"}
{"context":"RouterExplorer","level":"info","message":"Mapped {/api/v1/auth/refresh, POST} route","timestamp":"2026-05-06T13:55:40.438Z"}
{"context":"RouterExplorer","level":"info","message":"Mapped {/api/v1/auth/logout, POST} route","timestamp":"2026-05-06T13:55:40.438Z"}
{"context":"RouterExplorer","level":"info","message":"Mapped {/api/v1/auth/me, GET} route","timestamp":"2026-05-06T13:55:40.438Z"}
{"context":"RouterExplorer","level":"info","message":"Mapped {/api/v1/auth/me/password, PATCH} route","timestamp":"2026-05-06T13:55:40.438Z"}
{"context":"RoutesResolver","level":"info","message":"AttributeController {/api/v1/attribute}:","timestamp":"2026-05-06T13:55:40.438Z"}
{"context":"RouterExplorer","level":"info","message":"Mapped {/api/v1/attribute, POST} route","timestamp":"2026-05-06T13:55:40.438Z"}
{"context":"RouterExplorer","level":"info","message":"Mapped {/api/v1/attribute, GET} route","timestamp":"2026-05-06T13:55:40.439Z"}
{"context":"RouterExplorer","level":"info","message":"Mapped {/api/v1/attribute/:id, GET} route","timestamp":"2026-05-06T13:55:40.439Z"}
{"context":"RouterExplorer","level":"info","message":"Mapped {/api/v1/attribute/:id, PATCH} route","timestamp":"2026-05-06T13:55:40.439Z"}
{"context":"RouterExplorer","level":"info","message":"Mapped {/api/v1/attribute/:id, DELETE} route","timestamp":"2026-05-06T13:55:40.439Z"}
{"context":"RoutesResolver","level":"info","message":"DepartmentsController {/api/v1/departments}:","timestamp":"2026-05-06T13:55:40.439Z"}
{"context":"RouterExplorer","level":"info","message":"Mapped {/api/v1/departments, POST} route","timestamp":"2026-05-06T13:55:40.440Z"}
{"context":"RouterExplorer","level":"info","message":"Mapped {/api/v1/departments, GET} route","timestamp":"2026-05-06T13:55:40.440Z"}
{"context":"RouterExplorer","level":"info","message":"Mapped {/api/v1/departments/:id, GET} route","timestamp":"2026-05-06T13:55:40.440Z"}
{"context":"RouterExplorer","level":"info","message":"Mapped {/api/v1/departments/:id, PATCH} route","timestamp":"2026-05-06T13:55:40.440Z"}
{"context":"RouterExplorer","level":"info","message":"Mapped {/api/v1/departments/:id, DELETE} route","timestamp":"2026-05-06T13:55:40.440Z"}
{"context":"RoutesResolver","level":"info","message":"PortsController {/api/v1/ports}:","timestamp":"2026-05-06T13:55:40.440Z"}
{"context":"RouterExplorer","level":"info","message":"Mapped {/api/v1/ports, POST} route","timestamp":"2026-05-06T13:55:40.441Z"}
{"context":"RouterExplorer","level":"info","message":"Mapped {/api/v1/ports, GET} route","timestamp":"2026-05-06T13:55:40.441Z"}
{"context":"RouterExplorer","level":"info","message":"Mapped {/api/v1/ports/:id, GET} route","timestamp":"2026-05-06T13:55:40.441Z"}
{"context":"RouterExplorer","level":"info","message":"Mapped {/api/v1/ports/:id, PATCH} route","timestamp":"2026-05-06T13:55:40.441Z"}
{"context":"RouterExplorer","level":"info","message":"Mapped {/api/v1/ports/:id, DELETE} route","timestamp":"2026-05-06T13:55:40.441Z"}
{"context":"RoutesResolver","level":"info","message":"FilesController {/api/v1/files}:","timestamp":"2026-05-06T13:55:40.441Z"}
{"context":"RouterExplorer","level":"info","message":"Mapped {/api/v1/files, POST} route","timestamp":"2026-05-06T13:55:40.442Z"}
{"context":"RouterExplorer","level":"info","message":"Mapped {/api/v1/files, GET} route","timestamp":"2026-05-06T13:55:40.442Z"}
{"context":"RouterExplorer","level":"info","message":"Mapped {/api/v1/files/:id, GET} route","timestamp":"2026-05-06T13:55:40.442Z"}
{"context":"RouterExplorer","level":"info","message":"Mapped {/api/v1/files/:id, PATCH} route","timestamp":"2026-05-06T13:55:40.442Z"}
{"context":"RouterExplorer","level":"info","message":"Mapped {/api/v1/files/:id, DELETE} route","timestamp":"2026-05-06T13:55:40.442Z"}
{"context":"PrismaService","level":"info","message":"Kết nối database thành công","timestamp":"2026-05-06T13:55:40.481Z"}
{"context":"NestApplication","level":"info","message":"Nest application successfully started","timestamp":"2026-05-06T13:55:40.486Z"}
{"level":"info","message":"Khởi tạo ứng dụng...","timestamp":"2026-05-06T13:55:56.794Z"}
{"context":"NestFactory","level":"info","message":"Starting Nest application...","timestamp":"2026-05-06T13:55:56.865Z"}
{"context":"InstanceLoader","level":"info","message":"PassportModule dependencies initialized","timestamp":"2026-05-06T13:55:56.872Z"}
{"context":"InstanceLoader","level":"info","message":"ConfigHostModule dependencies initialized","timestamp":"2026-05-06T13:55:56.873Z"}
{"context":"InstanceLoader","level":"info","message":"AppModule dependencies initialized","timestamp":"2026-05-06T13:55:56.873Z"}
{"context":"PrismaService","level":"info","message":"🔌 Prisma Connection String: postgresql://admin:******@localhost:5433/kyc_asset_db?schema=public","timestamp":"2026-05-06T13:55:56.875Z"}
{"context":"InstanceLoader","level":"info","message":"PortsModule dependencies initialized","timestamp":"2026-05-06T13:55:56.876Z"}
{"context":"InstanceLoader","level":"info","message":"FilesModule dependencies initialized","timestamp":"2026-05-06T13:55:56.876Z"}
{"context":"InstanceLoader","level":"info","message":"ConfigModule dependencies initialized","timestamp":"2026-05-06T13:55:56.876Z"}
{"context":"InstanceLoader","level":"info","message":"CommonModule dependencies initialized","timestamp":"2026-05-06T13:55:56.876Z"}
{"context":"InstanceLoader","level":"info","message":"JwtModule dependencies initialized","timestamp":"2026-05-06T13:55:56.876Z"}
{"context":"InstanceLoader","level":"info","message":"PrismaModule dependencies initialized","timestamp":"2026-05-06T13:55:56.877Z"}
{"context":"InstanceLoader","level":"info","message":"WhitelistIpModule dependencies initialized","timestamp":"2026-05-06T13:55:56.878Z"}
{"context":"InstanceLoader","level":"info","message":"AttributeModule dependencies initialized","timestamp":"2026-05-06T13:55:56.878Z"}
{"context":"InstanceLoader","level":"info","message":"DepartmentsModule dependencies initialized","timestamp":"2026-05-06T13:55:56.878Z"}
{"context":"InstanceLoader","level":"info","message":"UsersModule dependencies initialized","timestamp":"2026-05-06T13:55:56.878Z"}
{"context":"InstanceLoader","level":"info","message":"RolesModule dependencies initialized","timestamp":"2026-05-06T13:55:56.878Z"}
{"context":"InstanceLoader","level":"info","message":"PermissionsModule dependencies initialized","timestamp":"2026-05-06T13:55:56.878Z"}
{"context":"InstanceLoader","level":"info","message":"AuthModule dependencies initialized","timestamp":"2026-05-06T13:55:56.879Z"}
{"context":"LegacyRouteConverter","level":"warn","message":"Unsupported route path: \"/api/v1/*\". In previous versions, the symbols ?, *, and + were used to denote optional or repeating path parameters. The latest version of \"path-to-regexp\" now requires the use of named parameters. For example, instead of using a route like /users/* to capture all routes starting with \"/users\", you should use /users/*path. For more details, refer to the migration guide. Attempting to auto-convert...","timestamp":"2026-05-06T13:55:56.904Z"}
{"context":"RoutesResolver","level":"info","message":"AppController {/api/v1/ping}:","timestamp":"2026-05-06T13:55:56.905Z"}
{"context":"RouterExplorer","level":"info","message":"Mapped {/api/v1/ping, GET} route","timestamp":"2026-05-06T13:55:56.906Z"}
{"context":"RoutesResolver","level":"info","message":"UsersController {/api/v1/users}:","timestamp":"2026-05-06T13:55:56.906Z"}
{"context":"RouterExplorer","level":"info","message":"Mapped {/api/v1/users, POST} route","timestamp":"2026-05-06T13:55:56.906Z"}
{"context":"RouterExplorer","level":"info","message":"Mapped {/api/v1/users, GET} route","timestamp":"2026-05-06T13:55:56.907Z"}
{"context":"RouterExplorer","level":"info","message":"Mapped {/api/v1/users/:id, GET} route","timestamp":"2026-05-06T13:55:56.907Z"}
{"context":"RouterExplorer","level":"info","message":"Mapped {/api/v1/users/:id, PATCH} route","timestamp":"2026-05-06T13:55:56.907Z"}
{"context":"RouterExplorer","level":"info","message":"Mapped {/api/v1/users/:id, DELETE} route","timestamp":"2026-05-06T13:55:56.908Z"}
{"context":"RoutesResolver","level":"info","message":"WhitelistIpController {/api/v1/whitelist-ip}:","timestamp":"2026-05-06T13:55:56.908Z"}
{"context":"RouterExplorer","level":"info","message":"Mapped {/api/v1/whitelist-ip, POST} route","timestamp":"2026-05-06T13:55:56.908Z"}
{"context":"RouterExplorer","level":"info","message":"Mapped {/api/v1/whitelist-ip, GET} route","timestamp":"2026-05-06T13:55:56.908Z"}
{"context":"RouterExplorer","level":"info","message":"Mapped {/api/v1/whitelist-ip/:id, GET} route","timestamp":"2026-05-06T13:55:56.909Z"}
{"context":"RouterExplorer","level":"info","message":"Mapped {/api/v1/whitelist-ip/:id, PATCH} route","timestamp":"2026-05-06T13:55:56.909Z"}
{"context":"RouterExplorer","level":"info","message":"Mapped {/api/v1/whitelist-ip/:id, DELETE} route","timestamp":"2026-05-06T13:55:56.909Z"}
{"context":"RoutesResolver","level":"info","message":"RolesController {/api/v1/roles}:","timestamp":"2026-05-06T13:55:56.909Z"}
{"context":"RouterExplorer","level":"info","message":"Mapped {/api/v1/roles, POST} route","timestamp":"2026-05-06T13:55:56.910Z"}
{"context":"RouterExplorer","level":"info","message":"Mapped {/api/v1/roles, GET} route","timestamp":"2026-05-06T13:55:56.910Z"}
{"context":"RouterExplorer","level":"info","message":"Mapped {/api/v1/roles/:id, GET} route","timestamp":"2026-05-06T13:55:56.910Z"}
{"context":"RouterExplorer","level":"info","message":"Mapped {/api/v1/roles/:id, PATCH} route","timestamp":"2026-05-06T13:55:56.910Z"}
{"context":"RouterExplorer","level":"info","message":"Mapped {/api/v1/roles/:id, DELETE} route","timestamp":"2026-05-06T13:55:56.910Z"}
{"context":"RoutesResolver","level":"info","message":"PermissionsController {/api/v1/permissions}:","timestamp":"2026-05-06T13:55:56.910Z"}
{"context":"RouterExplorer","level":"info","message":"Mapped {/api/v1/permissions, POST} route","timestamp":"2026-05-06T13:55:56.910Z"}
{"context":"RouterExplorer","level":"info","message":"Mapped {/api/v1/permissions, GET} route","timestamp":"2026-05-06T13:55:56.911Z"}
{"context":"RouterExplorer","level":"info","message":"Mapped {/api/v1/permissions/:id, PATCH} route","timestamp":"2026-05-06T13:55:56.911Z"}
{"context":"RouterExplorer","level":"info","message":"Mapped {/api/v1/permissions/:id, DELETE} route","timestamp":"2026-05-06T13:55:56.911Z"}
{"context":"RoutesResolver","level":"info","message":"AuthController {/api/v1/auth}:","timestamp":"2026-05-06T13:55:56.911Z"}
{"context":"RouterExplorer","level":"info","message":"Mapped {/api/v1/auth/register, POST} route","timestamp":"2026-05-06T13:55:56.911Z"}
{"context":"RouterExplorer","level":"info","message":"Mapped {/api/v1/auth/login, POST} route","timestamp":"2026-05-06T13:55:56.911Z"}
{"context":"RouterExplorer","level":"info","message":"Mapped {/api/v1/auth/refresh, POST} route","timestamp":"2026-05-06T13:55:56.912Z"}
{"context":"RouterExplorer","level":"info","message":"Mapped {/api/v1/auth/logout, POST} route","timestamp":"2026-05-06T13:55:56.912Z"}
{"context":"RouterExplorer","level":"info","message":"Mapped {/api/v1/auth/me, GET} route","timestamp":"2026-05-06T13:55:56.912Z"}
{"context":"RouterExplorer","level":"info","message":"Mapped {/api/v1/auth/me/password, PATCH} route","timestamp":"2026-05-06T13:55:56.912Z"}
{"context":"RoutesResolver","level":"info","message":"AttributeController {/api/v1/attribute}:","timestamp":"2026-05-06T13:55:56.912Z"}
{"context":"RouterExplorer","level":"info","message":"Mapped {/api/v1/attribute, POST} route","timestamp":"2026-05-06T13:55:56.913Z"}
{"context":"RouterExplorer","level":"info","message":"Mapped {/api/v1/attribute, GET} route","timestamp":"2026-05-06T13:55:56.913Z"}
{"context":"RouterExplorer","level":"info","message":"Mapped {/api/v1/attribute/:id, GET} route","timestamp":"2026-05-06T13:55:56.913Z"}
{"context":"RouterExplorer","level":"info","message":"Mapped {/api/v1/attribute/:id, PATCH} route","timestamp":"2026-05-06T13:55:56.913Z"}
{"context":"RouterExplorer","level":"info","message":"Mapped {/api/v1/attribute/:id, DELETE} route","timestamp":"2026-05-06T13:55:56.913Z"}
{"context":"RoutesResolver","level":"info","message":"DepartmentsController {/api/v1/departments}:","timestamp":"2026-05-06T13:55:56.914Z"}
{"context":"RouterExplorer","level":"info","message":"Mapped {/api/v1/departments, POST} route","timestamp":"2026-05-06T13:55:56.914Z"}
{"context":"RouterExplorer","level":"info","message":"Mapped {/api/v1/departments, GET} route","timestamp":"2026-05-06T13:55:56.914Z"}
{"context":"RouterExplorer","level":"info","message":"Mapped {/api/v1/departments/:id, GET} route","timestamp":"2026-05-06T13:55:56.914Z"}
{"context":"RouterExplorer","level":"info","message":"Mapped {/api/v1/departments/:id, PATCH} route","timestamp":"2026-05-06T13:55:56.914Z"}
{"context":"RouterExplorer","level":"info","message":"Mapped {/api/v1/departments/:id, DELETE} route","timestamp":"2026-05-06T13:55:56.914Z"}
{"context":"RoutesResolver","level":"info","message":"PortsController {/api/v1/ports}:","timestamp":"2026-05-06T13:55:56.914Z"}
{"context":"RouterExplorer","level":"info","message":"Mapped {/api/v1/ports, POST} route","timestamp":"2026-05-06T13:55:56.915Z"}
{"context":"RouterExplorer","level":"info","message":"Mapped {/api/v1/ports, GET} route","timestamp":"2026-05-06T13:55:56.915Z"}
{"context":"RouterExplorer","level":"info","message":"Mapped {/api/v1/ports/:id, GET} route","timestamp":"2026-05-06T13:55:56.915Z"}
{"context":"RouterExplorer","level":"info","message":"Mapped {/api/v1/ports/:id, PATCH} route","timestamp":"2026-05-06T13:55:56.915Z"}
{"context":"RouterExplorer","level":"info","message":"Mapped {/api/v1/ports/:id, DELETE} route","timestamp":"2026-05-06T13:55:56.915Z"}
{"context":"RoutesResolver","level":"info","message":"FilesController {/api/v1/files}:","timestamp":"2026-05-06T13:55:56.915Z"}
{"context":"RouterExplorer","level":"info","message":"Mapped {/api/v1/files, POST} route","timestamp":"2026-05-06T13:55:56.915Z"}
{"context":"RouterExplorer","level":"info","message":"Mapped {/api/v1/files, GET} route","timestamp":"2026-05-06T13:55:56.916Z"}
{"context":"RouterExplorer","level":"info","message":"Mapped {/api/v1/files/:id, GET} route","timestamp":"2026-05-06T13:55:56.916Z"}
{"context":"RouterExplorer","level":"info","message":"Mapped {/api/v1/files/:id, PATCH} route","timestamp":"2026-05-06T13:55:56.916Z"}
{"context":"RouterExplorer","level":"info","message":"Mapped {/api/v1/files/:id, DELETE} route","timestamp":"2026-05-06T13:55:56.916Z"}
{"context":"PrismaService","level":"info","message":"Kết nối database thành công","timestamp":"2026-05-06T13:55:56.954Z"}
{"context":"NestApplication","level":"info","message":"Nest application successfully started","timestamp":"2026-05-06T13:55:56.955Z"}
{"context":"AccessTokenGuard","level":"info","message":"isPublic: undefined","requestId":"7fa5eebb-3c33-4b72-b50f-f7d28b8d0b49","timestamp":"2026-05-06T13:56:08.267Z"}
{"context":"AccessTokenStrategy","level":"info","message":"user: {\"id\":\"cc6d2974-22cf-4b0b-9590-4b701cfa3c00\",\"username\":\"customer_001\",\"hashed_password\":\"scrypt:61b7465b5cc602c81ecaa66e31f0f570:064a122e33f58ab9bedcc806f62492b81e4451665c71c7dc3a5afd28b63aa6017713b59fb84dc9594c530b3bbe79c2bf5c738ae510f3152bf09f34a3b6d02482\",\"displayName\":\"Nguyễn Văn A\",\"token_version\":5,\"isActive\":true,\"createdAt\":\"2026-05-03T15:37:18.203Z\",\"updatedAt\":\"2026-05-04T09:10:04.759Z\",\"deletedAt\":null,\"roles\":[{\"user_id\":\"cc6d2974-22cf-4b0b-9590-4b701cfa3c00\",\"role_id\":\"4dd71768-1887-4879-9716-dab5dcddbebe\",\"assignedAt\":\"2026-05-06T11:53:17.723Z\",\"role\":{\"id\":\"4dd71768-1887-4879-9716-dab5dcddbebe\",\"name\":\"admin\",\"description\":\"Full system access\",\"permissions\":[{\"role_id\":\"4dd71768-1887-4879-9716-dab5dcddbebe\",\"permission_id\":\"7b2752ff-795f-49c6-abc7-d874550df97c\",\"permission\":{\"action\":\"read\",\"subject\":\"Department\",\"conditions\":[]}},{\"role_id\":\"4dd71768-1887-4879-9716-dab5dcddbebe\",\"permission_id\":\"d34ddd4b-bfe0-4f38-871c-5fe3c0f25c57\",\"permission\":{\"action\":\"create\",\"subject\":\"Department\",\"conditions\":[]}},{\"role_id\":\"4dd71768-1887-4879-9716-dab5dcddbebe\",\"permission_id\":\"a7c583f2-d8cf-4734-9113-c98e6c838ab8\",\"permission\":{\"action\":\"update\",\"subject\":\"Department\",\"conditions\":[]}},{\"role_id\":\"4dd71768-1887-4879-9716-dab5dcddbebe\",\"permission_id\":\"14b80590-7ca4-4131-9560-8d58349e74eb\",\"permission\":{\"action\":\"delete\",\"subject\":\"Department\",\"conditions\":[{\"conditions\":{\"end\":\"17:00\",\"type\":\"business_hours\",\"start\":\"08:00\"},\"attribute\":{\"name\":\"time\"}}]}},{\"role_id\":\"4dd71768-1887-4879-9716-dab5dcddbebe\",\"permission_id\":\"84f07ad6-e304-4f43-951d-e8c8eb599352\",\"permission\":{\"action\":\"read\",\"subject\":\"Port\",\"conditions\":[]}},{\"role_id\":\"4dd71768-1887-4879-9716-dab5dcddbebe\",\"permission_id\":\"be2db210-da42-4ec9-888d-3a0858978431\",\"permission\":{\"action\":\"create\",\"subject\":\"Port\",\"conditions\":[]}},{\"role_id\":\"4dd71768-1887-4879-9716-dab5dcddbebe\",\"permission_id\":\"7d8ec69e-467e-4f8e-a389-fa6ca6e256ed\",\"permission\":{\"action\":\"update\",\"subject\":\"Port\",\"conditions\":[]}},{\"role_id\":\"4dd71768-1887-4879-9716-dab5dcddbebe\",\"permission_id\":\"4f3bd475-3290-4ab8-982f-4dd670cb649c\",\"permission\":{\"action\":\"delete\",\"subject\":\"Port\",\"conditions\":[]}},{\"role_id\":\"4dd71768-1887-4879-9716-dab5dcddbebe\",\"permission_id\":\"35d0dcaf-8b47-4333-b402-a91709e0fc31\",\"permission\":{\"action\":\"read\",\"subject\":\"File\",\"conditions\":[]}},{\"role_id\":\"4dd71768-1887-4879-9716-dab5dcddbebe\",\"permission_id\":\"e57bb9e8-ae84-4eaa-8022-c6a84281aaff\",\"permission\":{\"action\":\"create\",\"subject\":\"File\",\"conditions\":[]}},{\"role_id\":\"4dd71768-1887-4879-9716-dab5dcddbebe\",\"permission_id\":\"160ace45-3feb-4708-8eae-92a7b94b01f9\",\"permission\":{\"action\":\"delete\",\"subject\":\"File\",\"conditions\":[]}},{\"role_id\":\"4dd71768-1887-4879-9716-dab5dcddbebe\",\"permission_id\":\"31f694c5-76a4-4e2a-803d-9a9ea0e4ef63\",\"permission\":{\"action\":\"read\",\"subject\":\"IPWhitelist\",\"conditions\":[]}},{\"role_id\":\"4dd71768-1887-4879-9716-dab5dcddbebe\",\"permission_id\":\"ceac5cb1-ebc6-46c1-9d1e-efa0ace039db\",\"permission\":{\"action\":\"create\",\"subject\":\"IPWhitelist\",\"conditions\":[]}},{\"role_id\":\"4dd71768-1887-4879-9716-dab5dcddbebe\",\"permission_id\":\"3b21ac56-b1e9-4ad2-9ee9-d7a342829903\",\"permission\":{\"action\":\"delete\",\"subject\":\"IPWhitelist\",\"conditions\":[]}}]}}]}","requestId":"7fa5eebb-3c33-4b72-b50f-f7d28b8d0b49","timestamp":"2026-05-06T13:56:08.343Z"}
{"context":"AuthService","level":"info","message":"payload: {\"id\":\"cc6d2974-22cf-4b0b-9590-4b701cfa3c00\",\"username\":\"customer_001\",\"hashed_password\":\"scrypt:61b7465b5cc602c81ecaa66e31f0f570:064a122e33f58ab9bedcc806f62492b81e4451665c71c7dc3a5afd28b63aa6017713b59fb84dc9594c530b3bbe79c2bf5c738ae510f3152bf09f34a3b6d02482\",\"displayName\":\"Nguyễn Văn A\",\"token_version\":5,\"isActive\":true,\"createdAt\":\"2026-05-03T15:37:18.203Z\",\"updatedAt\":\"2026-05-04T09:10:04.759Z\",\"deletedAt\":null,\"roles\":[{\"user_id\":\"cc6d2974-22cf-4b0b-9590-4b701cfa3c00\",\"role_id\":\"4dd71768-1887-4879-9716-dab5dcddbebe\",\"assignedAt\":\"2026-05-06T11:53:17.723Z\",\"role\":{\"id\":\"4dd71768-1887-4879-9716-dab5dcddbebe\",\"name\":\"admin\",\"description\":\"Full system access\",\"permissions\":[{\"role_id\":\"4dd71768-1887-4879-9716-dab5dcddbebe\",\"permission_id\":\"7b2752ff-795f-49c6-abc7-d874550df97c\",\"permission\":{\"action\":\"read\",\"subject\":\"Department\",\"conditions\":[]}},{\"role_id\":\"4dd71768-1887-4879-9716-dab5dcddbebe\",\"permission_id\":\"d34ddd4b-bfe0-4f38-871c-5fe3c0f25c57\",\"permission\":{\"action\":\"create\",\"subject\":\"Department\",\"conditions\":[]}},{\"role_id\":\"4dd71768-1887-4879-9716-dab5dcddbebe\",\"permission_id\":\"a7c583f2-d8cf-4734-9113-c98e6c838ab8\",\"permission\":{\"action\":\"update\",\"subject\":\"Department\",\"conditions\":[]}},{\"role_id\":\"4dd71768-1887-4879-9716-dab5dcddbebe\",\"permission_id\":\"14b80590-7ca4-4131-9560-8d58349e74eb\",\"permission\":{\"action\":\"delete\",\"subject\":\"Department\",\"conditions\":[{\"conditions\":{\"end\":\"17:00\",\"type\":\"business_hours\",\"start\":\"08:00\"},\"attribute\":{\"name\":\"time\"}}]}},{\"role_id\":\"4dd71768-1887-4879-9716-dab5dcddbebe\",\"permission_id\":\"84f07ad6-e304-4f43-951d-e8c8eb599352\",\"permission\":{\"action\":\"read\",\"subject\":\"Port\",\"conditions\":[]}},{\"role_id\":\"4dd71768-1887-4879-9716-dab5dcddbebe\",\"permission_id\":\"be2db210-da42-4ec9-888d-3a0858978431\",\"permission\":{\"action\":\"create\",\"subject\":\"Port\",\"conditions\":[]}},{\"role_id\":\"4dd71768-1887-4879-9716-dab5dcddbebe\",\"permission_id\":\"7d8ec69e-467e-4f8e-a389-fa6ca6e256ed\",\"permission\":{\"action\":\"update\",\"subject\":\"Port\",\"conditions\":[]}},{\"role_id\":\"4dd71768-1887-4879-9716-dab5dcddbebe\",\"permission_id\":\"4f3bd475-3290-4ab8-982f-4dd670cb649c\",\"permission\":{\"action\":\"delete\",\"subject\":\"Port\",\"conditions\":[]}},{\"role_id\":\"4dd71768-1887-4879-9716-dab5dcddbebe\",\"permission_id\":\"35d0dcaf-8b47-4333-b402-a91709e0fc31\",\"permission\":{\"action\":\"read\",\"subject\":\"File\",\"conditions\":[]}},{\"role_id\":\"4dd71768-1887-4879-9716-dab5dcddbebe\",\"permission_id\":\"e57bb9e8-ae84-4eaa-8022-c6a84281aaff\",\"permission\":{\"action\":\"create\",\"subject\":\"File\",\"conditions\":[]}},{\"role_id\":\"4dd71768-1887-4879-9716-dab5dcddbebe\",\"permission_id\":\"160ace45-3feb-4708-8eae-92a7b94b01f9\",\"permission\":{\"action\":\"delete\",\"subject\":\"File\",\"conditions\":[]}},{\"role_id\":\"4dd71768-1887-4879-9716-dab5dcddbebe\",\"permission_id\":\"31f694c5-76a4-4e2a-803d-9a9ea0e4ef63\",\"permission\":{\"action\":\"read\",\"subject\":\"IPWhitelist\",\"conditions\":[]}},{\"role_id\":\"4dd71768-1887-4879-9716-dab5dcddbebe\",\"permission_id\":\"ceac5cb1-ebc6-46c1-9d1e-efa0ace039db\",\"permission\":{\"action\":\"create\",\"subject\":\"IPWhitelist\",\"conditions\":[]}},{\"role_id\":\"4dd71768-1887-4879-9716-dab5dcddbebe\",\"permission_id\":\"3b21ac56-b1e9-4ad2-9ee9-d7a342829903\",\"permission\":{\"action\":\"delete\",\"subject\":\"IPWhitelist\",\"conditions\":[]}}]}}]}","requestId":"7fa5eebb-3c33-4b72-b50f-f7d28b8d0b49","timestamp":"2026-05-06T13:56:08.345Z"}
{"context":"AuthService","level":"info","message":"user: {\"id\":\"cc6d2974-22cf-4b0b-9590-4b701cfa3c00\",\"displayName\":\"Nguyễn Văn A\",\"roles\":[{\"role\":{\"name\":\"admin\",\"permissions\":[{\"permission\":{\"action\":\"read\",\"subject\":\"Department\",\"conditions\":[]}},{\"permission\":{\"action\":\"create\",\"subject\":\"Department\",\"conditions\":[]}},{\"permission\":{\"action\":\"update\",\"subject\":\"Department\",\"conditions\":[]}},{\"permission\":{\"action\":\"delete\",\"subject\":\"Department\",\"conditions\":[{\"conditions\":{\"end\":\"17:00\",\"type\":\"business_hours\",\"start\":\"08:00\"},\"attribute\":{\"name\":\"time\"}}]}},{\"permission\":{\"action\":\"read\",\"subject\":\"Port\",\"conditions\":[]}},{\"permission\":{\"action\":\"create\",\"subject\":\"Port\",\"conditions\":[]}},{\"permission\":{\"action\":\"update\",\"subject\":\"Port\",\"conditions\":[]}},{\"permission\":{\"action\":\"delete\",\"subject\":\"Port\",\"conditions\":[]}},{\"permission\":{\"action\":\"read\",\"subject\":\"File\",\"conditions\":[]}},{\"permission\":{\"action\":\"create\",\"subject\":\"File\",\"conditions\":[]}},{\"permission\":{\"action\":\"delete\",\"subject\":\"File\",\"conditions\":[]}},{\"permission\":{\"action\":\"read\",\"subject\":\"IPWhitelist\",\"conditions\":[]}},{\"permission\":{\"action\":\"create\",\"subject\":\"IPWhitelist\",\"conditions\":[]}},{\"permission\":{\"action\":\"delete\",\"subject\":\"IPWhitelist\",\"conditions\":[]}}]}}]}","requestId":"7fa5eebb-3c33-4b72-b50f-f7d28b8d0b49","timestamp":"2026-05-06T13:56:08.353Z"}
{"context":"LoggerMiddleware","level":"info","message":"[RequestID: 7fa5eebb-3c33-4b72-b50f-f7d28b8d0b49] GET /api/v1/auth/me | Status: 200 | Duration: 91ms | IP: ::1 | UserAgent: Mozilla/5.0 (Windows NT 10.0; Win64; x64) AppleWebKit/537.36 (KHTML, like Gecko) Chrome/147.0.0.0 Safari/537.36","requestId":"7fa5eebb-3c33-4b72-b50f-f7d28b8d0b49","timestamp":"2026-05-06T13:56:08.357Z"}
{"context":"AccessTokenGuard","level":"info","message":"isPublic: true","requestId":"8d56623c-423c-43ad-909e-7badb6e16e86","timestamp":"2026-05-06T14:39:12.619Z"}
{"context":"AccessTokenGuard","level":"info","message":"Public route, skipping authentication","requestId":"8d56623c-423c-43ad-909e-7badb6e16e86","timestamp":"2026-05-06T14:39:12.620Z"}
{"context":"LoggerMiddleware","level":"info","message":"[RequestID: 8d56623c-423c-43ad-909e-7badb6e16e86] POST /api/v1/auth/login | Status: 201 | Duration: 72ms | IP: ::1 | UserAgent: Mozilla/5.0 (Windows NT 10.0; Win64; x64) AppleWebKit/537.36 (KHTML, like Gecko) Chrome/147.0.0.0 Safari/537.36","requestId":"8d56623c-423c-43ad-909e-7badb6e16e86","timestamp":"2026-05-06T14:39:12.690Z"}
{"context":"AccessTokenGuard","level":"info","message":"isPublic: undefined","requestId":"8a1d1d0d-1dba-4d1c-b776-c4bc2ab137c2","timestamp":"2026-05-06T14:39:13.292Z"}
{"context":"AccessTokenStrategy","level":"info","message":"user: {\"id\":\"cc6d2974-22cf-4b0b-9590-4b701cfa3c00\",\"username\":\"customer_001\",\"hashed_password\":\"scrypt:61b7465b5cc602c81ecaa66e31f0f570:064a122e33f58ab9bedcc806f62492b81e4451665c71c7dc3a5afd28b63aa6017713b59fb84dc9594c530b3bbe79c2bf5c738ae510f3152bf09f34a3b6d02482\",\"displayName\":\"Nguyễn Văn A\",\"token_version\":5,\"isActive\":true,\"createdAt\":\"2026-05-03T15:37:18.203Z\",\"updatedAt\":\"2026-05-04T09:10:04.759Z\",\"deletedAt\":null,\"roles\":[{\"user_id\":\"cc6d2974-22cf-4b0b-9590-4b701cfa3c00\",\"role_id\":\"4dd71768-1887-4879-9716-dab5dcddbebe\",\"assignedAt\":\"2026-05-06T11:53:17.723Z\",\"role\":{\"id\":\"4dd71768-1887-4879-9716-dab5dcddbebe\",\"name\":\"admin\",\"description\":\"Full system access\",\"permissions\":[{\"role_id\":\"4dd71768-1887-4879-9716-dab5dcddbebe\",\"permission_id\":\"7b2752ff-795f-49c6-abc7-d874550df97c\",\"permission\":{\"action\":\"read\",\"subject\":\"Department\",\"conditions\":[]}},{\"role_id\":\"4dd71768-1887-4879-9716-dab5dcddbebe\",\"permission_id\":\"d34ddd4b-bfe0-4f38-871c-5fe3c0f25c57\",\"permission\":{\"action\":\"create\",\"subject\":\"Department\",\"conditions\":[]}},{\"role_id\":\"4dd71768-1887-4879-9716-dab5dcddbebe\",\"permission_id\":\"a7c583f2-d8cf-4734-9113-c98e6c838ab8\",\"permission\":{\"action\":\"update\",\"subject\":\"Department\",\"conditions\":[]}},{\"role_id\":\"4dd71768-1887-4879-9716-dab5dcddbebe\",\"permission_id\":\"14b80590-7ca4-4131-9560-8d58349e74eb\",\"permission\":{\"action\":\"delete\",\"subject\":\"Department\",\"conditions\":[{\"conditions\":{\"end\":\"17:00\",\"type\":\"business_hours\",\"start\":\"08:00\"},\"attribute\":{\"name\":\"time\"}}]}},{\"role_id\":\"4dd71768-1887-4879-9716-dab5dcddbebe\",\"permission_id\":\"84f07ad6-e304-4f43-951d-e8c8eb599352\",\"permission\":{\"action\":\"read\",\"subject\":\"Port\",\"conditions\":[]}},{\"role_id\":\"4dd71768-1887-4879-9716-dab5dcddbebe\",\"permission_id\":\"be2db210-da42-4ec9-888d-3a0858978431\",\"permission\":{\"action\":\"create\",\"subject\":\"Port\",\"conditions\":[]}},{\"role_id\":\"4dd71768-1887-4879-9716-dab5dcddbebe\",\"permission_id\":\"7d8ec69e-467e-4f8e-a389-fa6ca6e256ed\",\"permission\":{\"action\":\"update\",\"subject\":\"Port\",\"conditions\":[]}},{\"role_id\":\"4dd71768-1887-4879-9716-dab5dcddbebe\",\"permission_id\":\"4f3bd475-3290-4ab8-982f-4dd670cb649c\",\"permission\":{\"action\":\"delete\",\"subject\":\"Port\",\"conditions\":[]}},{\"role_id\":\"4dd71768-1887-4879-9716-dab5dcddbebe\",\"permission_id\":\"35d0dcaf-8b47-4333-b402-a91709e0fc31\",\"permission\":{\"action\":\"read\",\"subject\":\"File\",\"conditions\":[]}},{\"role_id\":\"4dd71768-1887-4879-9716-dab5dcddbebe\",\"permission_id\":\"e57bb9e8-ae84-4eaa-8022-c6a84281aaff\",\"permission\":{\"action\":\"create\",\"subject\":\"File\",\"conditions\":[]}},{\"role_id\":\"4dd71768-1887-4879-9716-dab5dcddbebe\",\"permission_id\":\"160ace45-3feb-4708-8eae-92a7b94b01f9\",\"permission\":{\"action\":\"delete\",\"subject\":\"File\",\"conditions\":[]}},{\"role_id\":\"4dd71768-1887-4879-9716-dab5dcddbebe\",\"permission_id\":\"31f694c5-76a4-4e2a-803d-9a9ea0e4ef63\",\"permission\":{\"action\":\"read\",\"subject\":\"IPWhitelist\",\"conditions\":[]}},{\"role_id\":\"4dd71768-1887-4879-9716-dab5dcddbebe\",\"permission_id\":\"ceac5cb1-ebc6-46c1-9d1e-efa0ace039db\",\"permission\":{\"action\":\"create\",\"subject\":\"IPWhitelist\",\"conditions\":[]}},{\"role_id\":\"4dd71768-1887-4879-9716-dab5dcddbebe\",\"permission_id\":\"3b21ac56-b1e9-4ad2-9ee9-d7a342829903\",\"permission\":{\"action\":\"delete\",\"subject\":\"IPWhitelist\",\"conditions\":[]}}]}}]}","requestId":"8a1d1d0d-1dba-4d1c-b776-c4bc2ab137c2","timestamp":"2026-05-06T14:39:13.299Z"}
{"context":"AuthService","level":"info","message":"payload: {\"id\":\"cc6d2974-22cf-4b0b-9590-4b701cfa3c00\",\"username\":\"customer_001\",\"hashed_password\":\"scrypt:61b7465b5cc602c81ecaa66e31f0f570:064a122e33f58ab9bedcc806f62492b81e4451665c71c7dc3a5afd28b63aa6017713b59fb84dc9594c530b3bbe79c2bf5c738ae510f3152bf09f34a3b6d02482\",\"displayName\":\"Nguyễn Văn A\",\"token_version\":5,\"isActive\":true,\"createdAt\":\"2026-05-03T15:37:18.203Z\",\"updatedAt\":\"2026-05-04T09:10:04.759Z\",\"deletedAt\":null,\"roles\":[{\"user_id\":\"cc6d2974-22cf-4b0b-9590-4b701cfa3c00\",\"role_id\":\"4dd71768-1887-4879-9716-dab5dcddbebe\",\"assignedAt\":\"2026-05-06T11:53:17.723Z\",\"role\":{\"id\":\"4dd71768-1887-4879-9716-dab5dcddbebe\",\"name\":\"admin\",\"description\":\"Full system access\",\"permissions\":[{\"role_id\":\"4dd71768-1887-4879-9716-dab5dcddbebe\",\"permission_id\":\"7b2752ff-795f-49c6-abc7-d874550df97c\",\"permission\":{\"action\":\"read\",\"subject\":\"Department\",\"conditions\":[]}},{\"role_id\":\"4dd71768-1887-4879-9716-dab5dcddbebe\",\"permission_id\":\"d34ddd4b-bfe0-4f38-871c-5fe3c0f25c57\",\"permission\":{\"action\":\"create\",\"subject\":\"Department\",\"conditions\":[]}},{\"role_id\":\"4dd71768-1887-4879-9716-dab5dcddbebe\",\"permission_id\":\"a7c583f2-d8cf-4734-9113-c98e6c838ab8\",\"permission\":{\"action\":\"update\",\"subject\":\"Department\",\"conditions\":[]}},{\"role_id\":\"4dd71768-1887-4879-9716-dab5dcddbebe\",\"permission_id\":\"14b80590-7ca4-4131-9560-8d58349e74eb\",\"permission\":{\"action\":\"delete\",\"subject\":\"Department\",\"conditions\":[{\"conditions\":{\"end\":\"17:00\",\"type\":\"business_hours\",\"start\":\"08:00\"},\"attribute\":{\"name\":\"time\"}}]}},{\"role_id\":\"4dd71768-1887-4879-9716-dab5dcddbebe\",\"permission_id\":\"84f07ad6-e304-4f43-951d-e8c8eb599352\",\"permission\":{\"action\":\"read\",\"subject\":\"Port\",\"conditions\":[]}},{\"role_id\":\"4dd71768-1887-4879-9716-dab5dcddbebe\",\"permission_id\":\"be2db210-da42-4ec9-888d-3a0858978431\",\"permission\":{\"action\":\"create\",\"subject\":\"Port\",\"conditions\":[]}},{\"role_id\":\"4dd71768-1887-4879-9716-dab5dcddbebe\",\"permission_id\":\"7d8ec69e-467e-4f8e-a389-fa6ca6e256ed\",\"permission\":{\"action\":\"update\",\"subject\":\"Port\",\"conditions\":[]}},{\"role_id\":\"4dd71768-1887-4879-9716-dab5dcddbebe\",\"permission_id\":\"4f3bd475-3290-4ab8-982f-4dd670cb649c\",\"permission\":{\"action\":\"delete\",\"subject\":\"Port\",\"conditions\":[]}},{\"role_id\":\"4dd71768-1887-4879-9716-dab5dcddbebe\",\"permission_id\":\"35d0dcaf-8b47-4333-b402-a91709e0fc31\",\"permission\":{\"action\":\"read\",\"subject\":\"File\",\"conditions\":[]}},{\"role_id\":\"4dd71768-1887-4879-9716-dab5dcddbebe\",\"permission_id\":\"e57bb9e8-ae84-4eaa-8022-c6a84281aaff\",\"permission\":{\"action\":\"create\",\"subject\":\"File\",\"conditions\":[]}},{\"role_id\":\"4dd71768-1887-4879-9716-dab5dcddbebe\",\"permission_id\":\"160ace45-3feb-4708-8eae-92a7b94b01f9\",\"permission\":{\"action\":\"delete\",\"subject\":\"File\",\"conditions\":[]}},{\"role_id\":\"4dd71768-1887-4879-9716-dab5dcddbebe\",\"permission_id\":\"31f694c5-76a4-4e2a-803d-9a9ea0e4ef63\",\"permission\":{\"action\":\"read\",\"subject\":\"IPWhitelist\",\"conditions\":[]}},{\"role_id\":\"4dd71768-1887-4879-9716-dab5dcddbebe\",\"permission_id\":\"ceac5cb1-ebc6-46c1-9d1e-efa0ace039db\",\"permission\":{\"action\":\"create\",\"subject\":\"IPWhitelist\",\"conditions\":[]}},{\"role_id\":\"4dd71768-1887-4879-9716-dab5dcddbebe\",\"permission_id\":\"3b21ac56-b1e9-4ad2-9ee9-d7a342829903\",\"permission\":{\"action\":\"delete\",\"subject\":\"IPWhitelist\",\"conditions\":[]}}]}}]}","requestId":"8a1d1d0d-1dba-4d1c-b776-c4bc2ab137c2","timestamp":"2026-05-06T14:39:13.300Z"}
{"context":"AuthService","level":"info","message":"user: {\"id\":\"cc6d2974-22cf-4b0b-9590-4b701cfa3c00\",\"displayName\":\"Nguyễn Văn A\",\"roles\":[{\"role\":{\"name\":\"admin\",\"permissions\":[{\"permission\":{\"action\":\"read\",\"subject\":\"Department\",\"conditions\":[]}},{\"permission\":{\"action\":\"create\",\"subject\":\"Department\",\"conditions\":[]}},{\"permission\":{\"action\":\"update\",\"subject\":\"Department\",\"conditions\":[]}},{\"permission\":{\"action\":\"delete\",\"subject\":\"Department\",\"conditions\":[{\"conditions\":{\"end\":\"17:00\",\"type\":\"business_hours\",\"start\":\"08:00\"},\"attribute\":{\"name\":\"time\"}}]}},{\"permission\":{\"action\":\"read\",\"subject\":\"Port\",\"conditions\":[]}},{\"permission\":{\"action\":\"create\",\"subject\":\"Port\",\"conditions\":[]}},{\"permission\":{\"action\":\"update\",\"subject\":\"Port\",\"conditions\":[]}},{\"permission\":{\"action\":\"delete\",\"subject\":\"Port\",\"conditions\":[]}},{\"permission\":{\"action\":\"read\",\"subject\":\"File\",\"conditions\":[]}},{\"permission\":{\"action\":\"create\",\"subject\":\"File\",\"conditions\":[]}},{\"permission\":{\"action\":\"delete\",\"subject\":\"File\",\"conditions\":[]}},{\"permission\":{\"action\":\"read\",\"subject\":\"IPWhitelist\",\"conditions\":[]}},{\"permission\":{\"action\":\"create\",\"subject\":\"IPWhitelist\",\"conditions\":[]}},{\"permission\":{\"action\":\"delete\",\"subject\":\"IPWhitelist\",\"conditions\":[]}}]}}]}","requestId":"8a1d1d0d-1dba-4d1c-b776-c4bc2ab137c2","timestamp":"2026-05-06T14:39:13.306Z"}
{"context":"LoggerMiddleware","level":"info","message":"[RequestID: 8a1d1d0d-1dba-4d1c-b776-c4bc2ab137c2] GET /api/v1/auth/me | Status: 304 | Duration: 16ms | IP: ::1 | UserAgent: Mozilla/5.0 (Windows NT 10.0; Win64; x64) AppleWebKit/537.36 (KHTML, like Gecko) Chrome/147.0.0.0 Safari/537.36","requestId":"8a1d1d0d-1dba-4d1c-b776-c4bc2ab137c2","timestamp":"2026-05-06T14:39:13.307Z"}
{"level":"info","message":"Khởi tạo ứng dụng...","timestamp":"2026-05-06T14:39:50.444Z"}
{"context":"NestFactory","level":"info","message":"Starting Nest application...","timestamp":"2026-05-06T14:39:50.512Z"}
{"context":"InstanceLoader","level":"info","message":"PassportModule dependencies initialized","timestamp":"2026-05-06T14:39:50.519Z"}
{"context":"InstanceLoader","level":"info","message":"ConfigHostModule dependencies initialized","timestamp":"2026-05-06T14:39:50.519Z"}
{"context":"InstanceLoader","level":"info","message":"AppModule dependencies initialized","timestamp":"2026-05-06T14:39:50.519Z"}
{"context":"PrismaService","level":"info","message":"🔌 Prisma Connection String: postgresql://admin:******@localhost:5433/kyc_asset_db?schema=public","timestamp":"2026-05-06T14:39:50.522Z"}
{"context":"InstanceLoader","level":"info","message":"PortsModule dependencies initialized","timestamp":"2026-05-06T14:39:50.522Z"}
{"context":"InstanceLoader","level":"info","message":"FilesModule dependencies initialized","timestamp":"2026-05-06T14:39:50.523Z"}
{"context":"InstanceLoader","level":"info","message":"ConfigModule dependencies initialized","timestamp":"2026-05-06T14:39:50.523Z"}
{"context":"InstanceLoader","level":"info","message":"CommonModule dependencies initialized","timestamp":"2026-05-06T14:39:50.523Z"}
{"context":"InstanceLoader","level":"info","message":"JwtModule dependencies initialized","timestamp":"2026-05-06T14:39:50.523Z"}
{"context":"InstanceLoader","level":"info","message":"PrismaModule dependencies initialized","timestamp":"2026-05-06T14:39:50.524Z"}
{"context":"InstanceLoader","level":"info","message":"WhitelistIpModule dependencies initialized","timestamp":"2026-05-06T14:39:50.525Z"}
{"context":"InstanceLoader","level":"info","message":"AttributeModule dependencies initialized","timestamp":"2026-05-06T14:39:50.525Z"}
{"context":"InstanceLoader","level":"info","message":"DepartmentsModule dependencies initialized","timestamp":"2026-05-06T14:39:50.525Z"}
{"context":"InstanceLoader","level":"info","message":"UsersModule dependencies initialized","timestamp":"2026-05-06T14:39:50.525Z"}
{"context":"InstanceLoader","level":"info","message":"RolesModule dependencies initialized","timestamp":"2026-05-06T14:39:50.525Z"}
{"context":"InstanceLoader","level":"info","message":"PermissionsModule dependencies initialized","timestamp":"2026-05-06T14:39:50.525Z"}
{"context":"InstanceLoader","level":"info","message":"AuthModule dependencies initialized","timestamp":"2026-05-06T14:39:50.525Z"}
{"context":"LegacyRouteConverter","level":"warn","message":"Unsupported route path: \"/api/v1/*\". In previous versions, the symbols ?, *, and + were used to denote optional or repeating path parameters. The latest version of \"path-to-regexp\" now requires the use of named parameters. For example, instead of using a route like /users/* to capture all routes starting with \"/users\", you should use /users/*path. For more details, refer to the migration guide. Attempting to auto-convert...","timestamp":"2026-05-06T14:39:50.549Z"}
{"context":"RoutesResolver","level":"info","message":"AppController {/api/v1/ping}:","timestamp":"2026-05-06T14:39:50.549Z"}
{"context":"RouterExplorer","level":"info","message":"Mapped {/api/v1/ping, GET} route","timestamp":"2026-05-06T14:39:50.550Z"}
{"context":"RoutesResolver","level":"info","message":"UsersController {/api/v1/users}:","timestamp":"2026-05-06T14:39:50.551Z"}
{"context":"RouterExplorer","level":"info","message":"Mapped {/api/v1/users, POST} route","timestamp":"2026-05-06T14:39:50.551Z"}
{"context":"RouterExplorer","level":"info","message":"Mapped {/api/v1/users, GET} route","timestamp":"2026-05-06T14:39:50.551Z"}
{"context":"RouterExplorer","level":"info","message":"Mapped {/api/v1/users/:id, GET} route","timestamp":"2026-05-06T14:39:50.551Z"}
{"context":"RouterExplorer","level":"info","message":"Mapped {/api/v1/users/:id, PATCH} route","timestamp":"2026-05-06T14:39:50.552Z"}
{"context":"RouterExplorer","level":"info","message":"Mapped {/api/v1/users/:id, DELETE} route","timestamp":"2026-05-06T14:39:50.552Z"}
{"context":"RoutesResolver","level":"info","message":"WhitelistIpController {/api/v1/whitelist-ip}:","timestamp":"2026-05-06T14:39:50.552Z"}
{"context":"RouterExplorer","level":"info","message":"Mapped {/api/v1/whitelist-ip, POST} route","timestamp":"2026-05-06T14:39:50.553Z"}
{"context":"RouterExplorer","level":"info","message":"Mapped {/api/v1/whitelist-ip, GET} route","timestamp":"2026-05-06T14:39:50.553Z"}
{"context":"RouterExplorer","level":"info","message":"Mapped {/api/v1/whitelist-ip/:id, GET} route","timestamp":"2026-05-06T14:39:50.553Z"}
{"context":"RouterExplorer","level":"info","message":"Mapped {/api/v1/whitelist-ip/:id, PATCH} route","timestamp":"2026-05-06T14:39:50.553Z"}
{"context":"RouterExplorer","level":"info","message":"Mapped {/api/v1/whitelist-ip/:id, DELETE} route","timestamp":"2026-05-06T14:39:50.554Z"}
{"context":"RoutesResolver","level":"info","message":"RolesController {/api/v1/roles}:","timestamp":"2026-05-06T14:39:50.554Z"}
{"context":"RouterExplorer","level":"info","message":"Mapped {/api/v1/roles, POST} route","timestamp":"2026-05-06T14:39:50.554Z"}
{"context":"RouterExplorer","level":"info","message":"Mapped {/api/v1/roles, GET} route","timestamp":"2026-05-06T14:39:50.554Z"}
{"context":"RouterExplorer","level":"info","message":"Mapped {/api/v1/roles/:id, GET} route","timestamp":"2026-05-06T14:39:50.554Z"}
{"context":"RouterExplorer","level":"info","message":"Mapped {/api/v1/roles/:id, PATCH} route","timestamp":"2026-05-06T14:39:50.554Z"}
{"context":"RouterExplorer","level":"info","message":"Mapped {/api/v1/roles/:id, DELETE} route","timestamp":"2026-05-06T14:39:50.555Z"}
{"context":"RoutesResolver","level":"info","message":"PermissionsController {/api/v1/permissions}:","timestamp":"2026-05-06T14:39:50.555Z"}
{"context":"RouterExplorer","level":"info","message":"Mapped {/api/v1/permissions, POST} route","timestamp":"2026-05-06T14:39:50.555Z"}
{"context":"RouterExplorer","level":"info","message":"Mapped {/api/v1/permissions, GET} route","timestamp":"2026-05-06T14:39:50.555Z"}
{"context":"RouterExplorer","level":"info","message":"Mapped {/api/v1/permissions/:id, PATCH} route","timestamp":"2026-05-06T14:39:50.555Z"}
{"context":"RouterExplorer","level":"info","message":"Mapped {/api/v1/permissions/:id, DELETE} route","timestamp":"2026-05-06T14:39:50.555Z"}
{"context":"RoutesResolver","level":"info","message":"AuthController {/api/v1/auth}:","timestamp":"2026-05-06T14:39:50.555Z"}
{"context":"RouterExplorer","level":"info","message":"Mapped {/api/v1/auth/register, POST} route","timestamp":"2026-05-06T14:39:50.556Z"}
{"context":"RouterExplorer","level":"info","message":"Mapped {/api/v1/auth/login, POST} route","timestamp":"2026-05-06T14:39:50.556Z"}
{"context":"RouterExplorer","level":"info","message":"Mapped {/api/v1/auth/refresh, POST} route","timestamp":"2026-05-06T14:39:50.556Z"}
{"context":"RouterExplorer","level":"info","message":"Mapped {/api/v1/auth/logout, POST} route","timestamp":"2026-05-06T14:39:50.556Z"}
{"context":"RouterExplorer","level":"info","message":"Mapped {/api/v1/auth/me, GET} route","timestamp":"2026-05-06T14:39:50.556Z"}
{"context":"RouterExplorer","level":"info","message":"Mapped {/api/v1/auth/me/password, PATCH} route","timestamp":"2026-05-06T14:39:50.556Z"}
{"context":"RoutesResolver","level":"info","message":"AttributeController {/api/v1/attribute}:","timestamp":"2026-05-06T14:39:50.557Z"}
{"context":"RouterExplorer","level":"info","message":"Mapped {/api/v1/attribute, POST} route","timestamp":"2026-05-06T14:39:50.557Z"}
{"context":"RouterExplorer","level":"info","message":"Mapped {/api/v1/attribute, GET} route","timestamp":"2026-05-06T14:39:50.557Z"}
{"context":"RouterExplorer","level":"info","message":"Mapped {/api/v1/attribute/:id, GET} route","timestamp":"2026-05-06T14:39:50.557Z"}
{"context":"RouterExplorer","level":"info","message":"Mapped {/api/v1/attribute/:id, PATCH} route","timestamp":"2026-05-06T14:39:50.557Z"}
{"context":"RouterExplorer","level":"info","message":"Mapped {/api/v1/attribute/:id, DELETE} route","timestamp":"2026-05-06T14:39:50.557Z"}
{"context":"RoutesResolver","level":"info","message":"DepartmentsController {/api/v1/departments}:","timestamp":"2026-05-06T14:39:50.557Z"}
{"context":"RouterExplorer","level":"info","message":"Mapped {/api/v1/departments, POST} route","timestamp":"2026-05-06T14:39:50.557Z"}
{"context":"RouterExplorer","level":"info","message":"Mapped {/api/v1/departments, GET} route","timestamp":"2026-05-06T14:39:50.558Z"}
{"context":"RouterExplorer","level":"info","message":"Mapped {/api/v1/departments/:id, GET} route","timestamp":"2026-05-06T14:39:50.558Z"}
{"context":"RouterExplorer","level":"info","message":"Mapped {/api/v1/departments/:id, PATCH} route","timestamp":"2026-05-06T14:39:50.558Z"}
{"context":"RouterExplorer","level":"info","message":"Mapped {/api/v1/departments/:id, DELETE} route","timestamp":"2026-05-06T14:39:50.558Z"}
{"context":"RoutesResolver","level":"info","message":"PortsController {/api/v1/ports}:","timestamp":"2026-05-06T14:39:50.558Z"}
{"context":"RouterExplorer","level":"info","message":"Mapped {/api/v1/ports, POST} route","timestamp":"2026-05-06T14:39:50.558Z"}
{"context":"RouterExplorer","level":"info","message":"Mapped {/api/v1/ports, GET} route","timestamp":"2026-05-06T14:39:50.558Z"}
{"context":"RouterExplorer","level":"info","message":"Mapped {/api/v1/ports/:id, GET} route","timestamp":"2026-05-06T14:39:50.558Z"}
{"context":"RouterExplorer","level":"info","message":"Mapped {/api/v1/ports/:id, PATCH} route","timestamp":"2026-05-06T14:39:50.559Z"}
{"context":"RouterExplorer","level":"info","message":"Mapped {/api/v1/ports/:id, DELETE} route","timestamp":"2026-05-06T14:39:50.559Z"}
{"context":"RoutesResolver","level":"info","message":"FilesController {/api/v1/files}:","timestamp":"2026-05-06T14:39:50.559Z"}
{"context":"RouterExplorer","level":"info","message":"Mapped {/api/v1/files, POST} route","timestamp":"2026-05-06T14:39:50.559Z"}
{"context":"RouterExplorer","level":"info","message":"Mapped {/api/v1/files, GET} route","timestamp":"2026-05-06T14:39:50.559Z"}
{"context":"RouterExplorer","level":"info","message":"Mapped {/api/v1/files/:id, GET} route","timestamp":"2026-05-06T14:39:50.559Z"}
{"context":"RouterExplorer","level":"info","message":"Mapped {/api/v1/files/:id, PATCH} route","timestamp":"2026-05-06T14:39:50.560Z"}
{"context":"RouterExplorer","level":"info","message":"Mapped {/api/v1/files/:id, DELETE} route","timestamp":"2026-05-06T14:39:50.560Z"}
{"context":"PrismaService","level":"info","message":"Kết nối database thành công","timestamp":"2026-05-06T14:39:50.597Z"}
{"context":"NestApplication","level":"info","message":"Nest application successfully started","timestamp":"2026-05-06T14:39:50.602Z"}
{"context":"AccessTokenGuard","level":"info","message":"isPublic: undefined","requestId":"eddd81c6-b81b-4cb2-9ec3-e4febfa75b06","timestamp":"2026-05-06T14:43:04.541Z"}
{"context":"AccessTokenStrategy","level":"info","message":"user: {\"id\":\"cc6d2974-22cf-4b0b-9590-4b701cfa3c00\",\"username\":\"customer_001\",\"hashed_password\":\"scrypt:61b7465b5cc602c81ecaa66e31f0f570:064a122e33f58ab9bedcc806f62492b81e4451665c71c7dc3a5afd28b63aa6017713b59fb84dc9594c530b3bbe79c2bf5c738ae510f3152bf09f34a3b6d02482\",\"displayName\":\"Nguyễn Văn A\",\"token_version\":5,\"isActive\":true,\"createdAt\":\"2026-05-03T15:37:18.203Z\",\"updatedAt\":\"2026-05-04T09:10:04.759Z\",\"deletedAt\":null,\"roles\":[{\"user_id\":\"cc6d2974-22cf-4b0b-9590-4b701cfa3c00\",\"role_id\":\"4dd71768-1887-4879-9716-dab5dcddbebe\",\"assignedAt\":\"2026-05-06T11:53:17.723Z\",\"role\":{\"id\":\"4dd71768-1887-4879-9716-dab5dcddbebe\",\"name\":\"admin\",\"description\":\"Full system access\",\"permissions\":[{\"role_id\":\"4dd71768-1887-4879-9716-dab5dcddbebe\",\"permission_id\":\"7b2752ff-795f-49c6-abc7-d874550df97c\",\"permission\":{\"action\":\"read\",\"subject\":\"Department\",\"conditions\":[]}},{\"role_id\":\"4dd71768-1887-4879-9716-dab5dcddbebe\",\"permission_id\":\"d34ddd4b-bfe0-4f38-871c-5fe3c0f25c57\",\"permission\":{\"action\":\"create\",\"subject\":\"Department\",\"conditions\":[]}},{\"role_id\":\"4dd71768-1887-4879-9716-dab5dcddbebe\",\"permission_id\":\"a7c583f2-d8cf-4734-9113-c98e6c838ab8\",\"permission\":{\"action\":\"update\",\"subject\":\"Department\",\"conditions\":[]}},{\"role_id\":\"4dd71768-1887-4879-9716-dab5dcddbebe\",\"permission_id\":\"14b80590-7ca4-4131-9560-8d58349e74eb\",\"permission\":{\"action\":\"delete\",\"subject\":\"Department\",\"conditions\":[{\"conditions\":{\"end\":\"17:00\",\"type\":\"business_hours\",\"start\":\"08:00\"},\"attribute\":{\"name\":\"time\"}}]}},{\"role_id\":\"4dd71768-1887-4879-9716-dab5dcddbebe\",\"permission_id\":\"84f07ad6-e304-4f43-951d-e8c8eb599352\",\"permission\":{\"action\":\"read\",\"subject\":\"Port\",\"conditions\":[]}},{\"role_id\":\"4dd71768-1887-4879-9716-dab5dcddbebe\",\"permission_id\":\"be2db210-da42-4ec9-888d-3a0858978431\",\"permission\":{\"action\":\"create\",\"subject\":\"Port\",\"conditions\":[]}},{\"role_id\":\"4dd71768-1887-4879-9716-dab5dcddbebe\",\"permission_id\":\"7d8ec69e-467e-4f8e-a389-fa6ca6e256ed\",\"permission\":{\"action\":\"update\",\"subject\":\"Port\",\"conditions\":[]}},{\"role_id\":\"4dd71768-1887-4879-9716-dab5dcddbebe\",\"permission_id\":\"4f3bd475-3290-4ab8-982f-4dd670cb649c\",\"permission\":{\"action\":\"delete\",\"subject\":\"Port\",\"conditions\":[]}},{\"role_id\":\"4dd71768-1887-4879-9716-dab5dcddbebe\",\"permission_id\":\"35d0dcaf-8b47-4333-b402-a91709e0fc31\",\"permission\":{\"action\":\"read\",\"subject\":\"File\",\"conditions\":[]}},{\"role_id\":\"4dd71768-1887-4879-9716-dab5dcddbebe\",\"permission_id\":\"e57bb9e8-ae84-4eaa-8022-c6a84281aaff\",\"permission\":{\"action\":\"create\",\"subject\":\"File\",\"conditions\":[]}},{\"role_id\":\"4dd71768-1887-4879-9716-dab5dcddbebe\",\"permission_id\":\"160ace45-3feb-4708-8eae-92a7b94b01f9\",\"permission\":{\"action\":\"delete\",\"subject\":\"File\",\"conditions\":[]}},{\"role_id\":\"4dd71768-1887-4879-9716-dab5dcddbebe\",\"permission_id\":\"31f694c5-76a4-4e2a-803d-9a9ea0e4ef63\",\"permission\":{\"action\":\"read\",\"subject\":\"IPWhitelist\",\"conditions\":[]}},{\"role_id\":\"4dd71768-1887-4879-9716-dab5dcddbebe\",\"permission_id\":\"ceac5cb1-ebc6-46c1-9d1e-efa0ace039db\",\"permission\":{\"action\":\"create\",\"subject\":\"IPWhitelist\",\"conditions\":[]}},{\"role_id\":\"4dd71768-1887-4879-9716-dab5dcddbebe\",\"permission_id\":\"3b21ac56-b1e9-4ad2-9ee9-d7a342829903\",\"permission\":{\"action\":\"delete\",\"subject\":\"IPWhitelist\",\"conditions\":[]}}]}}]}","requestId":"eddd81c6-b81b-4cb2-9ec3-e4febfa75b06","timestamp":"2026-05-06T14:43:04.598Z"}
{"context":"AuthService","level":"info","message":"payload: {\"id\":\"cc6d2974-22cf-4b0b-9590-4b701cfa3c00\",\"username\":\"customer_001\",\"hashed_password\":\"scrypt:61b7465b5cc602c81ecaa66e31f0f570:064a122e33f58ab9bedcc806f62492b81e4451665c71c7dc3a5afd28b63aa6017713b59fb84dc9594c530b3bbe79c2bf5c738ae510f3152bf09f34a3b6d02482\",\"displayName\":\"Nguyễn Văn A\",\"token_version\":5,\"isActive\":true,\"createdAt\":\"2026-05-03T15:37:18.203Z\",\"updatedAt\":\"2026-05-04T09:10:04.759Z\",\"deletedAt\":null,\"roles\":[{\"user_id\":\"cc6d2974-22cf-4b0b-9590-4b701cfa3c00\",\"role_id\":\"4dd71768-1887-4879-9716-dab5dcddbebe\",\"assignedAt\":\"2026-05-06T11:53:17.723Z\",\"role\":{\"id\":\"4dd71768-1887-4879-9716-dab5dcddbebe\",\"name\":\"admin\",\"description\":\"Full system access\",\"permissions\":[{\"role_id\":\"4dd71768-1887-4879-9716-dab5dcddbebe\",\"permission_id\":\"7b2752ff-795f-49c6-abc7-d874550df97c\",\"permission\":{\"action\":\"read\",\"subject\":\"Department\",\"conditions\":[]}},{\"role_id\":\"4dd71768-1887-4879-9716-dab5dcddbebe\",\"permission_id\":\"d34ddd4b-bfe0-4f38-871c-5fe3c0f25c57\",\"permission\":{\"action\":\"create\",\"subject\":\"Department\",\"conditions\":[]}},{\"role_id\":\"4dd71768-1887-4879-9716-dab5dcddbebe\",\"permission_id\":\"a7c583f2-d8cf-4734-9113-c98e6c838ab8\",\"permission\":{\"action\":\"update\",\"subject\":\"Department\",\"conditions\":[]}},{\"role_id\":\"4dd71768-1887-4879-9716-dab5dcddbebe\",\"permission_id\":\"14b80590-7ca4-4131-9560-8d58349e74eb\",\"permission\":{\"action\":\"delete\",\"subject\":\"Department\",\"conditions\":[{\"conditions\":{\"end\":\"17:00\",\"type\":\"business_hours\",\"start\":\"08:00\"},\"attribute\":{\"name\":\"time\"}}]}},{\"role_id\":\"4dd71768-1887-4879-9716-dab5dcddbebe\",\"permission_id\":\"84f07ad6-e304-4f43-951d-e8c8eb599352\",\"permission\":{\"action\":\"read\",\"subject\":\"Port\",\"conditions\":[]}},{\"role_id\":\"4dd71768-1887-4879-9716-dab5dcddbebe\",\"permission_id\":\"be2db210-da42-4ec9-888d-3a0858978431\",\"permission\":{\"action\":\"create\",\"subject\":\"Port\",\"conditions\":[]}},{\"role_id\":\"4dd71768-1887-4879-9716-dab5dcddbebe\",\"permission_id\":\"7d8ec69e-467e-4f8e-a389-fa6ca6e256ed\",\"permission\":{\"action\":\"update\",\"subject\":\"Port\",\"conditions\":[]}},{\"role_id\":\"4dd71768-1887-4879-9716-dab5dcddbebe\",\"permission_id\":\"4f3bd475-3290-4ab8-982f-4dd670cb649c\",\"permission\":{\"action\":\"delete\",\"subject\":\"Port\",\"conditions\":[]}},{\"role_id\":\"4dd71768-1887-4879-9716-dab5dcddbebe\",\"permission_id\":\"35d0dcaf-8b47-4333-b402-a91709e0fc31\",\"permission\":{\"action\":\"read\",\"subject\":\"File\",\"conditions\":[]}},{\"role_id\":\"4dd71768-1887-4879-9716-dab5dcddbebe\",\"permission_id\":\"e57bb9e8-ae84-4eaa-8022-c6a84281aaff\",\"permission\":{\"action\":\"create\",\"subject\":\"File\",\"conditions\":[]}},{\"role_id\":\"4dd71768-1887-4879-9716-dab5dcddbebe\",\"permission_id\":\"160ace45-3feb-4708-8eae-92a7b94b01f9\",\"permission\":{\"action\":\"delete\",\"subject\":\"File\",\"conditions\":[]}},{\"role_id\":\"4dd71768-1887-4879-9716-dab5dcddbebe\",\"permission_id\":\"31f694c5-76a4-4e2a-803d-9a9ea0e4ef63\",\"permission\":{\"action\":\"read\",\"subject\":\"IPWhitelist\",\"conditions\":[]}},{\"role_id\":\"4dd71768-1887-4879-9716-dab5dcddbebe\",\"permission_id\":\"ceac5cb1-ebc6-46c1-9d1e-efa0ace039db\",\"permission\":{\"action\":\"create\",\"subject\":\"IPWhitelist\",\"conditions\":[]}},{\"role_id\":\"4dd71768-1887-4879-9716-dab5dcddbebe\",\"permission_id\":\"3b21ac56-b1e9-4ad2-9ee9-d7a342829903\",\"permission\":{\"action\":\"delete\",\"subject\":\"IPWhitelist\",\"conditions\":[]}}]}}]}","requestId":"eddd81c6-b81b-4cb2-9ec3-e4febfa75b06","timestamp":"2026-05-06T14:43:04.600Z"}
{"context":"AuthService","level":"info","message":"user: {\"id\":\"cc6d2974-22cf-4b0b-9590-4b701cfa3c00\",\"displayName\":\"Nguyễn Văn A\",\"roles\":[{\"role\":{\"name\":\"admin\",\"permissions\":[{\"permission\":{\"action\":\"read\",\"subject\":\"Department\",\"conditions\":[]}},{\"permission\":{\"action\":\"create\",\"subject\":\"Department\",\"conditions\":[]}},{\"permission\":{\"action\":\"update\",\"subject\":\"Department\",\"conditions\":[]}},{\"permission\":{\"action\":\"delete\",\"subject\":\"Department\",\"conditions\":[{\"conditions\":{\"end\":\"17:00\",\"type\":\"business_hours\",\"start\":\"08:00\"},\"attribute\":{\"name\":\"time\"}}]}},{\"permission\":{\"action\":\"read\",\"subject\":\"Port\",\"conditions\":[]}},{\"permission\":{\"action\":\"create\",\"subject\":\"Port\",\"conditions\":[]}},{\"permission\":{\"action\":\"update\",\"subject\":\"Port\",\"conditions\":[]}},{\"permission\":{\"action\":\"delete\",\"subject\":\"Port\",\"conditions\":[]}},{\"permission\":{\"action\":\"read\",\"subject\":\"File\",\"conditions\":[]}},{\"permission\":{\"action\":\"create\",\"subject\":\"File\",\"conditions\":[]}},{\"permission\":{\"action\":\"delete\",\"subject\":\"File\",\"conditions\":[]}},{\"permission\":{\"action\":\"read\",\"subject\":\"IPWhitelist\",\"conditions\":[]}},{\"permission\":{\"action\":\"create\",\"subject\":\"IPWhitelist\",\"conditions\":[]}},{\"permission\":{\"action\":\"delete\",\"subject\":\"IPWhitelist\",\"conditions\":[]}}]}}]}","requestId":"eddd81c6-b81b-4cb2-9ec3-e4febfa75b06","timestamp":"2026-05-06T14:43:04.607Z"}
{"context":"LoggerMiddleware","level":"info","message":"[RequestID: eddd81c6-b81b-4cb2-9ec3-e4febfa75b06] GET /api/v1/auth/me | Status: 304 | Duration: 68ms | IP: ::1 | UserAgent: Mozilla/5.0 (Windows NT 10.0; Win64; x64) AppleWebKit/537.36 (KHTML, like Gecko) Chrome/147.0.0.0 Safari/537.36","requestId":"eddd81c6-b81b-4cb2-9ec3-e4febfa75b06","timestamp":"2026-05-06T14:43:04.609Z"}
{"context":"AccessTokenGuard","level":"info","message":"isPublic: undefined","requestId":"2e68e25b-60ce-4ec7-9cc2-723cf36a2a67","timestamp":"2026-05-06T14:43:05.862Z"}
{"context":"AccessTokenStrategy","level":"info","message":"user: {\"id\":\"cc6d2974-22cf-4b0b-9590-4b701cfa3c00\",\"username\":\"customer_001\",\"hashed_password\":\"scrypt:61b7465b5cc602c81ecaa66e31f0f570:064a122e33f58ab9bedcc806f62492b81e4451665c71c7dc3a5afd28b63aa6017713b59fb84dc9594c530b3bbe79c2bf5c738ae510f3152bf09f34a3b6d02482\",\"displayName\":\"Nguyễn Văn A\",\"token_version\":5,\"isActive\":true,\"createdAt\":\"2026-05-03T15:37:18.203Z\",\"updatedAt\":\"2026-05-04T09:10:04.759Z\",\"deletedAt\":null,\"roles\":[{\"user_id\":\"cc6d2974-22cf-4b0b-9590-4b701cfa3c00\",\"role_id\":\"4dd71768-1887-4879-9716-dab5dcddbebe\",\"assignedAt\":\"2026-05-06T11:53:17.723Z\",\"role\":{\"id\":\"4dd71768-1887-4879-9716-dab5dcddbebe\",\"name\":\"admin\",\"description\":\"Full system access\",\"permissions\":[{\"role_id\":\"4dd71768-1887-4879-9716-dab5dcddbebe\",\"permission_id\":\"7b2752ff-795f-49c6-abc7-d874550df97c\",\"permission\":{\"action\":\"read\",\"subject\":\"Department\",\"conditions\":[]}},{\"role_id\":\"4dd71768-1887-4879-9716-dab5dcddbebe\",\"permission_id\":\"d34ddd4b-bfe0-4f38-871c-5fe3c0f25c57\",\"permission\":{\"action\":\"create\",\"subject\":\"Department\",\"conditions\":[]}},{\"role_id\":\"4dd71768-1887-4879-9716-dab5dcddbebe\",\"permission_id\":\"a7c583f2-d8cf-4734-9113-c98e6c838ab8\",\"permission\":{\"action\":\"update\",\"subject\":\"Department\",\"conditions\":[]}},{\"role_id\":\"4dd71768-1887-4879-9716-dab5dcddbebe\",\"permission_id\":\"14b80590-7ca4-4131-9560-8d58349e74eb\",\"permission\":{\"action\":\"delete\",\"subject\":\"Department\",\"conditions\":[{\"conditions\":{\"end\":\"17:00\",\"type\":\"business_hours\",\"start\":\"08:00\"},\"attribute\":{\"name\":\"time\"}}]}},{\"role_id\":\"4dd71768-1887-4879-9716-dab5dcddbebe\",\"permission_id\":\"84f07ad6-e304-4f43-951d-e8c8eb599352\",\"permission\":{\"action\":\"read\",\"subject\":\"Port\",\"conditions\":[]}},{\"role_id\":\"4dd71768-1887-4879-9716-dab5dcddbebe\",\"permission_id\":\"be2db210-da42-4ec9-888d-3a0858978431\",\"permission\":{\"action\":\"create\",\"subject\":\"Port\",\"conditions\":[]}},{\"role_id\":\"4dd71768-1887-4879-9716-dab5dcddbebe\",\"permission_id\":\"7d8ec69e-467e-4f8e-a389-fa6ca6e256ed\",\"permission\":{\"action\":\"update\",\"subject\":\"Port\",\"conditions\":[]}},{\"role_id\":\"4dd71768-1887-4879-9716-dab5dcddbebe\",\"permission_id\":\"4f3bd475-3290-4ab8-982f-4dd670cb649c\",\"permission\":{\"action\":\"delete\",\"subject\":\"Port\",\"conditions\":[]}},{\"role_id\":\"4dd71768-1887-4879-9716-dab5dcddbebe\",\"permission_id\":\"35d0dcaf-8b47-4333-b402-a91709e0fc31\",\"permission\":{\"action\":\"read\",\"subject\":\"File\",\"conditions\":[]}},{\"role_id\":\"4dd71768-1887-4879-9716-dab5dcddbebe\",\"permission_id\":\"e57bb9e8-ae84-4eaa-8022-c6a84281aaff\",\"permission\":{\"action\":\"create\",\"subject\":\"File\",\"conditions\":[]}},{\"role_id\":\"4dd71768-1887-4879-9716-dab5dcddbebe\",\"permission_id\":\"160ace45-3feb-4708-8eae-92a7b94b01f9\",\"permission\":{\"action\":\"delete\",\"subject\":\"File\",\"conditions\":[]}},{\"role_id\":\"4dd71768-1887-4879-9716-dab5dcddbebe\",\"permission_id\":\"31f694c5-76a4-4e2a-803d-9a9ea0e4ef63\",\"permission\":{\"action\":\"read\",\"subject\":\"IPWhitelist\",\"conditions\":[]}},{\"role_id\":\"4dd71768-1887-4879-9716-dab5dcddbebe\",\"permission_id\":\"ceac5cb1-ebc6-46c1-9d1e-efa0ace039db\",\"permission\":{\"action\":\"create\",\"subject\":\"IPWhitelist\",\"conditions\":[]}},{\"role_id\":\"4dd71768-1887-4879-9716-dab5dcddbebe\",\"permission_id\":\"3b21ac56-b1e9-4ad2-9ee9-d7a342829903\",\"permission\":{\"action\":\"delete\",\"subject\":\"IPWhitelist\",\"conditions\":[]}}]}}]}","requestId":"2e68e25b-60ce-4ec7-9cc2-723cf36a2a67","timestamp":"2026-05-06T14:43:05.872Z"}
{"context":"AuthService","level":"info","message":"payload: {\"id\":\"cc6d2974-22cf-4b0b-9590-4b701cfa3c00\",\"username\":\"customer_001\",\"hashed_password\":\"scrypt:61b7465b5cc602c81ecaa66e31f0f570:064a122e33f58ab9bedcc806f62492b81e4451665c71c7dc3a5afd28b63aa6017713b59fb84dc9594c530b3bbe79c2bf5c738ae510f3152bf09f34a3b6d02482\",\"displayName\":\"Nguyễn Văn A\",\"token_version\":5,\"isActive\":true,\"createdAt\":\"2026-05-03T15:37:18.203Z\",\"updatedAt\":\"2026-05-04T09:10:04.759Z\",\"deletedAt\":null,\"roles\":[{\"user_id\":\"cc6d2974-22cf-4b0b-9590-4b701cfa3c00\",\"role_id\":\"4dd71768-1887-4879-9716-dab5dcddbebe\",\"assignedAt\":\"2026-05-06T11:53:17.723Z\",\"role\":{\"id\":\"4dd71768-1887-4879-9716-dab5dcddbebe\",\"name\":\"admin\",\"description\":\"Full system access\",\"permissions\":[{\"role_id\":\"4dd71768-1887-4879-9716-dab5dcddbebe\",\"permission_id\":\"7b2752ff-795f-49c6-abc7-d874550df97c\",\"permission\":{\"action\":\"read\",\"subject\":\"Department\",\"conditions\":[]}},{\"role_id\":\"4dd71768-1887-4879-9716-dab5dcddbebe\",\"permission_id\":\"d34ddd4b-bfe0-4f38-871c-5fe3c0f25c57\",\"permission\":{\"action\":\"create\",\"subject\":\"Department\",\"conditions\":[]}},{\"role_id\":\"4dd71768-1887-4879-9716-dab5dcddbebe\",\"permission_id\":\"a7c583f2-d8cf-4734-9113-c98e6c838ab8\",\"permission\":{\"action\":\"update\",\"subject\":\"Department\",\"conditions\":[]}},{\"role_id\":\"4dd71768-1887-4879-9716-dab5dcddbebe\",\"permission_id\":\"14b80590-7ca4-4131-9560-8d58349e74eb\",\"permission\":{\"action\":\"delete\",\"subject\":\"Department\",\"conditions\":[{\"conditions\":{\"end\":\"17:00\",\"type\":\"business_hours\",\"start\":\"08:00\"},\"attribute\":{\"name\":\"time\"}}]}},{\"role_id\":\"4dd71768-1887-4879-9716-dab5dcddbebe\",\"permission_id\":\"84f07ad6-e304-4f43-951d-e8c8eb599352\",\"permission\":{\"action\":\"read\",\"subject\":\"Port\",\"conditions\":[]}},{\"role_id\":\"4dd71768-1887-4879-9716-dab5dcddbebe\",\"permission_id\":\"be2db210-da42-4ec9-888d-3a0858978431\",\"permission\":{\"action\":\"create\",\"subject\":\"Port\",\"conditions\":[]}},{\"role_id\":\"4dd71768-1887-4879-9716-dab5dcddbebe\",\"permission_id\":\"7d8ec69e-467e-4f8e-a389-fa6ca6e256ed\",\"permission\":{\"action\":\"update\",\"subject\":\"Port\",\"conditions\":[]}},{\"role_id\":\"4dd71768-1887-4879-9716-dab5dcddbebe\",\"permission_id\":\"4f3bd475-3290-4ab8-982f-4dd670cb649c\",\"permission\":{\"action\":\"delete\",\"subject\":\"Port\",\"conditions\":[]}},{\"role_id\":\"4dd71768-1887-4879-9716-dab5dcddbebe\",\"permission_id\":\"35d0dcaf-8b47-4333-b402-a91709e0fc31\",\"permission\":{\"action\":\"read\",\"subject\":\"File\",\"conditions\":[]}},{\"role_id\":\"4dd71768-1887-4879-9716-dab5dcddbebe\",\"permission_id\":\"e57bb9e8-ae84-4eaa-8022-c6a84281aaff\",\"permission\":{\"action\":\"create\",\"subject\":\"File\",\"conditions\":[]}},{\"role_id\":\"4dd71768-1887-4879-9716-dab5dcddbebe\",\"permission_id\":\"160ace45-3feb-4708-8eae-92a7b94b01f9\",\"permission\":{\"action\":\"delete\",\"subject\":\"File\",\"conditions\":[]}},{\"role_id\":\"4dd71768-1887-4879-9716-dab5dcddbebe\",\"permission_id\":\"31f694c5-76a4-4e2a-803d-9a9ea0e4ef63\",\"permission\":{\"action\":\"read\",\"subject\":\"IPWhitelist\",\"conditions\":[]}},{\"role_id\":\"4dd71768-1887-4879-9716-dab5dcddbebe\",\"permission_id\":\"ceac5cb1-ebc6-46c1-9d1e-efa0ace039db\",\"permission\":{\"action\":\"create\",\"subject\":\"IPWhitelist\",\"conditions\":[]}},{\"role_id\":\"4dd71768-1887-4879-9716-dab5dcddbebe\",\"permission_id\":\"3b21ac56-b1e9-4ad2-9ee9-d7a342829903\",\"permission\":{\"action\":\"delete\",\"subject\":\"IPWhitelist\",\"conditions\":[]}}]}}]}","requestId":"2e68e25b-60ce-4ec7-9cc2-723cf36a2a67","timestamp":"2026-05-06T14:43:05.873Z"}
{"context":"AuthService","level":"info","message":"user: {\"id\":\"cc6d2974-22cf-4b0b-9590-4b701cfa3c00\",\"displayName\":\"Nguyễn Văn A\",\"roles\":[{\"role\":{\"name\":\"admin\",\"permissions\":[{\"permission\":{\"action\":\"read\",\"subject\":\"Department\",\"conditions\":[]}},{\"permission\":{\"action\":\"create\",\"subject\":\"Department\",\"conditions\":[]}},{\"permission\":{\"action\":\"update\",\"subject\":\"Department\",\"conditions\":[]}},{\"permission\":{\"action\":\"delete\",\"subject\":\"Department\",\"conditions\":[{\"conditions\":{\"end\":\"17:00\",\"type\":\"business_hours\",\"start\":\"08:00\"},\"attribute\":{\"name\":\"time\"}}]}},{\"permission\":{\"action\":\"read\",\"subject\":\"Port\",\"conditions\":[]}},{\"permission\":{\"action\":\"create\",\"subject\":\"Port\",\"conditions\":[]}},{\"permission\":{\"action\":\"update\",\"subject\":\"Port\",\"conditions\":[]}},{\"permission\":{\"action\":\"delete\",\"subject\":\"Port\",\"conditions\":[]}},{\"permission\":{\"action\":\"read\",\"subject\":\"File\",\"conditions\":[]}},{\"permission\":{\"action\":\"create\",\"subject\":\"File\",\"conditions\":[]}},{\"permission\":{\"action\":\"delete\",\"subject\":\"File\",\"conditions\":[]}},{\"permission\":{\"action\":\"read\",\"subject\":\"IPWhitelist\",\"conditions\":[]}},{\"permission\":{\"action\":\"create\",\"subject\":\"IPWhitelist\",\"conditions\":[]}},{\"permission\":{\"action\":\"delete\",\"subject\":\"IPWhitelist\",\"conditions\":[]}}]}}]}","requestId":"2e68e25b-60ce-4ec7-9cc2-723cf36a2a67","timestamp":"2026-05-06T14:43:05.880Z"}
{"context":"LoggerMiddleware","level":"info","message":"[RequestID: 2e68e25b-60ce-4ec7-9cc2-723cf36a2a67] GET /api/v1/auth/me | Status: 304 | Duration: 19ms | IP: ::1 | UserAgent: Mozilla/5.0 (Windows NT 10.0; Win64; x64) AppleWebKit/537.36 (KHTML, like Gecko) Chrome/147.0.0.0 Safari/537.36","requestId":"2e68e25b-60ce-4ec7-9cc2-723cf36a2a67","timestamp":"2026-05-06T14:43:05.881Z"}
{"context":"AccessTokenGuard","level":"info","message":"isPublic: undefined","requestId":"35e7cd6a-87b8-4f4f-90cb-89c11d3d5f83","timestamp":"2026-05-06T14:43:07.123Z"}
{"context":"AccessTokenStrategy","level":"info","message":"user: {\"id\":\"cc6d2974-22cf-4b0b-9590-4b701cfa3c00\",\"username\":\"customer_001\",\"hashed_password\":\"scrypt:61b7465b5cc602c81ecaa66e31f0f570:064a122e33f58ab9bedcc806f62492b81e4451665c71c7dc3a5afd28b63aa6017713b59fb84dc9594c530b3bbe79c2bf5c738ae510f3152bf09f34a3b6d02482\",\"displayName\":\"Nguyễn Văn A\",\"token_version\":5,\"isActive\":true,\"createdAt\":\"2026-05-03T15:37:18.203Z\",\"updatedAt\":\"2026-05-04T09:10:04.759Z\",\"deletedAt\":null,\"roles\":[{\"user_id\":\"cc6d2974-22cf-4b0b-9590-4b701cfa3c00\",\"role_id\":\"4dd71768-1887-4879-9716-dab5dcddbebe\",\"assignedAt\":\"2026-05-06T11:53:17.723Z\",\"role\":{\"id\":\"4dd71768-1887-4879-9716-dab5dcddbebe\",\"name\":\"admin\",\"description\":\"Full system access\",\"permissions\":[{\"role_id\":\"4dd71768-1887-4879-9716-dab5dcddbebe\",\"permission_id\":\"7b2752ff-795f-49c6-abc7-d874550df97c\",\"permission\":{\"action\":\"read\",\"subject\":\"Department\",\"conditions\":[]}},{\"role_id\":\"4dd71768-1887-4879-9716-dab5dcddbebe\",\"permission_id\":\"d34ddd4b-bfe0-4f38-871c-5fe3c0f25c57\",\"permission\":{\"action\":\"create\",\"subject\":\"Department\",\"conditions\":[]}},{\"role_id\":\"4dd71768-1887-4879-9716-dab5dcddbebe\",\"permission_id\":\"a7c583f2-d8cf-4734-9113-c98e6c838ab8\",\"permission\":{\"action\":\"update\",\"subject\":\"Department\",\"conditions\":[]}},{\"role_id\":\"4dd71768-1887-4879-9716-dab5dcddbebe\",\"permission_id\":\"14b80590-7ca4-4131-9560-8d58349e74eb\",\"permission\":{\"action\":\"delete\",\"subject\":\"Department\",\"conditions\":[{\"conditions\":{\"end\":\"17:00\",\"type\":\"business_hours\",\"start\":\"08:00\"},\"attribute\":{\"name\":\"time\"}}]}},{\"role_id\":\"4dd71768-1887-4879-9716-dab5dcddbebe\",\"permission_id\":\"84f07ad6-e304-4f43-951d-e8c8eb599352\",\"permission\":{\"action\":\"read\",\"subject\":\"Port\",\"conditions\":[]}},{\"role_id\":\"4dd71768-1887-4879-9716-dab5dcddbebe\",\"permission_id\":\"be2db210-da42-4ec9-888d-3a0858978431\",\"permission\":{\"action\":\"create\",\"subject\":\"Port\",\"conditions\":[]}},{\"role_id\":\"4dd71768-1887-4879-9716-dab5dcddbebe\",\"permission_id\":\"7d8ec69e-467e-4f8e-a389-fa6ca6e256ed\",\"permission\":{\"action\":\"update\",\"subject\":\"Port\",\"conditions\":[]}},{\"role_id\":\"4dd71768-1887-4879-9716-dab5dcddbebe\",\"permission_id\":\"4f3bd475-3290-4ab8-982f-4dd670cb649c\",\"permission\":{\"action\":\"delete\",\"subject\":\"Port\",\"conditions\":[]}},{\"role_id\":\"4dd71768-1887-4879-9716-dab5dcddbebe\",\"permission_id\":\"35d0dcaf-8b47-4333-b402-a91709e0fc31\",\"permission\":{\"action\":\"read\",\"subject\":\"File\",\"conditions\":[]}},{\"role_id\":\"4dd71768-1887-4879-9716-dab5dcddbebe\",\"permission_id\":\"e57bb9e8-ae84-4eaa-8022-c6a84281aaff\",\"permission\":{\"action\":\"create\",\"subject\":\"File\",\"conditions\":[]}},{\"role_id\":\"4dd71768-1887-4879-9716-dab5dcddbebe\",\"permission_id\":\"160ace45-3feb-4708-8eae-92a7b94b01f9\",\"permission\":{\"action\":\"delete\",\"subject\":\"File\",\"conditions\":[]}},{\"role_id\":\"4dd71768-1887-4879-9716-dab5dcddbebe\",\"permission_id\":\"31f694c5-76a4-4e2a-803d-9a9ea0e4ef63\",\"permission\":{\"action\":\"read\",\"subject\":\"IPWhitelist\",\"conditions\":[]}},{\"role_id\":\"4dd71768-1887-4879-9716-dab5dcddbebe\",\"permission_id\":\"ceac5cb1-ebc6-46c1-9d1e-efa0ace039db\",\"permission\":{\"action\":\"create\",\"subject\":\"IPWhitelist\",\"conditions\":[]}},{\"role_id\":\"4dd71768-1887-4879-9716-dab5dcddbebe\",\"permission_id\":\"3b21ac56-b1e9-4ad2-9ee9-d7a342829903\",\"permission\":{\"action\":\"delete\",\"subject\":\"IPWhitelist\",\"conditions\":[]}}]}}]}","requestId":"35e7cd6a-87b8-4f4f-90cb-89c11d3d5f83","timestamp":"2026-05-06T14:43:07.132Z"}
{"context":"AuthService","level":"info","message":"payload: {\"id\":\"cc6d2974-22cf-4b0b-9590-4b701cfa3c00\",\"username\":\"customer_001\",\"hashed_password\":\"scrypt:61b7465b5cc602c81ecaa66e31f0f570:064a122e33f58ab9bedcc806f62492b81e4451665c71c7dc3a5afd28b63aa6017713b59fb84dc9594c530b3bbe79c2bf5c738ae510f3152bf09f34a3b6d02482\",\"displayName\":\"Nguyễn Văn A\",\"token_version\":5,\"isActive\":true,\"createdAt\":\"2026-05-03T15:37:18.203Z\",\"updatedAt\":\"2026-05-04T09:10:04.759Z\",\"deletedAt\":null,\"roles\":[{\"user_id\":\"cc6d2974-22cf-4b0b-9590-4b701cfa3c00\",\"role_id\":\"4dd71768-1887-4879-9716-dab5dcddbebe\",\"assignedAt\":\"2026-05-06T11:53:17.723Z\",\"role\":{\"id\":\"4dd71768-1887-4879-9716-dab5dcddbebe\",\"name\":\"admin\",\"description\":\"Full system access\",\"permissions\":[{\"role_id\":\"4dd71768-1887-4879-9716-dab5dcddbebe\",\"permission_id\":\"7b2752ff-795f-49c6-abc7-d874550df97c\",\"permission\":{\"action\":\"read\",\"subject\":\"Department\",\"conditions\":[]}},{\"role_id\":\"4dd71768-1887-4879-9716-dab5dcddbebe\",\"permission_id\":\"d34ddd4b-bfe0-4f38-871c-5fe3c0f25c57\",\"permission\":{\"action\":\"create\",\"subject\":\"Department\",\"conditions\":[]}},{\"role_id\":\"4dd71768-1887-4879-9716-dab5dcddbebe\",\"permission_id\":\"a7c583f2-d8cf-4734-9113-c98e6c838ab8\",\"permission\":{\"action\":\"update\",\"subject\":\"Department\",\"conditions\":[]}},{\"role_id\":\"4dd71768-1887-4879-9716-dab5dcddbebe\",\"permission_id\":\"14b80590-7ca4-4131-9560-8d58349e74eb\",\"permission\":{\"action\":\"delete\",\"subject\":\"Department\",\"conditions\":[{\"conditions\":{\"end\":\"17:00\",\"type\":\"business_hours\",\"start\":\"08:00\"},\"attribute\":{\"name\":\"time\"}}]}},{\"role_id\":\"4dd71768-1887-4879-9716-dab5dcddbebe\",\"permission_id\":\"84f07ad6-e304-4f43-951d-e8c8eb599352\",\"permission\":{\"action\":\"read\",\"subject\":\"Port\",\"conditions\":[]}},{\"role_id\":\"4dd71768-1887-4879-9716-dab5dcddbebe\",\"permission_id\":\"be2db210-da42-4ec9-888d-3a0858978431\",\"permission\":{\"action\":\"create\",\"subject\":\"Port\",\"conditions\":[]}},{\"role_id\":\"4dd71768-1887-4879-9716-dab5dcddbebe\",\"permission_id\":\"7d8ec69e-467e-4f8e-a389-fa6ca6e256ed\",\"permission\":{\"action\":\"update\",\"subject\":\"Port\",\"conditions\":[]}},{\"role_id\":\"4dd71768-1887-4879-9716-dab5dcddbebe\",\"permission_id\":\"4f3bd475-3290-4ab8-982f-4dd670cb649c\",\"permission\":{\"action\":\"delete\",\"subject\":\"Port\",\"conditions\":[]}},{\"role_id\":\"4dd71768-1887-4879-9716-dab5dcddbebe\",\"permission_id\":\"35d0dcaf-8b47-4333-b402-a91709e0fc31\",\"permission\":{\"action\":\"read\",\"subject\":\"File\",\"conditions\":[]}},{\"role_id\":\"4dd71768-1887-4879-9716-dab5dcddbebe\",\"permission_id\":\"e57bb9e8-ae84-4eaa-8022-c6a84281aaff\",\"permission\":{\"action\":\"create\",\"subject\":\"File\",\"conditions\":[]}},{\"role_id\":\"4dd71768-1887-4879-9716-dab5dcddbebe\",\"permission_id\":\"160ace45-3feb-4708-8eae-92a7b94b01f9\",\"permission\":{\"action\":\"delete\",\"subject\":\"File\",\"conditions\":[]}},{\"role_id\":\"4dd71768-1887-4879-9716-dab5dcddbebe\",\"permission_id\":\"31f694c5-76a4-4e2a-803d-9a9ea0e4ef63\",\"permission\":{\"action\":\"read\",\"subject\":\"IPWhitelist\",\"conditions\":[]}},{\"role_id\":\"4dd71768-1887-4879-9716-dab5dcddbebe\",\"permission_id\":\"ceac5cb1-ebc6-46c1-9d1e-efa0ace039db\",\"permission\":{\"action\":\"create\",\"subject\":\"IPWhitelist\",\"conditions\":[]}},{\"role_id\":\"4dd71768-1887-4879-9716-dab5dcddbebe\",\"permission_id\":\"3b21ac56-b1e9-4ad2-9ee9-d7a342829903\",\"permission\":{\"action\":\"delete\",\"subject\":\"IPWhitelist\",\"conditions\":[]}}]}}]}","requestId":"35e7cd6a-87b8-4f4f-90cb-89c11d3d5f83","timestamp":"2026-05-06T14:43:07.132Z"}
{"context":"AuthService","level":"info","message":"user: {\"id\":\"cc6d2974-22cf-4b0b-9590-4b701cfa3c00\",\"displayName\":\"Nguyễn Văn A\",\"roles\":[{\"role\":{\"name\":\"admin\",\"permissions\":[{\"permission\":{\"action\":\"read\",\"subject\":\"Department\",\"conditions\":[]}},{\"permission\":{\"action\":\"create\",\"subject\":\"Department\",\"conditions\":[]}},{\"permission\":{\"action\":\"update\",\"subject\":\"Department\",\"conditions\":[]}},{\"permission\":{\"action\":\"delete\",\"subject\":\"Department\",\"conditions\":[{\"conditions\":{\"end\":\"17:00\",\"type\":\"business_hours\",\"start\":\"08:00\"},\"attribute\":{\"name\":\"time\"}}]}},{\"permission\":{\"action\":\"read\",\"subject\":\"Port\",\"conditions\":[]}},{\"permission\":{\"action\":\"create\",\"subject\":\"Port\",\"conditions\":[]}},{\"permission\":{\"action\":\"update\",\"subject\":\"Port\",\"conditions\":[]}},{\"permission\":{\"action\":\"delete\",\"subject\":\"Port\",\"conditions\":[]}},{\"permission\":{\"action\":\"read\",\"subject\":\"File\",\"conditions\":[]}},{\"permission\":{\"action\":\"create\",\"subject\":\"File\",\"conditions\":[]}},{\"permission\":{\"action\":\"delete\",\"subject\":\"File\",\"conditions\":[]}},{\"permission\":{\"action\":\"read\",\"subject\":\"IPWhitelist\",\"conditions\":[]}},{\"permission\":{\"action\":\"create\",\"subject\":\"IPWhitelist\",\"conditions\":[]}},{\"permission\":{\"action\":\"delete\",\"subject\":\"IPWhitelist\",\"conditions\":[]}}]}}]}","requestId":"35e7cd6a-87b8-4f4f-90cb-89c11d3d5f83","timestamp":"2026-05-06T14:43:07.140Z"}
{"context":"LoggerMiddleware","level":"info","message":"[RequestID: 35e7cd6a-87b8-4f4f-90cb-89c11d3d5f83] GET /api/v1/auth/me | Status: 304 | Duration: 18ms | IP: ::1 | UserAgent: Mozilla/5.0 (Windows NT 10.0; Win64; x64) AppleWebKit/537.36 (KHTML, like Gecko) Chrome/147.0.0.0 Safari/537.36","requestId":"35e7cd6a-87b8-4f4f-90cb-89c11d3d5f83","timestamp":"2026-05-06T14:43:07.141Z"}
{"context":"AccessTokenGuard","level":"info","message":"isPublic: undefined","requestId":"1512a70e-e5e4-4795-a4c1-1e2ede381ebb","timestamp":"2026-05-06T14:43:32.391Z"}
{"context":"AccessTokenStrategy","level":"info","message":"user: {\"id\":\"cc6d2974-22cf-4b0b-9590-4b701cfa3c00\",\"username\":\"customer_001\",\"hashed_password\":\"scrypt:61b7465b5cc602c81ecaa66e31f0f570:064a122e33f58ab9bedcc806f62492b81e4451665c71c7dc3a5afd28b63aa6017713b59fb84dc9594c530b3bbe79c2bf5c738ae510f3152bf09f34a3b6d02482\",\"displayName\":\"Nguyễn Văn A\",\"token_version\":5,\"isActive\":true,\"createdAt\":\"2026-05-03T15:37:18.203Z\",\"updatedAt\":\"2026-05-04T09:10:04.759Z\",\"deletedAt\":null,\"roles\":[{\"user_id\":\"cc6d2974-22cf-4b0b-9590-4b701cfa3c00\",\"role_id\":\"4dd71768-1887-4879-9716-dab5dcddbebe\",\"assignedAt\":\"2026-05-06T11:53:17.723Z\",\"role\":{\"id\":\"4dd71768-1887-4879-9716-dab5dcddbebe\",\"name\":\"admin\",\"description\":\"Full system access\",\"permissions\":[{\"role_id\":\"4dd71768-1887-4879-9716-dab5dcddbebe\",\"permission_id\":\"7b2752ff-795f-49c6-abc7-d874550df97c\",\"permission\":{\"action\":\"read\",\"subject\":\"Department\",\"conditions\":[]}},{\"role_id\":\"4dd71768-1887-4879-9716-dab5dcddbebe\",\"permission_id\":\"d34ddd4b-bfe0-4f38-871c-5fe3c0f25c57\",\"permission\":{\"action\":\"create\",\"subject\":\"Department\",\"conditions\":[]}},{\"role_id\":\"4dd71768-1887-4879-9716-dab5dcddbebe\",\"permission_id\":\"a7c583f2-d8cf-4734-9113-c98e6c838ab8\",\"permission\":{\"action\":\"update\",\"subject\":\"Department\",\"conditions\":[]}},{\"role_id\":\"4dd71768-1887-4879-9716-dab5dcddbebe\",\"permission_id\":\"14b80590-7ca4-4131-9560-8d58349e74eb\",\"permission\":{\"action\":\"delete\",\"subject\":\"Department\",\"conditions\":[{\"conditions\":{\"end\":\"17:00\",\"type\":\"business_hours\",\"start\":\"08:00\"},\"attribute\":{\"name\":\"time\"}}]}},{\"role_id\":\"4dd71768-1887-4879-9716-dab5dcddbebe\",\"permission_id\":\"84f07ad6-e304-4f43-951d-e8c8eb599352\",\"permission\":{\"action\":\"read\",\"subject\":\"Port\",\"conditions\":[]}},{\"role_id\":\"4dd71768-1887-4879-9716-dab5dcddbebe\",\"permission_id\":\"be2db210-da42-4ec9-888d-3a0858978431\",\"permission\":{\"action\":\"create\",\"subject\":\"Port\",\"conditions\":[]}},{\"role_id\":\"4dd71768-1887-4879-9716-dab5dcddbebe\",\"permission_id\":\"7d8ec69e-467e-4f8e-a389-fa6ca6e256ed\",\"permission\":{\"action\":\"update\",\"subject\":\"Port\",\"conditions\":[]}},{\"role_id\":\"4dd71768-1887-4879-9716-dab5dcddbebe\",\"permission_id\":\"4f3bd475-3290-4ab8-982f-4dd670cb649c\",\"permission\":{\"action\":\"delete\",\"subject\":\"Port\",\"conditions\":[]}},{\"role_id\":\"4dd71768-1887-4879-9716-dab5dcddbebe\",\"permission_id\":\"35d0dcaf-8b47-4333-b402-a91709e0fc31\",\"permission\":{\"action\":\"read\",\"subject\":\"File\",\"conditions\":[]}},{\"role_id\":\"4dd71768-1887-4879-9716-dab5dcddbebe\",\"permission_id\":\"e57bb9e8-ae84-4eaa-8022-c6a84281aaff\",\"permission\":{\"action\":\"create\",\"subject\":\"File\",\"conditions\":[]}},{\"role_id\":\"4dd71768-1887-4879-9716-dab5dcddbebe\",\"permission_id\":\"160ace45-3feb-4708-8eae-92a7b94b01f9\",\"permission\":{\"action\":\"delete\",\"subject\":\"File\",\"conditions\":[]}},{\"role_id\":\"4dd71768-1887-4879-9716-dab5dcddbebe\",\"permission_id\":\"31f694c5-76a4-4e2a-803d-9a9ea0e4ef63\",\"permission\":{\"action\":\"read\",\"subject\":\"IPWhitelist\",\"conditions\":[]}},{\"role_id\":\"4dd71768-1887-4879-9716-dab5dcddbebe\",\"permission_id\":\"ceac5cb1-ebc6-46c1-9d1e-efa0ace039db\",\"permission\":{\"action\":\"create\",\"subject\":\"IPWhitelist\",\"conditions\":[]}},{\"role_id\":\"4dd71768-1887-4879-9716-dab5dcddbebe\",\"permission_id\":\"3b21ac56-b1e9-4ad2-9ee9-d7a342829903\",\"permission\":{\"action\":\"delete\",\"subject\":\"IPWhitelist\",\"conditions\":[]}}]}}]}","requestId":"1512a70e-e5e4-4795-a4c1-1e2ede381ebb","timestamp":"2026-05-06T14:43:32.411Z"}
{"context":"AuthService","level":"info","message":"payload: {\"id\":\"cc6d2974-22cf-4b0b-9590-4b701cfa3c00\",\"username\":\"customer_001\",\"hashed_password\":\"scrypt:61b7465b5cc602c81ecaa66e31f0f570:064a122e33f58ab9bedcc806f62492b81e4451665c71c7dc3a5afd28b63aa6017713b59fb84dc9594c530b3bbe79c2bf5c738ae510f3152bf09f34a3b6d02482\",\"displayName\":\"Nguyễn Văn A\",\"token_version\":5,\"isActive\":true,\"createdAt\":\"2026-05-03T15:37:18.203Z\",\"updatedAt\":\"2026-05-04T09:10:04.759Z\",\"deletedAt\":null,\"roles\":[{\"user_id\":\"cc6d2974-22cf-4b0b-9590-4b701cfa3c00\",\"role_id\":\"4dd71768-1887-4879-9716-dab5dcddbebe\",\"assignedAt\":\"2026-05-06T11:53:17.723Z\",\"role\":{\"id\":\"4dd71768-1887-4879-9716-dab5dcddbebe\",\"name\":\"admin\",\"description\":\"Full system access\",\"permissions\":[{\"role_id\":\"4dd71768-1887-4879-9716-dab5dcddbebe\",\"permission_id\":\"7b2752ff-795f-49c6-abc7-d874550df97c\",\"permission\":{\"action\":\"read\",\"subject\":\"Department\",\"conditions\":[]}},{\"role_id\":\"4dd71768-1887-4879-9716-dab5dcddbebe\",\"permission_id\":\"d34ddd4b-bfe0-4f38-871c-5fe3c0f25c57\",\"permission\":{\"action\":\"create\",\"subject\":\"Department\",\"conditions\":[]}},{\"role_id\":\"4dd71768-1887-4879-9716-dab5dcddbebe\",\"permission_id\":\"a7c583f2-d8cf-4734-9113-c98e6c838ab8\",\"permission\":{\"action\":\"update\",\"subject\":\"Department\",\"conditions\":[]}},{\"role_id\":\"4dd71768-1887-4879-9716-dab5dcddbebe\",\"permission_id\":\"14b80590-7ca4-4131-9560-8d58349e74eb\",\"permission\":{\"action\":\"delete\",\"subject\":\"Department\",\"conditions\":[{\"conditions\":{\"end\":\"17:00\",\"type\":\"business_hours\",\"start\":\"08:00\"},\"attribute\":{\"name\":\"time\"}}]}},{\"role_id\":\"4dd71768-1887-4879-9716-dab5dcddbebe\",\"permission_id\":\"84f07ad6-e304-4f43-951d-e8c8eb599352\",\"permission\":{\"action\":\"read\",\"subject\":\"Port\",\"conditions\":[]}},{\"role_id\":\"4dd71768-1887-4879-9716-dab5dcddbebe\",\"permission_id\":\"be2db210-da42-4ec9-888d-3a0858978431\",\"permission\":{\"action\":\"create\",\"subject\":\"Port\",\"conditions\":[]}},{\"role_id\":\"4dd71768-1887-4879-9716-dab5dcddbebe\",\"permission_id\":\"7d8ec69e-467e-4f8e-a389-fa6ca6e256ed\",\"permission\":{\"action\":\"update\",\"subject\":\"Port\",\"conditions\":[]}},{\"role_id\":\"4dd71768-1887-4879-9716-dab5dcddbebe\",\"permission_id\":\"4f3bd475-3290-4ab8-982f-4dd670cb649c\",\"permission\":{\"action\":\"delete\",\"subject\":\"Port\",\"conditions\":[]}},{\"role_id\":\"4dd71768-1887-4879-9716-dab5dcddbebe\",\"permission_id\":\"35d0dcaf-8b47-4333-b402-a91709e0fc31\",\"permission\":{\"action\":\"read\",\"subject\":\"File\",\"conditions\":[]}},{\"role_id\":\"4dd71768-1887-4879-9716-dab5dcddbebe\",\"permission_id\":\"e57bb9e8-ae84-4eaa-8022-c6a84281aaff\",\"permission\":{\"action\":\"create\",\"subject\":\"File\",\"conditions\":[]}},{\"role_id\":\"4dd71768-1887-4879-9716-dab5dcddbebe\",\"permission_id\":\"160ace45-3feb-4708-8eae-92a7b94b01f9\",\"permission\":{\"action\":\"delete\",\"subject\":\"File\",\"conditions\":[]}},{\"role_id\":\"4dd71768-1887-4879-9716-dab5dcddbebe\",\"permission_id\":\"31f694c5-76a4-4e2a-803d-9a9ea0e4ef63\",\"permission\":{\"action\":\"read\",\"subject\":\"IPWhitelist\",\"conditions\":[]}},{\"role_id\":\"4dd71768-1887-4879-9716-dab5dcddbebe\",\"permission_id\":\"ceac5cb1-ebc6-46c1-9d1e-efa0ace039db\",\"permission\":{\"action\":\"create\",\"subject\":\"IPWhitelist\",\"conditions\":[]}},{\"role_id\":\"4dd71768-1887-4879-9716-dab5dcddbebe\",\"permission_id\":\"3b21ac56-b1e9-4ad2-9ee9-d7a342829903\",\"permission\":{\"action\":\"delete\",\"subject\":\"IPWhitelist\",\"conditions\":[]}}]}}]}","requestId":"1512a70e-e5e4-4795-a4c1-1e2ede381ebb","timestamp":"2026-05-06T14:43:32.412Z"}
{"context":"AuthService","level":"info","message":"user: {\"id\":\"cc6d2974-22cf-4b0b-9590-4b701cfa3c00\",\"displayName\":\"Nguyễn Văn A\",\"roles\":[{\"role\":{\"name\":\"admin\",\"permissions\":[{\"permission\":{\"action\":\"read\",\"subject\":\"Department\",\"conditions\":[]}},{\"permission\":{\"action\":\"create\",\"subject\":\"Department\",\"conditions\":[]}},{\"permission\":{\"action\":\"update\",\"subject\":\"Department\",\"conditions\":[]}},{\"permission\":{\"action\":\"delete\",\"subject\":\"Department\",\"conditions\":[{\"conditions\":{\"end\":\"17:00\",\"type\":\"business_hours\",\"start\":\"08:00\"},\"attribute\":{\"name\":\"time\"}}]}},{\"permission\":{\"action\":\"read\",\"subject\":\"Port\",\"conditions\":[]}},{\"permission\":{\"action\":\"create\",\"subject\":\"Port\",\"conditions\":[]}},{\"permission\":{\"action\":\"update\",\"subject\":\"Port\",\"conditions\":[]}},{\"permission\":{\"action\":\"delete\",\"subject\":\"Port\",\"conditions\":[]}},{\"permission\":{\"action\":\"read\",\"subject\":\"File\",\"conditions\":[]}},{\"permission\":{\"action\":\"create\",\"subject\":\"File\",\"conditions\":[]}},{\"permission\":{\"action\":\"delete\",\"subject\":\"File\",\"conditions\":[]}},{\"permission\":{\"action\":\"read\",\"subject\":\"IPWhitelist\",\"conditions\":[]}},{\"permission\":{\"action\":\"create\",\"subject\":\"IPWhitelist\",\"conditions\":[]}},{\"permission\":{\"action\":\"delete\",\"subject\":\"IPWhitelist\",\"conditions\":[]}}]}}]}","requestId":"1512a70e-e5e4-4795-a4c1-1e2ede381ebb","timestamp":"2026-05-06T14:43:32.418Z"}
{"context":"LoggerMiddleware","level":"info","message":"[RequestID: 1512a70e-e5e4-4795-a4c1-1e2ede381ebb] GET /api/v1/auth/me | Status: 304 | Duration: 28ms | IP: ::1 | UserAgent: Mozilla/5.0 (Windows NT 10.0; Win64; x64) AppleWebKit/537.36 (KHTML, like Gecko) Chrome/147.0.0.0 Safari/537.36","requestId":"1512a70e-e5e4-4795-a4c1-1e2ede381ebb","timestamp":"2026-05-06T14:43:32.419Z"}
{"context":"AccessTokenGuard","level":"info","message":"isPublic: undefined","requestId":"2320997c-9f15-4daf-99a9-e2e4d59ee4c9","timestamp":"2026-05-06T14:43:48.369Z"}
{"context":"AccessTokenStrategy","level":"info","message":"user: {\"id\":\"cc6d2974-22cf-4b0b-9590-4b701cfa3c00\",\"username\":\"customer_001\",\"hashed_password\":\"scrypt:61b7465b5cc602c81ecaa66e31f0f570:064a122e33f58ab9bedcc806f62492b81e4451665c71c7dc3a5afd28b63aa6017713b59fb84dc9594c530b3bbe79c2bf5c738ae510f3152bf09f34a3b6d02482\",\"displayName\":\"Nguyễn Văn A\",\"token_version\":5,\"isActive\":true,\"createdAt\":\"2026-05-03T15:37:18.203Z\",\"updatedAt\":\"2026-05-04T09:10:04.759Z\",\"deletedAt\":null,\"roles\":[{\"user_id\":\"cc6d2974-22cf-4b0b-9590-4b701cfa3c00\",\"role_id\":\"4dd71768-1887-4879-9716-dab5dcddbebe\",\"assignedAt\":\"2026-05-06T11:53:17.723Z\",\"role\":{\"id\":\"4dd71768-1887-4879-9716-dab5dcddbebe\",\"name\":\"admin\",\"description\":\"Full system access\",\"permissions\":[{\"role_id\":\"4dd71768-1887-4879-9716-dab5dcddbebe\",\"permission_id\":\"7b2752ff-795f-49c6-abc7-d874550df97c\",\"permission\":{\"action\":\"read\",\"subject\":\"Department\",\"conditions\":[]}},{\"role_id\":\"4dd71768-1887-4879-9716-dab5dcddbebe\",\"permission_id\":\"d34ddd4b-bfe0-4f38-871c-5fe3c0f25c57\",\"permission\":{\"action\":\"create\",\"subject\":\"Department\",\"conditions\":[]}},{\"role_id\":\"4dd71768-1887-4879-9716-dab5dcddbebe\",\"permission_id\":\"a7c583f2-d8cf-4734-9113-c98e6c838ab8\",\"permission\":{\"action\":\"update\",\"subject\":\"Department\",\"conditions\":[]}},{\"role_id\":\"4dd71768-1887-4879-9716-dab5dcddbebe\",\"permission_id\":\"14b80590-7ca4-4131-9560-8d58349e74eb\",\"permission\":{\"action\":\"delete\",\"subject\":\"Department\",\"conditions\":[{\"conditions\":{\"end\":\"17:00\",\"type\":\"business_hours\",\"start\":\"08:00\"},\"attribute\":{\"name\":\"time\"}}]}},{\"role_id\":\"4dd71768-1887-4879-9716-dab5dcddbebe\",\"permission_id\":\"84f07ad6-e304-4f43-951d-e8c8eb599352\",\"permission\":{\"action\":\"read\",\"subject\":\"Port\",\"conditions\":[]}},{\"role_id\":\"4dd71768-1887-4879-9716-dab5dcddbebe\",\"permission_id\":\"be2db210-da42-4ec9-888d-3a0858978431\",\"permission\":{\"action\":\"create\",\"subject\":\"Port\",\"conditions\":[]}},{\"role_id\":\"4dd71768-1887-4879-9716-dab5dcddbebe\",\"permission_id\":\"7d8ec69e-467e-4f8e-a389-fa6ca6e256ed\",\"permission\":{\"action\":\"update\",\"subject\":\"Port\",\"conditions\":[]}},{\"role_id\":\"4dd71768-1887-4879-9716-dab5dcddbebe\",\"permission_id\":\"4f3bd475-3290-4ab8-982f-4dd670cb649c\",\"permission\":{\"action\":\"delete\",\"subject\":\"Port\",\"conditions\":[]}},{\"role_id\":\"4dd71768-1887-4879-9716-dab5dcddbebe\",\"permission_id\":\"35d0dcaf-8b47-4333-b402-a91709e0fc31\",\"permission\":{\"action\":\"read\",\"subject\":\"File\",\"conditions\":[]}},{\"role_id\":\"4dd71768-1887-4879-9716-dab5dcddbebe\",\"permission_id\":\"e57bb9e8-ae84-4eaa-8022-c6a84281aaff\",\"permission\":{\"action\":\"create\",\"subject\":\"File\",\"conditions\":[]}},{\"role_id\":\"4dd71768-1887-4879-9716-dab5dcddbebe\",\"permission_id\":\"160ace45-3feb-4708-8eae-92a7b94b01f9\",\"permission\":{\"action\":\"delete\",\"subject\":\"File\",\"conditions\":[]}},{\"role_id\":\"4dd71768-1887-4879-9716-dab5dcddbebe\",\"permission_id\":\"31f694c5-76a4-4e2a-803d-9a9ea0e4ef63\",\"permission\":{\"action\":\"read\",\"subject\":\"IPWhitelist\",\"conditions\":[]}},{\"role_id\":\"4dd71768-1887-4879-9716-dab5dcddbebe\",\"permission_id\":\"ceac5cb1-ebc6-46c1-9d1e-efa0ace039db\",\"permission\":{\"action\":\"create\",\"subject\":\"IPWhitelist\",\"conditions\":[]}},{\"role_id\":\"4dd71768-1887-4879-9716-dab5dcddbebe\",\"permission_id\":\"3b21ac56-b1e9-4ad2-9ee9-d7a342829903\",\"permission\":{\"action\":\"delete\",\"subject\":\"IPWhitelist\",\"conditions\":[]}}]}}]}","requestId":"2320997c-9f15-4daf-99a9-e2e4d59ee4c9","timestamp":"2026-05-06T14:43:48.385Z"}
{"context":"AuthService","level":"info","message":"payload: {\"id\":\"cc6d2974-22cf-4b0b-9590-4b701cfa3c00\",\"username\":\"customer_001\",\"hashed_password\":\"scrypt:61b7465b5cc602c81ecaa66e31f0f570:064a122e33f58ab9bedcc806f62492b81e4451665c71c7dc3a5afd28b63aa6017713b59fb84dc9594c530b3bbe79c2bf5c738ae510f3152bf09f34a3b6d02482\",\"displayName\":\"Nguyễn Văn A\",\"token_version\":5,\"isActive\":true,\"createdAt\":\"2026-05-03T15:37:18.203Z\",\"updatedAt\":\"2026-05-04T09:10:04.759Z\",\"deletedAt\":null,\"roles\":[{\"user_id\":\"cc6d2974-22cf-4b0b-9590-4b701cfa3c00\",\"role_id\":\"4dd71768-1887-4879-9716-dab5dcddbebe\",\"assignedAt\":\"2026-05-06T11:53:17.723Z\",\"role\":{\"id\":\"4dd71768-1887-4879-9716-dab5dcddbebe\",\"name\":\"admin\",\"description\":\"Full system access\",\"permissions\":[{\"role_id\":\"4dd71768-1887-4879-9716-dab5dcddbebe\",\"permission_id\":\"7b2752ff-795f-49c6-abc7-d874550df97c\",\"permission\":{\"action\":\"read\",\"subject\":\"Department\",\"conditions\":[]}},{\"role_id\":\"4dd71768-1887-4879-9716-dab5dcddbebe\",\"permission_id\":\"d34ddd4b-bfe0-4f38-871c-5fe3c0f25c57\",\"permission\":{\"action\":\"create\",\"subject\":\"Department\",\"conditions\":[]}},{\"role_id\":\"4dd71768-1887-4879-9716-dab5dcddbebe\",\"permission_id\":\"a7c583f2-d8cf-4734-9113-c98e6c838ab8\",\"permission\":{\"action\":\"update\",\"subject\":\"Department\",\"conditions\":[]}},{\"role_id\":\"4dd71768-1887-4879-9716-dab5dcddbebe\",\"permission_id\":\"14b80590-7ca4-4131-9560-8d58349e74eb\",\"permission\":{\"action\":\"delete\",\"subject\":\"Department\",\"conditions\":[{\"conditions\":{\"end\":\"17:00\",\"type\":\"business_hours\",\"start\":\"08:00\"},\"attribute\":{\"name\":\"time\"}}]}},{\"role_id\":\"4dd71768-1887-4879-9716-dab5dcddbebe\",\"permission_id\":\"84f07ad6-e304-4f43-951d-e8c8eb599352\",\"permission\":{\"action\":\"read\",\"subject\":\"Port\",\"conditions\":[]}},{\"role_id\":\"4dd71768-1887-4879-9716-dab5dcddbebe\",\"permission_id\":\"be2db210-da42-4ec9-888d-3a0858978431\",\"permission\":{\"action\":\"create\",\"subject\":\"Port\",\"conditions\":[]}},{\"role_id\":\"4dd71768-1887-4879-9716-dab5dcddbebe\",\"permission_id\":\"7d8ec69e-467e-4f8e-a389-fa6ca6e256ed\",\"permission\":{\"action\":\"update\",\"subject\":\"Port\",\"conditions\":[]}},{\"role_id\":\"4dd71768-1887-4879-9716-dab5dcddbebe\",\"permission_id\":\"4f3bd475-3290-4ab8-982f-4dd670cb649c\",\"permission\":{\"action\":\"delete\",\"subject\":\"Port\",\"conditions\":[]}},{\"role_id\":\"4dd71768-1887-4879-9716-dab5dcddbebe\",\"permission_id\":\"35d0dcaf-8b47-4333-b402-a91709e0fc31\",\"permission\":{\"action\":\"read\",\"subject\":\"File\",\"conditions\":[]}},{\"role_id\":\"4dd71768-1887-4879-9716-dab5dcddbebe\",\"permission_id\":\"e57bb9e8-ae84-4eaa-8022-c6a84281aaff\",\"permission\":{\"action\":\"create\",\"subject\":\"File\",\"conditions\":[]}},{\"role_id\":\"4dd71768-1887-4879-9716-dab5dcddbebe\",\"permission_id\":\"160ace45-3feb-4708-8eae-92a7b94b01f9\",\"permission\":{\"action\":\"delete\",\"subject\":\"File\",\"conditions\":[]}},{\"role_id\":\"4dd71768-1887-4879-9716-dab5dcddbebe\",\"permission_id\":\"31f694c5-76a4-4e2a-803d-9a9ea0e4ef63\",\"permission\":{\"action\":\"read\",\"subject\":\"IPWhitelist\",\"conditions\":[]}},{\"role_id\":\"4dd71768-1887-4879-9716-dab5dcddbebe\",\"permission_id\":\"ceac5cb1-ebc6-46c1-9d1e-efa0ace039db\",\"permission\":{\"action\":\"create\",\"subject\":\"IPWhitelist\",\"conditions\":[]}},{\"role_id\":\"4dd71768-1887-4879-9716-dab5dcddbebe\",\"permission_id\":\"3b21ac56-b1e9-4ad2-9ee9-d7a342829903\",\"permission\":{\"action\":\"delete\",\"subject\":\"IPWhitelist\",\"conditions\":[]}}]}}]}","requestId":"2320997c-9f15-4daf-99a9-e2e4d59ee4c9","timestamp":"2026-05-06T14:43:48.385Z"}
{"context":"AuthService","level":"info","message":"user: {\"id\":\"cc6d2974-22cf-4b0b-9590-4b701cfa3c00\",\"displayName\":\"Nguyễn Văn A\",\"roles\":[{\"role\":{\"name\":\"admin\",\"permissions\":[{\"permission\":{\"action\":\"read\",\"subject\":\"Department\",\"conditions\":[]}},{\"permission\":{\"action\":\"create\",\"subject\":\"Department\",\"conditions\":[]}},{\"permission\":{\"action\":\"update\",\"subject\":\"Department\",\"conditions\":[]}},{\"permission\":{\"action\":\"delete\",\"subject\":\"Department\",\"conditions\":[{\"conditions\":{\"end\":\"17:00\",\"type\":\"business_hours\",\"start\":\"08:00\"},\"attribute\":{\"name\":\"time\"}}]}},{\"permission\":{\"action\":\"read\",\"subject\":\"Port\",\"conditions\":[]}},{\"permission\":{\"action\":\"create\",\"subject\":\"Port\",\"conditions\":[]}},{\"permission\":{\"action\":\"update\",\"subject\":\"Port\",\"conditions\":[]}},{\"permission\":{\"action\":\"delete\",\"subject\":\"Port\",\"conditions\":[]}},{\"permission\":{\"action\":\"read\",\"subject\":\"File\",\"conditions\":[]}},{\"permission\":{\"action\":\"create\",\"subject\":\"File\",\"conditions\":[]}},{\"permission\":{\"action\":\"delete\",\"subject\":\"File\",\"conditions\":[]}},{\"permission\":{\"action\":\"read\",\"subject\":\"IPWhitelist\",\"conditions\":[]}},{\"permission\":{\"action\":\"create\",\"subject\":\"IPWhitelist\",\"conditions\":[]}},{\"permission\":{\"action\":\"delete\",\"subject\":\"IPWhitelist\",\"conditions\":[]}}]}}]}","requestId":"2320997c-9f15-4daf-99a9-e2e4d59ee4c9","timestamp":"2026-05-06T14:43:48.389Z"}
{"context":"LoggerMiddleware","level":"info","message":"[RequestID: 2320997c-9f15-4daf-99a9-e2e4d59ee4c9] GET /api/v1/auth/me | Status: 304 | Duration: 21ms | IP: ::1 | UserAgent: Mozilla/5.0 (Windows NT 10.0; Win64; x64) AppleWebKit/537.36 (KHTML, like Gecko) Chrome/147.0.0.0 Safari/537.36","requestId":"2320997c-9f15-4daf-99a9-e2e4d59ee4c9","timestamp":"2026-05-06T14:43:48.390Z"}
{"context":"AccessTokenGuard","level":"info","message":"isPublic: undefined","requestId":"3a1aeb40-ca60-4866-89cb-3c831fd30bdb","timestamp":"2026-05-06T14:44:17.858Z"}
{"context":"AccessTokenStrategy","level":"info","message":"user: {\"id\":\"cc6d2974-22cf-4b0b-9590-4b701cfa3c00\",\"username\":\"customer_001\",\"hashed_password\":\"scrypt:61b7465b5cc602c81ecaa66e31f0f570:064a122e33f58ab9bedcc806f62492b81e4451665c71c7dc3a5afd28b63aa6017713b59fb84dc9594c530b3bbe79c2bf5c738ae510f3152bf09f34a3b6d02482\",\"displayName\":\"Nguyễn Văn A\",\"token_version\":5,\"isActive\":true,\"createdAt\":\"2026-05-03T15:37:18.203Z\",\"updatedAt\":\"2026-05-04T09:10:04.759Z\",\"deletedAt\":null,\"roles\":[{\"user_id\":\"cc6d2974-22cf-4b0b-9590-4b701cfa3c00\",\"role_id\":\"4dd71768-1887-4879-9716-dab5dcddbebe\",\"assignedAt\":\"2026-05-06T11:53:17.723Z\",\"role\":{\"id\":\"4dd71768-1887-4879-9716-dab5dcddbebe\",\"name\":\"admin\",\"description\":\"Full system access\",\"permissions\":[{\"role_id\":\"4dd71768-1887-4879-9716-dab5dcddbebe\",\"permission_id\":\"7b2752ff-795f-49c6-abc7-d874550df97c\",\"permission\":{\"action\":\"read\",\"subject\":\"Department\",\"conditions\":[]}},{\"role_id\":\"4dd71768-1887-4879-9716-dab5dcddbebe\",\"permission_id\":\"d34ddd4b-bfe0-4f38-871c-5fe3c0f25c57\",\"permission\":{\"action\":\"create\",\"subject\":\"Department\",\"conditions\":[]}},{\"role_id\":\"4dd71768-1887-4879-9716-dab5dcddbebe\",\"permission_id\":\"a7c583f2-d8cf-4734-9113-c98e6c838ab8\",\"permission\":{\"action\":\"update\",\"subject\":\"Department\",\"conditions\":[]}},{\"role_id\":\"4dd71768-1887-4879-9716-dab5dcddbebe\",\"permission_id\":\"14b80590-7ca4-4131-9560-8d58349e74eb\",\"permission\":{\"action\":\"delete\",\"subject\":\"Department\",\"conditions\":[{\"conditions\":{\"end\":\"17:00\",\"type\":\"business_hours\",\"start\":\"08:00\"},\"attribute\":{\"name\":\"time\"}}]}},{\"role_id\":\"4dd71768-1887-4879-9716-dab5dcddbebe\",\"permission_id\":\"84f07ad6-e304-4f43-951d-e8c8eb599352\",\"permission\":{\"action\":\"read\",\"subject\":\"Port\",\"conditions\":[]}},{\"role_id\":\"4dd71768-1887-4879-9716-dab5dcddbebe\",\"permission_id\":\"be2db210-da42-4ec9-888d-3a0858978431\",\"permission\":{\"action\":\"create\",\"subject\":\"Port\",\"conditions\":[]}},{\"role_id\":\"4dd71768-1887-4879-9716-dab5dcddbebe\",\"permission_id\":\"7d8ec69e-467e-4f8e-a389-fa6ca6e256ed\",\"permission\":{\"action\":\"update\",\"subject\":\"Port\",\"conditions\":[]}},{\"role_id\":\"4dd71768-1887-4879-9716-dab5dcddbebe\",\"permission_id\":\"4f3bd475-3290-4ab8-982f-4dd670cb649c\",\"permission\":{\"action\":\"delete\",\"subject\":\"Port\",\"conditions\":[]}},{\"role_id\":\"4dd71768-1887-4879-9716-dab5dcddbebe\",\"permission_id\":\"35d0dcaf-8b47-4333-b402-a91709e0fc31\",\"permission\":{\"action\":\"read\",\"subject\":\"File\",\"conditions\":[]}},{\"role_id\":\"4dd71768-1887-4879-9716-dab5dcddbebe\",\"permission_id\":\"e57bb9e8-ae84-4eaa-8022-c6a84281aaff\",\"permission\":{\"action\":\"create\",\"subject\":\"File\",\"conditions\":[]}},{\"role_id\":\"4dd71768-1887-4879-9716-dab5dcddbebe\",\"permission_id\":\"160ace45-3feb-4708-8eae-92a7b94b01f9\",\"permission\":{\"action\":\"delete\",\"subject\":\"File\",\"conditions\":[]}},{\"role_id\":\"4dd71768-1887-4879-9716-dab5dcddbebe\",\"permission_id\":\"31f694c5-76a4-4e2a-803d-9a9ea0e4ef63\",\"permission\":{\"action\":\"read\",\"subject\":\"IPWhitelist\",\"conditions\":[]}},{\"role_id\":\"4dd71768-1887-4879-9716-dab5dcddbebe\",\"permission_id\":\"ceac5cb1-ebc6-46c1-9d1e-efa0ace039db\",\"permission\":{\"action\":\"create\",\"subject\":\"IPWhitelist\",\"conditions\":[]}},{\"role_id\":\"4dd71768-1887-4879-9716-dab5dcddbebe\",\"permission_id\":\"3b21ac56-b1e9-4ad2-9ee9-d7a342829903\",\"permission\":{\"action\":\"delete\",\"subject\":\"IPWhitelist\",\"conditions\":[]}}]}}]}","requestId":"3a1aeb40-ca60-4866-89cb-3c831fd30bdb","timestamp":"2026-05-06T14:44:17.876Z"}
{"context":"AuthService","level":"info","message":"payload: {\"id\":\"cc6d2974-22cf-4b0b-9590-4b701cfa3c00\",\"username\":\"customer_001\",\"hashed_password\":\"scrypt:61b7465b5cc602c81ecaa66e31f0f570:064a122e33f58ab9bedcc806f62492b81e4451665c71c7dc3a5afd28b63aa6017713b59fb84dc9594c530b3bbe79c2bf5c738ae510f3152bf09f34a3b6d02482\",\"displayName\":\"Nguyễn Văn A\",\"token_version\":5,\"isActive\":true,\"createdAt\":\"2026-05-03T15:37:18.203Z\",\"updatedAt\":\"2026-05-04T09:10:04.759Z\",\"deletedAt\":null,\"roles\":[{\"user_id\":\"cc6d2974-22cf-4b0b-9590-4b701cfa3c00\",\"role_id\":\"4dd71768-1887-4879-9716-dab5dcddbebe\",\"assignedAt\":\"2026-05-06T11:53:17.723Z\",\"role\":{\"id\":\"4dd71768-1887-4879-9716-dab5dcddbebe\",\"name\":\"admin\",\"description\":\"Full system access\",\"permissions\":[{\"role_id\":\"4dd71768-1887-4879-9716-dab5dcddbebe\",\"permission_id\":\"7b2752ff-795f-49c6-abc7-d874550df97c\",\"permission\":{\"action\":\"read\",\"subject\":\"Department\",\"conditions\":[]}},{\"role_id\":\"4dd71768-1887-4879-9716-dab5dcddbebe\",\"permission_id\":\"d34ddd4b-bfe0-4f38-871c-5fe3c0f25c57\",\"permission\":{\"action\":\"create\",\"subject\":\"Department\",\"conditions\":[]}},{\"role_id\":\"4dd71768-1887-4879-9716-dab5dcddbebe\",\"permission_id\":\"a7c583f2-d8cf-4734-9113-c98e6c838ab8\",\"permission\":{\"action\":\"update\",\"subject\":\"Department\",\"conditions\":[]}},{\"role_id\":\"4dd71768-1887-4879-9716-dab5dcddbebe\",\"permission_id\":\"14b80590-7ca4-4131-9560-8d58349e74eb\",\"permission\":{\"action\":\"delete\",\"subject\":\"Department\",\"conditions\":[{\"conditions\":{\"end\":\"17:00\",\"type\":\"business_hours\",\"start\":\"08:00\"},\"attribute\":{\"name\":\"time\"}}]}},{\"role_id\":\"4dd71768-1887-4879-9716-dab5dcddbebe\",\"permission_id\":\"84f07ad6-e304-4f43-951d-e8c8eb599352\",\"permission\":{\"action\":\"read\",\"subject\":\"Port\",\"conditions\":[]}},{\"role_id\":\"4dd71768-1887-4879-9716-dab5dcddbebe\",\"permission_id\":\"be2db210-da42-4ec9-888d-3a0858978431\",\"permission\":{\"action\":\"create\",\"subject\":\"Port\",\"conditions\":[]}},{\"role_id\":\"4dd71768-1887-4879-9716-dab5dcddbebe\",\"permission_id\":\"7d8ec69e-467e-4f8e-a389-fa6ca6e256ed\",\"permission\":{\"action\":\"update\",\"subject\":\"Port\",\"conditions\":[]}},{\"role_id\":\"4dd71768-1887-4879-9716-dab5dcddbebe\",\"permission_id\":\"4f3bd475-3290-4ab8-982f-4dd670cb649c\",\"permission\":{\"action\":\"delete\",\"subject\":\"Port\",\"conditions\":[]}},{\"role_id\":\"4dd71768-1887-4879-9716-dab5dcddbebe\",\"permission_id\":\"35d0dcaf-8b47-4333-b402-a91709e0fc31\",\"permission\":{\"action\":\"read\",\"subject\":\"File\",\"conditions\":[]}},{\"role_id\":\"4dd71768-1887-4879-9716-dab5dcddbebe\",\"permission_id\":\"e57bb9e8-ae84-4eaa-8022-c6a84281aaff\",\"permission\":{\"action\":\"create\",\"subject\":\"File\",\"conditions\":[]}},{\"role_id\":\"4dd71768-1887-4879-9716-dab5dcddbebe\",\"permission_id\":\"160ace45-3feb-4708-8eae-92a7b94b01f9\",\"permission\":{\"action\":\"delete\",\"subject\":\"File\",\"conditions\":[]}},{\"role_id\":\"4dd71768-1887-4879-9716-dab5dcddbebe\",\"permission_id\":\"31f694c5-76a4-4e2a-803d-9a9ea0e4ef63\",\"permission\":{\"action\":\"read\",\"subject\":\"IPWhitelist\",\"conditions\":[]}},{\"role_id\":\"4dd71768-1887-4879-9716-dab5dcddbebe\",\"permission_id\":\"ceac5cb1-ebc6-46c1-9d1e-efa0ace039db\",\"permission\":{\"action\":\"create\",\"subject\":\"IPWhitelist\",\"conditions\":[]}},{\"role_id\":\"4dd71768-1887-4879-9716-dab5dcddbebe\",\"permission_id\":\"3b21ac56-b1e9-4ad2-9ee9-d7a342829903\",\"permission\":{\"action\":\"delete\",\"subject\":\"IPWhitelist\",\"conditions\":[]}}]}}]}","requestId":"3a1aeb40-ca60-4866-89cb-3c831fd30bdb","timestamp":"2026-05-06T14:44:17.877Z"}
{"context":"AuthService","level":"info","message":"user: {\"id\":\"cc6d2974-22cf-4b0b-9590-4b701cfa3c00\",\"displayName\":\"Nguyễn Văn A\",\"roles\":[{\"role\":{\"name\":\"admin\",\"permissions\":[{\"permission\":{\"action\":\"read\",\"subject\":\"Department\",\"conditions\":[]}},{\"permission\":{\"action\":\"create\",\"subject\":\"Department\",\"conditions\":[]}},{\"permission\":{\"action\":\"update\",\"subject\":\"Department\",\"conditions\":[]}},{\"permission\":{\"action\":\"delete\",\"subject\":\"Department\",\"conditions\":[{\"conditions\":{\"end\":\"17:00\",\"type\":\"business_hours\",\"start\":\"08:00\"},\"attribute\":{\"name\":\"time\"}}]}},{\"permission\":{\"action\":\"read\",\"subject\":\"Port\",\"conditions\":[]}},{\"permission\":{\"action\":\"create\",\"subject\":\"Port\",\"conditions\":[]}},{\"permission\":{\"action\":\"update\",\"subject\":\"Port\",\"conditions\":[]}},{\"permission\":{\"action\":\"delete\",\"subject\":\"Port\",\"conditions\":[]}},{\"permission\":{\"action\":\"read\",\"subject\":\"File\",\"conditions\":[]}},{\"permission\":{\"action\":\"create\",\"subject\":\"File\",\"conditions\":[]}},{\"permission\":{\"action\":\"delete\",\"subject\":\"File\",\"conditions\":[]}},{\"permission\":{\"action\":\"read\",\"subject\":\"IPWhitelist\",\"conditions\":[]}},{\"permission\":{\"action\":\"create\",\"subject\":\"IPWhitelist\",\"conditions\":[]}},{\"permission\":{\"action\":\"delete\",\"subject\":\"IPWhitelist\",\"conditions\":[]}}]}}]}","requestId":"3a1aeb40-ca60-4866-89cb-3c831fd30bdb","timestamp":"2026-05-06T14:44:17.883Z"}
{"context":"LoggerMiddleware","level":"info","message":"[RequestID: 3a1aeb40-ca60-4866-89cb-3c831fd30bdb] GET /api/v1/auth/me | Status: 304 | Duration: 26ms | IP: ::1 | UserAgent: Mozilla/5.0 (Windows NT 10.0; Win64; x64) AppleWebKit/537.36 (KHTML, like Gecko) Chrome/147.0.0.0 Safari/537.36","requestId":"3a1aeb40-ca60-4866-89cb-3c831fd30bdb","timestamp":"2026-05-06T14:44:17.884Z"}
