{"level":"info","message":"Khởi tạo ứng dụng...","timestamp":"2026-05-21T06:33:50.866Z"}
{"context":"NestFactory","level":"info","message":"Starting Nest application...","timestamp":"2026-05-21T06:33:51.021Z"}
{"context":"InstanceLoader","level":"info","message":"PassportModule dependencies initialized","timestamp":"2026-05-21T06:33:51.028Z"}
{"context":"InstanceLoader","level":"info","message":"ConfigHostModule dependencies initialized","timestamp":"2026-05-21T06:33:51.029Z"}
{"context":"InstanceLoader","level":"info","message":"AppModule dependencies initialized","timestamp":"2026-05-21T06:33:51.029Z"}
{"context":"PrismaService","level":"info","message":"🔌 Prisma Connection String: postgresql://admin:******@localhost:5433/kyc_asset_db?schema=public","timestamp":"2026-05-21T06:33:51.032Z"}
{"context":"InstanceLoader","level":"info","message":"PortsModule dependencies initialized","timestamp":"2026-05-21T06:33:51.032Z"}
{"context":"InstanceLoader","level":"info","message":"FilesModule dependencies initialized","timestamp":"2026-05-21T06:33:51.032Z"}
{"context":"InstanceLoader","level":"info","message":"ConfigModule dependencies initialized","timestamp":"2026-05-21T06:33:51.032Z"}
{"context":"InstanceLoader","level":"info","message":"CommonModule dependencies initialized","timestamp":"2026-05-21T06:33:51.033Z"}
{"context":"InstanceLoader","level":"info","message":"JwtModule dependencies initialized","timestamp":"2026-05-21T06:33:51.033Z"}
{"context":"InstanceLoader","level":"info","message":"PrismaModule dependencies initialized","timestamp":"2026-05-21T06:33:51.034Z"}
{"context":"InstanceLoader","level":"info","message":"WhitelistIpModule dependencies initialized","timestamp":"2026-05-21T06:33:51.035Z"}
{"context":"InstanceLoader","level":"info","message":"AttributeModule dependencies initialized","timestamp":"2026-05-21T06:33:51.035Z"}
{"context":"InstanceLoader","level":"info","message":"DepartmentsModule dependencies initialized","timestamp":"2026-05-21T06:33:51.035Z"}
{"context":"InstanceLoader","level":"info","message":"UsersModule dependencies initialized","timestamp":"2026-05-21T06:33:51.035Z"}
{"context":"InstanceLoader","level":"info","message":"RolesModule dependencies initialized","timestamp":"2026-05-21T06:33:51.036Z"}
{"context":"InstanceLoader","level":"info","message":"PermissionsModule dependencies initialized","timestamp":"2026-05-21T06:33:51.036Z"}
{"context":"InstanceLoader","level":"info","message":"AuthModule dependencies initialized","timestamp":"2026-05-21T06:33:51.036Z"}
{"context":"LegacyRouteConverter","level":"warn","message":"Unsupported route path: \"/api/v1/*\". In previous versions, the symbols ?, *, and + were used to denote optional or repeating path parameters. The latest version of \"path-to-regexp\" now requires the use of named parameters. For example, instead of using a route like /users/* to capture all routes starting with \"/users\", you should use /users/*path. For more details, refer to the migration guide. Attempting to auto-convert...","timestamp":"2026-05-21T06:33:51.063Z"}
{"context":"RoutesResolver","level":"info","message":"AppController {/api/v1/ping}:","timestamp":"2026-05-21T06:33:51.064Z"}
{"context":"RouterExplorer","level":"info","message":"Mapped {/api/v1/ping, GET} route","timestamp":"2026-05-21T06:33:51.065Z"}
{"context":"RoutesResolver","level":"info","message":"UsersController {/api/v1/users}:","timestamp":"2026-05-21T06:33:51.065Z"}
{"context":"RouterExplorer","level":"info","message":"Mapped {/api/v1/users, POST} route","timestamp":"2026-05-21T06:33:51.066Z"}
{"context":"RouterExplorer","level":"info","message":"Mapped {/api/v1/users, GET} route","timestamp":"2026-05-21T06:33:51.066Z"}
{"context":"RouterExplorer","level":"info","message":"Mapped {/api/v1/users/:id, GET} route","timestamp":"2026-05-21T06:33:51.066Z"}
{"context":"RouterExplorer","level":"info","message":"Mapped {/api/v1/users/:id, PATCH} route","timestamp":"2026-05-21T06:33:51.067Z"}
{"context":"RouterExplorer","level":"info","message":"Mapped {/api/v1/users/:id, DELETE} route","timestamp":"2026-05-21T06:33:51.067Z"}
{"context":"RoutesResolver","level":"info","message":"WhitelistIpController {/api/v1/whitelist-ip}:","timestamp":"2026-05-21T06:33:51.067Z"}
{"context":"RouterExplorer","level":"info","message":"Mapped {/api/v1/whitelist-ip, POST} route","timestamp":"2026-05-21T06:33:51.067Z"}
{"context":"RouterExplorer","level":"info","message":"Mapped {/api/v1/whitelist-ip, GET} route","timestamp":"2026-05-21T06:33:51.067Z"}
{"context":"RouterExplorer","level":"info","message":"Mapped {/api/v1/whitelist-ip/:id, GET} route","timestamp":"2026-05-21T06:33:51.068Z"}
{"context":"RouterExplorer","level":"info","message":"Mapped {/api/v1/whitelist-ip/:id, PATCH} route","timestamp":"2026-05-21T06:33:51.068Z"}
{"context":"RouterExplorer","level":"info","message":"Mapped {/api/v1/whitelist-ip/:id, DELETE} route","timestamp":"2026-05-21T06:33:51.068Z"}
{"context":"RoutesResolver","level":"info","message":"RolesController {/api/v1/roles}:","timestamp":"2026-05-21T06:33:51.069Z"}
{"context":"RouterExplorer","level":"info","message":"Mapped {/api/v1/roles, POST} route","timestamp":"2026-05-21T06:33:51.069Z"}
{"context":"RouterExplorer","level":"info","message":"Mapped {/api/v1/roles, GET} route","timestamp":"2026-05-21T06:33:51.069Z"}
{"context":"RouterExplorer","level":"info","message":"Mapped {/api/v1/roles/:id, GET} route","timestamp":"2026-05-21T06:33:51.069Z"}
{"context":"RouterExplorer","level":"info","message":"Mapped {/api/v1/roles/:id, PATCH} route","timestamp":"2026-05-21T06:33:51.069Z"}
{"context":"RouterExplorer","level":"info","message":"Mapped {/api/v1/roles/:id, DELETE} route","timestamp":"2026-05-21T06:33:51.069Z"}
{"context":"RoutesResolver","level":"info","message":"PermissionsController {/api/v1/permissions}:","timestamp":"2026-05-21T06:33:51.070Z"}
{"context":"RouterExplorer","level":"info","message":"Mapped {/api/v1/permissions, POST} route","timestamp":"2026-05-21T06:33:51.070Z"}
{"context":"RouterExplorer","level":"info","message":"Mapped {/api/v1/permissions, GET} route","timestamp":"2026-05-21T06:33:51.070Z"}
{"context":"RouterExplorer","level":"info","message":"Mapped {/api/v1/permissions/:id, PATCH} route","timestamp":"2026-05-21T06:33:51.070Z"}
{"context":"RouterExplorer","level":"info","message":"Mapped {/api/v1/permissions/:id, DELETE} route","timestamp":"2026-05-21T06:33:51.070Z"}
{"context":"RoutesResolver","level":"info","message":"AuthController {/api/v1/auth}:","timestamp":"2026-05-21T06:33:51.070Z"}
{"context":"RouterExplorer","level":"info","message":"Mapped {/api/v1/auth/register, POST} route","timestamp":"2026-05-21T06:33:51.071Z"}
{"context":"RouterExplorer","level":"info","message":"Mapped {/api/v1/auth/login, POST} route","timestamp":"2026-05-21T06:33:51.071Z"}
{"context":"RouterExplorer","level":"info","message":"Mapped {/api/v1/auth/refresh, POST} route","timestamp":"2026-05-21T06:33:51.071Z"}
{"context":"RouterExplorer","level":"info","message":"Mapped {/api/v1/auth/logout, POST} route","timestamp":"2026-05-21T06:33:51.071Z"}
{"context":"RouterExplorer","level":"info","message":"Mapped {/api/v1/auth/me, GET} route","timestamp":"2026-05-21T06:33:51.071Z"}
{"context":"RouterExplorer","level":"info","message":"Mapped {/api/v1/auth/me/password, PATCH} route","timestamp":"2026-05-21T06:33:51.071Z"}
{"context":"RoutesResolver","level":"info","message":"AttributeController {/api/v1/attribute}:","timestamp":"2026-05-21T06:33:51.071Z"}
{"context":"RouterExplorer","level":"info","message":"Mapped {/api/v1/attribute, POST} route","timestamp":"2026-05-21T06:33:51.072Z"}
{"context":"RouterExplorer","level":"info","message":"Mapped {/api/v1/attribute, GET} route","timestamp":"2026-05-21T06:33:51.072Z"}
{"context":"RouterExplorer","level":"info","message":"Mapped {/api/v1/attribute/:id, GET} route","timestamp":"2026-05-21T06:33:51.072Z"}
{"context":"RouterExplorer","level":"info","message":"Mapped {/api/v1/attribute/:id, PATCH} route","timestamp":"2026-05-21T06:33:51.072Z"}
{"context":"RouterExplorer","level":"info","message":"Mapped {/api/v1/attribute/:id, DELETE} route","timestamp":"2026-05-21T06:33:51.073Z"}
{"context":"RoutesResolver","level":"info","message":"DepartmentsController {/api/v1/departments}:","timestamp":"2026-05-21T06:33:51.073Z"}
{"context":"RouterExplorer","level":"info","message":"Mapped {/api/v1/departments, POST} route","timestamp":"2026-05-21T06:33:51.073Z"}
{"context":"RouterExplorer","level":"info","message":"Mapped {/api/v1/departments, GET} route","timestamp":"2026-05-21T06:33:51.073Z"}
{"context":"RouterExplorer","level":"info","message":"Mapped {/api/v1/departments/:id, GET} route","timestamp":"2026-05-21T06:33:51.073Z"}
{"context":"RouterExplorer","level":"info","message":"Mapped {/api/v1/departments/:id, PATCH} route","timestamp":"2026-05-21T06:33:51.073Z"}
{"context":"RouterExplorer","level":"info","message":"Mapped {/api/v1/departments/:id, DELETE} route","timestamp":"2026-05-21T06:33:51.074Z"}
{"context":"RoutesResolver","level":"info","message":"PortsController {/api/v1/ports}:","timestamp":"2026-05-21T06:33:51.074Z"}
{"context":"RouterExplorer","level":"info","message":"Mapped {/api/v1/ports, POST} route","timestamp":"2026-05-21T06:33:51.074Z"}
{"context":"RouterExplorer","level":"info","message":"Mapped {/api/v1/ports, GET} route","timestamp":"2026-05-21T06:33:51.074Z"}
{"context":"RouterExplorer","level":"info","message":"Mapped {/api/v1/ports/:id, GET} route","timestamp":"2026-05-21T06:33:51.074Z"}
{"context":"RouterExplorer","level":"info","message":"Mapped {/api/v1/ports/:id, PATCH} route","timestamp":"2026-05-21T06:33:51.075Z"}
{"context":"RouterExplorer","level":"info","message":"Mapped {/api/v1/ports/:id, DELETE} route","timestamp":"2026-05-21T06:33:51.075Z"}
{"context":"RoutesResolver","level":"info","message":"FilesController {/api/v1/files}:","timestamp":"2026-05-21T06:33:51.075Z"}
{"context":"RouterExplorer","level":"info","message":"Mapped {/api/v1/files, POST} route","timestamp":"2026-05-21T06:33:51.075Z"}
{"context":"RouterExplorer","level":"info","message":"Mapped {/api/v1/files, GET} route","timestamp":"2026-05-21T06:33:51.075Z"}
{"context":"RouterExplorer","level":"info","message":"Mapped {/api/v1/files/:id, GET} route","timestamp":"2026-05-21T06:33:51.076Z"}
{"context":"RouterExplorer","level":"info","message":"Mapped {/api/v1/files/:id, PATCH} route","timestamp":"2026-05-21T06:33:51.076Z"}
{"context":"RouterExplorer","level":"info","message":"Mapped {/api/v1/files/:id, DELETE} route","timestamp":"2026-05-21T06:33:51.076Z"}
{"context":"PrismaService","level":"info","message":"Kết nối database thành công","timestamp":"2026-05-21T06:33:51.118Z"}
{"context":"NestApplication","level":"info","message":"Nest application successfully started","timestamp":"2026-05-21T06:33:51.122Z"}
{"level":"info","message":"Khởi tạo ứng dụng...","timestamp":"2026-05-21T06:36:39.391Z"}
{"context":"NestFactory","level":"info","message":"Starting Nest application...","timestamp":"2026-05-21T06:36:39.463Z"}
{"context":"InstanceLoader","level":"info","message":"PassportModule dependencies initialized","timestamp":"2026-05-21T06:36:39.471Z"}
{"context":"InstanceLoader","level":"info","message":"ConfigHostModule dependencies initialized","timestamp":"2026-05-21T06:36:39.471Z"}
{"context":"InstanceLoader","level":"info","message":"AppModule dependencies initialized","timestamp":"2026-05-21T06:36:39.472Z"}
{"context":"PrismaService","level":"info","message":"🔌 Prisma Connection String: postgresql://admin:******@localhost:5433/kyc_asset_db?schema=public","timestamp":"2026-05-21T06:36:39.474Z"}
{"context":"InstanceLoader","level":"info","message":"PortsModule dependencies initialized","timestamp":"2026-05-21T06:36:39.474Z"}
{"context":"InstanceLoader","level":"info","message":"FilesModule dependencies initialized","timestamp":"2026-05-21T06:36:39.475Z"}
{"context":"InstanceLoader","level":"info","message":"ConfigModule dependencies initialized","timestamp":"2026-05-21T06:36:39.475Z"}
{"context":"InstanceLoader","level":"info","message":"CommonModule dependencies initialized","timestamp":"2026-05-21T06:36:39.475Z"}
{"context":"InstanceLoader","level":"info","message":"JwtModule dependencies initialized","timestamp":"2026-05-21T06:36:39.475Z"}
{"context":"InstanceLoader","level":"info","message":"PrismaModule dependencies initialized","timestamp":"2026-05-21T06:36:39.476Z"}
{"context":"InstanceLoader","level":"info","message":"WhitelistIpModule dependencies initialized","timestamp":"2026-05-21T06:36:39.477Z"}
{"context":"InstanceLoader","level":"info","message":"AttributeModule dependencies initialized","timestamp":"2026-05-21T06:36:39.477Z"}
{"context":"InstanceLoader","level":"info","message":"DepartmentsModule dependencies initialized","timestamp":"2026-05-21T06:36:39.478Z"}
{"context":"InstanceLoader","level":"info","message":"UsersModule dependencies initialized","timestamp":"2026-05-21T06:36:39.478Z"}
{"context":"InstanceLoader","level":"info","message":"RolesModule dependencies initialized","timestamp":"2026-05-21T06:36:39.478Z"}
{"context":"InstanceLoader","level":"info","message":"PermissionsModule dependencies initialized","timestamp":"2026-05-21T06:36:39.478Z"}
{"context":"InstanceLoader","level":"info","message":"AuthModule dependencies initialized","timestamp":"2026-05-21T06:36:39.478Z"}
{"context":"LegacyRouteConverter","level":"warn","message":"Unsupported route path: \"/api/v1/*\". In previous versions, the symbols ?, *, and + were used to denote optional or repeating path parameters. The latest version of \"path-to-regexp\" now requires the use of named parameters. For example, instead of using a route like /users/* to capture all routes starting with \"/users\", you should use /users/*path. For more details, refer to the migration guide. Attempting to auto-convert...","timestamp":"2026-05-21T06:36:39.502Z"}
{"context":"RoutesResolver","level":"info","message":"AppController {/api/v1/ping}:","timestamp":"2026-05-21T06:36:39.503Z"}
{"context":"RouterExplorer","level":"info","message":"Mapped {/api/v1/ping, GET} route","timestamp":"2026-05-21T06:36:39.504Z"}
{"context":"RoutesResolver","level":"info","message":"UsersController {/api/v1/users}:","timestamp":"2026-05-21T06:36:39.504Z"}
{"context":"RouterExplorer","level":"info","message":"Mapped {/api/v1/users, POST} route","timestamp":"2026-05-21T06:36:39.504Z"}
{"context":"RouterExplorer","level":"info","message":"Mapped {/api/v1/users, GET} route","timestamp":"2026-05-21T06:36:39.504Z"}
{"context":"RouterExplorer","level":"info","message":"Mapped {/api/v1/users/:id, GET} route","timestamp":"2026-05-21T06:36:39.505Z"}
{"context":"RouterExplorer","level":"info","message":"Mapped {/api/v1/users/:id, PATCH} route","timestamp":"2026-05-21T06:36:39.505Z"}
{"context":"RouterExplorer","level":"info","message":"Mapped {/api/v1/users/:id, DELETE} route","timestamp":"2026-05-21T06:36:39.505Z"}
{"context":"RoutesResolver","level":"info","message":"WhitelistIpController {/api/v1/whitelist-ip}:","timestamp":"2026-05-21T06:36:39.505Z"}
{"context":"RouterExplorer","level":"info","message":"Mapped {/api/v1/whitelist-ip, POST} route","timestamp":"2026-05-21T06:36:39.505Z"}
{"context":"RouterExplorer","level":"info","message":"Mapped {/api/v1/whitelist-ip, GET} route","timestamp":"2026-05-21T06:36:39.506Z"}
{"context":"RouterExplorer","level":"info","message":"Mapped {/api/v1/whitelist-ip/:id, GET} route","timestamp":"2026-05-21T06:36:39.506Z"}
{"context":"RouterExplorer","level":"info","message":"Mapped {/api/v1/whitelist-ip/:id, PATCH} route","timestamp":"2026-05-21T06:36:39.506Z"}
{"context":"RouterExplorer","level":"info","message":"Mapped {/api/v1/whitelist-ip/:id, DELETE} route","timestamp":"2026-05-21T06:36:39.506Z"}
{"context":"RoutesResolver","level":"info","message":"RolesController {/api/v1/roles}:","timestamp":"2026-05-21T06:36:39.506Z"}
{"context":"RouterExplorer","level":"info","message":"Mapped {/api/v1/roles, POST} route","timestamp":"2026-05-21T06:36:39.507Z"}
{"context":"RouterExplorer","level":"info","message":"Mapped {/api/v1/roles, GET} route","timestamp":"2026-05-21T06:36:39.507Z"}
{"context":"RouterExplorer","level":"info","message":"Mapped {/api/v1/roles/:id, GET} route","timestamp":"2026-05-21T06:36:39.507Z"}
{"context":"RouterExplorer","level":"info","message":"Mapped {/api/v1/roles/:id, PATCH} route","timestamp":"2026-05-21T06:36:39.507Z"}
{"context":"RouterExplorer","level":"info","message":"Mapped {/api/v1/roles/:id, DELETE} route","timestamp":"2026-05-21T06:36:39.508Z"}
{"context":"RoutesResolver","level":"info","message":"PermissionsController {/api/v1/permissions}:","timestamp":"2026-05-21T06:36:39.508Z"}
{"context":"RouterExplorer","level":"info","message":"Mapped {/api/v1/permissions, POST} route","timestamp":"2026-05-21T06:36:39.508Z"}
{"context":"RouterExplorer","level":"info","message":"Mapped {/api/v1/permissions, GET} route","timestamp":"2026-05-21T06:36:39.508Z"}
{"context":"RouterExplorer","level":"info","message":"Mapped {/api/v1/permissions/:id, PATCH} route","timestamp":"2026-05-21T06:36:39.509Z"}
{"context":"RouterExplorer","level":"info","message":"Mapped {/api/v1/permissions/:id, DELETE} route","timestamp":"2026-05-21T06:36:39.509Z"}
{"context":"RoutesResolver","level":"info","message":"AuthController {/api/v1/auth}:","timestamp":"2026-05-21T06:36:39.509Z"}
{"context":"RouterExplorer","level":"info","message":"Mapped {/api/v1/auth/register, POST} route","timestamp":"2026-05-21T06:36:39.509Z"}
{"context":"RouterExplorer","level":"info","message":"Mapped {/api/v1/auth/login, POST} route","timestamp":"2026-05-21T06:36:39.509Z"}
{"context":"RouterExplorer","level":"info","message":"Mapped {/api/v1/auth/refresh, POST} route","timestamp":"2026-05-21T06:36:39.509Z"}
{"context":"RouterExplorer","level":"info","message":"Mapped {/api/v1/auth/logout, POST} route","timestamp":"2026-05-21T06:36:39.509Z"}
{"context":"RouterExplorer","level":"info","message":"Mapped {/api/v1/auth/me, GET} route","timestamp":"2026-05-21T06:36:39.510Z"}
{"context":"RouterExplorer","level":"info","message":"Mapped {/api/v1/auth/me/password, PATCH} route","timestamp":"2026-05-21T06:36:39.510Z"}
{"context":"RoutesResolver","level":"info","message":"AttributeController {/api/v1/attribute}:","timestamp":"2026-05-21T06:36:39.510Z"}
{"context":"RouterExplorer","level":"info","message":"Mapped {/api/v1/attribute, POST} route","timestamp":"2026-05-21T06:36:39.510Z"}
{"context":"RouterExplorer","level":"info","message":"Mapped {/api/v1/attribute, GET} route","timestamp":"2026-05-21T06:36:39.510Z"}
{"context":"RouterExplorer","level":"info","message":"Mapped {/api/v1/attribute/:id, GET} route","timestamp":"2026-05-21T06:36:39.511Z"}
{"context":"RouterExplorer","level":"info","message":"Mapped {/api/v1/attribute/:id, PATCH} route","timestamp":"2026-05-21T06:36:39.511Z"}
{"context":"RouterExplorer","level":"info","message":"Mapped {/api/v1/attribute/:id, DELETE} route","timestamp":"2026-05-21T06:36:39.511Z"}
{"context":"RoutesResolver","level":"info","message":"DepartmentsController {/api/v1/departments}:","timestamp":"2026-05-21T06:36:39.511Z"}
{"context":"RouterExplorer","level":"info","message":"Mapped {/api/v1/departments, POST} route","timestamp":"2026-05-21T06:36:39.511Z"}
{"context":"RouterExplorer","level":"info","message":"Mapped {/api/v1/departments, GET} route","timestamp":"2026-05-21T06:36:39.511Z"}
{"context":"RouterExplorer","level":"info","message":"Mapped {/api/v1/departments/:id, GET} route","timestamp":"2026-05-21T06:36:39.512Z"}
{"context":"RouterExplorer","level":"info","message":"Mapped {/api/v1/departments/:id, PATCH} route","timestamp":"2026-05-21T06:36:39.512Z"}
{"context":"RouterExplorer","level":"info","message":"Mapped {/api/v1/departments/:id, DELETE} route","timestamp":"2026-05-21T06:36:39.512Z"}
{"context":"RoutesResolver","level":"info","message":"PortsController {/api/v1/ports}:","timestamp":"2026-05-21T06:36:39.512Z"}
{"context":"RouterExplorer","level":"info","message":"Mapped {/api/v1/ports, POST} route","timestamp":"2026-05-21T06:36:39.513Z"}
{"context":"RouterExplorer","level":"info","message":"Mapped {/api/v1/ports, GET} route","timestamp":"2026-05-21T06:36:39.513Z"}
{"context":"RouterExplorer","level":"info","message":"Mapped {/api/v1/ports/:id, GET} route","timestamp":"2026-05-21T06:36:39.513Z"}
{"context":"RouterExplorer","level":"info","message":"Mapped {/api/v1/ports/:id, PATCH} route","timestamp":"2026-05-21T06:36:39.513Z"}
{"context":"RouterExplorer","level":"info","message":"Mapped {/api/v1/ports/:id, DELETE} route","timestamp":"2026-05-21T06:36:39.513Z"}
{"context":"RoutesResolver","level":"info","message":"FilesController {/api/v1/files}:","timestamp":"2026-05-21T06:36:39.514Z"}
{"context":"RouterExplorer","level":"info","message":"Mapped {/api/v1/files, POST} route","timestamp":"2026-05-21T06:36:39.514Z"}
{"context":"RouterExplorer","level":"info","message":"Mapped {/api/v1/files, GET} route","timestamp":"2026-05-21T06:36:39.514Z"}
{"context":"RouterExplorer","level":"info","message":"Mapped {/api/v1/files/:id, GET} route","timestamp":"2026-05-21T06:36:39.514Z"}
{"context":"RouterExplorer","level":"info","message":"Mapped {/api/v1/files/:id, PATCH} route","timestamp":"2026-05-21T06:36:39.514Z"}
{"context":"RouterExplorer","level":"info","message":"Mapped {/api/v1/files/:id, DELETE} route","timestamp":"2026-05-21T06:36:39.515Z"}
{"context":"PrismaService","level":"info","message":"Kết nối database thành công","timestamp":"2026-05-21T06:36:39.554Z"}
{"context":"NestApplication","level":"info","message":"Nest application successfully started","timestamp":"2026-05-21T06:36:39.558Z"}
{"level":"info","message":"Khởi tạo ứng dụng...","timestamp":"2026-05-21T06:50:00.756Z"}
{"context":"NestFactory","level":"info","message":"Starting Nest application...","timestamp":"2026-05-21T06:50:00.826Z"}
{"context":"InstanceLoader","level":"info","message":"PassportModule dependencies initialized","timestamp":"2026-05-21T06:50:00.834Z"}
{"context":"InstanceLoader","level":"info","message":"ConfigHostModule dependencies initialized","timestamp":"2026-05-21T06:50:00.835Z"}
{"context":"InstanceLoader","level":"info","message":"AppModule dependencies initialized","timestamp":"2026-05-21T06:50:00.835Z"}
{"context":"PrismaService","level":"info","message":"🔌 Prisma Connection String: postgresql://admin:******@localhost:5433/kyc_asset_db?schema=public","timestamp":"2026-05-21T06:50:00.837Z"}
{"context":"InstanceLoader","level":"info","message":"PortsModule dependencies initialized","timestamp":"2026-05-21T06:50:00.838Z"}
{"context":"InstanceLoader","level":"info","message":"FilesModule dependencies initialized","timestamp":"2026-05-21T06:50:00.838Z"}
{"context":"InstanceLoader","level":"info","message":"ConfigModule dependencies initialized","timestamp":"2026-05-21T06:50:00.838Z"}
{"context":"InstanceLoader","level":"info","message":"CommonModule dependencies initialized","timestamp":"2026-05-21T06:50:00.838Z"}
{"context":"InstanceLoader","level":"info","message":"JwtModule dependencies initialized","timestamp":"2026-05-21T06:50:00.839Z"}
{"context":"InstanceLoader","level":"info","message":"PrismaModule dependencies initialized","timestamp":"2026-05-21T06:50:00.839Z"}
{"context":"InstanceLoader","level":"info","message":"WhitelistIpModule dependencies initialized","timestamp":"2026-05-21T06:50:00.840Z"}
{"context":"InstanceLoader","level":"info","message":"AttributeModule dependencies initialized","timestamp":"2026-05-21T06:50:00.840Z"}
{"context":"InstanceLoader","level":"info","message":"DepartmentsModule dependencies initialized","timestamp":"2026-05-21T06:50:00.840Z"}
{"context":"InstanceLoader","level":"info","message":"UsersModule dependencies initialized","timestamp":"2026-05-21T06:50:00.841Z"}
{"context":"InstanceLoader","level":"info","message":"RolesModule dependencies initialized","timestamp":"2026-05-21T06:50:00.841Z"}
{"context":"InstanceLoader","level":"info","message":"PermissionsModule dependencies initialized","timestamp":"2026-05-21T06:50:00.841Z"}
{"context":"InstanceLoader","level":"info","message":"AuthModule dependencies initialized","timestamp":"2026-05-21T06:50:00.841Z"}
{"context":"LegacyRouteConverter","level":"warn","message":"Unsupported route path: \"/api/v1/*\". In previous versions, the symbols ?, *, and + were used to denote optional or repeating path parameters. The latest version of \"path-to-regexp\" now requires the use of named parameters. For example, instead of using a route like /users/* to capture all routes starting with \"/users\", you should use /users/*path. For more details, refer to the migration guide. Attempting to auto-convert...","timestamp":"2026-05-21T06:50:00.865Z"}
{"context":"RoutesResolver","level":"info","message":"AppController {/api/v1/ping}:","timestamp":"2026-05-21T06:50:00.865Z"}
{"context":"RouterExplorer","level":"info","message":"Mapped {/api/v1/ping, GET} route","timestamp":"2026-05-21T06:50:00.867Z"}
{"context":"RoutesResolver","level":"info","message":"UsersController {/api/v1/users}:","timestamp":"2026-05-21T06:50:00.867Z"}
{"context":"RouterExplorer","level":"info","message":"Mapped {/api/v1/users, POST} route","timestamp":"2026-05-21T06:50:00.867Z"}
{"context":"RouterExplorer","level":"info","message":"Mapped {/api/v1/users, GET} route","timestamp":"2026-05-21T06:50:00.868Z"}
{"context":"RouterExplorer","level":"info","message":"Mapped {/api/v1/users/:id, GET} route","timestamp":"2026-05-21T06:50:00.868Z"}
{"context":"RouterExplorer","level":"info","message":"Mapped {/api/v1/users/:id, PATCH} route","timestamp":"2026-05-21T06:50:00.868Z"}
{"context":"RouterExplorer","level":"info","message":"Mapped {/api/v1/users/:id, DELETE} route","timestamp":"2026-05-21T06:50:00.868Z"}
{"context":"RoutesResolver","level":"info","message":"WhitelistIpController {/api/v1/whitelist-ip}:","timestamp":"2026-05-21T06:50:00.869Z"}
{"context":"RouterExplorer","level":"info","message":"Mapped {/api/v1/whitelist-ip, POST} route","timestamp":"2026-05-21T06:50:00.869Z"}
{"context":"RouterExplorer","level":"info","message":"Mapped {/api/v1/whitelist-ip, GET} route","timestamp":"2026-05-21T06:50:00.869Z"}
{"context":"RouterExplorer","level":"info","message":"Mapped {/api/v1/whitelist-ip/:id, GET} route","timestamp":"2026-05-21T06:50:00.869Z"}
{"context":"RouterExplorer","level":"info","message":"Mapped {/api/v1/whitelist-ip/:id, PATCH} route","timestamp":"2026-05-21T06:50:00.870Z"}
{"context":"RouterExplorer","level":"info","message":"Mapped {/api/v1/whitelist-ip/:id, DELETE} route","timestamp":"2026-05-21T06:50:00.870Z"}
{"context":"RoutesResolver","level":"info","message":"RolesController {/api/v1/roles}:","timestamp":"2026-05-21T06:50:00.870Z"}
{"context":"RouterExplorer","level":"info","message":"Mapped {/api/v1/roles, POST} route","timestamp":"2026-05-21T06:50:00.870Z"}
{"context":"RouterExplorer","level":"info","message":"Mapped {/api/v1/roles, GET} route","timestamp":"2026-05-21T06:50:00.870Z"}
{"context":"RouterExplorer","level":"info","message":"Mapped {/api/v1/roles/:id, GET} route","timestamp":"2026-05-21T06:50:00.870Z"}
{"context":"RouterExplorer","level":"info","message":"Mapped {/api/v1/roles/:id, PATCH} route","timestamp":"2026-05-21T06:50:00.871Z"}
{"context":"RouterExplorer","level":"info","message":"Mapped {/api/v1/roles/:id, DELETE} route","timestamp":"2026-05-21T06:50:00.871Z"}
{"context":"RoutesResolver","level":"info","message":"PermissionsController {/api/v1/permissions}:","timestamp":"2026-05-21T06:50:00.871Z"}
{"context":"RouterExplorer","level":"info","message":"Mapped {/api/v1/permissions, POST} route","timestamp":"2026-05-21T06:50:00.871Z"}
{"context":"RouterExplorer","level":"info","message":"Mapped {/api/v1/permissions, GET} route","timestamp":"2026-05-21T06:50:00.871Z"}
{"context":"RouterExplorer","level":"info","message":"Mapped {/api/v1/permissions/:id, PATCH} route","timestamp":"2026-05-21T06:50:00.871Z"}
{"context":"RouterExplorer","level":"info","message":"Mapped {/api/v1/permissions/:id, DELETE} route","timestamp":"2026-05-21T06:50:00.872Z"}
{"context":"RoutesResolver","level":"info","message":"AuthController {/api/v1/auth}:","timestamp":"2026-05-21T06:50:00.872Z"}
{"context":"RouterExplorer","level":"info","message":"Mapped {/api/v1/auth/register, POST} route","timestamp":"2026-05-21T06:50:00.872Z"}
{"context":"RouterExplorer","level":"info","message":"Mapped {/api/v1/auth/login, POST} route","timestamp":"2026-05-21T06:50:00.872Z"}
{"context":"RouterExplorer","level":"info","message":"Mapped {/api/v1/auth/refresh, POST} route","timestamp":"2026-05-21T06:50:00.872Z"}
{"context":"RouterExplorer","level":"info","message":"Mapped {/api/v1/auth/logout, POST} route","timestamp":"2026-05-21T06:50:00.872Z"}
{"context":"RouterExplorer","level":"info","message":"Mapped {/api/v1/auth/me, GET} route","timestamp":"2026-05-21T06:50:00.872Z"}
{"context":"RouterExplorer","level":"info","message":"Mapped {/api/v1/auth/me/password, PATCH} route","timestamp":"2026-05-21T06:50:00.873Z"}
{"context":"RoutesResolver","level":"info","message":"AttributeController {/api/v1/attribute}:","timestamp":"2026-05-21T06:50:00.873Z"}
{"context":"RouterExplorer","level":"info","message":"Mapped {/api/v1/attribute, POST} route","timestamp":"2026-05-21T06:50:00.873Z"}
{"context":"RouterExplorer","level":"info","message":"Mapped {/api/v1/attribute, GET} route","timestamp":"2026-05-21T06:50:00.873Z"}
{"context":"RouterExplorer","level":"info","message":"Mapped {/api/v1/attribute/:id, GET} route","timestamp":"2026-05-21T06:50:00.873Z"}
{"context":"RouterExplorer","level":"info","message":"Mapped {/api/v1/attribute/:id, PATCH} route","timestamp":"2026-05-21T06:50:00.873Z"}
{"context":"RouterExplorer","level":"info","message":"Mapped {/api/v1/attribute/:id, DELETE} route","timestamp":"2026-05-21T06:50:00.874Z"}
{"context":"RoutesResolver","level":"info","message":"DepartmentsController {/api/v1/departments}:","timestamp":"2026-05-21T06:50:00.874Z"}
{"context":"RouterExplorer","level":"info","message":"Mapped {/api/v1/departments, POST} route","timestamp":"2026-05-21T06:50:00.874Z"}
{"context":"RouterExplorer","level":"info","message":"Mapped {/api/v1/departments, GET} route","timestamp":"2026-05-21T06:50:00.874Z"}
{"context":"RouterExplorer","level":"info","message":"Mapped {/api/v1/departments/:id, GET} route","timestamp":"2026-05-21T06:50:00.874Z"}
{"context":"RouterExplorer","level":"info","message":"Mapped {/api/v1/departments/:id, PATCH} route","timestamp":"2026-05-21T06:50:00.874Z"}
{"context":"RouterExplorer","level":"info","message":"Mapped {/api/v1/departments/:id, DELETE} route","timestamp":"2026-05-21T06:50:00.874Z"}
{"context":"RoutesResolver","level":"info","message":"PortsController {/api/v1/ports}:","timestamp":"2026-05-21T06:50:00.874Z"}
{"context":"RouterExplorer","level":"info","message":"Mapped {/api/v1/ports, POST} route","timestamp":"2026-05-21T06:50:00.875Z"}
{"context":"RouterExplorer","level":"info","message":"Mapped {/api/v1/ports, GET} route","timestamp":"2026-05-21T06:50:00.875Z"}
{"context":"RouterExplorer","level":"info","message":"Mapped {/api/v1/ports/:id, GET} route","timestamp":"2026-05-21T06:50:00.875Z"}
{"context":"RouterExplorer","level":"info","message":"Mapped {/api/v1/ports/:id, PATCH} route","timestamp":"2026-05-21T06:50:00.875Z"}
{"context":"RouterExplorer","level":"info","message":"Mapped {/api/v1/ports/:id, DELETE} route","timestamp":"2026-05-21T06:50:00.875Z"}
{"context":"RoutesResolver","level":"info","message":"FilesController {/api/v1/files}:","timestamp":"2026-05-21T06:50:00.876Z"}
{"context":"RouterExplorer","level":"info","message":"Mapped {/api/v1/files, POST} route","timestamp":"2026-05-21T06:50:00.876Z"}
{"context":"RouterExplorer","level":"info","message":"Mapped {/api/v1/files, GET} route","timestamp":"2026-05-21T06:50:00.876Z"}
{"context":"RouterExplorer","level":"info","message":"Mapped {/api/v1/files/:id, GET} route","timestamp":"2026-05-21T06:50:00.876Z"}
{"context":"RouterExplorer","level":"info","message":"Mapped {/api/v1/files/:id, PATCH} route","timestamp":"2026-05-21T06:50:00.876Z"}
{"context":"RouterExplorer","level":"info","message":"Mapped {/api/v1/files/:id, DELETE} route","timestamp":"2026-05-21T06:50:00.876Z"}
{"context":"PrismaService","level":"info","message":"Kết nối database thành công","timestamp":"2026-05-21T06:50:00.915Z"}
{"context":"NestApplication","level":"info","message":"Nest application successfully started","timestamp":"2026-05-21T06:50:00.919Z"}
{"level":"info","message":"Khởi tạo ứng dụng...","timestamp":"2026-05-21T06:50:06.429Z"}
{"context":"NestFactory","level":"info","message":"Starting Nest application...","timestamp":"2026-05-21T06:50:06.499Z"}
{"context":"InstanceLoader","level":"info","message":"PassportModule dependencies initialized","timestamp":"2026-05-21T06:50:06.507Z"}
{"context":"InstanceLoader","level":"info","message":"ConfigHostModule dependencies initialized","timestamp":"2026-05-21T06:50:06.508Z"}
{"context":"InstanceLoader","level":"info","message":"AppModule dependencies initialized","timestamp":"2026-05-21T06:50:06.508Z"}
{"context":"PrismaService","level":"info","message":"🔌 Prisma Connection String: postgresql://admin:******@localhost:5433/kyc_asset_db?schema=public","timestamp":"2026-05-21T06:50:06.511Z"}
{"context":"InstanceLoader","level":"info","message":"PortsModule dependencies initialized","timestamp":"2026-05-21T06:50:06.511Z"}
{"context":"InstanceLoader","level":"info","message":"FilesModule dependencies initialized","timestamp":"2026-05-21T06:50:06.511Z"}
{"context":"InstanceLoader","level":"info","message":"ConfigModule dependencies initialized","timestamp":"2026-05-21T06:50:06.511Z"}
{"context":"InstanceLoader","level":"info","message":"CommonModule dependencies initialized","timestamp":"2026-05-21T06:50:06.511Z"}
{"context":"InstanceLoader","level":"info","message":"JwtModule dependencies initialized","timestamp":"2026-05-21T06:50:06.512Z"}
{"context":"InstanceLoader","level":"info","message":"PrismaModule dependencies initialized","timestamp":"2026-05-21T06:50:06.512Z"}
{"context":"InstanceLoader","level":"info","message":"WhitelistIpModule dependencies initialized","timestamp":"2026-05-21T06:50:06.514Z"}
{"context":"InstanceLoader","level":"info","message":"AttributeModule dependencies initialized","timestamp":"2026-05-21T06:50:06.514Z"}
{"context":"InstanceLoader","level":"info","message":"DepartmentsModule dependencies initialized","timestamp":"2026-05-21T06:50:06.514Z"}
{"context":"InstanceLoader","level":"info","message":"UsersModule dependencies initialized","timestamp":"2026-05-21T06:50:06.514Z"}
{"context":"InstanceLoader","level":"info","message":"RolesModule dependencies initialized","timestamp":"2026-05-21T06:50:06.514Z"}
{"context":"InstanceLoader","level":"info","message":"PermissionsModule dependencies initialized","timestamp":"2026-05-21T06:50:06.514Z"}
{"context":"InstanceLoader","level":"info","message":"AuthModule dependencies initialized","timestamp":"2026-05-21T06:50:06.514Z"}
{"context":"LegacyRouteConverter","level":"warn","message":"Unsupported route path: \"/api/v1/*\". In previous versions, the symbols ?, *, and + were used to denote optional or repeating path parameters. The latest version of \"path-to-regexp\" now requires the use of named parameters. For example, instead of using a route like /users/* to capture all routes starting with \"/users\", you should use /users/*path. For more details, refer to the migration guide. Attempting to auto-convert...","timestamp":"2026-05-21T06:50:06.539Z"}
{"context":"RoutesResolver","level":"info","message":"AppController {/api/v1/ping}:","timestamp":"2026-05-21T06:50:06.540Z"}
{"context":"RouterExplorer","level":"info","message":"Mapped {/api/v1/ping, GET} route","timestamp":"2026-05-21T06:50:06.541Z"}
{"context":"RoutesResolver","level":"info","message":"UsersController {/api/v1/users}:","timestamp":"2026-05-21T06:50:06.541Z"}
{"context":"RouterExplorer","level":"info","message":"Mapped {/api/v1/users, POST} route","timestamp":"2026-05-21T06:50:06.541Z"}
{"context":"RouterExplorer","level":"info","message":"Mapped {/api/v1/users, GET} route","timestamp":"2026-05-21T06:50:06.542Z"}
{"context":"RouterExplorer","level":"info","message":"Mapped {/api/v1/users/:id, GET} route","timestamp":"2026-05-21T06:50:06.542Z"}
{"context":"RouterExplorer","level":"info","message":"Mapped {/api/v1/users/:id, PATCH} route","timestamp":"2026-05-21T06:50:06.542Z"}
{"context":"RouterExplorer","level":"info","message":"Mapped {/api/v1/users/:id, DELETE} route","timestamp":"2026-05-21T06:50:06.543Z"}
{"context":"RoutesResolver","level":"info","message":"WhitelistIpController {/api/v1/whitelist-ip}:","timestamp":"2026-05-21T06:50:06.543Z"}
{"context":"RouterExplorer","level":"info","message":"Mapped {/api/v1/whitelist-ip, POST} route","timestamp":"2026-05-21T06:50:06.543Z"}
{"context":"RouterExplorer","level":"info","message":"Mapped {/api/v1/whitelist-ip, GET} route","timestamp":"2026-05-21T06:50:06.543Z"}
{"context":"RouterExplorer","level":"info","message":"Mapped {/api/v1/whitelist-ip/:id, GET} route","timestamp":"2026-05-21T06:50:06.543Z"}
{"context":"RouterExplorer","level":"info","message":"Mapped {/api/v1/whitelist-ip/:id, PATCH} route","timestamp":"2026-05-21T06:50:06.543Z"}
{"context":"RouterExplorer","level":"info","message":"Mapped {/api/v1/whitelist-ip/:id, DELETE} route","timestamp":"2026-05-21T06:50:06.544Z"}
{"context":"RoutesResolver","level":"info","message":"RolesController {/api/v1/roles}:","timestamp":"2026-05-21T06:50:06.544Z"}
{"context":"RouterExplorer","level":"info","message":"Mapped {/api/v1/roles, POST} route","timestamp":"2026-05-21T06:50:06.544Z"}
{"context":"RouterExplorer","level":"info","message":"Mapped {/api/v1/roles, GET} route","timestamp":"2026-05-21T06:50:06.544Z"}
{"context":"RouterExplorer","level":"info","message":"Mapped {/api/v1/roles/:id, GET} route","timestamp":"2026-05-21T06:50:06.544Z"}
{"context":"RouterExplorer","level":"info","message":"Mapped {/api/v1/roles/:id, PATCH} route","timestamp":"2026-05-21T06:50:06.545Z"}
{"context":"RouterExplorer","level":"info","message":"Mapped {/api/v1/roles/:id, DELETE} route","timestamp":"2026-05-21T06:50:06.545Z"}
{"context":"RoutesResolver","level":"info","message":"PermissionsController {/api/v1/permissions}:","timestamp":"2026-05-21T06:50:06.545Z"}
{"context":"RouterExplorer","level":"info","message":"Mapped {/api/v1/permissions, POST} route","timestamp":"2026-05-21T06:50:06.546Z"}
{"context":"RouterExplorer","level":"info","message":"Mapped {/api/v1/permissions, GET} route","timestamp":"2026-05-21T06:50:06.546Z"}
{"context":"RouterExplorer","level":"info","message":"Mapped {/api/v1/permissions/:id, PATCH} route","timestamp":"2026-05-21T06:50:06.547Z"}
{"context":"RouterExplorer","level":"info","message":"Mapped {/api/v1/permissions/:id, DELETE} route","timestamp":"2026-05-21T06:50:06.547Z"}
{"context":"RoutesResolver","level":"info","message":"AuthController {/api/v1/auth}:","timestamp":"2026-05-21T06:50:06.547Z"}
{"context":"RouterExplorer","level":"info","message":"Mapped {/api/v1/auth/register, POST} route","timestamp":"2026-05-21T06:50:06.547Z"}
{"context":"RouterExplorer","level":"info","message":"Mapped {/api/v1/auth/login, POST} route","timestamp":"2026-05-21T06:50:06.548Z"}
{"context":"RouterExplorer","level":"info","message":"Mapped {/api/v1/auth/refresh, POST} route","timestamp":"2026-05-21T06:50:06.548Z"}
{"context":"RouterExplorer","level":"info","message":"Mapped {/api/v1/auth/logout, POST} route","timestamp":"2026-05-21T06:50:06.548Z"}
{"context":"RouterExplorer","level":"info","message":"Mapped {/api/v1/auth/me, GET} route","timestamp":"2026-05-21T06:50:06.548Z"}
{"context":"RouterExplorer","level":"info","message":"Mapped {/api/v1/auth/me/password, PATCH} route","timestamp":"2026-05-21T06:50:06.549Z"}
{"context":"RoutesResolver","level":"info","message":"AttributeController {/api/v1/attribute}:","timestamp":"2026-05-21T06:50:06.549Z"}
{"context":"RouterExplorer","level":"info","message":"Mapped {/api/v1/attribute, POST} route","timestamp":"2026-05-21T06:50:06.549Z"}
{"context":"RouterExplorer","level":"info","message":"Mapped {/api/v1/attribute, GET} route","timestamp":"2026-05-21T06:50:06.549Z"}
{"context":"RouterExplorer","level":"info","message":"Mapped {/api/v1/attribute/:id, GET} route","timestamp":"2026-05-21T06:50:06.549Z"}
{"context":"RouterExplorer","level":"info","message":"Mapped {/api/v1/attribute/:id, PATCH} route","timestamp":"2026-05-21T06:50:06.550Z"}
{"context":"RouterExplorer","level":"info","message":"Mapped {/api/v1/attribute/:id, DELETE} route","timestamp":"2026-05-21T06:50:06.550Z"}
{"context":"RoutesResolver","level":"info","message":"DepartmentsController {/api/v1/departments}:","timestamp":"2026-05-21T06:50:06.550Z"}
{"context":"RouterExplorer","level":"info","message":"Mapped {/api/v1/departments, POST} route","timestamp":"2026-05-21T06:50:06.550Z"}
{"context":"RouterExplorer","level":"info","message":"Mapped {/api/v1/departments, GET} route","timestamp":"2026-05-21T06:50:06.551Z"}
{"context":"RouterExplorer","level":"info","message":"Mapped {/api/v1/departments/:id, GET} route","timestamp":"2026-05-21T06:50:06.551Z"}
{"context":"RouterExplorer","level":"info","message":"Mapped {/api/v1/departments/:id, PATCH} route","timestamp":"2026-05-21T06:50:06.551Z"}
{"context":"RouterExplorer","level":"info","message":"Mapped {/api/v1/departments/:id, DELETE} route","timestamp":"2026-05-21T06:50:06.551Z"}
{"context":"RoutesResolver","level":"info","message":"PortsController {/api/v1/ports}:","timestamp":"2026-05-21T06:50:06.551Z"}
{"context":"RouterExplorer","level":"info","message":"Mapped {/api/v1/ports, POST} route","timestamp":"2026-05-21T06:50:06.552Z"}
{"context":"RouterExplorer","level":"info","message":"Mapped {/api/v1/ports, GET} route","timestamp":"2026-05-21T06:50:06.552Z"}
{"context":"RouterExplorer","level":"info","message":"Mapped {/api/v1/ports/:id, GET} route","timestamp":"2026-05-21T06:50:06.552Z"}
{"context":"RouterExplorer","level":"info","message":"Mapped {/api/v1/ports/:id, PATCH} route","timestamp":"2026-05-21T06:50:06.552Z"}
{"context":"RouterExplorer","level":"info","message":"Mapped {/api/v1/ports/:id, DELETE} route","timestamp":"2026-05-21T06:50:06.552Z"}
{"context":"RoutesResolver","level":"info","message":"FilesController {/api/v1/files}:","timestamp":"2026-05-21T06:50:06.553Z"}
{"context":"RouterExplorer","level":"info","message":"Mapped {/api/v1/files, POST} route","timestamp":"2026-05-21T06:50:06.553Z"}
{"context":"RouterExplorer","level":"info","message":"Mapped {/api/v1/files, GET} route","timestamp":"2026-05-21T06:50:06.553Z"}
{"context":"RouterExplorer","level":"info","message":"Mapped {/api/v1/files/:id, GET} route","timestamp":"2026-05-21T06:50:06.553Z"}
{"context":"RouterExplorer","level":"info","message":"Mapped {/api/v1/files/:id, PATCH} route","timestamp":"2026-05-21T06:50:06.553Z"}
{"context":"RouterExplorer","level":"info","message":"Mapped {/api/v1/files/:id, DELETE} route","timestamp":"2026-05-21T06:50:06.553Z"}
{"context":"PrismaService","level":"info","message":"Kết nối database thành công","timestamp":"2026-05-21T06:50:06.593Z"}
{"context":"NestApplication","level":"info","message":"Nest application successfully started","timestamp":"2026-05-21T06:50:06.598Z"}
{"level":"info","message":"Khởi tạo ứng dụng...","timestamp":"2026-05-21T06:56:34.727Z"}
{"context":"NestFactory","level":"info","message":"Starting Nest application...","timestamp":"2026-05-21T06:56:34.801Z"}
{"context":"InstanceLoader","level":"info","message":"PassportModule dependencies initialized","timestamp":"2026-05-21T06:56:34.808Z"}
{"context":"InstanceLoader","level":"info","message":"ConfigHostModule dependencies initialized","timestamp":"2026-05-21T06:56:34.809Z"}
{"context":"InstanceLoader","level":"info","message":"AppModule dependencies initialized","timestamp":"2026-05-21T06:56:34.809Z"}
{"context":"PrismaService","level":"info","message":"🔌 Prisma Connection String: postgresql://admin:******@localhost:5433/kyc_asset_db?schema=public","timestamp":"2026-05-21T06:56:34.811Z"}
{"context":"InstanceLoader","level":"info","message":"PortsModule dependencies initialized","timestamp":"2026-05-21T06:56:34.811Z"}
{"context":"InstanceLoader","level":"info","message":"FilesModule dependencies initialized","timestamp":"2026-05-21T06:56:34.811Z"}
{"context":"InstanceLoader","level":"info","message":"ConfigModule dependencies initialized","timestamp":"2026-05-21T06:56:34.812Z"}
{"context":"InstanceLoader","level":"info","message":"CommonModule dependencies initialized","timestamp":"2026-05-21T06:56:34.812Z"}
{"context":"InstanceLoader","level":"info","message":"JwtModule dependencies initialized","timestamp":"2026-05-21T06:56:34.813Z"}
{"context":"InstanceLoader","level":"info","message":"PrismaModule dependencies initialized","timestamp":"2026-05-21T06:56:34.813Z"}
{"context":"InstanceLoader","level":"info","message":"WhitelistIpModule dependencies initialized","timestamp":"2026-05-21T06:56:34.814Z"}
{"context":"InstanceLoader","level":"info","message":"AttributeModule dependencies initialized","timestamp":"2026-05-21T06:56:34.815Z"}
{"context":"InstanceLoader","level":"info","message":"DepartmentsModule dependencies initialized","timestamp":"2026-05-21T06:56:34.815Z"}
{"context":"InstanceLoader","level":"info","message":"UsersModule dependencies initialized","timestamp":"2026-05-21T06:56:34.815Z"}
{"context":"InstanceLoader","level":"info","message":"RolesModule dependencies initialized","timestamp":"2026-05-21T06:56:34.815Z"}
{"context":"InstanceLoader","level":"info","message":"PermissionsModule dependencies initialized","timestamp":"2026-05-21T06:56:34.815Z"}
{"context":"InstanceLoader","level":"info","message":"AuthModule dependencies initialized","timestamp":"2026-05-21T06:56:34.815Z"}
{"context":"LegacyRouteConverter","level":"warn","message":"Unsupported route path: \"/api/v1/*\". In previous versions, the symbols ?, *, and + were used to denote optional or repeating path parameters. The latest version of \"path-to-regexp\" now requires the use of named parameters. For example, instead of using a route like /users/* to capture all routes starting with \"/users\", you should use /users/*path. For more details, refer to the migration guide. Attempting to auto-convert...","timestamp":"2026-05-21T06:56:34.839Z"}
{"context":"RoutesResolver","level":"info","message":"AppController {/api/v1/ping}:","timestamp":"2026-05-21T06:56:34.840Z"}
{"context":"RouterExplorer","level":"info","message":"Mapped {/api/v1/ping, GET} route","timestamp":"2026-05-21T06:56:34.841Z"}
{"context":"RoutesResolver","level":"info","message":"UsersController {/api/v1/users}:","timestamp":"2026-05-21T06:56:34.841Z"}
{"context":"RouterExplorer","level":"info","message":"Mapped {/api/v1/users, POST} route","timestamp":"2026-05-21T06:56:34.841Z"}
{"context":"RouterExplorer","level":"info","message":"Mapped {/api/v1/users, GET} route","timestamp":"2026-05-21T06:56:34.842Z"}
{"context":"RouterExplorer","level":"info","message":"Mapped {/api/v1/users/:id, GET} route","timestamp":"2026-05-21T06:56:34.842Z"}
{"context":"RouterExplorer","level":"info","message":"Mapped {/api/v1/users/:id, PATCH} route","timestamp":"2026-05-21T06:56:34.842Z"}
{"context":"RouterExplorer","level":"info","message":"Mapped {/api/v1/users/:id, DELETE} route","timestamp":"2026-05-21T06:56:34.842Z"}
{"context":"RoutesResolver","level":"info","message":"WhitelistIpController {/api/v1/whitelist-ip}:","timestamp":"2026-05-21T06:56:34.843Z"}
{"context":"RouterExplorer","level":"info","message":"Mapped {/api/v1/whitelist-ip, POST} route","timestamp":"2026-05-21T06:56:34.843Z"}
{"context":"RouterExplorer","level":"info","message":"Mapped {/api/v1/whitelist-ip, GET} route","timestamp":"2026-05-21T06:56:34.843Z"}
{"context":"RouterExplorer","level":"info","message":"Mapped {/api/v1/whitelist-ip/:id, GET} route","timestamp":"2026-05-21T06:56:34.843Z"}
{"context":"RouterExplorer","level":"info","message":"Mapped {/api/v1/whitelist-ip/:id, PATCH} route","timestamp":"2026-05-21T06:56:34.844Z"}
{"context":"RouterExplorer","level":"info","message":"Mapped {/api/v1/whitelist-ip/:id, DELETE} route","timestamp":"2026-05-21T06:56:34.844Z"}
{"context":"RoutesResolver","level":"info","message":"RolesController {/api/v1/roles}:","timestamp":"2026-05-21T06:56:34.844Z"}
{"context":"RouterExplorer","level":"info","message":"Mapped {/api/v1/roles, POST} route","timestamp":"2026-05-21T06:56:34.844Z"}
{"context":"RouterExplorer","level":"info","message":"Mapped {/api/v1/roles, GET} route","timestamp":"2026-05-21T06:56:34.844Z"}
{"context":"RouterExplorer","level":"info","message":"Mapped {/api/v1/roles/:id, GET} route","timestamp":"2026-05-21T06:56:34.845Z"}
{"context":"RouterExplorer","level":"info","message":"Mapped {/api/v1/roles/:id, PATCH} route","timestamp":"2026-05-21T06:56:34.845Z"}
{"context":"RouterExplorer","level":"info","message":"Mapped {/api/v1/roles/:id, DELETE} route","timestamp":"2026-05-21T06:56:34.845Z"}
{"context":"RoutesResolver","level":"info","message":"PermissionsController {/api/v1/permissions}:","timestamp":"2026-05-21T06:56:34.846Z"}
{"context":"RouterExplorer","level":"info","message":"Mapped {/api/v1/permissions, POST} route","timestamp":"2026-05-21T06:56:34.846Z"}
{"context":"RouterExplorer","level":"info","message":"Mapped {/api/v1/permissions, GET} route","timestamp":"2026-05-21T06:56:34.846Z"}
{"context":"RouterExplorer","level":"info","message":"Mapped {/api/v1/permissions/:id, PATCH} route","timestamp":"2026-05-21T06:56:34.846Z"}
{"context":"RouterExplorer","level":"info","message":"Mapped {/api/v1/permissions/:id, DELETE} route","timestamp":"2026-05-21T06:56:34.847Z"}
{"context":"RoutesResolver","level":"info","message":"AuthController {/api/v1/auth}:","timestamp":"2026-05-21T06:56:34.847Z"}
{"context":"RouterExplorer","level":"info","message":"Mapped {/api/v1/auth/register, POST} route","timestamp":"2026-05-21T06:56:34.847Z"}
{"context":"RouterExplorer","level":"info","message":"Mapped {/api/v1/auth/login, POST} route","timestamp":"2026-05-21T06:56:34.847Z"}
{"context":"RouterExplorer","level":"info","message":"Mapped {/api/v1/auth/refresh, POST} route","timestamp":"2026-05-21T06:56:34.847Z"}
{"context":"RouterExplorer","level":"info","message":"Mapped {/api/v1/auth/logout, POST} route","timestamp":"2026-05-21T06:56:34.847Z"}
{"context":"RouterExplorer","level":"info","message":"Mapped {/api/v1/auth/me, GET} route","timestamp":"2026-05-21T06:56:34.848Z"}
{"context":"RouterExplorer","level":"info","message":"Mapped {/api/v1/auth/me/password, PATCH} route","timestamp":"2026-05-21T06:56:34.848Z"}
{"context":"RoutesResolver","level":"info","message":"AttributeController {/api/v1/attribute}:","timestamp":"2026-05-21T06:56:34.848Z"}
{"context":"RouterExplorer","level":"info","message":"Mapped {/api/v1/attribute, POST} route","timestamp":"2026-05-21T06:56:34.848Z"}
{"context":"RouterExplorer","level":"info","message":"Mapped {/api/v1/attribute, GET} route","timestamp":"2026-05-21T06:56:34.848Z"}
{"context":"RouterExplorer","level":"info","message":"Mapped {/api/v1/attribute/:id, GET} route","timestamp":"2026-05-21T06:56:34.848Z"}
{"context":"RouterExplorer","level":"info","message":"Mapped {/api/v1/attribute/:id, PATCH} route","timestamp":"2026-05-21T06:56:34.849Z"}
{"context":"RouterExplorer","level":"info","message":"Mapped {/api/v1/attribute/:id, DELETE} route","timestamp":"2026-05-21T06:56:34.849Z"}
{"context":"RoutesResolver","level":"info","message":"DepartmentsController {/api/v1/departments}:","timestamp":"2026-05-21T06:56:34.849Z"}
{"context":"RouterExplorer","level":"info","message":"Mapped {/api/v1/departments, POST} route","timestamp":"2026-05-21T06:56:34.849Z"}
{"context":"RouterExplorer","level":"info","message":"Mapped {/api/v1/departments, GET} route","timestamp":"2026-05-21T06:56:34.849Z"}
{"context":"RouterExplorer","level":"info","message":"Mapped {/api/v1/departments/:id, GET} route","timestamp":"2026-05-21T06:56:34.849Z"}
{"context":"RouterExplorer","level":"info","message":"Mapped {/api/v1/departments/:id, PATCH} route","timestamp":"2026-05-21T06:56:34.849Z"}
{"context":"RouterExplorer","level":"info","message":"Mapped {/api/v1/departments/:id, DELETE} route","timestamp":"2026-05-21T06:56:34.849Z"}
{"context":"RoutesResolver","level":"info","message":"PortsController {/api/v1/ports}:","timestamp":"2026-05-21T06:56:34.850Z"}
{"context":"RouterExplorer","level":"info","message":"Mapped {/api/v1/ports, POST} route","timestamp":"2026-05-21T06:56:34.850Z"}
{"context":"RouterExplorer","level":"info","message":"Mapped {/api/v1/ports, GET} route","timestamp":"2026-05-21T06:56:34.850Z"}
{"context":"RouterExplorer","level":"info","message":"Mapped {/api/v1/ports/:id, GET} route","timestamp":"2026-05-21T06:56:34.850Z"}
{"context":"RouterExplorer","level":"info","message":"Mapped {/api/v1/ports/:id, PATCH} route","timestamp":"2026-05-21T06:56:34.850Z"}
{"context":"RouterExplorer","level":"info","message":"Mapped {/api/v1/ports/:id, DELETE} route","timestamp":"2026-05-21T06:56:34.851Z"}
{"context":"RoutesResolver","level":"info","message":"FilesController {/api/v1/files}:","timestamp":"2026-05-21T06:56:34.851Z"}
{"context":"RouterExplorer","level":"info","message":"Mapped {/api/v1/files, POST} route","timestamp":"2026-05-21T06:56:34.851Z"}
{"context":"RouterExplorer","level":"info","message":"Mapped {/api/v1/files, GET} route","timestamp":"2026-05-21T06:56:34.851Z"}
{"context":"RouterExplorer","level":"info","message":"Mapped {/api/v1/files/:id, GET} route","timestamp":"2026-05-21T06:56:34.851Z"}
{"context":"RouterExplorer","level":"info","message":"Mapped {/api/v1/files/:id, PATCH} route","timestamp":"2026-05-21T06:56:34.851Z"}
{"context":"RouterExplorer","level":"info","message":"Mapped {/api/v1/files/:id, DELETE} route","timestamp":"2026-05-21T06:56:34.851Z"}
{"context":"PrismaService","level":"info","message":"Kết nối database thành công","timestamp":"2026-05-21T06:56:34.891Z"}
{"context":"NestApplication","level":"info","message":"Nest application successfully started","timestamp":"2026-05-21T06:56:34.895Z"}
{"level":"info","message":"Khởi tạo ứng dụng...","timestamp":"2026-05-21T06:56:43.832Z"}
{"context":"NestFactory","level":"info","message":"Starting Nest application...","timestamp":"2026-05-21T06:56:43.901Z"}
{"context":"InstanceLoader","level":"info","message":"PassportModule dependencies initialized","timestamp":"2026-05-21T06:56:43.908Z"}
{"context":"InstanceLoader","level":"info","message":"ConfigHostModule dependencies initialized","timestamp":"2026-05-21T06:56:43.909Z"}
{"context":"InstanceLoader","level":"info","message":"AppModule dependencies initialized","timestamp":"2026-05-21T06:56:43.909Z"}
{"context":"PrismaService","level":"info","message":"🔌 Prisma Connection String: postgresql://admin:******@localhost:5433/kyc_asset_db?schema=public","timestamp":"2026-05-21T06:56:43.911Z"}
{"context":"InstanceLoader","level":"info","message":"PortsModule dependencies initialized","timestamp":"2026-05-21T06:56:43.912Z"}
{"context":"InstanceLoader","level":"info","message":"FilesModule dependencies initialized","timestamp":"2026-05-21T06:56:43.912Z"}
{"context":"InstanceLoader","level":"info","message":"ConfigModule dependencies initialized","timestamp":"2026-05-21T06:56:43.912Z"}
{"context":"InstanceLoader","level":"info","message":"CommonModule dependencies initialized","timestamp":"2026-05-21T06:56:43.912Z"}
{"context":"InstanceLoader","level":"info","message":"JwtModule dependencies initialized","timestamp":"2026-05-21T06:56:43.912Z"}
{"context":"InstanceLoader","level":"info","message":"PrismaModule dependencies initialized","timestamp":"2026-05-21T06:56:43.913Z"}
{"context":"InstanceLoader","level":"info","message":"WhitelistIpModule dependencies initialized","timestamp":"2026-05-21T06:56:43.914Z"}
{"context":"InstanceLoader","level":"info","message":"AttributeModule dependencies initialized","timestamp":"2026-05-21T06:56:43.914Z"}
{"context":"InstanceLoader","level":"info","message":"DepartmentsModule dependencies initialized","timestamp":"2026-05-21T06:56:43.914Z"}
{"context":"InstanceLoader","level":"info","message":"UsersModule dependencies initialized","timestamp":"2026-05-21T06:56:43.914Z"}
{"context":"InstanceLoader","level":"info","message":"RolesModule dependencies initialized","timestamp":"2026-05-21T06:56:43.915Z"}
{"context":"InstanceLoader","level":"info","message":"PermissionsModule dependencies initialized","timestamp":"2026-05-21T06:56:43.915Z"}
{"context":"InstanceLoader","level":"info","message":"AuthModule dependencies initialized","timestamp":"2026-05-21T06:56:43.915Z"}
{"context":"LegacyRouteConverter","level":"warn","message":"Unsupported route path: \"/api/v1/*\". In previous versions, the symbols ?, *, and + were used to denote optional or repeating path parameters. The latest version of \"path-to-regexp\" now requires the use of named parameters. For example, instead of using a route like /users/* to capture all routes starting with \"/users\", you should use /users/*path. For more details, refer to the migration guide. Attempting to auto-convert...","timestamp":"2026-05-21T06:56:43.943Z"}
{"context":"RoutesResolver","level":"info","message":"AppController {/api/v1/ping}:","timestamp":"2026-05-21T06:56:43.944Z"}
{"context":"RouterExplorer","level":"info","message":"Mapped {/api/v1/ping, GET} route","timestamp":"2026-05-21T06:56:43.945Z"}
{"context":"RoutesResolver","level":"info","message":"UsersController {/api/v1/users}:","timestamp":"2026-05-21T06:56:43.945Z"}
{"context":"RouterExplorer","level":"info","message":"Mapped {/api/v1/users, POST} route","timestamp":"2026-05-21T06:56:43.946Z"}
{"context":"RouterExplorer","level":"info","message":"Mapped {/api/v1/users, GET} route","timestamp":"2026-05-21T06:56:43.946Z"}
{"context":"RouterExplorer","level":"info","message":"Mapped {/api/v1/users/:id, GET} route","timestamp":"2026-05-21T06:56:43.947Z"}
{"context":"RouterExplorer","level":"info","message":"Mapped {/api/v1/users/:id, PATCH} route","timestamp":"2026-05-21T06:56:43.947Z"}
{"context":"RouterExplorer","level":"info","message":"Mapped {/api/v1/users/:id, DELETE} route","timestamp":"2026-05-21T06:56:43.947Z"}
{"context":"RoutesResolver","level":"info","message":"WhitelistIpController {/api/v1/whitelist-ip}:","timestamp":"2026-05-21T06:56:43.948Z"}
{"context":"RouterExplorer","level":"info","message":"Mapped {/api/v1/whitelist-ip, POST} route","timestamp":"2026-05-21T06:56:43.948Z"}
{"context":"RouterExplorer","level":"info","message":"Mapped {/api/v1/whitelist-ip, GET} route","timestamp":"2026-05-21T06:56:43.948Z"}
{"context":"RouterExplorer","level":"info","message":"Mapped {/api/v1/whitelist-ip/:id, GET} route","timestamp":"2026-05-21T06:56:43.949Z"}
{"context":"RouterExplorer","level":"info","message":"Mapped {/api/v1/whitelist-ip/:id, PATCH} route","timestamp":"2026-05-21T06:56:43.949Z"}
{"context":"RouterExplorer","level":"info","message":"Mapped {/api/v1/whitelist-ip/:id, DELETE} route","timestamp":"2026-05-21T06:56:43.950Z"}
{"context":"RoutesResolver","level":"info","message":"RolesController {/api/v1/roles}:","timestamp":"2026-05-21T06:56:43.950Z"}
{"context":"RouterExplorer","level":"info","message":"Mapped {/api/v1/roles, POST} route","timestamp":"2026-05-21T06:56:43.950Z"}
{"context":"RouterExplorer","level":"info","message":"Mapped {/api/v1/roles, GET} route","timestamp":"2026-05-21T06:56:43.950Z"}
{"context":"RouterExplorer","level":"info","message":"Mapped {/api/v1/roles/:id, GET} route","timestamp":"2026-05-21T06:56:43.951Z"}
{"context":"RouterExplorer","level":"info","message":"Mapped {/api/v1/roles/:id, PATCH} route","timestamp":"2026-05-21T06:56:43.951Z"}
{"context":"RouterExplorer","level":"info","message":"Mapped {/api/v1/roles/:id, DELETE} route","timestamp":"2026-05-21T06:56:43.951Z"}
{"context":"RoutesResolver","level":"info","message":"PermissionsController {/api/v1/permissions}:","timestamp":"2026-05-21T06:56:43.952Z"}
{"context":"RouterExplorer","level":"info","message":"Mapped {/api/v1/permissions, POST} route","timestamp":"2026-05-21T06:56:43.952Z"}
{"context":"RouterExplorer","level":"info","message":"Mapped {/api/v1/permissions, GET} route","timestamp":"2026-05-21T06:56:43.952Z"}
{"context":"RouterExplorer","level":"info","message":"Mapped {/api/v1/permissions/:id, PATCH} route","timestamp":"2026-05-21T06:56:43.953Z"}
{"context":"RouterExplorer","level":"info","message":"Mapped {/api/v1/permissions/:id, DELETE} route","timestamp":"2026-05-21T06:56:43.953Z"}
{"context":"RoutesResolver","level":"info","message":"AuthController {/api/v1/auth}:","timestamp":"2026-05-21T06:56:43.953Z"}
{"context":"RouterExplorer","level":"info","message":"Mapped {/api/v1/auth/register, POST} route","timestamp":"2026-05-21T06:56:43.954Z"}
{"context":"RouterExplorer","level":"info","message":"Mapped {/api/v1/auth/login, POST} route","timestamp":"2026-05-21T06:56:43.954Z"}
{"context":"RouterExplorer","level":"info","message":"Mapped {/api/v1/auth/refresh, POST} route","timestamp":"2026-05-21T06:56:43.954Z"}
{"context":"RouterExplorer","level":"info","message":"Mapped {/api/v1/auth/logout, POST} route","timestamp":"2026-05-21T06:56:43.955Z"}
{"context":"RouterExplorer","level":"info","message":"Mapped {/api/v1/auth/me, GET} route","timestamp":"2026-05-21T06:56:43.955Z"}
{"context":"RouterExplorer","level":"info","message":"Mapped {/api/v1/auth/me/password, PATCH} route","timestamp":"2026-05-21T06:56:43.955Z"}
{"context":"RoutesResolver","level":"info","message":"AttributeController {/api/v1/attribute}:","timestamp":"2026-05-21T06:56:43.956Z"}
{"context":"RouterExplorer","level":"info","message":"Mapped {/api/v1/attribute, POST} route","timestamp":"2026-05-21T06:56:43.956Z"}
{"context":"RouterExplorer","level":"info","message":"Mapped {/api/v1/attribute, GET} route","timestamp":"2026-05-21T06:56:43.956Z"}
{"context":"RouterExplorer","level":"info","message":"Mapped {/api/v1/attribute/:id, GET} route","timestamp":"2026-05-21T06:56:43.956Z"}
{"context":"RouterExplorer","level":"info","message":"Mapped {/api/v1/attribute/:id, PATCH} route","timestamp":"2026-05-21T06:56:43.957Z"}
{"context":"RouterExplorer","level":"info","message":"Mapped {/api/v1/attribute/:id, DELETE} route","timestamp":"2026-05-21T06:56:43.957Z"}
{"context":"RoutesResolver","level":"info","message":"DepartmentsController {/api/v1/departments}:","timestamp":"2026-05-21T06:56:43.957Z"}
{"context":"RouterExplorer","level":"info","message":"Mapped {/api/v1/departments, POST} route","timestamp":"2026-05-21T06:56:43.957Z"}
{"context":"RouterExplorer","level":"info","message":"Mapped {/api/v1/departments, GET} route","timestamp":"2026-05-21T06:56:43.958Z"}
{"context":"RouterExplorer","level":"info","message":"Mapped {/api/v1/departments/:id, GET} route","timestamp":"2026-05-21T06:56:43.958Z"}
{"context":"RouterExplorer","level":"info","message":"Mapped {/api/v1/departments/:id, PATCH} route","timestamp":"2026-05-21T06:56:43.958Z"}
{"context":"RouterExplorer","level":"info","message":"Mapped {/api/v1/departments/:id, DELETE} route","timestamp":"2026-05-21T06:56:43.958Z"}
{"context":"RoutesResolver","level":"info","message":"PortsController {/api/v1/ports}:","timestamp":"2026-05-21T06:56:43.959Z"}
{"context":"RouterExplorer","level":"info","message":"Mapped {/api/v1/ports, POST} route","timestamp":"2026-05-21T06:56:43.959Z"}
{"context":"RouterExplorer","level":"info","message":"Mapped {/api/v1/ports, GET} route","timestamp":"2026-05-21T06:56:43.959Z"}
{"context":"RouterExplorer","level":"info","message":"Mapped {/api/v1/ports/:id, GET} route","timestamp":"2026-05-21T06:56:43.960Z"}
{"context":"RouterExplorer","level":"info","message":"Mapped {/api/v1/ports/:id, PATCH} route","timestamp":"2026-05-21T06:56:43.960Z"}
{"context":"RouterExplorer","level":"info","message":"Mapped {/api/v1/ports/:id, DELETE} route","timestamp":"2026-05-21T06:56:43.960Z"}
{"context":"RoutesResolver","level":"info","message":"FilesController {/api/v1/files}:","timestamp":"2026-05-21T06:56:43.961Z"}
{"context":"RouterExplorer","level":"info","message":"Mapped {/api/v1/files, POST} route","timestamp":"2026-05-21T06:56:43.961Z"}
{"context":"RouterExplorer","level":"info","message":"Mapped {/api/v1/files, GET} route","timestamp":"2026-05-21T06:56:43.961Z"}
{"context":"RouterExplorer","level":"info","message":"Mapped {/api/v1/files/:id, GET} route","timestamp":"2026-05-21T06:56:43.962Z"}
{"context":"RouterExplorer","level":"info","message":"Mapped {/api/v1/files/:id, PATCH} route","timestamp":"2026-05-21T06:56:43.962Z"}
{"context":"RouterExplorer","level":"info","message":"Mapped {/api/v1/files/:id, DELETE} route","timestamp":"2026-05-21T06:56:43.962Z"}
{"context":"PrismaService","level":"info","message":"Kết nối database thành công","timestamp":"2026-05-21T06:56:44.004Z"}
{"context":"NestApplication","level":"info","message":"Nest application successfully started","timestamp":"2026-05-21T06:56:44.009Z"}
{"level":"info","message":"Khởi tạo ứng dụng...","timestamp":"2026-05-21T06:56:47.439Z"}
{"context":"NestFactory","level":"info","message":"Starting Nest application...","timestamp":"2026-05-21T06:56:47.507Z"}
{"context":"InstanceLoader","level":"info","message":"PassportModule dependencies initialized","timestamp":"2026-05-21T06:56:47.515Z"}
{"context":"InstanceLoader","level":"info","message":"ConfigHostModule dependencies initialized","timestamp":"2026-05-21T06:56:47.515Z"}
{"context":"InstanceLoader","level":"info","message":"AppModule dependencies initialized","timestamp":"2026-05-21T06:56:47.515Z"}
{"context":"PrismaService","level":"info","message":"🔌 Prisma Connection String: postgresql://admin:******@localhost:5433/kyc_asset_db?schema=public","timestamp":"2026-05-21T06:56:47.518Z"}
{"context":"InstanceLoader","level":"info","message":"PortsModule dependencies initialized","timestamp":"2026-05-21T06:56:47.518Z"}
{"context":"InstanceLoader","level":"info","message":"FilesModule dependencies initialized","timestamp":"2026-05-21T06:56:47.518Z"}
{"context":"InstanceLoader","level":"info","message":"ConfigModule dependencies initialized","timestamp":"2026-05-21T06:56:47.518Z"}
{"context":"InstanceLoader","level":"info","message":"CommonModule dependencies initialized","timestamp":"2026-05-21T06:56:47.519Z"}
{"context":"InstanceLoader","level":"info","message":"JwtModule dependencies initialized","timestamp":"2026-05-21T06:56:47.519Z"}
{"context":"InstanceLoader","level":"info","message":"PrismaModule dependencies initialized","timestamp":"2026-05-21T06:56:47.520Z"}
{"context":"InstanceLoader","level":"info","message":"WhitelistIpModule dependencies initialized","timestamp":"2026-05-21T06:56:47.521Z"}
{"context":"InstanceLoader","level":"info","message":"AttributeModule dependencies initialized","timestamp":"2026-05-21T06:56:47.521Z"}
{"context":"InstanceLoader","level":"info","message":"DepartmentsModule dependencies initialized","timestamp":"2026-05-21T06:56:47.521Z"}
{"context":"InstanceLoader","level":"info","message":"UsersModule dependencies initialized","timestamp":"2026-05-21T06:56:47.521Z"}
{"context":"InstanceLoader","level":"info","message":"RolesModule dependencies initialized","timestamp":"2026-05-21T06:56:47.521Z"}
{"context":"InstanceLoader","level":"info","message":"PermissionsModule dependencies initialized","timestamp":"2026-05-21T06:56:47.521Z"}
{"context":"InstanceLoader","level":"info","message":"AuthModule dependencies initialized","timestamp":"2026-05-21T06:56:47.522Z"}
{"context":"LegacyRouteConverter","level":"warn","message":"Unsupported route path: \"/api/v1/*\". In previous versions, the symbols ?, *, and + were used to denote optional or repeating path parameters. The latest version of \"path-to-regexp\" now requires the use of named parameters. For example, instead of using a route like /users/* to capture all routes starting with \"/users\", you should use /users/*path. For more details, refer to the migration guide. Attempting to auto-convert...","timestamp":"2026-05-21T06:56:47.545Z"}
{"context":"RoutesResolver","level":"info","message":"AppController {/api/v1/ping}:","timestamp":"2026-05-21T06:56:47.546Z"}
{"context":"RouterExplorer","level":"info","message":"Mapped {/api/v1/ping, GET} route","timestamp":"2026-05-21T06:56:47.547Z"}
{"context":"RoutesResolver","level":"info","message":"UsersController {/api/v1/users}:","timestamp":"2026-05-21T06:56:47.547Z"}
{"context":"RouterExplorer","level":"info","message":"Mapped {/api/v1/users, POST} route","timestamp":"2026-05-21T06:56:47.548Z"}
{"context":"RouterExplorer","level":"info","message":"Mapped {/api/v1/users, GET} route","timestamp":"2026-05-21T06:56:47.548Z"}
{"context":"RouterExplorer","level":"info","message":"Mapped {/api/v1/users/:id, GET} route","timestamp":"2026-05-21T06:56:47.549Z"}
{"context":"RouterExplorer","level":"info","message":"Mapped {/api/v1/users/:id, PATCH} route","timestamp":"2026-05-21T06:56:47.549Z"}
{"context":"RouterExplorer","level":"info","message":"Mapped {/api/v1/users/:id, DELETE} route","timestamp":"2026-05-21T06:56:47.549Z"}
{"context":"RoutesResolver","level":"info","message":"WhitelistIpController {/api/v1/whitelist-ip}:","timestamp":"2026-05-21T06:56:47.549Z"}
{"context":"RouterExplorer","level":"info","message":"Mapped {/api/v1/whitelist-ip, POST} route","timestamp":"2026-05-21T06:56:47.550Z"}
{"context":"RouterExplorer","level":"info","message":"Mapped {/api/v1/whitelist-ip, GET} route","timestamp":"2026-05-21T06:56:47.550Z"}
{"context":"RouterExplorer","level":"info","message":"Mapped {/api/v1/whitelist-ip/:id, GET} route","timestamp":"2026-05-21T06:56:47.550Z"}
{"context":"RouterExplorer","level":"info","message":"Mapped {/api/v1/whitelist-ip/:id, PATCH} route","timestamp":"2026-05-21T06:56:47.551Z"}
{"context":"RouterExplorer","level":"info","message":"Mapped {/api/v1/whitelist-ip/:id, DELETE} route","timestamp":"2026-05-21T06:56:47.551Z"}
{"context":"RoutesResolver","level":"info","message":"RolesController {/api/v1/roles}:","timestamp":"2026-05-21T06:56:47.551Z"}
{"context":"RouterExplorer","level":"info","message":"Mapped {/api/v1/roles, POST} route","timestamp":"2026-05-21T06:56:47.551Z"}
{"context":"RouterExplorer","level":"info","message":"Mapped {/api/v1/roles, GET} route","timestamp":"2026-05-21T06:56:47.552Z"}
{"context":"RouterExplorer","level":"info","message":"Mapped {/api/v1/roles/:id, GET} route","timestamp":"2026-05-21T06:56:47.552Z"}
{"context":"RouterExplorer","level":"info","message":"Mapped {/api/v1/roles/:id, PATCH} route","timestamp":"2026-05-21T06:56:47.552Z"}
{"context":"RouterExplorer","level":"info","message":"Mapped {/api/v1/roles/:id, DELETE} route","timestamp":"2026-05-21T06:56:47.552Z"}
{"context":"RoutesResolver","level":"info","message":"PermissionsController {/api/v1/permissions}:","timestamp":"2026-05-21T06:56:47.552Z"}
{"context":"RouterExplorer","level":"info","message":"Mapped {/api/v1/permissions, POST} route","timestamp":"2026-05-21T06:56:47.552Z"}
{"context":"RouterExplorer","level":"info","message":"Mapped {/api/v1/permissions, GET} route","timestamp":"2026-05-21T06:56:47.553Z"}
{"context":"RouterExplorer","level":"info","message":"Mapped {/api/v1/permissions/:id, PATCH} route","timestamp":"2026-05-21T06:56:47.553Z"}
{"context":"RouterExplorer","level":"info","message":"Mapped {/api/v1/permissions/:id, DELETE} route","timestamp":"2026-05-21T06:56:47.553Z"}
{"context":"RoutesResolver","level":"info","message":"AuthController {/api/v1/auth}:","timestamp":"2026-05-21T06:56:47.553Z"}
{"context":"RouterExplorer","level":"info","message":"Mapped {/api/v1/auth/register, POST} route","timestamp":"2026-05-21T06:56:47.553Z"}
{"context":"RouterExplorer","level":"info","message":"Mapped {/api/v1/auth/login, POST} route","timestamp":"2026-05-21T06:56:47.553Z"}
{"context":"RouterExplorer","level":"info","message":"Mapped {/api/v1/auth/refresh, POST} route","timestamp":"2026-05-21T06:56:47.553Z"}
{"context":"RouterExplorer","level":"info","message":"Mapped {/api/v1/auth/logout, POST} route","timestamp":"2026-05-21T06:56:47.554Z"}
{"context":"RouterExplorer","level":"info","message":"Mapped {/api/v1/auth/me, GET} route","timestamp":"2026-05-21T06:56:47.554Z"}
{"context":"RouterExplorer","level":"info","message":"Mapped {/api/v1/auth/me/password, PATCH} route","timestamp":"2026-05-21T06:56:47.554Z"}
{"context":"RoutesResolver","level":"info","message":"AttributeController {/api/v1/attribute}:","timestamp":"2026-05-21T06:56:47.554Z"}
{"context":"RouterExplorer","level":"info","message":"Mapped {/api/v1/attribute, POST} route","timestamp":"2026-05-21T06:56:47.554Z"}
{"context":"RouterExplorer","level":"info","message":"Mapped {/api/v1/attribute, GET} route","timestamp":"2026-05-21T06:56:47.554Z"}
{"context":"RouterExplorer","level":"info","message":"Mapped {/api/v1/attribute/:id, GET} route","timestamp":"2026-05-21T06:56:47.555Z"}
{"context":"RouterExplorer","level":"info","message":"Mapped {/api/v1/attribute/:id, PATCH} route","timestamp":"2026-05-21T06:56:47.555Z"}
{"context":"RouterExplorer","level":"info","message":"Mapped {/api/v1/attribute/:id, DELETE} route","timestamp":"2026-05-21T06:56:47.555Z"}
{"context":"RoutesResolver","level":"info","message":"DepartmentsController {/api/v1/departments}:","timestamp":"2026-05-21T06:56:47.555Z"}
{"context":"RouterExplorer","level":"info","message":"Mapped {/api/v1/departments, POST} route","timestamp":"2026-05-21T06:56:47.555Z"}
{"context":"RouterExplorer","level":"info","message":"Mapped {/api/v1/departments, GET} route","timestamp":"2026-05-21T06:56:47.556Z"}
{"context":"RouterExplorer","level":"info","message":"Mapped {/api/v1/departments/:id, GET} route","timestamp":"2026-05-21T06:56:47.556Z"}
{"context":"RouterExplorer","level":"info","message":"Mapped {/api/v1/departments/:id, PATCH} route","timestamp":"2026-05-21T06:56:47.556Z"}
{"context":"RouterExplorer","level":"info","message":"Mapped {/api/v1/departments/:id, DELETE} route","timestamp":"2026-05-21T06:56:47.556Z"}
{"context":"RoutesResolver","level":"info","message":"PortsController {/api/v1/ports}:","timestamp":"2026-05-21T06:56:47.556Z"}
{"context":"RouterExplorer","level":"info","message":"Mapped {/api/v1/ports, POST} route","timestamp":"2026-05-21T06:56:47.557Z"}
{"context":"RouterExplorer","level":"info","message":"Mapped {/api/v1/ports, GET} route","timestamp":"2026-05-21T06:56:47.557Z"}
{"context":"RouterExplorer","level":"info","message":"Mapped {/api/v1/ports/:id, GET} route","timestamp":"2026-05-21T06:56:47.557Z"}
{"context":"RouterExplorer","level":"info","message":"Mapped {/api/v1/ports/:id, PATCH} route","timestamp":"2026-05-21T06:56:47.557Z"}
{"context":"RouterExplorer","level":"info","message":"Mapped {/api/v1/ports/:id, DELETE} route","timestamp":"2026-05-21T06:56:47.557Z"}
{"context":"RoutesResolver","level":"info","message":"FilesController {/api/v1/files}:","timestamp":"2026-05-21T06:56:47.558Z"}
{"context":"RouterExplorer","level":"info","message":"Mapped {/api/v1/files, POST} route","timestamp":"2026-05-21T06:56:47.558Z"}
{"context":"RouterExplorer","level":"info","message":"Mapped {/api/v1/files, GET} route","timestamp":"2026-05-21T06:56:47.558Z"}
{"context":"RouterExplorer","level":"info","message":"Mapped {/api/v1/files/:id, GET} route","timestamp":"2026-05-21T06:56:47.558Z"}
{"context":"RouterExplorer","level":"info","message":"Mapped {/api/v1/files/:id, PATCH} route","timestamp":"2026-05-21T06:56:47.558Z"}
{"context":"RouterExplorer","level":"info","message":"Mapped {/api/v1/files/:id, DELETE} route","timestamp":"2026-05-21T06:56:47.558Z"}
{"context":"PrismaService","level":"info","message":"Kết nối database thành công","timestamp":"2026-05-21T06:56:47.597Z"}
{"context":"NestApplication","level":"info","message":"Nest application successfully started","timestamp":"2026-05-21T06:56:47.602Z"}
{"level":"info","message":"Khởi tạo ứng dụng...","timestamp":"2026-05-21T07:39:30.380Z"}
{"context":"NestFactory","level":"info","message":"Starting Nest application...","timestamp":"2026-05-21T07:39:30.462Z"}
{"context":"InstanceLoader","level":"info","message":"PassportModule dependencies initialized","timestamp":"2026-05-21T07:39:30.469Z"}
{"context":"InstanceLoader","level":"info","message":"ConfigHostModule dependencies initialized","timestamp":"2026-05-21T07:39:30.469Z"}
{"context":"InstanceLoader","level":"info","message":"AppModule dependencies initialized","timestamp":"2026-05-21T07:39:30.470Z"}
{"context":"PrismaService","level":"info","message":"🔌 Prisma Connection String: postgresql://admin:******@localhost:5433/kyc_asset_db?schema=public","timestamp":"2026-05-21T07:39:30.472Z"}
{"context":"InstanceLoader","level":"info","message":"PortsModule dependencies initialized","timestamp":"2026-05-21T07:39:30.473Z"}
{"context":"InstanceLoader","level":"info","message":"FilesModule dependencies initialized","timestamp":"2026-05-21T07:39:30.473Z"}
{"context":"InstanceLoader","level":"info","message":"ConfigModule dependencies initialized","timestamp":"2026-05-21T07:39:30.473Z"}
{"context":"InstanceLoader","level":"info","message":"CommonModule dependencies initialized","timestamp":"2026-05-21T07:39:30.473Z"}
{"context":"InstanceLoader","level":"info","message":"JwtModule dependencies initialized","timestamp":"2026-05-21T07:39:30.474Z"}
{"context":"InstanceLoader","level":"info","message":"PrismaModule dependencies initialized","timestamp":"2026-05-21T07:39:30.474Z"}
{"context":"InstanceLoader","level":"info","message":"WhitelistIpModule dependencies initialized","timestamp":"2026-05-21T07:39:30.476Z"}
{"context":"InstanceLoader","level":"info","message":"AttributeModule dependencies initialized","timestamp":"2026-05-21T07:39:30.476Z"}
{"context":"InstanceLoader","level":"info","message":"DepartmentsModule dependencies initialized","timestamp":"2026-05-21T07:39:30.476Z"}
{"context":"InstanceLoader","level":"info","message":"UsersModule dependencies initialized","timestamp":"2026-05-21T07:39:30.476Z"}
{"context":"InstanceLoader","level":"info","message":"RolesModule dependencies initialized","timestamp":"2026-05-21T07:39:30.476Z"}
{"context":"InstanceLoader","level":"info","message":"PermissionsModule dependencies initialized","timestamp":"2026-05-21T07:39:30.476Z"}
{"context":"InstanceLoader","level":"info","message":"AuthModule dependencies initialized","timestamp":"2026-05-21T07:39:30.476Z"}
{"context":"LegacyRouteConverter","level":"warn","message":"Unsupported route path: \"/api/v1/*\". In previous versions, the symbols ?, *, and + were used to denote optional or repeating path parameters. The latest version of \"path-to-regexp\" now requires the use of named parameters. For example, instead of using a route like /users/* to capture all routes starting with \"/users\", you should use /users/*path. For more details, refer to the migration guide. Attempting to auto-convert...","timestamp":"2026-05-21T07:39:30.502Z"}
{"context":"RoutesResolver","level":"info","message":"AppController {/api/v1/ping}:","timestamp":"2026-05-21T07:39:30.502Z"}
{"context":"RouterExplorer","level":"info","message":"Mapped {/api/v1/ping, GET} route","timestamp":"2026-05-21T07:39:30.503Z"}
{"context":"RoutesResolver","level":"info","message":"UsersController {/api/v1/users}:","timestamp":"2026-05-21T07:39:30.503Z"}
{"context":"RouterExplorer","level":"info","message":"Mapped {/api/v1/users, POST} route","timestamp":"2026-05-21T07:39:30.504Z"}
{"context":"RouterExplorer","level":"info","message":"Mapped {/api/v1/users, GET} route","timestamp":"2026-05-21T07:39:30.504Z"}
{"context":"RouterExplorer","level":"info","message":"Mapped {/api/v1/users/:id, GET} route","timestamp":"2026-05-21T07:39:30.504Z"}
{"context":"RouterExplorer","level":"info","message":"Mapped {/api/v1/users/:id, PATCH} route","timestamp":"2026-05-21T07:39:30.504Z"}
{"context":"RouterExplorer","level":"info","message":"Mapped {/api/v1/users/:id, DELETE} route","timestamp":"2026-05-21T07:39:30.505Z"}
{"context":"RoutesResolver","level":"info","message":"WhitelistIpController {/api/v1/whitelist-ip}:","timestamp":"2026-05-21T07:39:30.505Z"}
{"context":"RouterExplorer","level":"info","message":"Mapped {/api/v1/whitelist-ip, POST} route","timestamp":"2026-05-21T07:39:30.505Z"}
{"context":"RouterExplorer","level":"info","message":"Mapped {/api/v1/whitelist-ip, GET} route","timestamp":"2026-05-21T07:39:30.505Z"}
{"context":"RouterExplorer","level":"info","message":"Mapped {/api/v1/whitelist-ip/:id, GET} route","timestamp":"2026-05-21T07:39:30.505Z"}
{"context":"RouterExplorer","level":"info","message":"Mapped {/api/v1/whitelist-ip/:id, PATCH} route","timestamp":"2026-05-21T07:39:30.506Z"}
{"context":"RouterExplorer","level":"info","message":"Mapped {/api/v1/whitelist-ip/:id, DELETE} route","timestamp":"2026-05-21T07:39:30.506Z"}
{"context":"RoutesResolver","level":"info","message":"RolesController {/api/v1/roles}:","timestamp":"2026-05-21T07:39:30.506Z"}
{"context":"RouterExplorer","level":"info","message":"Mapped {/api/v1/roles, POST} route","timestamp":"2026-05-21T07:39:30.506Z"}
{"context":"RouterExplorer","level":"info","message":"Mapped {/api/v1/roles, GET} route","timestamp":"2026-05-21T07:39:30.506Z"}
{"context":"RouterExplorer","level":"info","message":"Mapped {/api/v1/roles/:id, GET} route","timestamp":"2026-05-21T07:39:30.506Z"}
{"context":"RouterExplorer","level":"info","message":"Mapped {/api/v1/roles/:id, PATCH} route","timestamp":"2026-05-21T07:39:30.507Z"}
{"context":"RouterExplorer","level":"info","message":"Mapped {/api/v1/roles/:id, DELETE} route","timestamp":"2026-05-21T07:39:30.507Z"}
{"context":"RoutesResolver","level":"info","message":"PermissionsController {/api/v1/permissions}:","timestamp":"2026-05-21T07:39:30.507Z"}
{"context":"RouterExplorer","level":"info","message":"Mapped {/api/v1/permissions, POST} route","timestamp":"2026-05-21T07:39:30.507Z"}
{"context":"RouterExplorer","level":"info","message":"Mapped {/api/v1/permissions, GET} route","timestamp":"2026-05-21T07:39:30.508Z"}
{"context":"RouterExplorer","level":"info","message":"Mapped {/api/v1/permissions/:id, PATCH} route","timestamp":"2026-05-21T07:39:30.508Z"}
{"context":"RouterExplorer","level":"info","message":"Mapped {/api/v1/permissions/:id, DELETE} route","timestamp":"2026-05-21T07:39:30.508Z"}
{"context":"RoutesResolver","level":"info","message":"AuthController {/api/v1/auth}:","timestamp":"2026-05-21T07:39:30.508Z"}
{"context":"RouterExplorer","level":"info","message":"Mapped {/api/v1/auth/register, POST} route","timestamp":"2026-05-21T07:39:30.509Z"}
{"context":"RouterExplorer","level":"info","message":"Mapped {/api/v1/auth/login, POST} route","timestamp":"2026-05-21T07:39:30.509Z"}
{"context":"RouterExplorer","level":"info","message":"Mapped {/api/v1/auth/refresh, POST} route","timestamp":"2026-05-21T07:39:30.509Z"}
{"context":"RouterExplorer","level":"info","message":"Mapped {/api/v1/auth/logout, POST} route","timestamp":"2026-05-21T07:39:30.509Z"}
{"context":"RouterExplorer","level":"info","message":"Mapped {/api/v1/auth/me, GET} route","timestamp":"2026-05-21T07:39:30.509Z"}
{"context":"RouterExplorer","level":"info","message":"Mapped {/api/v1/auth/me/password, PATCH} route","timestamp":"2026-05-21T07:39:30.509Z"}
{"context":"RoutesResolver","level":"info","message":"AttributeController {/api/v1/attribute}:","timestamp":"2026-05-21T07:39:30.509Z"}
{"context":"RouterExplorer","level":"info","message":"Mapped {/api/v1/attribute, POST} route","timestamp":"2026-05-21T07:39:30.510Z"}
{"context":"RouterExplorer","level":"info","message":"Mapped {/api/v1/attribute, GET} route","timestamp":"2026-05-21T07:39:30.510Z"}
{"context":"RouterExplorer","level":"info","message":"Mapped {/api/v1/attribute/:id, GET} route","timestamp":"2026-05-21T07:39:30.510Z"}
{"context":"RouterExplorer","level":"info","message":"Mapped {/api/v1/attribute/:id, PATCH} route","timestamp":"2026-05-21T07:39:30.510Z"}
{"context":"RouterExplorer","level":"info","message":"Mapped {/api/v1/attribute/:id, DELETE} route","timestamp":"2026-05-21T07:39:30.510Z"}
{"context":"RoutesResolver","level":"info","message":"DepartmentsController {/api/v1/departments}:","timestamp":"2026-05-21T07:39:30.510Z"}
{"context":"RouterExplorer","level":"info","message":"Mapped {/api/v1/departments, POST} route","timestamp":"2026-05-21T07:39:30.511Z"}
{"context":"RouterExplorer","level":"info","message":"Mapped {/api/v1/departments, GET} route","timestamp":"2026-05-21T07:39:30.511Z"}
{"context":"RouterExplorer","level":"info","message":"Mapped {/api/v1/departments/:id, GET} route","timestamp":"2026-05-21T07:39:30.511Z"}
{"context":"RouterExplorer","level":"info","message":"Mapped {/api/v1/departments/:id, PATCH} route","timestamp":"2026-05-21T07:39:30.511Z"}
{"context":"RouterExplorer","level":"info","message":"Mapped {/api/v1/departments/:id, DELETE} route","timestamp":"2026-05-21T07:39:30.511Z"}
{"context":"RoutesResolver","level":"info","message":"PortsController {/api/v1/ports}:","timestamp":"2026-05-21T07:39:30.511Z"}
{"context":"RouterExplorer","level":"info","message":"Mapped {/api/v1/ports, POST} route","timestamp":"2026-05-21T07:39:30.512Z"}
{"context":"RouterExplorer","level":"info","message":"Mapped {/api/v1/ports, GET} route","timestamp":"2026-05-21T07:39:30.512Z"}
{"context":"RouterExplorer","level":"info","message":"Mapped {/api/v1/ports/:id, GET} route","timestamp":"2026-05-21T07:39:30.512Z"}
{"context":"RouterExplorer","level":"info","message":"Mapped {/api/v1/ports/:id, PATCH} route","timestamp":"2026-05-21T07:39:30.512Z"}
{"context":"RouterExplorer","level":"info","message":"Mapped {/api/v1/ports/:id, DELETE} route","timestamp":"2026-05-21T07:39:30.512Z"}
{"context":"RoutesResolver","level":"info","message":"FilesController {/api/v1/files}:","timestamp":"2026-05-21T07:39:30.513Z"}
{"context":"RouterExplorer","level":"info","message":"Mapped {/api/v1/files, POST} route","timestamp":"2026-05-21T07:39:30.513Z"}
{"context":"RouterExplorer","level":"info","message":"Mapped {/api/v1/files, GET} route","timestamp":"2026-05-21T07:39:30.513Z"}
{"context":"RouterExplorer","level":"info","message":"Mapped {/api/v1/files/:id, GET} route","timestamp":"2026-05-21T07:39:30.513Z"}
{"context":"RouterExplorer","level":"info","message":"Mapped {/api/v1/files/:id, PATCH} route","timestamp":"2026-05-21T07:39:30.513Z"}
{"context":"RouterExplorer","level":"info","message":"Mapped {/api/v1/files/:id, DELETE} route","timestamp":"2026-05-21T07:39:30.513Z"}
{"context":"PrismaService","level":"info","message":"Kết nối database thành công","timestamp":"2026-05-21T07:39:30.552Z"}
{"context":"NestApplication","level":"info","message":"Nest application successfully started","timestamp":"2026-05-21T07:39:30.556Z"}
{"level":"info","message":"Khởi tạo ứng dụng...","timestamp":"2026-05-21T07:39:32.167Z"}
{"context":"NestFactory","level":"info","message":"Starting Nest application...","timestamp":"2026-05-21T07:39:32.237Z"}
{"context":"InstanceLoader","level":"info","message":"PassportModule dependencies initialized","timestamp":"2026-05-21T07:39:32.244Z"}
{"context":"InstanceLoader","level":"info","message":"ConfigHostModule dependencies initialized","timestamp":"2026-05-21T07:39:32.245Z"}
{"context":"InstanceLoader","level":"info","message":"AppModule dependencies initialized","timestamp":"2026-05-21T07:39:32.245Z"}
{"context":"PrismaService","level":"info","message":"🔌 Prisma Connection String: postgresql://admin:******@localhost:5433/kyc_asset_db?schema=public","timestamp":"2026-05-21T07:39:32.248Z"}
{"context":"InstanceLoader","level":"info","message":"PortsModule dependencies initialized","timestamp":"2026-05-21T07:39:32.248Z"}
{"context":"InstanceLoader","level":"info","message":"FilesModule dependencies initialized","timestamp":"2026-05-21T07:39:32.248Z"}
{"context":"InstanceLoader","level":"info","message":"ConfigModule dependencies initialized","timestamp":"2026-05-21T07:39:32.248Z"}
{"context":"InstanceLoader","level":"info","message":"CommonModule dependencies initialized","timestamp":"2026-05-21T07:39:32.248Z"}
{"context":"InstanceLoader","level":"info","message":"JwtModule dependencies initialized","timestamp":"2026-05-21T07:39:32.249Z"}
{"context":"InstanceLoader","level":"info","message":"PrismaModule dependencies initialized","timestamp":"2026-05-21T07:39:32.249Z"}
{"context":"InstanceLoader","level":"info","message":"WhitelistIpModule dependencies initialized","timestamp":"2026-05-21T07:39:32.250Z"}
{"context":"InstanceLoader","level":"info","message":"AttributeModule dependencies initialized","timestamp":"2026-05-21T07:39:32.250Z"}
{"context":"InstanceLoader","level":"info","message":"DepartmentsModule dependencies initialized","timestamp":"2026-05-21T07:39:32.251Z"}
{"context":"InstanceLoader","level":"info","message":"UsersModule dependencies initialized","timestamp":"2026-05-21T07:39:32.251Z"}
{"context":"InstanceLoader","level":"info","message":"RolesModule dependencies initialized","timestamp":"2026-05-21T07:39:32.251Z"}
{"context":"InstanceLoader","level":"info","message":"PermissionsModule dependencies initialized","timestamp":"2026-05-21T07:39:32.251Z"}
{"context":"InstanceLoader","level":"info","message":"AuthModule dependencies initialized","timestamp":"2026-05-21T07:39:32.251Z"}
{"context":"LegacyRouteConverter","level":"warn","message":"Unsupported route path: \"/api/v1/*\". In previous versions, the symbols ?, *, and + were used to denote optional or repeating path parameters. The latest version of \"path-to-regexp\" now requires the use of named parameters. For example, instead of using a route like /users/* to capture all routes starting with \"/users\", you should use /users/*path. For more details, refer to the migration guide. Attempting to auto-convert...","timestamp":"2026-05-21T07:39:32.277Z"}
{"context":"RoutesResolver","level":"info","message":"AppController {/api/v1/ping}:","timestamp":"2026-05-21T07:39:32.277Z"}
{"context":"RouterExplorer","level":"info","message":"Mapped {/api/v1/ping, GET} route","timestamp":"2026-05-21T07:39:32.278Z"}
{"context":"RoutesResolver","level":"info","message":"UsersController {/api/v1/users}:","timestamp":"2026-05-21T07:39:32.279Z"}
{"context":"RouterExplorer","level":"info","message":"Mapped {/api/v1/users, POST} route","timestamp":"2026-05-21T07:39:32.279Z"}
{"context":"RouterExplorer","level":"info","message":"Mapped {/api/v1/users, GET} route","timestamp":"2026-05-21T07:39:32.279Z"}
{"context":"RouterExplorer","level":"info","message":"Mapped {/api/v1/users/:id, GET} route","timestamp":"2026-05-21T07:39:32.280Z"}
{"context":"RouterExplorer","level":"info","message":"Mapped {/api/v1/users/:id, PATCH} route","timestamp":"2026-05-21T07:39:32.280Z"}
{"context":"RouterExplorer","level":"info","message":"Mapped {/api/v1/users/:id, DELETE} route","timestamp":"2026-05-21T07:39:32.280Z"}
{"context":"RoutesResolver","level":"info","message":"WhitelistIpController {/api/v1/whitelist-ip}:","timestamp":"2026-05-21T07:39:32.280Z"}
{"context":"RouterExplorer","level":"info","message":"Mapped {/api/v1/whitelist-ip, POST} route","timestamp":"2026-05-21T07:39:32.280Z"}
{"context":"RouterExplorer","level":"info","message":"Mapped {/api/v1/whitelist-ip, GET} route","timestamp":"2026-05-21T07:39:32.281Z"}
{"context":"RouterExplorer","level":"info","message":"Mapped {/api/v1/whitelist-ip/:id, GET} route","timestamp":"2026-05-21T07:39:32.281Z"}
{"context":"RouterExplorer","level":"info","message":"Mapped {/api/v1/whitelist-ip/:id, PATCH} route","timestamp":"2026-05-21T07:39:32.281Z"}
{"context":"RouterExplorer","level":"info","message":"Mapped {/api/v1/whitelist-ip/:id, DELETE} route","timestamp":"2026-05-21T07:39:32.281Z"}
{"context":"RoutesResolver","level":"info","message":"RolesController {/api/v1/roles}:","timestamp":"2026-05-21T07:39:32.281Z"}
{"context":"RouterExplorer","level":"info","message":"Mapped {/api/v1/roles, POST} route","timestamp":"2026-05-21T07:39:32.282Z"}
{"context":"RouterExplorer","level":"info","message":"Mapped {/api/v1/roles, GET} route","timestamp":"2026-05-21T07:39:32.282Z"}
{"context":"RouterExplorer","level":"info","message":"Mapped {/api/v1/roles/:id, GET} route","timestamp":"2026-05-21T07:39:32.282Z"}
{"context":"RouterExplorer","level":"info","message":"Mapped {/api/v1/roles/:id, PATCH} route","timestamp":"2026-05-21T07:39:32.282Z"}
{"context":"RouterExplorer","level":"info","message":"Mapped {/api/v1/roles/:id, DELETE} route","timestamp":"2026-05-21T07:39:32.282Z"}
{"context":"RoutesResolver","level":"info","message":"PermissionsController {/api/v1/permissions}:","timestamp":"2026-05-21T07:39:32.282Z"}
{"context":"RouterExplorer","level":"info","message":"Mapped {/api/v1/permissions, POST} route","timestamp":"2026-05-21T07:39:32.283Z"}
{"context":"RouterExplorer","level":"info","message":"Mapped {/api/v1/permissions, GET} route","timestamp":"2026-05-21T07:39:32.283Z"}
{"context":"RouterExplorer","level":"info","message":"Mapped {/api/v1/permissions/:id, PATCH} route","timestamp":"2026-05-21T07:39:32.283Z"}
{"context":"RouterExplorer","level":"info","message":"Mapped {/api/v1/permissions/:id, DELETE} route","timestamp":"2026-05-21T07:39:32.283Z"}
{"context":"RoutesResolver","level":"info","message":"AuthController {/api/v1/auth}:","timestamp":"2026-05-21T07:39:32.283Z"}
{"context":"RouterExplorer","level":"info","message":"Mapped {/api/v1/auth/register, POST} route","timestamp":"2026-05-21T07:39:32.283Z"}
{"context":"RouterExplorer","level":"info","message":"Mapped {/api/v1/auth/login, POST} route","timestamp":"2026-05-21T07:39:32.284Z"}
{"context":"RouterExplorer","level":"info","message":"Mapped {/api/v1/auth/refresh, POST} route","timestamp":"2026-05-21T07:39:32.284Z"}
{"context":"RouterExplorer","level":"info","message":"Mapped {/api/v1/auth/logout, POST} route","timestamp":"2026-05-21T07:39:32.284Z"}
{"context":"RouterExplorer","level":"info","message":"Mapped {/api/v1/auth/me, GET} route","timestamp":"2026-05-21T07:39:32.284Z"}
{"context":"RouterExplorer","level":"info","message":"Mapped {/api/v1/auth/me/password, PATCH} route","timestamp":"2026-05-21T07:39:32.284Z"}
{"context":"RoutesResolver","level":"info","message":"AttributeController {/api/v1/attribute}:","timestamp":"2026-05-21T07:39:32.284Z"}
{"context":"RouterExplorer","level":"info","message":"Mapped {/api/v1/attribute, POST} route","timestamp":"2026-05-21T07:39:32.284Z"}
{"context":"RouterExplorer","level":"info","message":"Mapped {/api/v1/attribute, GET} route","timestamp":"2026-05-21T07:39:32.285Z"}
{"context":"RouterExplorer","level":"info","message":"Mapped {/api/v1/attribute/:id, GET} route","timestamp":"2026-05-21T07:39:32.285Z"}
{"context":"RouterExplorer","level":"info","message":"Mapped {/api/v1/attribute/:id, PATCH} route","timestamp":"2026-05-21T07:39:32.285Z"}
{"context":"RouterExplorer","level":"info","message":"Mapped {/api/v1/attribute/:id, DELETE} route","timestamp":"2026-05-21T07:39:32.285Z"}
{"context":"RoutesResolver","level":"info","message":"DepartmentsController {/api/v1/departments}:","timestamp":"2026-05-21T07:39:32.285Z"}
{"context":"RouterExplorer","level":"info","message":"Mapped {/api/v1/departments, POST} route","timestamp":"2026-05-21T07:39:32.285Z"}
{"context":"RouterExplorer","level":"info","message":"Mapped {/api/v1/departments, GET} route","timestamp":"2026-05-21T07:39:32.285Z"}
{"context":"RouterExplorer","level":"info","message":"Mapped {/api/v1/departments/:id, GET} route","timestamp":"2026-05-21T07:39:32.285Z"}
{"context":"RouterExplorer","level":"info","message":"Mapped {/api/v1/departments/:id, PATCH} route","timestamp":"2026-05-21T07:39:32.286Z"}
{"context":"RouterExplorer","level":"info","message":"Mapped {/api/v1/departments/:id, DELETE} route","timestamp":"2026-05-21T07:39:32.286Z"}
{"context":"RoutesResolver","level":"info","message":"PortsController {/api/v1/ports}:","timestamp":"2026-05-21T07:39:32.286Z"}
{"context":"RouterExplorer","level":"info","message":"Mapped {/api/v1/ports, POST} route","timestamp":"2026-05-21T07:39:32.286Z"}
{"context":"RouterExplorer","level":"info","message":"Mapped {/api/v1/ports, GET} route","timestamp":"2026-05-21T07:39:32.286Z"}
{"context":"RouterExplorer","level":"info","message":"Mapped {/api/v1/ports/:id, GET} route","timestamp":"2026-05-21T07:39:32.286Z"}
{"context":"RouterExplorer","level":"info","message":"Mapped {/api/v1/ports/:id, PATCH} route","timestamp":"2026-05-21T07:39:32.287Z"}
{"context":"RouterExplorer","level":"info","message":"Mapped {/api/v1/ports/:id, DELETE} route","timestamp":"2026-05-21T07:39:32.287Z"}
{"context":"RoutesResolver","level":"info","message":"FilesController {/api/v1/files}:","timestamp":"2026-05-21T07:39:32.287Z"}
{"context":"RouterExplorer","level":"info","message":"Mapped {/api/v1/files, POST} route","timestamp":"2026-05-21T07:39:32.287Z"}
{"context":"RouterExplorer","level":"info","message":"Mapped {/api/v1/files, GET} route","timestamp":"2026-05-21T07:39:32.287Z"}
{"context":"RouterExplorer","level":"info","message":"Mapped {/api/v1/files/:id, GET} route","timestamp":"2026-05-21T07:39:32.288Z"}
{"context":"RouterExplorer","level":"info","message":"Mapped {/api/v1/files/:id, PATCH} route","timestamp":"2026-05-21T07:39:32.288Z"}
{"context":"RouterExplorer","level":"info","message":"Mapped {/api/v1/files/:id, DELETE} route","timestamp":"2026-05-21T07:39:32.288Z"}
{"context":"PrismaService","level":"info","message":"Kết nối database thành công","timestamp":"2026-05-21T07:39:32.325Z"}
{"context":"NestApplication","level":"info","message":"Nest application successfully started","timestamp":"2026-05-21T07:39:32.326Z"}
{"level":"info","message":"Khởi tạo ứng dụng...","timestamp":"2026-05-21T07:43:44.072Z"}
{"context":"NestFactory","level":"info","message":"Starting Nest application...","timestamp":"2026-05-21T07:43:44.143Z"}
{"context":"InstanceLoader","level":"info","message":"PassportModule dependencies initialized","timestamp":"2026-05-21T07:43:44.151Z"}
{"context":"InstanceLoader","level":"info","message":"ConfigHostModule dependencies initialized","timestamp":"2026-05-21T07:43:44.152Z"}
{"context":"InstanceLoader","level":"info","message":"AppModule dependencies initialized","timestamp":"2026-05-21T07:43:44.152Z"}
{"context":"PrismaService","level":"info","message":"🔌 Prisma Connection String: postgresql://admin:******@localhost:5433/kyc_asset_db?schema=public","timestamp":"2026-05-21T07:43:44.154Z"}
{"context":"InstanceLoader","level":"info","message":"PortsModule dependencies initialized","timestamp":"2026-05-21T07:43:44.155Z"}
{"context":"InstanceLoader","level":"info","message":"FilesModule dependencies initialized","timestamp":"2026-05-21T07:43:44.155Z"}
{"context":"InstanceLoader","level":"info","message":"ConfigModule dependencies initialized","timestamp":"2026-05-21T07:43:44.155Z"}
{"context":"InstanceLoader","level":"info","message":"CommonModule dependencies initialized","timestamp":"2026-05-21T07:43:44.155Z"}
{"context":"InstanceLoader","level":"info","message":"JwtModule dependencies initialized","timestamp":"2026-05-21T07:43:44.156Z"}
{"context":"InstanceLoader","level":"info","message":"PrismaModule dependencies initialized","timestamp":"2026-05-21T07:43:44.156Z"}
{"context":"InstanceLoader","level":"info","message":"WhitelistIpModule dependencies initialized","timestamp":"2026-05-21T07:43:44.157Z"}
{"context":"InstanceLoader","level":"info","message":"AttributeModule dependencies initialized","timestamp":"2026-05-21T07:43:44.158Z"}
{"context":"InstanceLoader","level":"info","message":"DepartmentsModule dependencies initialized","timestamp":"2026-05-21T07:43:44.158Z"}
{"context":"InstanceLoader","level":"info","message":"UsersModule dependencies initialized","timestamp":"2026-05-21T07:43:44.158Z"}
{"context":"InstanceLoader","level":"info","message":"RolesModule dependencies initialized","timestamp":"2026-05-21T07:43:44.158Z"}
{"context":"InstanceLoader","level":"info","message":"PermissionsModule dependencies initialized","timestamp":"2026-05-21T07:43:44.158Z"}
{"context":"InstanceLoader","level":"info","message":"AuthModule dependencies initialized","timestamp":"2026-05-21T07:43:44.158Z"}
{"context":"LegacyRouteConverter","level":"warn","message":"Unsupported route path: \"/api/v1/*\". In previous versions, the symbols ?, *, and + were used to denote optional or repeating path parameters. The latest version of \"path-to-regexp\" now requires the use of named parameters. For example, instead of using a route like /users/* to capture all routes starting with \"/users\", you should use /users/*path. For more details, refer to the migration guide. Attempting to auto-convert...","timestamp":"2026-05-21T07:43:44.183Z"}
{"context":"RoutesResolver","level":"info","message":"AppController {/api/v1/ping}:","timestamp":"2026-05-21T07:43:44.183Z"}
{"context":"RouterExplorer","level":"info","message":"Mapped {/api/v1/ping, GET} route","timestamp":"2026-05-21T07:43:44.184Z"}
{"context":"RoutesResolver","level":"info","message":"UsersController {/api/v1/users}:","timestamp":"2026-05-21T07:43:44.185Z"}
{"context":"RouterExplorer","level":"info","message":"Mapped {/api/v1/users, POST} route","timestamp":"2026-05-21T07:43:44.185Z"}
{"context":"RouterExplorer","level":"info","message":"Mapped {/api/v1/users, GET} route","timestamp":"2026-05-21T07:43:44.185Z"}
{"context":"RouterExplorer","level":"info","message":"Mapped {/api/v1/users/:id, GET} route","timestamp":"2026-05-21T07:43:44.186Z"}
{"context":"RouterExplorer","level":"info","message":"Mapped {/api/v1/users/:id, PATCH} route","timestamp":"2026-05-21T07:43:44.186Z"}
{"context":"RouterExplorer","level":"info","message":"Mapped {/api/v1/users/:id, DELETE} route","timestamp":"2026-05-21T07:43:44.186Z"}
{"context":"RoutesResolver","level":"info","message":"WhitelistIpController {/api/v1/whitelist-ip}:","timestamp":"2026-05-21T07:43:44.186Z"}
{"context":"RouterExplorer","level":"info","message":"Mapped {/api/v1/whitelist-ip, POST} route","timestamp":"2026-05-21T07:43:44.186Z"}
{"context":"RouterExplorer","level":"info","message":"Mapped {/api/v1/whitelist-ip, GET} route","timestamp":"2026-05-21T07:43:44.187Z"}
{"context":"RouterExplorer","level":"info","message":"Mapped {/api/v1/whitelist-ip/:id, GET} route","timestamp":"2026-05-21T07:43:44.187Z"}
{"context":"RouterExplorer","level":"info","message":"Mapped {/api/v1/whitelist-ip/:id, PATCH} route","timestamp":"2026-05-21T07:43:44.187Z"}
{"context":"RouterExplorer","level":"info","message":"Mapped {/api/v1/whitelist-ip/:id, DELETE} route","timestamp":"2026-05-21T07:43:44.187Z"}
{"context":"RoutesResolver","level":"info","message":"RolesController {/api/v1/roles}:","timestamp":"2026-05-21T07:43:44.187Z"}
{"context":"RouterExplorer","level":"info","message":"Mapped {/api/v1/roles, POST} route","timestamp":"2026-05-21T07:43:44.188Z"}
{"context":"RouterExplorer","level":"info","message":"Mapped {/api/v1/roles, GET} route","timestamp":"2026-05-21T07:43:44.188Z"}
{"context":"RouterExplorer","level":"info","message":"Mapped {/api/v1/roles/:id, GET} route","timestamp":"2026-05-21T07:43:44.188Z"}
{"context":"RouterExplorer","level":"info","message":"Mapped {/api/v1/roles/:id, PATCH} route","timestamp":"2026-05-21T07:43:44.189Z"}
{"context":"RouterExplorer","level":"info","message":"Mapped {/api/v1/roles/:id, DELETE} route","timestamp":"2026-05-21T07:43:44.189Z"}
{"context":"RoutesResolver","level":"info","message":"PermissionsController {/api/v1/permissions}:","timestamp":"2026-05-21T07:43:44.189Z"}
{"context":"RouterExplorer","level":"info","message":"Mapped {/api/v1/permissions, POST} route","timestamp":"2026-05-21T07:43:44.189Z"}
{"context":"RouterExplorer","level":"info","message":"Mapped {/api/v1/permissions, GET} route","timestamp":"2026-05-21T07:43:44.189Z"}
{"context":"RouterExplorer","level":"info","message":"Mapped {/api/v1/permissions/:id, PATCH} route","timestamp":"2026-05-21T07:43:44.189Z"}
{"context":"RouterExplorer","level":"info","message":"Mapped {/api/v1/permissions/:id, DELETE} route","timestamp":"2026-05-21T07:43:44.190Z"}
{"context":"RoutesResolver","level":"info","message":"AuthController {/api/v1/auth}:","timestamp":"2026-05-21T07:43:44.190Z"}
{"context":"RouterExplorer","level":"info","message":"Mapped {/api/v1/auth/register, POST} route","timestamp":"2026-05-21T07:43:44.190Z"}
{"context":"RouterExplorer","level":"info","message":"Mapped {/api/v1/auth/login, POST} route","timestamp":"2026-05-21T07:43:44.190Z"}
{"context":"RouterExplorer","level":"info","message":"Mapped {/api/v1/auth/refresh, POST} route","timestamp":"2026-05-21T07:43:44.191Z"}
{"context":"RouterExplorer","level":"info","message":"Mapped {/api/v1/auth/logout, POST} route","timestamp":"2026-05-21T07:43:44.191Z"}
{"context":"RouterExplorer","level":"info","message":"Mapped {/api/v1/auth/me, GET} route","timestamp":"2026-05-21T07:43:44.191Z"}
{"context":"RouterExplorer","level":"info","message":"Mapped {/api/v1/auth/me/password, PATCH} route","timestamp":"2026-05-21T07:43:44.191Z"}
{"context":"RoutesResolver","level":"info","message":"AttributeController {/api/v1/attribute}:","timestamp":"2026-05-21T07:43:44.192Z"}
{"context":"RouterExplorer","level":"info","message":"Mapped {/api/v1/attribute, POST} route","timestamp":"2026-05-21T07:43:44.192Z"}
{"context":"RouterExplorer","level":"info","message":"Mapped {/api/v1/attribute, GET} route","timestamp":"2026-05-21T07:43:44.192Z"}
{"context":"RouterExplorer","level":"info","message":"Mapped {/api/v1/attribute/:id, GET} route","timestamp":"2026-05-21T07:43:44.193Z"}
{"context":"RouterExplorer","level":"info","message":"Mapped {/api/v1/attribute/:id, PATCH} route","timestamp":"2026-05-21T07:43:44.193Z"}
{"context":"RouterExplorer","level":"info","message":"Mapped {/api/v1/attribute/:id, DELETE} route","timestamp":"2026-05-21T07:43:44.193Z"}
{"context":"RoutesResolver","level":"info","message":"DepartmentsController {/api/v1/departments}:","timestamp":"2026-05-21T07:43:44.193Z"}
{"context":"RouterExplorer","level":"info","message":"Mapped {/api/v1/departments, POST} route","timestamp":"2026-05-21T07:43:44.194Z"}
{"context":"RouterExplorer","level":"info","message":"Mapped {/api/v1/departments, GET} route","timestamp":"2026-05-21T07:43:44.194Z"}
{"context":"RouterExplorer","level":"info","message":"Mapped {/api/v1/departments/:id, GET} route","timestamp":"2026-05-21T07:43:44.194Z"}
{"context":"RouterExplorer","level":"info","message":"Mapped {/api/v1/departments/:id, PATCH} route","timestamp":"2026-05-21T07:43:44.194Z"}
{"context":"RouterExplorer","level":"info","message":"Mapped {/api/v1/departments/:id, DELETE} route","timestamp":"2026-05-21T07:43:44.194Z"}
{"context":"RoutesResolver","level":"info","message":"PortsController {/api/v1/ports}:","timestamp":"2026-05-21T07:43:44.195Z"}
{"context":"RouterExplorer","level":"info","message":"Mapped {/api/v1/ports, POST} route","timestamp":"2026-05-21T07:43:44.195Z"}
{"context":"RouterExplorer","level":"info","message":"Mapped {/api/v1/ports, GET} route","timestamp":"2026-05-21T07:43:44.195Z"}
{"context":"RouterExplorer","level":"info","message":"Mapped {/api/v1/ports/:id, GET} route","timestamp":"2026-05-21T07:43:44.196Z"}
{"context":"RouterExplorer","level":"info","message":"Mapped {/api/v1/ports/:id, PATCH} route","timestamp":"2026-05-21T07:43:44.196Z"}
{"context":"RouterExplorer","level":"info","message":"Mapped {/api/v1/ports/:id, DELETE} route","timestamp":"2026-05-21T07:43:44.196Z"}
{"context":"RoutesResolver","level":"info","message":"FilesController {/api/v1/files}:","timestamp":"2026-05-21T07:43:44.197Z"}
{"context":"RouterExplorer","level":"info","message":"Mapped {/api/v1/files, POST} route","timestamp":"2026-05-21T07:43:44.197Z"}
{"context":"RouterExplorer","level":"info","message":"Mapped {/api/v1/files, GET} route","timestamp":"2026-05-21T07:43:44.197Z"}
{"context":"RouterExplorer","level":"info","message":"Mapped {/api/v1/files/:id, GET} route","timestamp":"2026-05-21T07:43:44.198Z"}
{"context":"RouterExplorer","level":"info","message":"Mapped {/api/v1/files/:id, PATCH} route","timestamp":"2026-05-21T07:43:44.198Z"}
{"context":"RouterExplorer","level":"info","message":"Mapped {/api/v1/files/:id, DELETE} route","timestamp":"2026-05-21T07:43:44.199Z"}
{"context":"PrismaService","level":"info","message":"Kết nối database thành công","timestamp":"2026-05-21T07:43:44.252Z"}
{"context":"NestApplication","level":"info","message":"Nest application successfully started","timestamp":"2026-05-21T07:43:44.258Z"}
{"level":"info","message":"Khởi tạo ứng dụng...","timestamp":"2026-05-21T08:20:33.482Z"}
{"context":"NestFactory","level":"info","message":"Starting Nest application...","timestamp":"2026-05-21T08:20:33.556Z"}
{"context":"InstanceLoader","level":"info","message":"PassportModule dependencies initialized","timestamp":"2026-05-21T08:20:33.563Z"}
{"context":"InstanceLoader","level":"info","message":"ConfigHostModule dependencies initialized","timestamp":"2026-05-21T08:20:33.564Z"}
{"context":"InstanceLoader","level":"info","message":"AppModule dependencies initialized","timestamp":"2026-05-21T08:20:33.564Z"}
{"context":"PrismaService","level":"info","message":"🔌 Prisma Connection String: postgresql://admin:******@localhost:5433/kyc_asset_db?schema=public","timestamp":"2026-05-21T08:20:33.566Z"}
{"context":"InstanceLoader","level":"info","message":"PortsModule dependencies initialized","timestamp":"2026-05-21T08:20:33.567Z"}
{"context":"InstanceLoader","level":"info","message":"FilesModule dependencies initialized","timestamp":"2026-05-21T08:20:33.567Z"}
{"context":"InstanceLoader","level":"info","message":"ConfigModule dependencies initialized","timestamp":"2026-05-21T08:20:33.567Z"}
{"context":"InstanceLoader","level":"info","message":"CommonModule dependencies initialized","timestamp":"2026-05-21T08:20:33.567Z"}
{"context":"InstanceLoader","level":"info","message":"JwtModule dependencies initialized","timestamp":"2026-05-21T08:20:33.568Z"}
{"context":"InstanceLoader","level":"info","message":"PrismaModule dependencies initialized","timestamp":"2026-05-21T08:20:33.568Z"}
{"context":"InstanceLoader","level":"info","message":"WhitelistIpModule dependencies initialized","timestamp":"2026-05-21T08:20:33.569Z"}
{"context":"InstanceLoader","level":"info","message":"AttributeModule dependencies initialized","timestamp":"2026-05-21T08:20:33.569Z"}
{"context":"InstanceLoader","level":"info","message":"DepartmentsModule dependencies initialized","timestamp":"2026-05-21T08:20:33.569Z"}
{"context":"InstanceLoader","level":"info","message":"UsersModule dependencies initialized","timestamp":"2026-05-21T08:20:33.570Z"}
{"context":"InstanceLoader","level":"info","message":"RolesModule dependencies initialized","timestamp":"2026-05-21T08:20:33.570Z"}
{"context":"InstanceLoader","level":"info","message":"PermissionsModule dependencies initialized","timestamp":"2026-05-21T08:20:33.570Z"}
{"context":"InstanceLoader","level":"info","message":"AuthModule dependencies initialized","timestamp":"2026-05-21T08:20:33.570Z"}
{"context":"LegacyRouteConverter","level":"warn","message":"Unsupported route path: \"/api/v1/*\". In previous versions, the symbols ?, *, and + were used to denote optional or repeating path parameters. The latest version of \"path-to-regexp\" now requires the use of named parameters. For example, instead of using a route like /users/* to capture all routes starting with \"/users\", you should use /users/*path. For more details, refer to the migration guide. Attempting to auto-convert...","timestamp":"2026-05-21T08:20:33.596Z"}
{"context":"RoutesResolver","level":"info","message":"AppController {/api/v1/ping}:","timestamp":"2026-05-21T08:20:33.596Z"}
{"context":"RouterExplorer","level":"info","message":"Mapped {/api/v1/ping, GET} route","timestamp":"2026-05-21T08:20:33.598Z"}
{"context":"RoutesResolver","level":"info","message":"UsersController {/api/v1/users}:","timestamp":"2026-05-21T08:20:33.598Z"}
{"context":"RouterExplorer","level":"info","message":"Mapped {/api/v1/users, POST} route","timestamp":"2026-05-21T08:20:33.598Z"}
{"context":"RouterExplorer","level":"info","message":"Mapped {/api/v1/users, GET} route","timestamp":"2026-05-21T08:20:33.598Z"}
{"context":"RouterExplorer","level":"info","message":"Mapped {/api/v1/users/:id, GET} route","timestamp":"2026-05-21T08:20:33.599Z"}
{"context":"RouterExplorer","level":"info","message":"Mapped {/api/v1/users/:id, PATCH} route","timestamp":"2026-05-21T08:20:33.599Z"}
{"context":"RouterExplorer","level":"info","message":"Mapped {/api/v1/users/:id, DELETE} route","timestamp":"2026-05-21T08:20:33.599Z"}
{"context":"RoutesResolver","level":"info","message":"WhitelistIpController {/api/v1/whitelist-ip}:","timestamp":"2026-05-21T08:20:33.599Z"}
{"context":"RouterExplorer","level":"info","message":"Mapped {/api/v1/whitelist-ip, POST} route","timestamp":"2026-05-21T08:20:33.599Z"}
{"context":"RouterExplorer","level":"info","message":"Mapped {/api/v1/whitelist-ip, GET} route","timestamp":"2026-05-21T08:20:33.600Z"}
{"context":"RouterExplorer","level":"info","message":"Mapped {/api/v1/whitelist-ip/:id, GET} route","timestamp":"2026-05-21T08:20:33.600Z"}
{"context":"RouterExplorer","level":"info","message":"Mapped {/api/v1/whitelist-ip/:id, PATCH} route","timestamp":"2026-05-21T08:20:33.600Z"}
{"context":"RouterExplorer","level":"info","message":"Mapped {/api/v1/whitelist-ip/:id, DELETE} route","timestamp":"2026-05-21T08:20:33.600Z"}
{"context":"RoutesResolver","level":"info","message":"RolesController {/api/v1/roles}:","timestamp":"2026-05-21T08:20:33.600Z"}
{"context":"RouterExplorer","level":"info","message":"Mapped {/api/v1/roles, POST} route","timestamp":"2026-05-21T08:20:33.601Z"}
{"context":"RouterExplorer","level":"info","message":"Mapped {/api/v1/roles, GET} route","timestamp":"2026-05-21T08:20:33.601Z"}
{"context":"RouterExplorer","level":"info","message":"Mapped {/api/v1/roles/:id, GET} route","timestamp":"2026-05-21T08:20:33.601Z"}
{"context":"RouterExplorer","level":"info","message":"Mapped {/api/v1/roles/:id, PATCH} route","timestamp":"2026-05-21T08:20:33.601Z"}
{"context":"RouterExplorer","level":"info","message":"Mapped {/api/v1/roles/:id, DELETE} route","timestamp":"2026-05-21T08:20:33.601Z"}
{"context":"RoutesResolver","level":"info","message":"PermissionsController {/api/v1/permissions}:","timestamp":"2026-05-21T08:20:33.602Z"}
{"context":"RouterExplorer","level":"info","message":"Mapped {/api/v1/permissions, POST} route","timestamp":"2026-05-21T08:20:33.602Z"}
{"context":"RouterExplorer","level":"info","message":"Mapped {/api/v1/permissions, GET} route","timestamp":"2026-05-21T08:20:33.602Z"}
{"context":"RouterExplorer","level":"info","message":"Mapped {/api/v1/permissions/:id, PATCH} route","timestamp":"2026-05-21T08:20:33.602Z"}
{"context":"RouterExplorer","level":"info","message":"Mapped {/api/v1/permissions/:id, DELETE} route","timestamp":"2026-05-21T08:20:33.602Z"}
{"context":"RoutesResolver","level":"info","message":"AuthController {/api/v1/auth}:","timestamp":"2026-05-21T08:20:33.602Z"}
{"context":"RouterExplorer","level":"info","message":"Mapped {/api/v1/auth/register, POST} route","timestamp":"2026-05-21T08:20:33.603Z"}
{"context":"RouterExplorer","level":"info","message":"Mapped {/api/v1/auth/login, POST} route","timestamp":"2026-05-21T08:20:33.603Z"}
{"context":"RouterExplorer","level":"info","message":"Mapped {/api/v1/auth/refresh, POST} route","timestamp":"2026-05-21T08:20:33.603Z"}
{"context":"RouterExplorer","level":"info","message":"Mapped {/api/v1/auth/logout, POST} route","timestamp":"2026-05-21T08:20:33.603Z"}
{"context":"RouterExplorer","level":"info","message":"Mapped {/api/v1/auth/me, GET} route","timestamp":"2026-05-21T08:20:33.603Z"}
{"context":"RouterExplorer","level":"info","message":"Mapped {/api/v1/auth/me/password, PATCH} route","timestamp":"2026-05-21T08:20:33.603Z"}
{"context":"RoutesResolver","level":"info","message":"AttributeController {/api/v1/attribute}:","timestamp":"2026-05-21T08:20:33.603Z"}
{"context":"RouterExplorer","level":"info","message":"Mapped {/api/v1/attribute, POST} route","timestamp":"2026-05-21T08:20:33.604Z"}
{"context":"RouterExplorer","level":"info","message":"Mapped {/api/v1/attribute, GET} route","timestamp":"2026-05-21T08:20:33.604Z"}
{"context":"RouterExplorer","level":"info","message":"Mapped {/api/v1/attribute/:id, GET} route","timestamp":"2026-05-21T08:20:33.604Z"}
{"context":"RouterExplorer","level":"info","message":"Mapped {/api/v1/attribute/:id, PATCH} route","timestamp":"2026-05-21T08:20:33.604Z"}
{"context":"RouterExplorer","level":"info","message":"Mapped {/api/v1/attribute/:id, DELETE} route","timestamp":"2026-05-21T08:20:33.604Z"}
{"context":"RoutesResolver","level":"info","message":"DepartmentsController {/api/v1/departments}:","timestamp":"2026-05-21T08:20:33.604Z"}
{"context":"RouterExplorer","level":"info","message":"Mapped {/api/v1/departments, POST} route","timestamp":"2026-05-21T08:20:33.605Z"}
{"context":"RouterExplorer","level":"info","message":"Mapped {/api/v1/departments, GET} route","timestamp":"2026-05-21T08:20:33.605Z"}
{"context":"RouterExplorer","level":"info","message":"Mapped {/api/v1/departments/:id, GET} route","timestamp":"2026-05-21T08:20:33.605Z"}
{"context":"RouterExplorer","level":"info","message":"Mapped {/api/v1/departments/:id, PATCH} route","timestamp":"2026-05-21T08:20:33.605Z"}
{"context":"RouterExplorer","level":"info","message":"Mapped {/api/v1/departments/:id, DELETE} route","timestamp":"2026-05-21T08:20:33.605Z"}
{"context":"RoutesResolver","level":"info","message":"PortsController {/api/v1/ports}:","timestamp":"2026-05-21T08:20:33.605Z"}
{"context":"RouterExplorer","level":"info","message":"Mapped {/api/v1/ports, POST} route","timestamp":"2026-05-21T08:20:33.606Z"}
{"context":"RouterExplorer","level":"info","message":"Mapped {/api/v1/ports, GET} route","timestamp":"2026-05-21T08:20:33.606Z"}
{"context":"RouterExplorer","level":"info","message":"Mapped {/api/v1/ports/:id, GET} route","timestamp":"2026-05-21T08:20:33.606Z"}
{"context":"RouterExplorer","level":"info","message":"Mapped {/api/v1/ports/:id, PATCH} route","timestamp":"2026-05-21T08:20:33.606Z"}
{"context":"RouterExplorer","level":"info","message":"Mapped {/api/v1/ports/:id, DELETE} route","timestamp":"2026-05-21T08:20:33.607Z"}
{"context":"RoutesResolver","level":"info","message":"FilesController {/api/v1/files}:","timestamp":"2026-05-21T08:20:33.607Z"}
{"context":"RouterExplorer","level":"info","message":"Mapped {/api/v1/files, POST} route","timestamp":"2026-05-21T08:20:33.607Z"}
{"context":"RouterExplorer","level":"info","message":"Mapped {/api/v1/files, GET} route","timestamp":"2026-05-21T08:20:33.607Z"}
{"context":"RouterExplorer","level":"info","message":"Mapped {/api/v1/files/:id, GET} route","timestamp":"2026-05-21T08:20:33.607Z"}
{"context":"RouterExplorer","level":"info","message":"Mapped {/api/v1/files/:id, PATCH} route","timestamp":"2026-05-21T08:20:33.608Z"}
{"context":"RouterExplorer","level":"info","message":"Mapped {/api/v1/files/:id, DELETE} route","timestamp":"2026-05-21T08:20:33.608Z"}
{"context":"PrismaService","level":"info","message":"Kết nối database thành công","timestamp":"2026-05-21T08:20:33.649Z"}
{"context":"NestApplication","level":"info","message":"Nest application successfully started","timestamp":"2026-05-21T08:20:33.653Z"}
{"level":"info","message":"Khởi tạo ứng dụng...","timestamp":"2026-05-21T08:22:01.464Z"}
{"context":"NestFactory","level":"info","message":"Starting Nest application...","timestamp":"2026-05-21T08:22:01.538Z"}
{"context":"InstanceLoader","level":"info","message":"PassportModule dependencies initialized","timestamp":"2026-05-21T08:22:01.546Z"}
{"context":"InstanceLoader","level":"info","message":"ConfigHostModule dependencies initialized","timestamp":"2026-05-21T08:22:01.547Z"}
{"context":"InstanceLoader","level":"info","message":"AppModule dependencies initialized","timestamp":"2026-05-21T08:22:01.547Z"}
{"context":"PrismaService","level":"info","message":"🔌 Prisma Connection String: postgresql://admin:******@localhost:5433/kyc_asset_db?schema=public","timestamp":"2026-05-21T08:22:01.549Z"}
{"context":"InstanceLoader","level":"info","message":"PortsModule dependencies initialized","timestamp":"2026-05-21T08:22:01.550Z"}
{"context":"InstanceLoader","level":"info","message":"FilesModule dependencies initialized","timestamp":"2026-05-21T08:22:01.550Z"}
{"context":"InstanceLoader","level":"info","message":"ConfigModule dependencies initialized","timestamp":"2026-05-21T08:22:01.550Z"}
{"context":"InstanceLoader","level":"info","message":"CommonModule dependencies initialized","timestamp":"2026-05-21T08:22:01.550Z"}
{"context":"InstanceLoader","level":"info","message":"JwtModule dependencies initialized","timestamp":"2026-05-21T08:22:01.550Z"}
{"context":"InstanceLoader","level":"info","message":"PrismaModule dependencies initialized","timestamp":"2026-05-21T08:22:01.551Z"}
{"context":"InstanceLoader","level":"info","message":"WhitelistIpModule dependencies initialized","timestamp":"2026-05-21T08:22:01.552Z"}
{"context":"InstanceLoader","level":"info","message":"AttributeModule dependencies initialized","timestamp":"2026-05-21T08:22:01.552Z"}
{"context":"InstanceLoader","level":"info","message":"DepartmentsModule dependencies initialized","timestamp":"2026-05-21T08:22:01.552Z"}
{"context":"InstanceLoader","level":"info","message":"UsersModule dependencies initialized","timestamp":"2026-05-21T08:22:01.552Z"}
{"context":"InstanceLoader","level":"info","message":"RolesModule dependencies initialized","timestamp":"2026-05-21T08:22:01.553Z"}
{"context":"InstanceLoader","level":"info","message":"PermissionsModule dependencies initialized","timestamp":"2026-05-21T08:22:01.553Z"}
{"context":"InstanceLoader","level":"info","message":"AuthModule dependencies initialized","timestamp":"2026-05-21T08:22:01.553Z"}
{"context":"LegacyRouteConverter","level":"warn","message":"Unsupported route path: \"/api/v1/*\". In previous versions, the symbols ?, *, and + were used to denote optional or repeating path parameters. The latest version of \"path-to-regexp\" now requires the use of named parameters. For example, instead of using a route like /users/* to capture all routes starting with \"/users\", you should use /users/*path. For more details, refer to the migration guide. Attempting to auto-convert...","timestamp":"2026-05-21T08:22:01.577Z"}
{"context":"RoutesResolver","level":"info","message":"AppController {/api/v1/ping}:","timestamp":"2026-05-21T08:22:01.578Z"}
{"context":"RouterExplorer","level":"info","message":"Mapped {/api/v1/ping, GET} route","timestamp":"2026-05-21T08:22:01.579Z"}
{"context":"RoutesResolver","level":"info","message":"UsersController {/api/v1/users}:","timestamp":"2026-05-21T08:22:01.580Z"}
{"context":"RouterExplorer","level":"info","message":"Mapped {/api/v1/users, POST} route","timestamp":"2026-05-21T08:22:01.580Z"}
{"context":"RouterExplorer","level":"info","message":"Mapped {/api/v1/users, GET} route","timestamp":"2026-05-21T08:22:01.581Z"}
{"context":"RouterExplorer","level":"info","message":"Mapped {/api/v1/users/:id, GET} route","timestamp":"2026-05-21T08:22:01.581Z"}
{"context":"RouterExplorer","level":"info","message":"Mapped {/api/v1/users/:id, PATCH} route","timestamp":"2026-05-21T08:22:01.581Z"}
{"context":"RouterExplorer","level":"info","message":"Mapped {/api/v1/users/:id, DELETE} route","timestamp":"2026-05-21T08:22:01.581Z"}
{"context":"RoutesResolver","level":"info","message":"WhitelistIpController {/api/v1/whitelist-ip}:","timestamp":"2026-05-21T08:22:01.582Z"}
{"context":"RouterExplorer","level":"info","message":"Mapped {/api/v1/whitelist-ip, POST} route","timestamp":"2026-05-21T08:22:01.582Z"}
{"context":"RouterExplorer","level":"info","message":"Mapped {/api/v1/whitelist-ip, GET} route","timestamp":"2026-05-21T08:22:01.582Z"}
{"context":"RouterExplorer","level":"info","message":"Mapped {/api/v1/whitelist-ip/:id, GET} route","timestamp":"2026-05-21T08:22:01.582Z"}
{"context":"RouterExplorer","level":"info","message":"Mapped {/api/v1/whitelist-ip/:id, PATCH} route","timestamp":"2026-05-21T08:22:01.582Z"}
{"context":"RouterExplorer","level":"info","message":"Mapped {/api/v1/whitelist-ip/:id, DELETE} route","timestamp":"2026-05-21T08:22:01.583Z"}
{"context":"RoutesResolver","level":"info","message":"RolesController {/api/v1/roles}:","timestamp":"2026-05-21T08:22:01.583Z"}
{"context":"RouterExplorer","level":"info","message":"Mapped {/api/v1/roles, POST} route","timestamp":"2026-05-21T08:22:01.583Z"}
{"context":"RouterExplorer","level":"info","message":"Mapped {/api/v1/roles, GET} route","timestamp":"2026-05-21T08:22:01.583Z"}
{"context":"RouterExplorer","level":"info","message":"Mapped {/api/v1/roles/:id, GET} route","timestamp":"2026-05-21T08:22:01.584Z"}
{"context":"RouterExplorer","level":"info","message":"Mapped {/api/v1/roles/:id, PATCH} route","timestamp":"2026-05-21T08:22:01.584Z"}
{"context":"RouterExplorer","level":"info","message":"Mapped {/api/v1/roles/:id, DELETE} route","timestamp":"2026-05-21T08:22:01.584Z"}
{"context":"RoutesResolver","level":"info","message":"PermissionsController {/api/v1/permissions}:","timestamp":"2026-05-21T08:22:01.584Z"}
{"context":"RouterExplorer","level":"info","message":"Mapped {/api/v1/permissions, POST} route","timestamp":"2026-05-21T08:22:01.585Z"}
{"context":"RouterExplorer","level":"info","message":"Mapped {/api/v1/permissions, GET} route","timestamp":"2026-05-21T08:22:01.585Z"}
{"context":"RouterExplorer","level":"info","message":"Mapped {/api/v1/permissions/:id, PATCH} route","timestamp":"2026-05-21T08:22:01.585Z"}
{"context":"RouterExplorer","level":"info","message":"Mapped {/api/v1/permissions/:id, DELETE} route","timestamp":"2026-05-21T08:22:01.585Z"}
{"context":"RoutesResolver","level":"info","message":"AuthController {/api/v1/auth}:","timestamp":"2026-05-21T08:22:01.585Z"}
{"context":"RouterExplorer","level":"info","message":"Mapped {/api/v1/auth/register, POST} route","timestamp":"2026-05-21T08:22:01.586Z"}
{"context":"RouterExplorer","level":"info","message":"Mapped {/api/v1/auth/login, POST} route","timestamp":"2026-05-21T08:22:01.586Z"}
{"context":"RouterExplorer","level":"info","message":"Mapped {/api/v1/auth/refresh, POST} route","timestamp":"2026-05-21T08:22:01.586Z"}
{"context":"RouterExplorer","level":"info","message":"Mapped {/api/v1/auth/logout, POST} route","timestamp":"2026-05-21T08:22:01.586Z"}
{"context":"RouterExplorer","level":"info","message":"Mapped {/api/v1/auth/me, GET} route","timestamp":"2026-05-21T08:22:01.587Z"}
{"context":"RouterExplorer","level":"info","message":"Mapped {/api/v1/auth/me/password, PATCH} route","timestamp":"2026-05-21T08:22:01.587Z"}
{"context":"RoutesResolver","level":"info","message":"AttributeController {/api/v1/attribute}:","timestamp":"2026-05-21T08:22:01.587Z"}
{"context":"RouterExplorer","level":"info","message":"Mapped {/api/v1/attribute, POST} route","timestamp":"2026-05-21T08:22:01.587Z"}
{"context":"RouterExplorer","level":"info","message":"Mapped {/api/v1/attribute, GET} route","timestamp":"2026-05-21T08:22:01.587Z"}
{"context":"RouterExplorer","level":"info","message":"Mapped {/api/v1/attribute/:id, GET} route","timestamp":"2026-05-21T08:22:01.588Z"}
{"context":"RouterExplorer","level":"info","message":"Mapped {/api/v1/attribute/:id, PATCH} route","timestamp":"2026-05-21T08:22:01.588Z"}
{"context":"RouterExplorer","level":"info","message":"Mapped {/api/v1/attribute/:id, DELETE} route","timestamp":"2026-05-21T08:22:01.588Z"}
{"context":"RoutesResolver","level":"info","message":"DepartmentsController {/api/v1/departments}:","timestamp":"2026-05-21T08:22:01.588Z"}
{"context":"RouterExplorer","level":"info","message":"Mapped {/api/v1/departments, POST} route","timestamp":"2026-05-21T08:22:01.588Z"}
{"context":"RouterExplorer","level":"info","message":"Mapped {/api/v1/departments, GET} route","timestamp":"2026-05-21T08:22:01.589Z"}
{"context":"RouterExplorer","level":"info","message":"Mapped {/api/v1/departments/:id, GET} route","timestamp":"2026-05-21T08:22:01.589Z"}
{"context":"RouterExplorer","level":"info","message":"Mapped {/api/v1/departments/:id, PATCH} route","timestamp":"2026-05-21T08:22:01.589Z"}
{"context":"RouterExplorer","level":"info","message":"Mapped {/api/v1/departments/:id, DELETE} route","timestamp":"2026-05-21T08:22:01.589Z"}
{"context":"RoutesResolver","level":"info","message":"PortsController {/api/v1/ports}:","timestamp":"2026-05-21T08:22:01.589Z"}
{"context":"RouterExplorer","level":"info","message":"Mapped {/api/v1/ports, POST} route","timestamp":"2026-05-21T08:22:01.590Z"}
{"context":"RouterExplorer","level":"info","message":"Mapped {/api/v1/ports, GET} route","timestamp":"2026-05-21T08:22:01.590Z"}
{"context":"RouterExplorer","level":"info","message":"Mapped {/api/v1/ports/:id, GET} route","timestamp":"2026-05-21T08:22:01.590Z"}
{"context":"RouterExplorer","level":"info","message":"Mapped {/api/v1/ports/:id, PATCH} route","timestamp":"2026-05-21T08:22:01.590Z"}
{"context":"RouterExplorer","level":"info","message":"Mapped {/api/v1/ports/:id, DELETE} route","timestamp":"2026-05-21T08:22:01.590Z"}
{"context":"RoutesResolver","level":"info","message":"FilesController {/api/v1/files}:","timestamp":"2026-05-21T08:22:01.590Z"}
{"context":"RouterExplorer","level":"info","message":"Mapped {/api/v1/files, POST} route","timestamp":"2026-05-21T08:22:01.590Z"}
{"context":"RouterExplorer","level":"info","message":"Mapped {/api/v1/files, GET} route","timestamp":"2026-05-21T08:22:01.591Z"}
{"context":"RouterExplorer","level":"info","message":"Mapped {/api/v1/files/:id, GET} route","timestamp":"2026-05-21T08:22:01.591Z"}
{"context":"RouterExplorer","level":"info","message":"Mapped {/api/v1/files/:id, PATCH} route","timestamp":"2026-05-21T08:22:01.591Z"}
{"context":"RouterExplorer","level":"info","message":"Mapped {/api/v1/files/:id, DELETE} route","timestamp":"2026-05-21T08:22:01.591Z"}
{"context":"PrismaService","level":"info","message":"Kết nối database thành công","timestamp":"2026-05-21T08:22:01.638Z"}
{"context":"NestApplication","level":"info","message":"Nest application successfully started","timestamp":"2026-05-21T08:22:01.642Z"}
{"level":"info","message":"Khởi tạo ứng dụng...","timestamp":"2026-05-21T08:22:07.146Z"}
{"context":"NestFactory","level":"info","message":"Starting Nest application...","timestamp":"2026-05-21T08:22:07.215Z"}
{"context":"InstanceLoader","level":"info","message":"PassportModule dependencies initialized","timestamp":"2026-05-21T08:22:07.224Z"}
{"context":"InstanceLoader","level":"info","message":"ConfigHostModule dependencies initialized","timestamp":"2026-05-21T08:22:07.224Z"}
{"context":"InstanceLoader","level":"info","message":"AppModule dependencies initialized","timestamp":"2026-05-21T08:22:07.224Z"}
{"context":"PrismaService","level":"info","message":"🔌 Prisma Connection String: postgresql://admin:******@localhost:5433/kyc_asset_db?schema=public","timestamp":"2026-05-21T08:22:07.227Z"}
{"context":"InstanceLoader","level":"info","message":"PortsModule dependencies initialized","timestamp":"2026-05-21T08:22:07.227Z"}
{"context":"InstanceLoader","level":"info","message":"FilesModule dependencies initialized","timestamp":"2026-05-21T08:22:07.227Z"}
{"context":"InstanceLoader","level":"info","message":"ConfigModule dependencies initialized","timestamp":"2026-05-21T08:22:07.227Z"}
{"context":"InstanceLoader","level":"info","message":"CommonModule dependencies initialized","timestamp":"2026-05-21T08:22:07.228Z"}
{"context":"InstanceLoader","level":"info","message":"JwtModule dependencies initialized","timestamp":"2026-05-21T08:22:07.228Z"}
{"context":"InstanceLoader","level":"info","message":"PrismaModule dependencies initialized","timestamp":"2026-05-21T08:22:07.228Z"}
{"context":"InstanceLoader","level":"info","message":"WhitelistIpModule dependencies initialized","timestamp":"2026-05-21T08:22:07.229Z"}
{"context":"InstanceLoader","level":"info","message":"AttributeModule dependencies initialized","timestamp":"2026-05-21T08:22:07.230Z"}
{"context":"InstanceLoader","level":"info","message":"DepartmentsModule dependencies initialized","timestamp":"2026-05-21T08:22:07.230Z"}
{"context":"InstanceLoader","level":"info","message":"UsersModule dependencies initialized","timestamp":"2026-05-21T08:22:07.230Z"}
{"context":"InstanceLoader","level":"info","message":"RolesModule dependencies initialized","timestamp":"2026-05-21T08:22:07.230Z"}
{"context":"InstanceLoader","level":"info","message":"PermissionsModule dependencies initialized","timestamp":"2026-05-21T08:22:07.230Z"}
{"context":"InstanceLoader","level":"info","message":"AuthModule dependencies initialized","timestamp":"2026-05-21T08:22:07.230Z"}
{"context":"LegacyRouteConverter","level":"warn","message":"Unsupported route path: \"/api/v1/*\". In previous versions, the symbols ?, *, and + were used to denote optional or repeating path parameters. The latest version of \"path-to-regexp\" now requires the use of named parameters. For example, instead of using a route like /users/* to capture all routes starting with \"/users\", you should use /users/*path. For more details, refer to the migration guide. Attempting to auto-convert...","timestamp":"2026-05-21T08:22:07.254Z"}
{"context":"RoutesResolver","level":"info","message":"AppController {/api/v1/ping}:","timestamp":"2026-05-21T08:22:07.254Z"}
{"context":"RouterExplorer","level":"info","message":"Mapped {/api/v1/ping, GET} route","timestamp":"2026-05-21T08:22:07.255Z"}
{"context":"RoutesResolver","level":"info","message":"UsersController {/api/v1/users}:","timestamp":"2026-05-21T08:22:07.255Z"}
{"context":"RouterExplorer","level":"info","message":"Mapped {/api/v1/users, POST} route","timestamp":"2026-05-21T08:22:07.256Z"}
{"context":"RouterExplorer","level":"info","message":"Mapped {/api/v1/users, GET} route","timestamp":"2026-05-21T08:22:07.256Z"}
{"context":"RouterExplorer","level":"info","message":"Mapped {/api/v1/users/:id, GET} route","timestamp":"2026-05-21T08:22:07.257Z"}
{"context":"RouterExplorer","level":"info","message":"Mapped {/api/v1/users/:id, PATCH} route","timestamp":"2026-05-21T08:22:07.257Z"}
{"context":"RouterExplorer","level":"info","message":"Mapped {/api/v1/users/:id, DELETE} route","timestamp":"2026-05-21T08:22:07.257Z"}
{"context":"RoutesResolver","level":"info","message":"WhitelistIpController {/api/v1/whitelist-ip}:","timestamp":"2026-05-21T08:22:07.257Z"}
{"context":"RouterExplorer","level":"info","message":"Mapped {/api/v1/whitelist-ip, POST} route","timestamp":"2026-05-21T08:22:07.257Z"}
{"context":"RouterExplorer","level":"info","message":"Mapped {/api/v1/whitelist-ip, GET} route","timestamp":"2026-05-21T08:22:07.258Z"}
{"context":"RouterExplorer","level":"info","message":"Mapped {/api/v1/whitelist-ip/:id, GET} route","timestamp":"2026-05-21T08:22:07.258Z"}
{"context":"RouterExplorer","level":"info","message":"Mapped {/api/v1/whitelist-ip/:id, PATCH} route","timestamp":"2026-05-21T08:22:07.258Z"}
{"context":"RouterExplorer","level":"info","message":"Mapped {/api/v1/whitelist-ip/:id, DELETE} route","timestamp":"2026-05-21T08:22:07.258Z"}
{"context":"RoutesResolver","level":"info","message":"RolesController {/api/v1/roles}:","timestamp":"2026-05-21T08:22:07.258Z"}
{"context":"RouterExplorer","level":"info","message":"Mapped {/api/v1/roles, POST} route","timestamp":"2026-05-21T08:22:07.259Z"}
{"context":"RouterExplorer","level":"info","message":"Mapped {/api/v1/roles, GET} route","timestamp":"2026-05-21T08:22:07.259Z"}
{"context":"RouterExplorer","level":"info","message":"Mapped {/api/v1/roles/:id, GET} route","timestamp":"2026-05-21T08:22:07.259Z"}
{"context":"RouterExplorer","level":"info","message":"Mapped {/api/v1/roles/:id, PATCH} route","timestamp":"2026-05-21T08:22:07.259Z"}
{"context":"RouterExplorer","level":"info","message":"Mapped {/api/v1/roles/:id, DELETE} route","timestamp":"2026-05-21T08:22:07.259Z"}
{"context":"RoutesResolver","level":"info","message":"PermissionsController {/api/v1/permissions}:","timestamp":"2026-05-21T08:22:07.259Z"}
{"context":"RouterExplorer","level":"info","message":"Mapped {/api/v1/permissions, POST} route","timestamp":"2026-05-21T08:22:07.259Z"}
{"context":"RouterExplorer","level":"info","message":"Mapped {/api/v1/permissions, GET} route","timestamp":"2026-05-21T08:22:07.260Z"}
{"context":"RouterExplorer","level":"info","message":"Mapped {/api/v1/permissions/:id, PATCH} route","timestamp":"2026-05-21T08:22:07.260Z"}
{"context":"RouterExplorer","level":"info","message":"Mapped {/api/v1/permissions/:id, DELETE} route","timestamp":"2026-05-21T08:22:07.260Z"}
{"context":"RoutesResolver","level":"info","message":"AuthController {/api/v1/auth}:","timestamp":"2026-05-21T08:22:07.260Z"}
{"context":"RouterExplorer","level":"info","message":"Mapped {/api/v1/auth/register, POST} route","timestamp":"2026-05-21T08:22:07.261Z"}
{"context":"RouterExplorer","level":"info","message":"Mapped {/api/v1/auth/login, POST} route","timestamp":"2026-05-21T08:22:07.261Z"}
{"context":"RouterExplorer","level":"info","message":"Mapped {/api/v1/auth/refresh, POST} route","timestamp":"2026-05-21T08:22:07.261Z"}
{"context":"RouterExplorer","level":"info","message":"Mapped {/api/v1/auth/logout, POST} route","timestamp":"2026-05-21T08:22:07.261Z"}
{"context":"RouterExplorer","level":"info","message":"Mapped {/api/v1/auth/me, GET} route","timestamp":"2026-05-21T08:22:07.262Z"}
{"context":"RouterExplorer","level":"info","message":"Mapped {/api/v1/auth/me/password, PATCH} route","timestamp":"2026-05-21T08:22:07.262Z"}
{"context":"RoutesResolver","level":"info","message":"AttributeController {/api/v1/attribute}:","timestamp":"2026-05-21T08:22:07.262Z"}
{"context":"RouterExplorer","level":"info","message":"Mapped {/api/v1/attribute, POST} route","timestamp":"2026-05-21T08:22:07.262Z"}
{"context":"RouterExplorer","level":"info","message":"Mapped {/api/v1/attribute, GET} route","timestamp":"2026-05-21T08:22:07.262Z"}
{"context":"RouterExplorer","level":"info","message":"Mapped {/api/v1/attribute/:id, GET} route","timestamp":"2026-05-21T08:22:07.263Z"}
{"context":"RouterExplorer","level":"info","message":"Mapped {/api/v1/attribute/:id, PATCH} route","timestamp":"2026-05-21T08:22:07.263Z"}
{"context":"RouterExplorer","level":"info","message":"Mapped {/api/v1/attribute/:id, DELETE} route","timestamp":"2026-05-21T08:22:07.263Z"}
{"context":"RoutesResolver","level":"info","message":"DepartmentsController {/api/v1/departments}:","timestamp":"2026-05-21T08:22:07.263Z"}
{"context":"RouterExplorer","level":"info","message":"Mapped {/api/v1/departments, POST} route","timestamp":"2026-05-21T08:22:07.263Z"}
{"context":"RouterExplorer","level":"info","message":"Mapped {/api/v1/departments, GET} route","timestamp":"2026-05-21T08:22:07.264Z"}
{"context":"RouterExplorer","level":"info","message":"Mapped {/api/v1/departments/:id, GET} route","timestamp":"2026-05-21T08:22:07.264Z"}
{"context":"RouterExplorer","level":"info","message":"Mapped {/api/v1/departments/:id, PATCH} route","timestamp":"2026-05-21T08:22:07.264Z"}
{"context":"RouterExplorer","level":"info","message":"Mapped {/api/v1/departments/:id, DELETE} route","timestamp":"2026-05-21T08:22:07.264Z"}
{"context":"RoutesResolver","level":"info","message":"PortsController {/api/v1/ports}:","timestamp":"2026-05-21T08:22:07.264Z"}
{"context":"RouterExplorer","level":"info","message":"Mapped {/api/v1/ports, POST} route","timestamp":"2026-05-21T08:22:07.264Z"}
{"context":"RouterExplorer","level":"info","message":"Mapped {/api/v1/ports, GET} route","timestamp":"2026-05-21T08:22:07.265Z"}
{"context":"RouterExplorer","level":"info","message":"Mapped {/api/v1/ports/:id, GET} route","timestamp":"2026-05-21T08:22:07.265Z"}
{"context":"RouterExplorer","level":"info","message":"Mapped {/api/v1/ports/:id, PATCH} route","timestamp":"2026-05-21T08:22:07.265Z"}
{"context":"RouterExplorer","level":"info","message":"Mapped {/api/v1/ports/:id, DELETE} route","timestamp":"2026-05-21T08:22:07.265Z"}
{"context":"RoutesResolver","level":"info","message":"FilesController {/api/v1/files}:","timestamp":"2026-05-21T08:22:07.265Z"}
{"context":"RouterExplorer","level":"info","message":"Mapped {/api/v1/files, POST} route","timestamp":"2026-05-21T08:22:07.265Z"}
{"context":"RouterExplorer","level":"info","message":"Mapped {/api/v1/files, GET} route","timestamp":"2026-05-21T08:22:07.266Z"}
{"context":"RouterExplorer","level":"info","message":"Mapped {/api/v1/files/:id, GET} route","timestamp":"2026-05-21T08:22:07.266Z"}
{"context":"RouterExplorer","level":"info","message":"Mapped {/api/v1/files/:id, PATCH} route","timestamp":"2026-05-21T08:22:07.266Z"}
{"context":"RouterExplorer","level":"info","message":"Mapped {/api/v1/files/:id, DELETE} route","timestamp":"2026-05-21T08:22:07.266Z"}
{"context":"PrismaService","level":"info","message":"Kết nối database thành công","timestamp":"2026-05-21T08:22:07.309Z"}
{"context":"NestApplication","level":"info","message":"Nest application successfully started","timestamp":"2026-05-21T08:22:07.314Z"}
{"level":"info","message":"Khởi tạo ứng dụng...","timestamp":"2026-05-21T08:49:07.660Z"}
{"context":"NestFactory","level":"info","message":"Starting Nest application...","timestamp":"2026-05-21T08:49:07.747Z"}
{"context":"InstanceLoader","level":"info","message":"PassportModule dependencies initialized","timestamp":"2026-05-21T08:49:07.755Z"}
{"context":"InstanceLoader","level":"info","message":"ConfigHostModule dependencies initialized","timestamp":"2026-05-21T08:49:07.756Z"}
{"context":"InstanceLoader","level":"info","message":"AppModule dependencies initialized","timestamp":"2026-05-21T08:49:07.756Z"}
{"context":"PrismaService","level":"info","message":"🔌 Prisma Connection String: postgresql://admin:******@localhost:5433/kyc_asset_db?schema=public","timestamp":"2026-05-21T08:49:07.758Z"}
{"context":"InstanceLoader","level":"info","message":"PortsModule dependencies initialized","timestamp":"2026-05-21T08:49:07.759Z"}
{"context":"InstanceLoader","level":"info","message":"FilesModule dependencies initialized","timestamp":"2026-05-21T08:49:07.759Z"}
{"context":"InstanceLoader","level":"info","message":"ConfigModule dependencies initialized","timestamp":"2026-05-21T08:49:07.759Z"}
{"context":"InstanceLoader","level":"info","message":"CommonModule dependencies initialized","timestamp":"2026-05-21T08:49:07.759Z"}
{"context":"InstanceLoader","level":"info","message":"JwtModule dependencies initialized","timestamp":"2026-05-21T08:49:07.760Z"}
{"context":"InstanceLoader","level":"info","message":"PrismaModule dependencies initialized","timestamp":"2026-05-21T08:49:07.760Z"}
{"context":"InstanceLoader","level":"info","message":"WhitelistIpModule dependencies initialized","timestamp":"2026-05-21T08:49:07.761Z"}
{"context":"InstanceLoader","level":"info","message":"AttributeModule dependencies initialized","timestamp":"2026-05-21T08:49:07.761Z"}
{"context":"InstanceLoader","level":"info","message":"DepartmentsModule dependencies initialized","timestamp":"2026-05-21T08:49:07.761Z"}
{"context":"InstanceLoader","level":"info","message":"UsersModule dependencies initialized","timestamp":"2026-05-21T08:49:07.762Z"}
{"context":"InstanceLoader","level":"info","message":"RolesModule dependencies initialized","timestamp":"2026-05-21T08:49:07.762Z"}
{"context":"InstanceLoader","level":"info","message":"PermissionsModule dependencies initialized","timestamp":"2026-05-21T08:49:07.762Z"}
{"context":"InstanceLoader","level":"info","message":"AuthModule dependencies initialized","timestamp":"2026-05-21T08:49:07.762Z"}
{"context":"LegacyRouteConverter","level":"warn","message":"Unsupported route path: \"/api/v1/*\". In previous versions, the symbols ?, *, and + were used to denote optional or repeating path parameters. The latest version of \"path-to-regexp\" now requires the use of named parameters. For example, instead of using a route like /users/* to capture all routes starting with \"/users\", you should use /users/*path. For more details, refer to the migration guide. Attempting to auto-convert...","timestamp":"2026-05-21T08:49:07.786Z"}
{"context":"RoutesResolver","level":"info","message":"AppController {/api/v1/ping}:","timestamp":"2026-05-21T08:49:07.786Z"}
{"context":"RouterExplorer","level":"info","message":"Mapped {/api/v1/ping, GET} route","timestamp":"2026-05-21T08:49:07.788Z"}
{"context":"RoutesResolver","level":"info","message":"UsersController {/api/v1/users}:","timestamp":"2026-05-21T08:49:07.788Z"}
{"context":"RouterExplorer","level":"info","message":"Mapped {/api/v1/users, POST} route","timestamp":"2026-05-21T08:49:07.788Z"}
{"context":"RouterExplorer","level":"info","message":"Mapped {/api/v1/users, GET} route","timestamp":"2026-05-21T08:49:07.789Z"}
{"context":"RouterExplorer","level":"info","message":"Mapped {/api/v1/users/:id, GET} route","timestamp":"2026-05-21T08:49:07.789Z"}
{"context":"RouterExplorer","level":"info","message":"Mapped {/api/v1/users/:id, PATCH} route","timestamp":"2026-05-21T08:49:07.789Z"}
{"context":"RouterExplorer","level":"info","message":"Mapped {/api/v1/users/:id, DELETE} route","timestamp":"2026-05-21T08:49:07.789Z"}
{"context":"RoutesResolver","level":"info","message":"WhitelistIpController {/api/v1/whitelist-ip}:","timestamp":"2026-05-21T08:49:07.790Z"}
{"context":"RouterExplorer","level":"info","message":"Mapped {/api/v1/whitelist-ip, POST} route","timestamp":"2026-05-21T08:49:07.790Z"}
{"context":"RouterExplorer","level":"info","message":"Mapped {/api/v1/whitelist-ip, GET} route","timestamp":"2026-05-21T08:49:07.790Z"}
{"context":"RouterExplorer","level":"info","message":"Mapped {/api/v1/whitelist-ip/:id, GET} route","timestamp":"2026-05-21T08:49:07.790Z"}
{"context":"RouterExplorer","level":"info","message":"Mapped {/api/v1/whitelist-ip/:id, PATCH} route","timestamp":"2026-05-21T08:49:07.790Z"}
{"context":"RouterExplorer","level":"info","message":"Mapped {/api/v1/whitelist-ip/:id, DELETE} route","timestamp":"2026-05-21T08:49:07.791Z"}
{"context":"RoutesResolver","level":"info","message":"RolesController {/api/v1/roles}:","timestamp":"2026-05-21T08:49:07.791Z"}
{"context":"RouterExplorer","level":"info","message":"Mapped {/api/v1/roles, POST} route","timestamp":"2026-05-21T08:49:07.791Z"}
{"context":"RouterExplorer","level":"info","message":"Mapped {/api/v1/roles, GET} route","timestamp":"2026-05-21T08:49:07.791Z"}
{"context":"RouterExplorer","level":"info","message":"Mapped {/api/v1/roles/:id, GET} route","timestamp":"2026-05-21T08:49:07.791Z"}
{"context":"RouterExplorer","level":"info","message":"Mapped {/api/v1/roles/:id, PATCH} route","timestamp":"2026-05-21T08:49:07.792Z"}
{"context":"RouterExplorer","level":"info","message":"Mapped {/api/v1/roles/:id, DELETE} route","timestamp":"2026-05-21T08:49:07.792Z"}
{"context":"RoutesResolver","level":"info","message":"PermissionsController {/api/v1/permissions}:","timestamp":"2026-05-21T08:49:07.792Z"}
{"context":"RouterExplorer","level":"info","message":"Mapped {/api/v1/permissions, POST} route","timestamp":"2026-05-21T08:49:07.792Z"}
{"context":"RouterExplorer","level":"info","message":"Mapped {/api/v1/permissions, GET} route","timestamp":"2026-05-21T08:49:07.792Z"}
{"context":"RouterExplorer","level":"info","message":"Mapped {/api/v1/permissions/:id, PATCH} route","timestamp":"2026-05-21T08:49:07.792Z"}
{"context":"RouterExplorer","level":"info","message":"Mapped {/api/v1/permissions/:id, DELETE} route","timestamp":"2026-05-21T08:49:07.793Z"}
{"context":"RoutesResolver","level":"info","message":"AuthController {/api/v1/auth}:","timestamp":"2026-05-21T08:49:07.793Z"}
{"context":"RouterExplorer","level":"info","message":"Mapped {/api/v1/auth/register, POST} route","timestamp":"2026-05-21T08:49:07.793Z"}
{"context":"RouterExplorer","level":"info","message":"Mapped {/api/v1/auth/login, POST} route","timestamp":"2026-05-21T08:49:07.793Z"}
{"context":"RouterExplorer","level":"info","message":"Mapped {/api/v1/auth/refresh, POST} route","timestamp":"2026-05-21T08:49:07.793Z"}
{"context":"RouterExplorer","level":"info","message":"Mapped {/api/v1/auth/logout, POST} route","timestamp":"2026-05-21T08:49:07.793Z"}
{"context":"RouterExplorer","level":"info","message":"Mapped {/api/v1/auth/me, GET} route","timestamp":"2026-05-21T08:49:07.794Z"}
{"context":"RouterExplorer","level":"info","message":"Mapped {/api/v1/auth/me/password, PATCH} route","timestamp":"2026-05-21T08:49:07.794Z"}
{"context":"RoutesResolver","level":"info","message":"AttributeController {/api/v1/attribute}:","timestamp":"2026-05-21T08:49:07.794Z"}
{"context":"RouterExplorer","level":"info","message":"Mapped {/api/v1/attribute, POST} route","timestamp":"2026-05-21T08:49:07.794Z"}
{"context":"RouterExplorer","level":"info","message":"Mapped {/api/v1/attribute, GET} route","timestamp":"2026-05-21T08:49:07.794Z"}
{"context":"RouterExplorer","level":"info","message":"Mapped {/api/v1/attribute/:id, GET} route","timestamp":"2026-05-21T08:49:07.794Z"}
{"context":"RouterExplorer","level":"info","message":"Mapped {/api/v1/attribute/:id, PATCH} route","timestamp":"2026-05-21T08:49:07.795Z"}
{"context":"RouterExplorer","level":"info","message":"Mapped {/api/v1/attribute/:id, DELETE} route","timestamp":"2026-05-21T08:49:07.795Z"}
{"context":"RoutesResolver","level":"info","message":"DepartmentsController {/api/v1/departments}:","timestamp":"2026-05-21T08:49:07.795Z"}
{"context":"RouterExplorer","level":"info","message":"Mapped {/api/v1/departments, POST} route","timestamp":"2026-05-21T08:49:07.795Z"}
{"context":"RouterExplorer","level":"info","message":"Mapped {/api/v1/departments, GET} route","timestamp":"2026-05-21T08:49:07.795Z"}
{"context":"RouterExplorer","level":"info","message":"Mapped {/api/v1/departments/:id, GET} route","timestamp":"2026-05-21T08:49:07.795Z"}
{"context":"RouterExplorer","level":"info","message":"Mapped {/api/v1/departments/:id, PATCH} route","timestamp":"2026-05-21T08:49:07.795Z"}
{"context":"RouterExplorer","level":"info","message":"Mapped {/api/v1/departments/:id, DELETE} route","timestamp":"2026-05-21T08:49:07.796Z"}
{"context":"RoutesResolver","level":"info","message":"PortsController {/api/v1/ports}:","timestamp":"2026-05-21T08:49:07.796Z"}
{"context":"RouterExplorer","level":"info","message":"Mapped {/api/v1/ports, POST} route","timestamp":"2026-05-21T08:49:07.796Z"}
{"context":"RouterExplorer","level":"info","message":"Mapped {/api/v1/ports, GET} route","timestamp":"2026-05-21T08:49:07.796Z"}
{"context":"RouterExplorer","level":"info","message":"Mapped {/api/v1/ports/:id, GET} route","timestamp":"2026-05-21T08:49:07.796Z"}
{"context":"RouterExplorer","level":"info","message":"Mapped {/api/v1/ports/:id, PATCH} route","timestamp":"2026-05-21T08:49:07.796Z"}
{"context":"RouterExplorer","level":"info","message":"Mapped {/api/v1/ports/:id, DELETE} route","timestamp":"2026-05-21T08:49:07.797Z"}
{"context":"RoutesResolver","level":"info","message":"FilesController {/api/v1/files}:","timestamp":"2026-05-21T08:49:07.797Z"}
{"context":"RouterExplorer","level":"info","message":"Mapped {/api/v1/files, POST} route","timestamp":"2026-05-21T08:49:07.797Z"}
{"context":"RouterExplorer","level":"info","message":"Mapped {/api/v1/files, GET} route","timestamp":"2026-05-21T08:49:07.797Z"}
{"context":"RouterExplorer","level":"info","message":"Mapped {/api/v1/files/:id, GET} route","timestamp":"2026-05-21T08:49:07.797Z"}
{"context":"RouterExplorer","level":"info","message":"Mapped {/api/v1/files/:id, PATCH} route","timestamp":"2026-05-21T08:49:07.798Z"}
{"context":"RouterExplorer","level":"info","message":"Mapped {/api/v1/files/:id, DELETE} route","timestamp":"2026-05-21T08:49:07.798Z"}
{"context":"PrismaService","level":"info","message":"Kết nối database thành công","timestamp":"2026-05-21T08:49:07.838Z"}
{"context":"NestApplication","level":"info","message":"Nest application successfully started","timestamp":"2026-05-21T08:49:07.842Z"}
{"level":"info","message":"Khởi tạo ứng dụng...","timestamp":"2026-05-21T08:49:09.489Z"}
{"context":"NestFactory","level":"info","message":"Starting Nest application...","timestamp":"2026-05-21T08:49:09.558Z"}
{"context":"InstanceLoader","level":"info","message":"PassportModule dependencies initialized","timestamp":"2026-05-21T08:49:09.565Z"}
{"context":"InstanceLoader","level":"info","message":"ConfigHostModule dependencies initialized","timestamp":"2026-05-21T08:49:09.566Z"}
{"context":"InstanceLoader","level":"info","message":"AppModule dependencies initialized","timestamp":"2026-05-21T08:49:09.566Z"}
{"context":"PrismaService","level":"info","message":"🔌 Prisma Connection String: postgresql://admin:******@localhost:5433/kyc_asset_db?schema=public","timestamp":"2026-05-21T08:49:09.569Z"}
{"context":"InstanceLoader","level":"info","message":"PortsModule dependencies initialized","timestamp":"2026-05-21T08:49:09.569Z"}
{"context":"InstanceLoader","level":"info","message":"FilesModule dependencies initialized","timestamp":"2026-05-21T08:49:09.569Z"}
{"context":"InstanceLoader","level":"info","message":"ConfigModule dependencies initialized","timestamp":"2026-05-21T08:49:09.569Z"}
{"context":"InstanceLoader","level":"info","message":"CommonModule dependencies initialized","timestamp":"2026-05-21T08:49:09.569Z"}
{"context":"InstanceLoader","level":"info","message":"JwtModule dependencies initialized","timestamp":"2026-05-21T08:49:09.570Z"}
{"context":"InstanceLoader","level":"info","message":"PrismaModule dependencies initialized","timestamp":"2026-05-21T08:49:09.570Z"}
{"context":"InstanceLoader","level":"info","message":"WhitelistIpModule dependencies initialized","timestamp":"2026-05-21T08:49:09.572Z"}
{"context":"InstanceLoader","level":"info","message":"AttributeModule dependencies initialized","timestamp":"2026-05-21T08:49:09.572Z"}
{"context":"InstanceLoader","level":"info","message":"DepartmentsModule dependencies initialized","timestamp":"2026-05-21T08:49:09.572Z"}
{"context":"InstanceLoader","level":"info","message":"UsersModule dependencies initialized","timestamp":"2026-05-21T08:49:09.572Z"}
{"context":"InstanceLoader","level":"info","message":"RolesModule dependencies initialized","timestamp":"2026-05-21T08:49:09.572Z"}
{"context":"InstanceLoader","level":"info","message":"PermissionsModule dependencies initialized","timestamp":"2026-05-21T08:49:09.572Z"}
{"context":"InstanceLoader","level":"info","message":"AuthModule dependencies initialized","timestamp":"2026-05-21T08:49:09.572Z"}
{"context":"LegacyRouteConverter","level":"warn","message":"Unsupported route path: \"/api/v1/*\". In previous versions, the symbols ?, *, and + were used to denote optional or repeating path parameters. The latest version of \"path-to-regexp\" now requires the use of named parameters. For example, instead of using a route like /users/* to capture all routes starting with \"/users\", you should use /users/*path. For more details, refer to the migration guide. Attempting to auto-convert...","timestamp":"2026-05-21T08:49:09.596Z"}
{"context":"RoutesResolver","level":"info","message":"AppController {/api/v1/ping}:","timestamp":"2026-05-21T08:49:09.596Z"}
{"context":"RouterExplorer","level":"info","message":"Mapped {/api/v1/ping, GET} route","timestamp":"2026-05-21T08:49:09.598Z"}
{"context":"RoutesResolver","level":"info","message":"UsersController {/api/v1/users}:","timestamp":"2026-05-21T08:49:09.598Z"}
{"context":"RouterExplorer","level":"info","message":"Mapped {/api/v1/users, POST} route","timestamp":"2026-05-21T08:49:09.599Z"}
{"context":"RouterExplorer","level":"info","message":"Mapped {/api/v1/users, GET} route","timestamp":"2026-05-21T08:49:09.599Z"}
{"context":"RouterExplorer","level":"info","message":"Mapped {/api/v1/users/:id, GET} route","timestamp":"2026-05-21T08:49:09.600Z"}
{"context":"RouterExplorer","level":"info","message":"Mapped {/api/v1/users/:id, PATCH} route","timestamp":"2026-05-21T08:49:09.600Z"}
{"context":"RouterExplorer","level":"info","message":"Mapped {/api/v1/users/:id, DELETE} route","timestamp":"2026-05-21T08:49:09.600Z"}
{"context":"RoutesResolver","level":"info","message":"WhitelistIpController {/api/v1/whitelist-ip}:","timestamp":"2026-05-21T08:49:09.600Z"}
{"context":"RouterExplorer","level":"info","message":"Mapped {/api/v1/whitelist-ip, POST} route","timestamp":"2026-05-21T08:49:09.600Z"}
{"context":"RouterExplorer","level":"info","message":"Mapped {/api/v1/whitelist-ip, GET} route","timestamp":"2026-05-21T08:49:09.601Z"}
{"context":"RouterExplorer","level":"info","message":"Mapped {/api/v1/whitelist-ip/:id, GET} route","timestamp":"2026-05-21T08:49:09.601Z"}
{"context":"RouterExplorer","level":"info","message":"Mapped {/api/v1/whitelist-ip/:id, PATCH} route","timestamp":"2026-05-21T08:49:09.601Z"}
{"context":"RouterExplorer","level":"info","message":"Mapped {/api/v1/whitelist-ip/:id, DELETE} route","timestamp":"2026-05-21T08:49:09.602Z"}
{"context":"RoutesResolver","level":"info","message":"RolesController {/api/v1/roles}:","timestamp":"2026-05-21T08:49:09.602Z"}
{"context":"RouterExplorer","level":"info","message":"Mapped {/api/v1/roles, POST} route","timestamp":"2026-05-21T08:49:09.602Z"}
{"context":"RouterExplorer","level":"info","message":"Mapped {/api/v1/roles, GET} route","timestamp":"2026-05-21T08:49:09.602Z"}
{"context":"RouterExplorer","level":"info","message":"Mapped {/api/v1/roles/:id, GET} route","timestamp":"2026-05-21T08:49:09.602Z"}
{"context":"RouterExplorer","level":"info","message":"Mapped {/api/v1/roles/:id, PATCH} route","timestamp":"2026-05-21T08:49:09.603Z"}
{"context":"RouterExplorer","level":"info","message":"Mapped {/api/v1/roles/:id, DELETE} route","timestamp":"2026-05-21T08:49:09.603Z"}
{"context":"RoutesResolver","level":"info","message":"PermissionsController {/api/v1/permissions}:","timestamp":"2026-05-21T08:49:09.603Z"}
{"context":"RouterExplorer","level":"info","message":"Mapped {/api/v1/permissions, POST} route","timestamp":"2026-05-21T08:49:09.603Z"}
{"context":"RouterExplorer","level":"info","message":"Mapped {/api/v1/permissions, GET} route","timestamp":"2026-05-21T08:49:09.603Z"}
{"context":"RouterExplorer","level":"info","message":"Mapped {/api/v1/permissions/:id, PATCH} route","timestamp":"2026-05-21T08:49:09.603Z"}
{"context":"RouterExplorer","level":"info","message":"Mapped {/api/v1/permissions/:id, DELETE} route","timestamp":"2026-05-21T08:49:09.604Z"}
{"context":"RoutesResolver","level":"info","message":"AuthController {/api/v1/auth}:","timestamp":"2026-05-21T08:49:09.604Z"}
{"context":"RouterExplorer","level":"info","message":"Mapped {/api/v1/auth/register, POST} route","timestamp":"2026-05-21T08:49:09.604Z"}
{"context":"RouterExplorer","level":"info","message":"Mapped {/api/v1/auth/login, POST} route","timestamp":"2026-05-21T08:49:09.604Z"}
{"context":"RouterExplorer","level":"info","message":"Mapped {/api/v1/auth/refresh, POST} route","timestamp":"2026-05-21T08:49:09.604Z"}
{"context":"RouterExplorer","level":"info","message":"Mapped {/api/v1/auth/logout, POST} route","timestamp":"2026-05-21T08:49:09.604Z"}
{"context":"RouterExplorer","level":"info","message":"Mapped {/api/v1/auth/me, GET} route","timestamp":"2026-05-21T08:49:09.605Z"}
{"context":"RouterExplorer","level":"info","message":"Mapped {/api/v1/auth/me/password, PATCH} route","timestamp":"2026-05-21T08:49:09.605Z"}
{"context":"RoutesResolver","level":"info","message":"AttributeController {/api/v1/attribute}:","timestamp":"2026-05-21T08:49:09.605Z"}
{"context":"RouterExplorer","level":"info","message":"Mapped {/api/v1/attribute, POST} route","timestamp":"2026-05-21T08:49:09.605Z"}
{"context":"RouterExplorer","level":"info","message":"Mapped {/api/v1/attribute, GET} route","timestamp":"2026-05-21T08:49:09.605Z"}
{"context":"RouterExplorer","level":"info","message":"Mapped {/api/v1/attribute/:id, GET} route","timestamp":"2026-05-21T08:49:09.605Z"}
{"context":"RouterExplorer","level":"info","message":"Mapped {/api/v1/attribute/:id, PATCH} route","timestamp":"2026-05-21T08:49:09.605Z"}
{"context":"RouterExplorer","level":"info","message":"Mapped {/api/v1/attribute/:id, DELETE} route","timestamp":"2026-05-21T08:49:09.606Z"}
{"context":"RoutesResolver","level":"info","message":"DepartmentsController {/api/v1/departments}:","timestamp":"2026-05-21T08:49:09.606Z"}
{"context":"RouterExplorer","level":"info","message":"Mapped {/api/v1/departments, POST} route","timestamp":"2026-05-21T08:49:09.606Z"}
{"context":"RouterExplorer","level":"info","message":"Mapped {/api/v1/departments, GET} route","timestamp":"2026-05-21T08:49:09.606Z"}
{"context":"RouterExplorer","level":"info","message":"Mapped {/api/v1/departments/:id, GET} route","timestamp":"2026-05-21T08:49:09.606Z"}
{"context":"RouterExplorer","level":"info","message":"Mapped {/api/v1/departments/:id, PATCH} route","timestamp":"2026-05-21T08:49:09.607Z"}
{"context":"RouterExplorer","level":"info","message":"Mapped {/api/v1/departments/:id, DELETE} route","timestamp":"2026-05-21T08:49:09.607Z"}
{"context":"RoutesResolver","level":"info","message":"PortsController {/api/v1/ports}:","timestamp":"2026-05-21T08:49:09.607Z"}
{"context":"RouterExplorer","level":"info","message":"Mapped {/api/v1/ports, POST} route","timestamp":"2026-05-21T08:49:09.607Z"}
{"context":"RouterExplorer","level":"info","message":"Mapped {/api/v1/ports, GET} route","timestamp":"2026-05-21T08:49:09.607Z"}
{"context":"RouterExplorer","level":"info","message":"Mapped {/api/v1/ports/:id, GET} route","timestamp":"2026-05-21T08:49:09.608Z"}
{"context":"RouterExplorer","level":"info","message":"Mapped {/api/v1/ports/:id, PATCH} route","timestamp":"2026-05-21T08:49:09.608Z"}
{"context":"RouterExplorer","level":"info","message":"Mapped {/api/v1/ports/:id, DELETE} route","timestamp":"2026-05-21T08:49:09.608Z"}
{"context":"RoutesResolver","level":"info","message":"FilesController {/api/v1/files}:","timestamp":"2026-05-21T08:49:09.608Z"}
{"context":"RouterExplorer","level":"info","message":"Mapped {/api/v1/files, POST} route","timestamp":"2026-05-21T08:49:09.608Z"}
{"context":"RouterExplorer","level":"info","message":"Mapped {/api/v1/files, GET} route","timestamp":"2026-05-21T08:49:09.608Z"}
{"context":"RouterExplorer","level":"info","message":"Mapped {/api/v1/files/:id, GET} route","timestamp":"2026-05-21T08:49:09.609Z"}
{"context":"RouterExplorer","level":"info","message":"Mapped {/api/v1/files/:id, PATCH} route","timestamp":"2026-05-21T08:49:09.609Z"}
{"context":"RouterExplorer","level":"info","message":"Mapped {/api/v1/files/:id, DELETE} route","timestamp":"2026-05-21T08:49:09.609Z"}
{"context":"PrismaService","level":"info","message":"Kết nối database thành công","timestamp":"2026-05-21T08:49:09.646Z"}
{"context":"NestApplication","level":"info","message":"Nest application successfully started","timestamp":"2026-05-21T08:49:09.651Z"}
{"level":"info","message":"Khởi tạo ứng dụng...","timestamp":"2026-05-21T08:49:13.507Z"}
{"context":"NestFactory","level":"info","message":"Starting Nest application...","timestamp":"2026-05-21T08:49:13.578Z"}
{"context":"InstanceLoader","level":"info","message":"PassportModule dependencies initialized","timestamp":"2026-05-21T08:49:13.587Z"}
{"context":"InstanceLoader","level":"info","message":"ConfigHostModule dependencies initialized","timestamp":"2026-05-21T08:49:13.588Z"}
{"context":"InstanceLoader","level":"info","message":"AppModule dependencies initialized","timestamp":"2026-05-21T08:49:13.588Z"}
{"context":"PrismaService","level":"info","message":"🔌 Prisma Connection String: postgresql://admin:******@localhost:5433/kyc_asset_db?schema=public","timestamp":"2026-05-21T08:49:13.590Z"}
{"context":"InstanceLoader","level":"info","message":"PortsModule dependencies initialized","timestamp":"2026-05-21T08:49:13.591Z"}
{"context":"InstanceLoader","level":"info","message":"FilesModule dependencies initialized","timestamp":"2026-05-21T08:49:13.591Z"}
{"context":"InstanceLoader","level":"info","message":"ConfigModule dependencies initialized","timestamp":"2026-05-21T08:49:13.591Z"}
{"context":"InstanceLoader","level":"info","message":"CommonModule dependencies initialized","timestamp":"2026-05-21T08:49:13.591Z"}
{"context":"InstanceLoader","level":"info","message":"JwtModule dependencies initialized","timestamp":"2026-05-21T08:49:13.592Z"}
{"context":"InstanceLoader","level":"info","message":"PrismaModule dependencies initialized","timestamp":"2026-05-21T08:49:13.592Z"}
{"context":"InstanceLoader","level":"info","message":"WhitelistIpModule dependencies initialized","timestamp":"2026-05-21T08:49:13.594Z"}
{"context":"InstanceLoader","level":"info","message":"AttributeModule dependencies initialized","timestamp":"2026-05-21T08:49:13.594Z"}
{"context":"InstanceLoader","level":"info","message":"DepartmentsModule dependencies initialized","timestamp":"2026-05-21T08:49:13.594Z"}
{"context":"InstanceLoader","level":"info","message":"UsersModule dependencies initialized","timestamp":"2026-05-21T08:49:13.594Z"}
{"context":"InstanceLoader","level":"info","message":"RolesModule dependencies initialized","timestamp":"2026-05-21T08:49:13.594Z"}
{"context":"InstanceLoader","level":"info","message":"PermissionsModule dependencies initialized","timestamp":"2026-05-21T08:49:13.594Z"}
{"context":"InstanceLoader","level":"info","message":"AuthModule dependencies initialized","timestamp":"2026-05-21T08:49:13.594Z"}
{"context":"LegacyRouteConverter","level":"warn","message":"Unsupported route path: \"/api/v1/*\". In previous versions, the symbols ?, *, and + were used to denote optional or repeating path parameters. The latest version of \"path-to-regexp\" now requires the use of named parameters. For example, instead of using a route like /users/* to capture all routes starting with \"/users\", you should use /users/*path. For more details, refer to the migration guide. Attempting to auto-convert...","timestamp":"2026-05-21T08:49:13.618Z"}
{"context":"RoutesResolver","level":"info","message":"AppController {/api/v1/ping}:","timestamp":"2026-05-21T08:49:13.618Z"}
{"context":"RouterExplorer","level":"info","message":"Mapped {/api/v1/ping, GET} route","timestamp":"2026-05-21T08:49:13.619Z"}
{"context":"RoutesResolver","level":"info","message":"UsersController {/api/v1/users}:","timestamp":"2026-05-21T08:49:13.620Z"}
{"context":"RouterExplorer","level":"info","message":"Mapped {/api/v1/users, POST} route","timestamp":"2026-05-21T08:49:13.620Z"}
{"context":"RouterExplorer","level":"info","message":"Mapped {/api/v1/users, GET} route","timestamp":"2026-05-21T08:49:13.620Z"}
{"context":"RouterExplorer","level":"info","message":"Mapped {/api/v1/users/:id, GET} route","timestamp":"2026-05-21T08:49:13.621Z"}
{"context":"RouterExplorer","level":"info","message":"Mapped {/api/v1/users/:id, PATCH} route","timestamp":"2026-05-21T08:49:13.621Z"}
{"context":"RouterExplorer","level":"info","message":"Mapped {/api/v1/users/:id, DELETE} route","timestamp":"2026-05-21T08:49:13.621Z"}
{"context":"RoutesResolver","level":"info","message":"WhitelistIpController {/api/v1/whitelist-ip}:","timestamp":"2026-05-21T08:49:13.621Z"}
{"context":"RouterExplorer","level":"info","message":"Mapped {/api/v1/whitelist-ip, POST} route","timestamp":"2026-05-21T08:49:13.621Z"}
{"context":"RouterExplorer","level":"info","message":"Mapped {/api/v1/whitelist-ip, GET} route","timestamp":"2026-05-21T08:49:13.622Z"}
{"context":"RouterExplorer","level":"info","message":"Mapped {/api/v1/whitelist-ip/:id, GET} route","timestamp":"2026-05-21T08:49:13.622Z"}
{"context":"RouterExplorer","level":"info","message":"Mapped {/api/v1/whitelist-ip/:id, PATCH} route","timestamp":"2026-05-21T08:49:13.622Z"}
{"context":"RouterExplorer","level":"info","message":"Mapped {/api/v1/whitelist-ip/:id, DELETE} route","timestamp":"2026-05-21T08:49:13.622Z"}
{"context":"RoutesResolver","level":"info","message":"RolesController {/api/v1/roles}:","timestamp":"2026-05-21T08:49:13.622Z"}
{"context":"RouterExplorer","level":"info","message":"Mapped {/api/v1/roles, POST} route","timestamp":"2026-05-21T08:49:13.623Z"}
{"context":"RouterExplorer","level":"info","message":"Mapped {/api/v1/roles, GET} route","timestamp":"2026-05-21T08:49:13.623Z"}
{"context":"RouterExplorer","level":"info","message":"Mapped {/api/v1/roles/:id, GET} route","timestamp":"2026-05-21T08:49:13.623Z"}
{"context":"RouterExplorer","level":"info","message":"Mapped {/api/v1/roles/:id, PATCH} route","timestamp":"2026-05-21T08:49:13.624Z"}
{"context":"RouterExplorer","level":"info","message":"Mapped {/api/v1/roles/:id, DELETE} route","timestamp":"2026-05-21T08:49:13.624Z"}
{"context":"RoutesResolver","level":"info","message":"PermissionsController {/api/v1/permissions}:","timestamp":"2026-05-21T08:49:13.624Z"}
{"context":"RouterExplorer","level":"info","message":"Mapped {/api/v1/permissions, POST} route","timestamp":"2026-05-21T08:49:13.624Z"}
{"context":"RouterExplorer","level":"info","message":"Mapped {/api/v1/permissions, GET} route","timestamp":"2026-05-21T08:49:13.624Z"}
{"context":"RouterExplorer","level":"info","message":"Mapped {/api/v1/permissions/:id, PATCH} route","timestamp":"2026-05-21T08:49:13.625Z"}
{"context":"RouterExplorer","level":"info","message":"Mapped {/api/v1/permissions/:id, DELETE} route","timestamp":"2026-05-21T08:49:13.625Z"}
{"context":"RoutesResolver","level":"info","message":"AuthController {/api/v1/auth}:","timestamp":"2026-05-21T08:49:13.625Z"}
{"context":"RouterExplorer","level":"info","message":"Mapped {/api/v1/auth/register, POST} route","timestamp":"2026-05-21T08:49:13.625Z"}
{"context":"RouterExplorer","level":"info","message":"Mapped {/api/v1/auth/login, POST} route","timestamp":"2026-05-21T08:49:13.625Z"}
{"context":"RouterExplorer","level":"info","message":"Mapped {/api/v1/auth/refresh, POST} route","timestamp":"2026-05-21T08:49:13.625Z"}
{"context":"RouterExplorer","level":"info","message":"Mapped {/api/v1/auth/logout, POST} route","timestamp":"2026-05-21T08:49:13.626Z"}
{"context":"RouterExplorer","level":"info","message":"Mapped {/api/v1/auth/me, GET} route","timestamp":"2026-05-21T08:49:13.626Z"}
{"context":"RouterExplorer","level":"info","message":"Mapped {/api/v1/auth/me/password, PATCH} route","timestamp":"2026-05-21T08:49:13.626Z"}
{"context":"RoutesResolver","level":"info","message":"AttributeController {/api/v1/attribute}:","timestamp":"2026-05-21T08:49:13.626Z"}
{"context":"RouterExplorer","level":"info","message":"Mapped {/api/v1/attribute, POST} route","timestamp":"2026-05-21T08:49:13.626Z"}
{"context":"RouterExplorer","level":"info","message":"Mapped {/api/v1/attribute, GET} route","timestamp":"2026-05-21T08:49:13.626Z"}
{"context":"RouterExplorer","level":"info","message":"Mapped {/api/v1/attribute/:id, GET} route","timestamp":"2026-05-21T08:49:13.627Z"}
{"context":"RouterExplorer","level":"info","message":"Mapped {/api/v1/attribute/:id, PATCH} route","timestamp":"2026-05-21T08:49:13.627Z"}
{"context":"RouterExplorer","level":"info","message":"Mapped {/api/v1/attribute/:id, DELETE} route","timestamp":"2026-05-21T08:49:13.627Z"}
{"context":"RoutesResolver","level":"info","message":"DepartmentsController {/api/v1/departments}:","timestamp":"2026-05-21T08:49:13.627Z"}
{"context":"RouterExplorer","level":"info","message":"Mapped {/api/v1/departments, POST} route","timestamp":"2026-05-21T08:49:13.627Z"}
{"context":"RouterExplorer","level":"info","message":"Mapped {/api/v1/departments, GET} route","timestamp":"2026-05-21T08:49:13.628Z"}
{"context":"RouterExplorer","level":"info","message":"Mapped {/api/v1/departments/:id, GET} route","timestamp":"2026-05-21T08:49:13.628Z"}
{"context":"RouterExplorer","level":"info","message":"Mapped {/api/v1/departments/:id, PATCH} route","timestamp":"2026-05-21T08:49:13.628Z"}
{"context":"RouterExplorer","level":"info","message":"Mapped {/api/v1/departments/:id, DELETE} route","timestamp":"2026-05-21T08:49:13.628Z"}
{"context":"RoutesResolver","level":"info","message":"PortsController {/api/v1/ports}:","timestamp":"2026-05-21T08:49:13.628Z"}
{"context":"RouterExplorer","level":"info","message":"Mapped {/api/v1/ports, POST} route","timestamp":"2026-05-21T08:49:13.628Z"}
{"context":"RouterExplorer","level":"info","message":"Mapped {/api/v1/ports, GET} route","timestamp":"2026-05-21T08:49:13.629Z"}
{"context":"RouterExplorer","level":"info","message":"Mapped {/api/v1/ports/:id, GET} route","timestamp":"2026-05-21T08:49:13.629Z"}
{"context":"RouterExplorer","level":"info","message":"Mapped {/api/v1/ports/:id, PATCH} route","timestamp":"2026-05-21T08:49:13.629Z"}
{"context":"RouterExplorer","level":"info","message":"Mapped {/api/v1/ports/:id, DELETE} route","timestamp":"2026-05-21T08:49:13.629Z"}
{"context":"RoutesResolver","level":"info","message":"FilesController {/api/v1/files}:","timestamp":"2026-05-21T08:49:13.629Z"}
{"context":"RouterExplorer","level":"info","message":"Mapped {/api/v1/files, POST} route","timestamp":"2026-05-21T08:49:13.629Z"}
{"context":"RouterExplorer","level":"info","message":"Mapped {/api/v1/files, GET} route","timestamp":"2026-05-21T08:49:13.629Z"}
{"context":"RouterExplorer","level":"info","message":"Mapped {/api/v1/files/:id, GET} route","timestamp":"2026-05-21T08:49:13.630Z"}
{"context":"RouterExplorer","level":"info","message":"Mapped {/api/v1/files/:id, PATCH} route","timestamp":"2026-05-21T08:49:13.630Z"}
{"context":"RouterExplorer","level":"info","message":"Mapped {/api/v1/files/:id, DELETE} route","timestamp":"2026-05-21T08:49:13.630Z"}
{"context":"PrismaService","level":"info","message":"Kết nối database thành công","timestamp":"2026-05-21T08:49:13.669Z"}
{"context":"NestApplication","level":"info","message":"Nest application successfully started","timestamp":"2026-05-21T08:49:13.673Z"}
{"level":"info","message":"Khởi tạo ứng dụng...","timestamp":"2026-05-21T08:56:27.811Z"}
{"context":"NestFactory","level":"info","message":"Starting Nest application...","timestamp":"2026-05-21T08:56:27.893Z"}
{"context":"InstanceLoader","level":"info","message":"PassportModule dependencies initialized","timestamp":"2026-05-21T08:56:27.900Z"}
{"context":"InstanceLoader","level":"info","message":"ConfigHostModule dependencies initialized","timestamp":"2026-05-21T08:56:27.901Z"}
{"context":"InstanceLoader","level":"info","message":"AppModule dependencies initialized","timestamp":"2026-05-21T08:56:27.901Z"}
{"context":"PrismaService","level":"info","message":"🔌 Prisma Connection String: postgresql://admin:******@localhost:5433/kyc_asset_db?schema=public","timestamp":"2026-05-21T08:56:27.904Z"}
{"context":"InstanceLoader","level":"info","message":"PortsModule dependencies initialized","timestamp":"2026-05-21T08:56:27.904Z"}
{"context":"InstanceLoader","level":"info","message":"FilesModule dependencies initialized","timestamp":"2026-05-21T08:56:27.905Z"}
{"context":"InstanceLoader","level":"info","message":"ConfigModule dependencies initialized","timestamp":"2026-05-21T08:56:27.905Z"}
{"context":"InstanceLoader","level":"info","message":"CommonModule dependencies initialized","timestamp":"2026-05-21T08:56:27.905Z"}
{"context":"InstanceLoader","level":"info","message":"JwtModule dependencies initialized","timestamp":"2026-05-21T08:56:27.906Z"}
{"context":"InstanceLoader","level":"info","message":"PrismaModule dependencies initialized","timestamp":"2026-05-21T08:56:27.906Z"}
{"context":"InstanceLoader","level":"info","message":"WhitelistIpModule dependencies initialized","timestamp":"2026-05-21T08:56:27.907Z"}
{"context":"InstanceLoader","level":"info","message":"AttributeModule dependencies initialized","timestamp":"2026-05-21T08:56:27.907Z"}
{"context":"InstanceLoader","level":"info","message":"DepartmentsModule dependencies initialized","timestamp":"2026-05-21T08:56:27.907Z"}
{"context":"InstanceLoader","level":"info","message":"UsersModule dependencies initialized","timestamp":"2026-05-21T08:56:27.908Z"}
{"context":"InstanceLoader","level":"info","message":"RolesModule dependencies initialized","timestamp":"2026-05-21T08:56:27.908Z"}
{"context":"InstanceLoader","level":"info","message":"PermissionsModule dependencies initialized","timestamp":"2026-05-21T08:56:27.908Z"}
{"context":"InstanceLoader","level":"info","message":"AuthModule dependencies initialized","timestamp":"2026-05-21T08:56:27.908Z"}
{"context":"LegacyRouteConverter","level":"warn","message":"Unsupported route path: \"/api/v1/*\". In previous versions, the symbols ?, *, and + were used to denote optional or repeating path parameters. The latest version of \"path-to-regexp\" now requires the use of named parameters. For example, instead of using a route like /users/* to capture all routes starting with \"/users\", you should use /users/*path. For more details, refer to the migration guide. Attempting to auto-convert...","timestamp":"2026-05-21T08:56:27.933Z"}
{"context":"RoutesResolver","level":"info","message":"AppController {/api/v1/ping}:","timestamp":"2026-05-21T08:56:27.934Z"}
{"context":"RouterExplorer","level":"info","message":"Mapped {/api/v1/ping, GET} route","timestamp":"2026-05-21T08:56:27.935Z"}
{"context":"RoutesResolver","level":"info","message":"UsersController {/api/v1/users}:","timestamp":"2026-05-21T08:56:27.935Z"}
{"context":"RouterExplorer","level":"info","message":"Mapped {/api/v1/users, POST} route","timestamp":"2026-05-21T08:56:27.936Z"}
{"context":"RouterExplorer","level":"info","message":"Mapped {/api/v1/users, GET} route","timestamp":"2026-05-21T08:56:27.936Z"}
{"context":"RouterExplorer","level":"info","message":"Mapped {/api/v1/users/:id, GET} route","timestamp":"2026-05-21T08:56:27.936Z"}
{"context":"RouterExplorer","level":"info","message":"Mapped {/api/v1/users/:id, PATCH} route","timestamp":"2026-05-21T08:56:27.937Z"}
{"context":"RouterExplorer","level":"info","message":"Mapped {/api/v1/users/:id, DELETE} route","timestamp":"2026-05-21T08:56:27.937Z"}
{"context":"RoutesResolver","level":"info","message":"WhitelistIpController {/api/v1/whitelist-ip}:","timestamp":"2026-05-21T08:56:27.937Z"}
{"context":"RouterExplorer","level":"info","message":"Mapped {/api/v1/whitelist-ip, POST} route","timestamp":"2026-05-21T08:56:27.937Z"}
{"context":"RouterExplorer","level":"info","message":"Mapped {/api/v1/whitelist-ip, GET} route","timestamp":"2026-05-21T08:56:27.938Z"}
{"context":"RouterExplorer","level":"info","message":"Mapped {/api/v1/whitelist-ip/:id, GET} route","timestamp":"2026-05-21T08:56:27.938Z"}
{"context":"RouterExplorer","level":"info","message":"Mapped {/api/v1/whitelist-ip/:id, PATCH} route","timestamp":"2026-05-21T08:56:27.938Z"}
{"context":"RouterExplorer","level":"info","message":"Mapped {/api/v1/whitelist-ip/:id, DELETE} route","timestamp":"2026-05-21T08:56:27.938Z"}
{"context":"RoutesResolver","level":"info","message":"RolesController {/api/v1/roles}:","timestamp":"2026-05-21T08:56:27.938Z"}
{"context":"RouterExplorer","level":"info","message":"Mapped {/api/v1/roles, POST} route","timestamp":"2026-05-21T08:56:27.939Z"}
{"context":"RouterExplorer","level":"info","message":"Mapped {/api/v1/roles, GET} route","timestamp":"2026-05-21T08:56:27.939Z"}
{"context":"RouterExplorer","level":"info","message":"Mapped {/api/v1/roles/:id, GET} route","timestamp":"2026-05-21T08:56:27.939Z"}
{"context":"RouterExplorer","level":"info","message":"Mapped {/api/v1/roles/:id, PATCH} route","timestamp":"2026-05-21T08:56:27.939Z"}
{"context":"RouterExplorer","level":"info","message":"Mapped {/api/v1/roles/:id, DELETE} route","timestamp":"2026-05-21T08:56:27.939Z"}
{"context":"RoutesResolver","level":"info","message":"PermissionsController {/api/v1/permissions}:","timestamp":"2026-05-21T08:56:27.940Z"}
{"context":"RouterExplorer","level":"info","message":"Mapped {/api/v1/permissions, POST} route","timestamp":"2026-05-21T08:56:27.940Z"}
{"context":"RouterExplorer","level":"info","message":"Mapped {/api/v1/permissions, GET} route","timestamp":"2026-05-21T08:56:27.940Z"}
{"context":"RouterExplorer","level":"info","message":"Mapped {/api/v1/permissions/:id, PATCH} route","timestamp":"2026-05-21T08:56:27.940Z"}
{"context":"RouterExplorer","level":"info","message":"Mapped {/api/v1/permissions/:id, DELETE} route","timestamp":"2026-05-21T08:56:27.940Z"}
{"context":"RoutesResolver","level":"info","message":"AuthController {/api/v1/auth}:","timestamp":"2026-05-21T08:56:27.941Z"}
{"context":"RouterExplorer","level":"info","message":"Mapped {/api/v1/auth/register, POST} route","timestamp":"2026-05-21T08:56:27.941Z"}
{"context":"RouterExplorer","level":"info","message":"Mapped {/api/v1/auth/login, POST} route","timestamp":"2026-05-21T08:56:27.941Z"}
{"context":"RouterExplorer","level":"info","message":"Mapped {/api/v1/auth/refresh, POST} route","timestamp":"2026-05-21T08:56:27.941Z"}
{"context":"RouterExplorer","level":"info","message":"Mapped {/api/v1/auth/logout, POST} route","timestamp":"2026-05-21T08:56:27.941Z"}
{"context":"RouterExplorer","level":"info","message":"Mapped {/api/v1/auth/me, GET} route","timestamp":"2026-05-21T08:56:27.942Z"}
{"context":"RouterExplorer","level":"info","message":"Mapped {/api/v1/auth/me/password, PATCH} route","timestamp":"2026-05-21T08:56:27.942Z"}
{"context":"RoutesResolver","level":"info","message":"AttributeController {/api/v1/attribute}:","timestamp":"2026-05-21T08:56:27.942Z"}
{"context":"RouterExplorer","level":"info","message":"Mapped {/api/v1/attribute, POST} route","timestamp":"2026-05-21T08:56:27.942Z"}
{"context":"RouterExplorer","level":"info","message":"Mapped {/api/v1/attribute, GET} route","timestamp":"2026-05-21T08:56:27.942Z"}
{"context":"RouterExplorer","level":"info","message":"Mapped {/api/v1/attribute/:id, GET} route","timestamp":"2026-05-21T08:56:27.942Z"}
{"context":"RouterExplorer","level":"info","message":"Mapped {/api/v1/attribute/:id, PATCH} route","timestamp":"2026-05-21T08:56:27.942Z"}
{"context":"RouterExplorer","level":"info","message":"Mapped {/api/v1/attribute/:id, DELETE} route","timestamp":"2026-05-21T08:56:27.943Z"}
{"context":"RoutesResolver","level":"info","message":"DepartmentsController {/api/v1/departments}:","timestamp":"2026-05-21T08:56:27.943Z"}
{"context":"RouterExplorer","level":"info","message":"Mapped {/api/v1/departments, POST} route","timestamp":"2026-05-21T08:56:27.943Z"}
{"context":"RouterExplorer","level":"info","message":"Mapped {/api/v1/departments, GET} route","timestamp":"2026-05-21T08:56:27.943Z"}
{"context":"RouterExplorer","level":"info","message":"Mapped {/api/v1/departments/:id, GET} route","timestamp":"2026-05-21T08:56:27.943Z"}
{"context":"RouterExplorer","level":"info","message":"Mapped {/api/v1/departments/:id, PATCH} route","timestamp":"2026-05-21T08:56:27.943Z"}
{"context":"RouterExplorer","level":"info","message":"Mapped {/api/v1/departments/:id, DELETE} route","timestamp":"2026-05-21T08:56:27.944Z"}
{"context":"RoutesResolver","level":"info","message":"PortsController {/api/v1/ports}:","timestamp":"2026-05-21T08:56:27.944Z"}
{"context":"RouterExplorer","level":"info","message":"Mapped {/api/v1/ports, POST} route","timestamp":"2026-05-21T08:56:27.944Z"}
{"context":"RouterExplorer","level":"info","message":"Mapped {/api/v1/ports, GET} route","timestamp":"2026-05-21T08:56:27.944Z"}
{"context":"RouterExplorer","level":"info","message":"Mapped {/api/v1/ports/:id, GET} route","timestamp":"2026-05-21T08:56:27.944Z"}
{"context":"RouterExplorer","level":"info","message":"Mapped {/api/v1/ports/:id, PATCH} route","timestamp":"2026-05-21T08:56:27.945Z"}
{"context":"RouterExplorer","level":"info","message":"Mapped {/api/v1/ports/:id, DELETE} route","timestamp":"2026-05-21T08:56:27.945Z"}
{"context":"RoutesResolver","level":"info","message":"FilesController {/api/v1/files}:","timestamp":"2026-05-21T08:56:27.945Z"}
{"context":"RouterExplorer","level":"info","message":"Mapped {/api/v1/files, POST} route","timestamp":"2026-05-21T08:56:27.945Z"}
{"context":"RouterExplorer","level":"info","message":"Mapped {/api/v1/files, GET} route","timestamp":"2026-05-21T08:56:27.945Z"}
{"context":"RouterExplorer","level":"info","message":"Mapped {/api/v1/files/:id, GET} route","timestamp":"2026-05-21T08:56:27.946Z"}
{"context":"RouterExplorer","level":"info","message":"Mapped {/api/v1/files/:id, PATCH} route","timestamp":"2026-05-21T08:56:27.946Z"}
{"context":"RouterExplorer","level":"info","message":"Mapped {/api/v1/files/:id, DELETE} route","timestamp":"2026-05-21T08:56:27.946Z"}
{"context":"PrismaService","level":"info","message":"Kết nối database thành công","timestamp":"2026-05-21T08:56:27.985Z"}
{"context":"NestApplication","level":"info","message":"Nest application successfully started","timestamp":"2026-05-21T08:56:27.990Z"}
{"level":"info","message":"Khởi tạo ứng dụng...","timestamp":"2026-05-21T09:08:00.327Z"}
{"context":"NestFactory","level":"info","message":"Starting Nest application...","timestamp":"2026-05-21T09:08:00.399Z"}
{"context":"InstanceLoader","level":"info","message":"PassportModule dependencies initialized","timestamp":"2026-05-21T09:08:00.407Z"}
{"context":"InstanceLoader","level":"info","message":"ConfigHostModule dependencies initialized","timestamp":"2026-05-21T09:08:00.408Z"}
{"context":"InstanceLoader","level":"info","message":"AppModule dependencies initialized","timestamp":"2026-05-21T09:08:00.408Z"}
{"context":"PrismaService","level":"info","message":"🔌 Prisma Connection String: postgresql://admin:******@localhost:5433/kyc_asset_db?schema=public","timestamp":"2026-05-21T09:08:00.411Z"}
{"context":"InstanceLoader","level":"info","message":"PortsModule dependencies initialized","timestamp":"2026-05-21T09:08:00.411Z"}
{"context":"InstanceLoader","level":"info","message":"FilesModule dependencies initialized","timestamp":"2026-05-21T09:08:00.411Z"}
{"context":"InstanceLoader","level":"info","message":"ConfigModule dependencies initialized","timestamp":"2026-05-21T09:08:00.411Z"}
{"context":"InstanceLoader","level":"info","message":"CommonModule dependencies initialized","timestamp":"2026-05-21T09:08:00.411Z"}
{"context":"InstanceLoader","level":"info","message":"JwtModule dependencies initialized","timestamp":"2026-05-21T09:08:00.412Z"}
{"context":"InstanceLoader","level":"info","message":"PrismaModule dependencies initialized","timestamp":"2026-05-21T09:08:00.412Z"}
{"context":"InstanceLoader","level":"info","message":"WhitelistIpModule dependencies initialized","timestamp":"2026-05-21T09:08:00.414Z"}
{"context":"InstanceLoader","level":"info","message":"AttributeModule dependencies initialized","timestamp":"2026-05-21T09:08:00.414Z"}
{"context":"InstanceLoader","level":"info","message":"DepartmentsModule dependencies initialized","timestamp":"2026-05-21T09:08:00.414Z"}
{"context":"InstanceLoader","level":"info","message":"UsersModule dependencies initialized","timestamp":"2026-05-21T09:08:00.414Z"}
{"context":"InstanceLoader","level":"info","message":"RolesModule dependencies initialized","timestamp":"2026-05-21T09:08:00.414Z"}
{"context":"InstanceLoader","level":"info","message":"PermissionsModule dependencies initialized","timestamp":"2026-05-21T09:08:00.414Z"}
{"context":"InstanceLoader","level":"info","message":"AuthModule dependencies initialized","timestamp":"2026-05-21T09:08:00.414Z"}
{"context":"LegacyRouteConverter","level":"warn","message":"Unsupported route path: \"/api/v1/*\". In previous versions, the symbols ?, *, and + were used to denote optional or repeating path parameters. The latest version of \"path-to-regexp\" now requires the use of named parameters. For example, instead of using a route like /users/* to capture all routes starting with \"/users\", you should use /users/*path. For more details, refer to the migration guide. Attempting to auto-convert...","timestamp":"2026-05-21T09:08:00.443Z"}
{"context":"RoutesResolver","level":"info","message":"AppController {/api/v1/ping}:","timestamp":"2026-05-21T09:08:00.443Z"}
{"context":"RouterExplorer","level":"info","message":"Mapped {/api/v1/ping, GET} route","timestamp":"2026-05-21T09:08:00.445Z"}
{"context":"RoutesResolver","level":"info","message":"UsersController {/api/v1/users}:","timestamp":"2026-05-21T09:08:00.445Z"}
{"context":"RouterExplorer","level":"info","message":"Mapped {/api/v1/users, POST} route","timestamp":"2026-05-21T09:08:00.445Z"}
{"context":"RouterExplorer","level":"info","message":"Mapped {/api/v1/users, GET} route","timestamp":"2026-05-21T09:08:00.445Z"}
{"context":"RouterExplorer","level":"info","message":"Mapped {/api/v1/users/:id, GET} route","timestamp":"2026-05-21T09:08:00.446Z"}
{"context":"RouterExplorer","level":"info","message":"Mapped {/api/v1/users/:id, PATCH} route","timestamp":"2026-05-21T09:08:00.446Z"}
{"context":"RouterExplorer","level":"info","message":"Mapped {/api/v1/users/:id, DELETE} route","timestamp":"2026-05-21T09:08:00.446Z"}
{"context":"RoutesResolver","level":"info","message":"WhitelistIpController {/api/v1/whitelist-ip}:","timestamp":"2026-05-21T09:08:00.446Z"}
{"context":"RouterExplorer","level":"info","message":"Mapped {/api/v1/whitelist-ip, POST} route","timestamp":"2026-05-21T09:08:00.447Z"}
{"context":"RouterExplorer","level":"info","message":"Mapped {/api/v1/whitelist-ip, GET} route","timestamp":"2026-05-21T09:08:00.447Z"}
{"context":"RouterExplorer","level":"info","message":"Mapped {/api/v1/whitelist-ip/:id, GET} route","timestamp":"2026-05-21T09:08:00.447Z"}
{"context":"RouterExplorer","level":"info","message":"Mapped {/api/v1/whitelist-ip/:id, PATCH} route","timestamp":"2026-05-21T09:08:00.447Z"}
{"context":"RouterExplorer","level":"info","message":"Mapped {/api/v1/whitelist-ip/:id, DELETE} route","timestamp":"2026-05-21T09:08:00.447Z"}
{"context":"RoutesResolver","level":"info","message":"RolesController {/api/v1/roles}:","timestamp":"2026-05-21T09:08:00.448Z"}
{"context":"RouterExplorer","level":"info","message":"Mapped {/api/v1/roles, POST} route","timestamp":"2026-05-21T09:08:00.448Z"}
{"context":"RouterExplorer","level":"info","message":"Mapped {/api/v1/roles, GET} route","timestamp":"2026-05-21T09:08:00.448Z"}
{"context":"RouterExplorer","level":"info","message":"Mapped {/api/v1/roles/:id, GET} route","timestamp":"2026-05-21T09:08:00.448Z"}
{"context":"RouterExplorer","level":"info","message":"Mapped {/api/v1/roles/:id, PATCH} route","timestamp":"2026-05-21T09:08:00.449Z"}
{"context":"RouterExplorer","level":"info","message":"Mapped {/api/v1/roles/:id, DELETE} route","timestamp":"2026-05-21T09:08:00.449Z"}
{"context":"RoutesResolver","level":"info","message":"PermissionsController {/api/v1/permissions}:","timestamp":"2026-05-21T09:08:00.449Z"}
{"context":"RouterExplorer","level":"info","message":"Mapped {/api/v1/permissions, POST} route","timestamp":"2026-05-21T09:08:00.449Z"}
{"context":"RouterExplorer","level":"info","message":"Mapped {/api/v1/permissions, GET} route","timestamp":"2026-05-21T09:08:00.449Z"}
{"context":"RouterExplorer","level":"info","message":"Mapped {/api/v1/permissions/:id, PATCH} route","timestamp":"2026-05-21T09:08:00.449Z"}
{"context":"RouterExplorer","level":"info","message":"Mapped {/api/v1/permissions/:id, DELETE} route","timestamp":"2026-05-21T09:08:00.450Z"}
{"context":"RoutesResolver","level":"info","message":"AuthController {/api/v1/auth}:","timestamp":"2026-05-21T09:08:00.450Z"}
{"context":"RouterExplorer","level":"info","message":"Mapped {/api/v1/auth/register, POST} route","timestamp":"2026-05-21T09:08:00.450Z"}
{"context":"RouterExplorer","level":"info","message":"Mapped {/api/v1/auth/login, POST} route","timestamp":"2026-05-21T09:08:00.450Z"}
{"context":"RouterExplorer","level":"info","message":"Mapped {/api/v1/auth/refresh, POST} route","timestamp":"2026-05-21T09:08:00.450Z"}
{"context":"RouterExplorer","level":"info","message":"Mapped {/api/v1/auth/logout, POST} route","timestamp":"2026-05-21T09:08:00.451Z"}
{"context":"RouterExplorer","level":"info","message":"Mapped {/api/v1/auth/me, GET} route","timestamp":"2026-05-21T09:08:00.451Z"}
{"context":"RouterExplorer","level":"info","message":"Mapped {/api/v1/auth/me/password, PATCH} route","timestamp":"2026-05-21T09:08:00.451Z"}
{"context":"RoutesResolver","level":"info","message":"AttributeController {/api/v1/attribute}:","timestamp":"2026-05-21T09:08:00.451Z"}
{"context":"RouterExplorer","level":"info","message":"Mapped {/api/v1/attribute, POST} route","timestamp":"2026-05-21T09:08:00.452Z"}
{"context":"RouterExplorer","level":"info","message":"Mapped {/api/v1/attribute, GET} route","timestamp":"2026-05-21T09:08:00.452Z"}
{"context":"RouterExplorer","level":"info","message":"Mapped {/api/v1/attribute/:id, GET} route","timestamp":"2026-05-21T09:08:00.452Z"}
{"context":"RouterExplorer","level":"info","message":"Mapped {/api/v1/attribute/:id, PATCH} route","timestamp":"2026-05-21T09:08:00.452Z"}
{"context":"RouterExplorer","level":"info","message":"Mapped {/api/v1/attribute/:id, DELETE} route","timestamp":"2026-05-21T09:08:00.453Z"}
{"context":"RoutesResolver","level":"info","message":"DepartmentsController {/api/v1/departments}:","timestamp":"2026-05-21T09:08:00.453Z"}
{"context":"RouterExplorer","level":"info","message":"Mapped {/api/v1/departments, POST} route","timestamp":"2026-05-21T09:08:00.453Z"}
{"context":"RouterExplorer","level":"info","message":"Mapped {/api/v1/departments, GET} route","timestamp":"2026-05-21T09:08:00.454Z"}
{"context":"RouterExplorer","level":"info","message":"Mapped {/api/v1/departments/:id, GET} route","timestamp":"2026-05-21T09:08:00.454Z"}
{"context":"RouterExplorer","level":"info","message":"Mapped {/api/v1/departments/:id, PATCH} route","timestamp":"2026-05-21T09:08:00.454Z"}
{"context":"RouterExplorer","level":"info","message":"Mapped {/api/v1/departments/:id, DELETE} route","timestamp":"2026-05-21T09:08:00.454Z"}
{"context":"RoutesResolver","level":"info","message":"PortsController {/api/v1/ports}:","timestamp":"2026-05-21T09:08:00.455Z"}
{"context":"RouterExplorer","level":"info","message":"Mapped {/api/v1/ports, POST} route","timestamp":"2026-05-21T09:08:00.455Z"}
{"context":"RouterExplorer","level":"info","message":"Mapped {/api/v1/ports, GET} route","timestamp":"2026-05-21T09:08:00.455Z"}
{"context":"RouterExplorer","level":"info","message":"Mapped {/api/v1/ports/:id, GET} route","timestamp":"2026-05-21T09:08:00.456Z"}
{"context":"RouterExplorer","level":"info","message":"Mapped {/api/v1/ports/:id, PATCH} route","timestamp":"2026-05-21T09:08:00.456Z"}
{"context":"RouterExplorer","level":"info","message":"Mapped {/api/v1/ports/:id, DELETE} route","timestamp":"2026-05-21T09:08:00.456Z"}
{"context":"RoutesResolver","level":"info","message":"FilesController {/api/v1/files}:","timestamp":"2026-05-21T09:08:00.456Z"}
{"context":"RouterExplorer","level":"info","message":"Mapped {/api/v1/files, POST} route","timestamp":"2026-05-21T09:08:00.456Z"}
{"context":"RouterExplorer","level":"info","message":"Mapped {/api/v1/files, GET} route","timestamp":"2026-05-21T09:08:00.457Z"}
{"context":"RouterExplorer","level":"info","message":"Mapped {/api/v1/files/:id, GET} route","timestamp":"2026-05-21T09:08:00.457Z"}
{"context":"RouterExplorer","level":"info","message":"Mapped {/api/v1/files/:id, PATCH} route","timestamp":"2026-05-21T09:08:00.457Z"}
{"context":"RouterExplorer","level":"info","message":"Mapped {/api/v1/files/:id, DELETE} route","timestamp":"2026-05-21T09:08:00.457Z"}
{"context":"PrismaService","level":"info","message":"Kết nối database thành công","timestamp":"2026-05-21T09:08:00.504Z"}
{"context":"NestApplication","level":"info","message":"Nest application successfully started","timestamp":"2026-05-21T09:08:00.505Z"}
{"level":"info","message":"Khởi tạo ứng dụng...","timestamp":"2026-05-21T09:08:30.867Z"}
{"context":"NestFactory","level":"info","message":"Starting Nest application...","timestamp":"2026-05-21T09:08:30.937Z"}
{"context":"InstanceLoader","level":"info","message":"PassportModule dependencies initialized","timestamp":"2026-05-21T09:08:30.945Z"}
{"context":"InstanceLoader","level":"info","message":"ConfigHostModule dependencies initialized","timestamp":"2026-05-21T09:08:30.945Z"}
{"context":"InstanceLoader","level":"info","message":"AppModule dependencies initialized","timestamp":"2026-05-21T09:08:30.946Z"}
{"context":"PrismaService","level":"info","message":"🔌 Prisma Connection String: postgresql://admin:******@localhost:5433/kyc_asset_db?schema=public","timestamp":"2026-05-21T09:08:30.948Z"}
{"context":"InstanceLoader","level":"info","message":"PortsModule dependencies initialized","timestamp":"2026-05-21T09:08:30.949Z"}
{"context":"InstanceLoader","level":"info","message":"FilesModule dependencies initialized","timestamp":"2026-05-21T09:08:30.949Z"}
{"context":"InstanceLoader","level":"info","message":"ConfigModule dependencies initialized","timestamp":"2026-05-21T09:08:30.949Z"}
{"context":"InstanceLoader","level":"info","message":"CommonModule dependencies initialized","timestamp":"2026-05-21T09:08:30.949Z"}
{"context":"InstanceLoader","level":"info","message":"JwtModule dependencies initialized","timestamp":"2026-05-21T09:08:30.949Z"}
{"context":"InstanceLoader","level":"info","message":"PrismaModule dependencies initialized","timestamp":"2026-05-21T09:08:30.950Z"}
{"context":"InstanceLoader","level":"info","message":"WhitelistIpModule dependencies initialized","timestamp":"2026-05-21T09:08:30.951Z"}
{"context":"InstanceLoader","level":"info","message":"AttributeModule dependencies initialized","timestamp":"2026-05-21T09:08:30.952Z"}
{"context":"InstanceLoader","level":"info","message":"DepartmentsModule dependencies initialized","timestamp":"2026-05-21T09:08:30.952Z"}
{"context":"InstanceLoader","level":"info","message":"UsersModule dependencies initialized","timestamp":"2026-05-21T09:08:30.952Z"}
{"context":"InstanceLoader","level":"info","message":"RolesModule dependencies initialized","timestamp":"2026-05-21T09:08:30.952Z"}
{"context":"InstanceLoader","level":"info","message":"PermissionsModule dependencies initialized","timestamp":"2026-05-21T09:08:30.952Z"}
{"context":"InstanceLoader","level":"info","message":"AuthModule dependencies initialized","timestamp":"2026-05-21T09:08:30.952Z"}
{"context":"LegacyRouteConverter","level":"warn","message":"Unsupported route path: \"/api/v1/*\". In previous versions, the symbols ?, *, and + were used to denote optional or repeating path parameters. The latest version of \"path-to-regexp\" now requires the use of named parameters. For example, instead of using a route like /users/* to capture all routes starting with \"/users\", you should use /users/*path. For more details, refer to the migration guide. Attempting to auto-convert...","timestamp":"2026-05-21T09:08:30.977Z"}
{"context":"RoutesResolver","level":"info","message":"AppController {/api/v1/ping}:","timestamp":"2026-05-21T09:08:30.977Z"}
{"context":"RouterExplorer","level":"info","message":"Mapped {/api/v1/ping, GET} route","timestamp":"2026-05-21T09:08:30.978Z"}
{"context":"RoutesResolver","level":"info","message":"UsersController {/api/v1/users}:","timestamp":"2026-05-21T09:08:30.979Z"}
{"context":"RouterExplorer","level":"info","message":"Mapped {/api/v1/users, POST} route","timestamp":"2026-05-21T09:08:30.979Z"}
{"context":"RouterExplorer","level":"info","message":"Mapped {/api/v1/users, GET} route","timestamp":"2026-05-21T09:08:30.979Z"}
{"context":"RouterExplorer","level":"info","message":"Mapped {/api/v1/users/:id, GET} route","timestamp":"2026-05-21T09:08:30.980Z"}
{"context":"RouterExplorer","level":"info","message":"Mapped {/api/v1/users/:id, PATCH} route","timestamp":"2026-05-21T09:08:30.980Z"}
{"context":"RouterExplorer","level":"info","message":"Mapped {/api/v1/users/:id, DELETE} route","timestamp":"2026-05-21T09:08:30.980Z"}
{"context":"RoutesResolver","level":"info","message":"WhitelistIpController {/api/v1/whitelist-ip}:","timestamp":"2026-05-21T09:08:30.980Z"}
{"context":"RouterExplorer","level":"info","message":"Mapped {/api/v1/whitelist-ip, POST} route","timestamp":"2026-05-21T09:08:30.980Z"}
{"context":"RouterExplorer","level":"info","message":"Mapped {/api/v1/whitelist-ip, GET} route","timestamp":"2026-05-21T09:08:30.981Z"}
{"context":"RouterExplorer","level":"info","message":"Mapped {/api/v1/whitelist-ip/:id, GET} route","timestamp":"2026-05-21T09:08:30.981Z"}
{"context":"RouterExplorer","level":"info","message":"Mapped {/api/v1/whitelist-ip/:id, PATCH} route","timestamp":"2026-05-21T09:08:30.981Z"}
{"context":"RouterExplorer","level":"info","message":"Mapped {/api/v1/whitelist-ip/:id, DELETE} route","timestamp":"2026-05-21T09:08:30.981Z"}
{"context":"RoutesResolver","level":"info","message":"RolesController {/api/v1/roles}:","timestamp":"2026-05-21T09:08:30.981Z"}
{"context":"RouterExplorer","level":"info","message":"Mapped {/api/v1/roles, POST} route","timestamp":"2026-05-21T09:08:30.982Z"}
{"context":"RouterExplorer","level":"info","message":"Mapped {/api/v1/roles, GET} route","timestamp":"2026-05-21T09:08:30.982Z"}
{"context":"RouterExplorer","level":"info","message":"Mapped {/api/v1/roles/:id, GET} route","timestamp":"2026-05-21T09:08:30.982Z"}
{"context":"RouterExplorer","level":"info","message":"Mapped {/api/v1/roles/:id, PATCH} route","timestamp":"2026-05-21T09:08:30.982Z"}
{"context":"RouterExplorer","level":"info","message":"Mapped {/api/v1/roles/:id, DELETE} route","timestamp":"2026-05-21T09:08:30.982Z"}
{"context":"RoutesResolver","level":"info","message":"PermissionsController {/api/v1/permissions}:","timestamp":"2026-05-21T09:08:30.982Z"}
{"context":"RouterExplorer","level":"info","message":"Mapped {/api/v1/permissions, POST} route","timestamp":"2026-05-21T09:08:30.983Z"}
{"context":"RouterExplorer","level":"info","message":"Mapped {/api/v1/permissions, GET} route","timestamp":"2026-05-21T09:08:30.983Z"}
{"context":"RouterExplorer","level":"info","message":"Mapped {/api/v1/permissions/:id, PATCH} route","timestamp":"2026-05-21T09:08:30.983Z"}
{"context":"RouterExplorer","level":"info","message":"Mapped {/api/v1/permissions/:id, DELETE} route","timestamp":"2026-05-21T09:08:30.983Z"}
{"context":"RoutesResolver","level":"info","message":"AuthController {/api/v1/auth}:","timestamp":"2026-05-21T09:08:30.983Z"}
{"context":"RouterExplorer","level":"info","message":"Mapped {/api/v1/auth/register, POST} route","timestamp":"2026-05-21T09:08:30.984Z"}
{"context":"RouterExplorer","level":"info","message":"Mapped {/api/v1/auth/login, POST} route","timestamp":"2026-05-21T09:08:30.984Z"}
{"context":"RouterExplorer","level":"info","message":"Mapped {/api/v1/auth/refresh, POST} route","timestamp":"2026-05-21T09:08:30.984Z"}
{"context":"RouterExplorer","level":"info","message":"Mapped {/api/v1/auth/logout, POST} route","timestamp":"2026-05-21T09:08:30.984Z"}
{"context":"RouterExplorer","level":"info","message":"Mapped {/api/v1/auth/me, GET} route","timestamp":"2026-05-21T09:08:30.984Z"}
{"context":"RouterExplorer","level":"info","message":"Mapped {/api/v1/auth/me/password, PATCH} route","timestamp":"2026-05-21T09:08:30.985Z"}
{"context":"RoutesResolver","level":"info","message":"AttributeController {/api/v1/attribute}:","timestamp":"2026-05-21T09:08:30.985Z"}
{"context":"RouterExplorer","level":"info","message":"Mapped {/api/v1/attribute, POST} route","timestamp":"2026-05-21T09:08:30.985Z"}
{"context":"RouterExplorer","level":"info","message":"Mapped {/api/v1/attribute, GET} route","timestamp":"2026-05-21T09:08:30.985Z"}
{"context":"RouterExplorer","level":"info","message":"Mapped {/api/v1/attribute/:id, GET} route","timestamp":"2026-05-21T09:08:30.986Z"}
{"context":"RouterExplorer","level":"info","message":"Mapped {/api/v1/attribute/:id, PATCH} route","timestamp":"2026-05-21T09:08:30.986Z"}
{"context":"RouterExplorer","level":"info","message":"Mapped {/api/v1/attribute/:id, DELETE} route","timestamp":"2026-05-21T09:08:30.986Z"}
{"context":"RoutesResolver","level":"info","message":"DepartmentsController {/api/v1/departments}:","timestamp":"2026-05-21T09:08:30.986Z"}
{"context":"RouterExplorer","level":"info","message":"Mapped {/api/v1/departments, POST} route","timestamp":"2026-05-21T09:08:30.986Z"}
{"context":"RouterExplorer","level":"info","message":"Mapped {/api/v1/departments, GET} route","timestamp":"2026-05-21T09:08:30.987Z"}
{"context":"RouterExplorer","level":"info","message":"Mapped {/api/v1/departments/:id, GET} route","timestamp":"2026-05-21T09:08:30.987Z"}
{"context":"RouterExplorer","level":"info","message":"Mapped {/api/v1/departments/:id, PATCH} route","timestamp":"2026-05-21T09:08:30.987Z"}
{"context":"RouterExplorer","level":"info","message":"Mapped {/api/v1/departments/:id, DELETE} route","timestamp":"2026-05-21T09:08:30.987Z"}
{"context":"RoutesResolver","level":"info","message":"PortsController {/api/v1/ports}:","timestamp":"2026-05-21T09:08:30.987Z"}
{"context":"RouterExplorer","level":"info","message":"Mapped {/api/v1/ports, POST} route","timestamp":"2026-05-21T09:08:30.987Z"}
{"context":"RouterExplorer","level":"info","message":"Mapped {/api/v1/ports, GET} route","timestamp":"2026-05-21T09:08:30.988Z"}
{"context":"RouterExplorer","level":"info","message":"Mapped {/api/v1/ports/:id, GET} route","timestamp":"2026-05-21T09:08:30.988Z"}
{"context":"RouterExplorer","level":"info","message":"Mapped {/api/v1/ports/:id, PATCH} route","timestamp":"2026-05-21T09:08:30.988Z"}
{"context":"RouterExplorer","level":"info","message":"Mapped {/api/v1/ports/:id, DELETE} route","timestamp":"2026-05-21T09:08:30.988Z"}
{"context":"RoutesResolver","level":"info","message":"FilesController {/api/v1/files}:","timestamp":"2026-05-21T09:08:30.988Z"}
{"context":"RouterExplorer","level":"info","message":"Mapped {/api/v1/files, POST} route","timestamp":"2026-05-21T09:08:30.989Z"}
{"context":"RouterExplorer","level":"info","message":"Mapped {/api/v1/files, GET} route","timestamp":"2026-05-21T09:08:30.989Z"}
{"context":"RouterExplorer","level":"info","message":"Mapped {/api/v1/files/:id, GET} route","timestamp":"2026-05-21T09:08:30.989Z"}
{"context":"RouterExplorer","level":"info","message":"Mapped {/api/v1/files/:id, PATCH} route","timestamp":"2026-05-21T09:08:30.989Z"}
{"context":"RouterExplorer","level":"info","message":"Mapped {/api/v1/files/:id, DELETE} route","timestamp":"2026-05-21T09:08:30.989Z"}
{"context":"PrismaService","level":"info","message":"Kết nối database thành công","timestamp":"2026-05-21T09:08:31.028Z"}
{"context":"NestApplication","level":"info","message":"Nest application successfully started","timestamp":"2026-05-21T09:08:31.032Z"}
{"level":"info","message":"Khởi tạo ứng dụng...","timestamp":"2026-05-21T09:08:45.443Z"}
{"context":"NestFactory","level":"info","message":"Starting Nest application...","timestamp":"2026-05-21T09:08:45.515Z"}
{"context":"InstanceLoader","level":"info","message":"PassportModule dependencies initialized","timestamp":"2026-05-21T09:08:45.523Z"}
{"context":"InstanceLoader","level":"info","message":"ConfigHostModule dependencies initialized","timestamp":"2026-05-21T09:08:45.523Z"}
{"context":"InstanceLoader","level":"info","message":"AppModule dependencies initialized","timestamp":"2026-05-21T09:08:45.523Z"}
{"context":"PrismaService","level":"info","message":"🔌 Prisma Connection String: postgresql://admin:******@localhost:5433/kyc_asset_db?schema=public","timestamp":"2026-05-21T09:08:45.526Z"}
{"context":"InstanceLoader","level":"info","message":"PortsModule dependencies initialized","timestamp":"2026-05-21T09:08:45.526Z"}
{"context":"InstanceLoader","level":"info","message":"FilesModule dependencies initialized","timestamp":"2026-05-21T09:08:45.526Z"}
{"context":"InstanceLoader","level":"info","message":"ConfigModule dependencies initialized","timestamp":"2026-05-21T09:08:45.526Z"}
{"context":"InstanceLoader","level":"info","message":"CommonModule dependencies initialized","timestamp":"2026-05-21T09:08:45.527Z"}
{"context":"InstanceLoader","level":"info","message":"JwtModule dependencies initialized","timestamp":"2026-05-21T09:08:45.527Z"}
{"context":"InstanceLoader","level":"info","message":"PrismaModule dependencies initialized","timestamp":"2026-05-21T09:08:45.528Z"}
{"context":"InstanceLoader","level":"info","message":"WhitelistIpModule dependencies initialized","timestamp":"2026-05-21T09:08:45.529Z"}
{"context":"InstanceLoader","level":"info","message":"AttributeModule dependencies initialized","timestamp":"2026-05-21T09:08:45.529Z"}
{"context":"InstanceLoader","level":"info","message":"DepartmentsModule dependencies initialized","timestamp":"2026-05-21T09:08:45.529Z"}
{"context":"InstanceLoader","level":"info","message":"UsersModule dependencies initialized","timestamp":"2026-05-21T09:08:45.529Z"}
{"context":"InstanceLoader","level":"info","message":"RolesModule dependencies initialized","timestamp":"2026-05-21T09:08:45.530Z"}
{"context":"InstanceLoader","level":"info","message":"PermissionsModule dependencies initialized","timestamp":"2026-05-21T09:08:45.530Z"}
{"context":"InstanceLoader","level":"info","message":"AuthModule dependencies initialized","timestamp":"2026-05-21T09:08:45.530Z"}
{"context":"LegacyRouteConverter","level":"warn","message":"Unsupported route path: \"/api/v1/*\". In previous versions, the symbols ?, *, and + were used to denote optional or repeating path parameters. The latest version of \"path-to-regexp\" now requires the use of named parameters. For example, instead of using a route like /users/* to capture all routes starting with \"/users\", you should use /users/*path. For more details, refer to the migration guide. Attempting to auto-convert...","timestamp":"2026-05-21T09:08:45.553Z"}
{"context":"RoutesResolver","level":"info","message":"AppController {/api/v1/ping}:","timestamp":"2026-05-21T09:08:45.554Z"}
{"context":"RouterExplorer","level":"info","message":"Mapped {/api/v1/ping, GET} route","timestamp":"2026-05-21T09:08:45.555Z"}
{"context":"RoutesResolver","level":"info","message":"UsersController {/api/v1/users}:","timestamp":"2026-05-21T09:08:45.555Z"}
{"context":"RouterExplorer","level":"info","message":"Mapped {/api/v1/users, POST} route","timestamp":"2026-05-21T09:08:45.556Z"}
{"context":"RouterExplorer","level":"info","message":"Mapped {/api/v1/users, GET} route","timestamp":"2026-05-21T09:08:45.556Z"}
{"context":"RouterExplorer","level":"info","message":"Mapped {/api/v1/users/:id, GET} route","timestamp":"2026-05-21T09:08:45.556Z"}
{"context":"RouterExplorer","level":"info","message":"Mapped {/api/v1/users/:id, PATCH} route","timestamp":"2026-05-21T09:08:45.556Z"}
{"context":"RouterExplorer","level":"info","message":"Mapped {/api/v1/users/:id, DELETE} route","timestamp":"2026-05-21T09:08:45.556Z"}
{"context":"RoutesResolver","level":"info","message":"WhitelistIpController {/api/v1/whitelist-ip}:","timestamp":"2026-05-21T09:08:45.557Z"}
{"context":"RouterExplorer","level":"info","message":"Mapped {/api/v1/whitelist-ip, POST} route","timestamp":"2026-05-21T09:08:45.557Z"}
{"context":"RouterExplorer","level":"info","message":"Mapped {/api/v1/whitelist-ip, GET} route","timestamp":"2026-05-21T09:08:45.557Z"}
{"context":"RouterExplorer","level":"info","message":"Mapped {/api/v1/whitelist-ip/:id, GET} route","timestamp":"2026-05-21T09:08:45.557Z"}
{"context":"RouterExplorer","level":"info","message":"Mapped {/api/v1/whitelist-ip/:id, PATCH} route","timestamp":"2026-05-21T09:08:45.557Z"}
{"context":"RouterExplorer","level":"info","message":"Mapped {/api/v1/whitelist-ip/:id, DELETE} route","timestamp":"2026-05-21T09:08:45.558Z"}
{"context":"RoutesResolver","level":"info","message":"RolesController {/api/v1/roles}:","timestamp":"2026-05-21T09:08:45.558Z"}
{"context":"RouterExplorer","level":"info","message":"Mapped {/api/v1/roles, POST} route","timestamp":"2026-05-21T09:08:45.558Z"}
{"context":"RouterExplorer","level":"info","message":"Mapped {/api/v1/roles, GET} route","timestamp":"2026-05-21T09:08:45.558Z"}
{"context":"RouterExplorer","level":"info","message":"Mapped {/api/v1/roles/:id, GET} route","timestamp":"2026-05-21T09:08:45.558Z"}
{"context":"RouterExplorer","level":"info","message":"Mapped {/api/v1/roles/:id, PATCH} route","timestamp":"2026-05-21T09:08:45.558Z"}
{"context":"RouterExplorer","level":"info","message":"Mapped {/api/v1/roles/:id, DELETE} route","timestamp":"2026-05-21T09:08:45.559Z"}
{"context":"RoutesResolver","level":"info","message":"PermissionsController {/api/v1/permissions}:","timestamp":"2026-05-21T09:08:45.559Z"}
{"context":"RouterExplorer","level":"info","message":"Mapped {/api/v1/permissions, POST} route","timestamp":"2026-05-21T09:08:45.559Z"}
{"context":"RouterExplorer","level":"info","message":"Mapped {/api/v1/permissions, GET} route","timestamp":"2026-05-21T09:08:45.559Z"}
{"context":"RouterExplorer","level":"info","message":"Mapped {/api/v1/permissions/:id, PATCH} route","timestamp":"2026-05-21T09:08:45.560Z"}
{"context":"RouterExplorer","level":"info","message":"Mapped {/api/v1/permissions/:id, DELETE} route","timestamp":"2026-05-21T09:08:45.560Z"}
{"context":"RoutesResolver","level":"info","message":"AuthController {/api/v1/auth}:","timestamp":"2026-05-21T09:08:45.560Z"}
{"context":"RouterExplorer","level":"info","message":"Mapped {/api/v1/auth/register, POST} route","timestamp":"2026-05-21T09:08:45.560Z"}
{"context":"RouterExplorer","level":"info","message":"Mapped {/api/v1/auth/login, POST} route","timestamp":"2026-05-21T09:08:45.560Z"}
{"context":"RouterExplorer","level":"info","message":"Mapped {/api/v1/auth/refresh, POST} route","timestamp":"2026-05-21T09:08:45.561Z"}
{"context":"RouterExplorer","level":"info","message":"Mapped {/api/v1/auth/logout, POST} route","timestamp":"2026-05-21T09:08:45.561Z"}
{"context":"RouterExplorer","level":"info","message":"Mapped {/api/v1/auth/me, GET} route","timestamp":"2026-05-21T09:08:45.561Z"}
{"context":"RouterExplorer","level":"info","message":"Mapped {/api/v1/auth/me/password, PATCH} route","timestamp":"2026-05-21T09:08:45.561Z"}
{"context":"RoutesResolver","level":"info","message":"AttributeController {/api/v1/attribute}:","timestamp":"2026-05-21T09:08:45.561Z"}
{"context":"RouterExplorer","level":"info","message":"Mapped {/api/v1/attribute, POST} route","timestamp":"2026-05-21T09:08:45.561Z"}
{"context":"RouterExplorer","level":"info","message":"Mapped {/api/v1/attribute, GET} route","timestamp":"2026-05-21T09:08:45.562Z"}
{"context":"RouterExplorer","level":"info","message":"Mapped {/api/v1/attribute/:id, GET} route","timestamp":"2026-05-21T09:08:45.562Z"}
{"context":"RouterExplorer","level":"info","message":"Mapped {/api/v1/attribute/:id, PATCH} route","timestamp":"2026-05-21T09:08:45.562Z"}
{"context":"RouterExplorer","level":"info","message":"Mapped {/api/v1/attribute/:id, DELETE} route","timestamp":"2026-05-21T09:08:45.562Z"}
{"context":"RoutesResolver","level":"info","message":"DepartmentsController {/api/v1/departments}:","timestamp":"2026-05-21T09:08:45.562Z"}
{"context":"RouterExplorer","level":"info","message":"Mapped {/api/v1/departments, POST} route","timestamp":"2026-05-21T09:08:45.563Z"}
{"context":"RouterExplorer","level":"info","message":"Mapped {/api/v1/departments, GET} route","timestamp":"2026-05-21T09:08:45.563Z"}
{"context":"RouterExplorer","level":"info","message":"Mapped {/api/v1/departments/:id, GET} route","timestamp":"2026-05-21T09:08:45.563Z"}
{"context":"RouterExplorer","level":"info","message":"Mapped {/api/v1/departments/:id, PATCH} route","timestamp":"2026-05-21T09:08:45.563Z"}
{"context":"RouterExplorer","level":"info","message":"Mapped {/api/v1/departments/:id, DELETE} route","timestamp":"2026-05-21T09:08:45.563Z"}
{"context":"RoutesResolver","level":"info","message":"PortsController {/api/v1/ports}:","timestamp":"2026-05-21T09:08:45.563Z"}
{"context":"RouterExplorer","level":"info","message":"Mapped {/api/v1/ports, POST} route","timestamp":"2026-05-21T09:08:45.563Z"}
{"context":"RouterExplorer","level":"info","message":"Mapped {/api/v1/ports, GET} route","timestamp":"2026-05-21T09:08:45.564Z"}
{"context":"RouterExplorer","level":"info","message":"Mapped {/api/v1/ports/:id, GET} route","timestamp":"2026-05-21T09:08:45.564Z"}
{"context":"RouterExplorer","level":"info","message":"Mapped {/api/v1/ports/:id, PATCH} route","timestamp":"2026-05-21T09:08:45.564Z"}
{"context":"RouterExplorer","level":"info","message":"Mapped {/api/v1/ports/:id, DELETE} route","timestamp":"2026-05-21T09:08:45.564Z"}
{"context":"RoutesResolver","level":"info","message":"FilesController {/api/v1/files}:","timestamp":"2026-05-21T09:08:45.564Z"}
{"context":"RouterExplorer","level":"info","message":"Mapped {/api/v1/files, POST} route","timestamp":"2026-05-21T09:08:45.564Z"}
{"context":"RouterExplorer","level":"info","message":"Mapped {/api/v1/files, GET} route","timestamp":"2026-05-21T09:08:45.565Z"}
{"context":"RouterExplorer","level":"info","message":"Mapped {/api/v1/files/:id, GET} route","timestamp":"2026-05-21T09:08:45.565Z"}
{"context":"RouterExplorer","level":"info","message":"Mapped {/api/v1/files/:id, PATCH} route","timestamp":"2026-05-21T09:08:45.565Z"}
{"context":"RouterExplorer","level":"info","message":"Mapped {/api/v1/files/:id, DELETE} route","timestamp":"2026-05-21T09:08:45.565Z"}
{"context":"PrismaService","level":"info","message":"Kết nối database thành công","timestamp":"2026-05-21T09:08:45.605Z"}
{"context":"NestApplication","level":"info","message":"Nest application successfully started","timestamp":"2026-05-21T09:08:45.609Z"}
{"level":"info","message":"Khởi tạo ứng dụng...","timestamp":"2026-05-21T09:08:56.426Z"}
{"context":"NestFactory","level":"info","message":"Starting Nest application...","timestamp":"2026-05-21T09:08:56.496Z"}
{"context":"InstanceLoader","level":"info","message":"PassportModule dependencies initialized","timestamp":"2026-05-21T09:08:56.503Z"}
{"context":"InstanceLoader","level":"info","message":"ConfigHostModule dependencies initialized","timestamp":"2026-05-21T09:08:56.504Z"}
{"context":"InstanceLoader","level":"info","message":"AppModule dependencies initialized","timestamp":"2026-05-21T09:08:56.504Z"}
{"context":"PrismaService","level":"info","message":"🔌 Prisma Connection String: postgresql://admin:******@localhost:5433/kyc_asset_db?schema=public","timestamp":"2026-05-21T09:08:56.506Z"}
{"context":"InstanceLoader","level":"info","message":"PortsModule dependencies initialized","timestamp":"2026-05-21T09:08:56.507Z"}
{"context":"InstanceLoader","level":"info","message":"FilesModule dependencies initialized","timestamp":"2026-05-21T09:08:56.507Z"}
{"context":"InstanceLoader","level":"info","message":"ConfigModule dependencies initialized","timestamp":"2026-05-21T09:08:56.507Z"}
{"context":"InstanceLoader","level":"info","message":"CommonModule dependencies initialized","timestamp":"2026-05-21T09:08:56.507Z"}
{"context":"InstanceLoader","level":"info","message":"JwtModule dependencies initialized","timestamp":"2026-05-21T09:08:56.508Z"}
{"context":"InstanceLoader","level":"info","message":"PrismaModule dependencies initialized","timestamp":"2026-05-21T09:08:56.508Z"}
{"context":"InstanceLoader","level":"info","message":"WhitelistIpModule dependencies initialized","timestamp":"2026-05-21T09:08:56.509Z"}
{"context":"InstanceLoader","level":"info","message":"AttributeModule dependencies initialized","timestamp":"2026-05-21T09:08:56.509Z"}
{"context":"InstanceLoader","level":"info","message":"DepartmentsModule dependencies initialized","timestamp":"2026-05-21T09:08:56.509Z"}
{"context":"InstanceLoader","level":"info","message":"UsersModule dependencies initialized","timestamp":"2026-05-21T09:08:56.510Z"}
{"context":"InstanceLoader","level":"info","message":"RolesModule dependencies initialized","timestamp":"2026-05-21T09:08:56.510Z"}
{"context":"InstanceLoader","level":"info","message":"PermissionsModule dependencies initialized","timestamp":"2026-05-21T09:08:56.510Z"}
{"context":"InstanceLoader","level":"info","message":"AuthModule dependencies initialized","timestamp":"2026-05-21T09:08:56.510Z"}
{"context":"LegacyRouteConverter","level":"warn","message":"Unsupported route path: \"/api/v1/*\". In previous versions, the symbols ?, *, and + were used to denote optional or repeating path parameters. The latest version of \"path-to-regexp\" now requires the use of named parameters. For example, instead of using a route like /users/* to capture all routes starting with \"/users\", you should use /users/*path. For more details, refer to the migration guide. Attempting to auto-convert...","timestamp":"2026-05-21T09:08:56.533Z"}
{"context":"RoutesResolver","level":"info","message":"AppController {/api/v1/ping}:","timestamp":"2026-05-21T09:08:56.533Z"}
{"context":"RouterExplorer","level":"info","message":"Mapped {/api/v1/ping, GET} route","timestamp":"2026-05-21T09:08:56.535Z"}
{"context":"RoutesResolver","level":"info","message":"UsersController {/api/v1/users}:","timestamp":"2026-05-21T09:08:56.535Z"}
{"context":"RouterExplorer","level":"info","message":"Mapped {/api/v1/users, POST} route","timestamp":"2026-05-21T09:08:56.535Z"}
{"context":"RouterExplorer","level":"info","message":"Mapped {/api/v1/users, GET} route","timestamp":"2026-05-21T09:08:56.536Z"}
{"context":"RouterExplorer","level":"info","message":"Mapped {/api/v1/users/:id, GET} route","timestamp":"2026-05-21T09:08:56.536Z"}
{"context":"RouterExplorer","level":"info","message":"Mapped {/api/v1/users/:id, PATCH} route","timestamp":"2026-05-21T09:08:56.536Z"}
{"context":"RouterExplorer","level":"info","message":"Mapped {/api/v1/users/:id, DELETE} route","timestamp":"2026-05-21T09:08:56.536Z"}
{"context":"RoutesResolver","level":"info","message":"WhitelistIpController {/api/v1/whitelist-ip}:","timestamp":"2026-05-21T09:08:56.536Z"}
{"context":"RouterExplorer","level":"info","message":"Mapped {/api/v1/whitelist-ip, POST} route","timestamp":"2026-05-21T09:08:56.537Z"}
{"context":"RouterExplorer","level":"info","message":"Mapped {/api/v1/whitelist-ip, GET} route","timestamp":"2026-05-21T09:08:56.537Z"}
{"context":"RouterExplorer","level":"info","message":"Mapped {/api/v1/whitelist-ip/:id, GET} route","timestamp":"2026-05-21T09:08:56.537Z"}
{"context":"RouterExplorer","level":"info","message":"Mapped {/api/v1/whitelist-ip/:id, PATCH} route","timestamp":"2026-05-21T09:08:56.537Z"}
{"context":"RouterExplorer","level":"info","message":"Mapped {/api/v1/whitelist-ip/:id, DELETE} route","timestamp":"2026-05-21T09:08:56.538Z"}
{"context":"RoutesResolver","level":"info","message":"RolesController {/api/v1/roles}:","timestamp":"2026-05-21T09:08:56.538Z"}
{"context":"RouterExplorer","level":"info","message":"Mapped {/api/v1/roles, POST} route","timestamp":"2026-05-21T09:08:56.538Z"}
{"context":"RouterExplorer","level":"info","message":"Mapped {/api/v1/roles, GET} route","timestamp":"2026-05-21T09:08:56.538Z"}
{"context":"RouterExplorer","level":"info","message":"Mapped {/api/v1/roles/:id, GET} route","timestamp":"2026-05-21T09:08:56.539Z"}
{"context":"RouterExplorer","level":"info","message":"Mapped {/api/v1/roles/:id, PATCH} route","timestamp":"2026-05-21T09:08:56.539Z"}
{"context":"RouterExplorer","level":"info","message":"Mapped {/api/v1/roles/:id, DELETE} route","timestamp":"2026-05-21T09:08:56.539Z"}
{"context":"RoutesResolver","level":"info","message":"PermissionsController {/api/v1/permissions}:","timestamp":"2026-05-21T09:08:56.539Z"}
{"context":"RouterExplorer","level":"info","message":"Mapped {/api/v1/permissions, POST} route","timestamp":"2026-05-21T09:08:56.539Z"}
{"context":"RouterExplorer","level":"info","message":"Mapped {/api/v1/permissions, GET} route","timestamp":"2026-05-21T09:08:56.539Z"}
{"context":"RouterExplorer","level":"info","message":"Mapped {/api/v1/permissions/:id, PATCH} route","timestamp":"2026-05-21T09:08:56.540Z"}
{"context":"RouterExplorer","level":"info","message":"Mapped {/api/v1/permissions/:id, DELETE} route","timestamp":"2026-05-21T09:08:56.540Z"}
{"context":"RoutesResolver","level":"info","message":"AuthController {/api/v1/auth}:","timestamp":"2026-05-21T09:08:56.540Z"}
{"context":"RouterExplorer","level":"info","message":"Mapped {/api/v1/auth/register, POST} route","timestamp":"2026-05-21T09:08:56.540Z"}
{"context":"RouterExplorer","level":"info","message":"Mapped {/api/v1/auth/login, POST} route","timestamp":"2026-05-21T09:08:56.540Z"}
{"context":"RouterExplorer","level":"info","message":"Mapped {/api/v1/auth/refresh, POST} route","timestamp":"2026-05-21T09:08:56.541Z"}
{"context":"RouterExplorer","level":"info","message":"Mapped {/api/v1/auth/logout, POST} route","timestamp":"2026-05-21T09:08:56.541Z"}
{"context":"RouterExplorer","level":"info","message":"Mapped {/api/v1/auth/me, GET} route","timestamp":"2026-05-21T09:08:56.541Z"}
{"context":"RouterExplorer","level":"info","message":"Mapped {/api/v1/auth/me/password, PATCH} route","timestamp":"2026-05-21T09:08:56.541Z"}
{"context":"RoutesResolver","level":"info","message":"AttributeController {/api/v1/attribute}:","timestamp":"2026-05-21T09:08:56.541Z"}
{"context":"RouterExplorer","level":"info","message":"Mapped {/api/v1/attribute, POST} route","timestamp":"2026-05-21T09:08:56.541Z"}
{"context":"RouterExplorer","level":"info","message":"Mapped {/api/v1/attribute, GET} route","timestamp":"2026-05-21T09:08:56.542Z"}
{"context":"RouterExplorer","level":"info","message":"Mapped {/api/v1/attribute/:id, GET} route","timestamp":"2026-05-21T09:08:56.542Z"}
{"context":"RouterExplorer","level":"info","message":"Mapped {/api/v1/attribute/:id, PATCH} route","timestamp":"2026-05-21T09:08:56.542Z"}
{"context":"RouterExplorer","level":"info","message":"Mapped {/api/v1/attribute/:id, DELETE} route","timestamp":"2026-05-21T09:08:56.542Z"}
{"context":"RoutesResolver","level":"info","message":"DepartmentsController {/api/v1/departments}:","timestamp":"2026-05-21T09:08:56.542Z"}
{"context":"RouterExplorer","level":"info","message":"Mapped {/api/v1/departments, POST} route","timestamp":"2026-05-21T09:08:56.542Z"}
{"context":"RouterExplorer","level":"info","message":"Mapped {/api/v1/departments, GET} route","timestamp":"2026-05-21T09:08:56.543Z"}
{"context":"RouterExplorer","level":"info","message":"Mapped {/api/v1/departments/:id, GET} route","timestamp":"2026-05-21T09:08:56.543Z"}
{"context":"RouterExplorer","level":"info","message":"Mapped {/api/v1/departments/:id, PATCH} route","timestamp":"2026-05-21T09:08:56.543Z"}
{"context":"RouterExplorer","level":"info","message":"Mapped {/api/v1/departments/:id, DELETE} route","timestamp":"2026-05-21T09:08:56.543Z"}
{"context":"RoutesResolver","level":"info","message":"PortsController {/api/v1/ports}:","timestamp":"2026-05-21T09:08:56.543Z"}
{"context":"RouterExplorer","level":"info","message":"Mapped {/api/v1/ports, POST} route","timestamp":"2026-05-21T09:08:56.543Z"}
{"context":"RouterExplorer","level":"info","message":"Mapped {/api/v1/ports, GET} route","timestamp":"2026-05-21T09:08:56.544Z"}
{"context":"RouterExplorer","level":"info","message":"Mapped {/api/v1/ports/:id, GET} route","timestamp":"2026-05-21T09:08:56.544Z"}
{"context":"RouterExplorer","level":"info","message":"Mapped {/api/v1/ports/:id, PATCH} route","timestamp":"2026-05-21T09:08:56.544Z"}
{"context":"RouterExplorer","level":"info","message":"Mapped {/api/v1/ports/:id, DELETE} route","timestamp":"2026-05-21T09:08:56.544Z"}
{"context":"RoutesResolver","level":"info","message":"FilesController {/api/v1/files}:","timestamp":"2026-05-21T09:08:56.544Z"}
{"context":"RouterExplorer","level":"info","message":"Mapped {/api/v1/files, POST} route","timestamp":"2026-05-21T09:08:56.545Z"}
{"context":"RouterExplorer","level":"info","message":"Mapped {/api/v1/files, GET} route","timestamp":"2026-05-21T09:08:56.545Z"}
{"context":"RouterExplorer","level":"info","message":"Mapped {/api/v1/files/:id, GET} route","timestamp":"2026-05-21T09:08:56.545Z"}
{"context":"RouterExplorer","level":"info","message":"Mapped {/api/v1/files/:id, PATCH} route","timestamp":"2026-05-21T09:08:56.545Z"}
{"context":"RouterExplorer","level":"info","message":"Mapped {/api/v1/files/:id, DELETE} route","timestamp":"2026-05-21T09:08:56.546Z"}
{"context":"PrismaService","level":"info","message":"Kết nối database thành công","timestamp":"2026-05-21T09:08:56.586Z"}
{"context":"NestApplication","level":"info","message":"Nest application successfully started","timestamp":"2026-05-21T09:08:56.591Z"}
{"level":"info","message":"Khởi tạo ứng dụng...","timestamp":"2026-05-21T09:09:05.028Z"}
{"context":"NestFactory","level":"info","message":"Starting Nest application...","timestamp":"2026-05-21T09:09:05.097Z"}
{"context":"InstanceLoader","level":"info","message":"PassportModule dependencies initialized","timestamp":"2026-05-21T09:09:05.104Z"}
{"context":"InstanceLoader","level":"info","message":"ConfigHostModule dependencies initialized","timestamp":"2026-05-21T09:09:05.105Z"}
{"context":"InstanceLoader","level":"info","message":"AppModule dependencies initialized","timestamp":"2026-05-21T09:09:05.105Z"}
{"context":"PrismaService","level":"info","message":"🔌 Prisma Connection String: postgresql://admin:******@localhost:5433/kyc_asset_db?schema=public","timestamp":"2026-05-21T09:09:05.108Z"}
{"context":"InstanceLoader","level":"info","message":"PortsModule dependencies initialized","timestamp":"2026-05-21T09:09:05.108Z"}
{"context":"InstanceLoader","level":"info","message":"FilesModule dependencies initialized","timestamp":"2026-05-21T09:09:05.108Z"}
{"context":"InstanceLoader","level":"info","message":"ConfigModule dependencies initialized","timestamp":"2026-05-21T09:09:05.108Z"}
{"context":"InstanceLoader","level":"info","message":"CommonModule dependencies initialized","timestamp":"2026-05-21T09:09:05.109Z"}
{"context":"InstanceLoader","level":"info","message":"JwtModule dependencies initialized","timestamp":"2026-05-21T09:09:05.109Z"}
{"context":"InstanceLoader","level":"info","message":"PrismaModule dependencies initialized","timestamp":"2026-05-21T09:09:05.109Z"}
{"context":"InstanceLoader","level":"info","message":"WhitelistIpModule dependencies initialized","timestamp":"2026-05-21T09:09:05.111Z"}
{"context":"InstanceLoader","level":"info","message":"AttributeModule dependencies initialized","timestamp":"2026-05-21T09:09:05.111Z"}
{"context":"InstanceLoader","level":"info","message":"DepartmentsModule dependencies initialized","timestamp":"2026-05-21T09:09:05.111Z"}
{"context":"InstanceLoader","level":"info","message":"UsersModule dependencies initialized","timestamp":"2026-05-21T09:09:05.111Z"}
{"context":"InstanceLoader","level":"info","message":"RolesModule dependencies initialized","timestamp":"2026-05-21T09:09:05.111Z"}
{"context":"InstanceLoader","level":"info","message":"PermissionsModule dependencies initialized","timestamp":"2026-05-21T09:09:05.111Z"}
{"context":"InstanceLoader","level":"info","message":"AuthModule dependencies initialized","timestamp":"2026-05-21T09:09:05.111Z"}
{"context":"LegacyRouteConverter","level":"warn","message":"Unsupported route path: \"/api/v1/*\". In previous versions, the symbols ?, *, and + were used to denote optional or repeating path parameters. The latest version of \"path-to-regexp\" now requires the use of named parameters. For example, instead of using a route like /users/* to capture all routes starting with \"/users\", you should use /users/*path. For more details, refer to the migration guide. Attempting to auto-convert...","timestamp":"2026-05-21T09:09:05.135Z"}
{"context":"RoutesResolver","level":"info","message":"AppController {/api/v1/ping}:","timestamp":"2026-05-21T09:09:05.136Z"}
{"context":"RouterExplorer","level":"info","message":"Mapped {/api/v1/ping, GET} route","timestamp":"2026-05-21T09:09:05.137Z"}
{"context":"RoutesResolver","level":"info","message":"UsersController {/api/v1/users}:","timestamp":"2026-05-21T09:09:05.137Z"}
{"context":"RouterExplorer","level":"info","message":"Mapped {/api/v1/users, POST} route","timestamp":"2026-05-21T09:09:05.137Z"}
{"context":"RouterExplorer","level":"info","message":"Mapped {/api/v1/users, GET} route","timestamp":"2026-05-21T09:09:05.138Z"}
{"context":"RouterExplorer","level":"info","message":"Mapped {/api/v1/users/:id, GET} route","timestamp":"2026-05-21T09:09:05.138Z"}
{"context":"RouterExplorer","level":"info","message":"Mapped {/api/v1/users/:id, PATCH} route","timestamp":"2026-05-21T09:09:05.138Z"}
{"context":"RouterExplorer","level":"info","message":"Mapped {/api/v1/users/:id, DELETE} route","timestamp":"2026-05-21T09:09:05.138Z"}
{"context":"RoutesResolver","level":"info","message":"WhitelistIpController {/api/v1/whitelist-ip}:","timestamp":"2026-05-21T09:09:05.138Z"}
{"context":"RouterExplorer","level":"info","message":"Mapped {/api/v1/whitelist-ip, POST} route","timestamp":"2026-05-21T09:09:05.139Z"}
{"context":"RouterExplorer","level":"info","message":"Mapped {/api/v1/whitelist-ip, GET} route","timestamp":"2026-05-21T09:09:05.139Z"}
{"context":"RouterExplorer","level":"info","message":"Mapped {/api/v1/whitelist-ip/:id, GET} route","timestamp":"2026-05-21T09:09:05.139Z"}
{"context":"RouterExplorer","level":"info","message":"Mapped {/api/v1/whitelist-ip/:id, PATCH} route","timestamp":"2026-05-21T09:09:05.139Z"}
{"context":"RouterExplorer","level":"info","message":"Mapped {/api/v1/whitelist-ip/:id, DELETE} route","timestamp":"2026-05-21T09:09:05.140Z"}
{"context":"RoutesResolver","level":"info","message":"RolesController {/api/v1/roles}:","timestamp":"2026-05-21T09:09:05.140Z"}
{"context":"RouterExplorer","level":"info","message":"Mapped {/api/v1/roles, POST} route","timestamp":"2026-05-21T09:09:05.140Z"}
{"context":"RouterExplorer","level":"info","message":"Mapped {/api/v1/roles, GET} route","timestamp":"2026-05-21T09:09:05.140Z"}
{"context":"RouterExplorer","level":"info","message":"Mapped {/api/v1/roles/:id, GET} route","timestamp":"2026-05-21T09:09:05.140Z"}
{"context":"RouterExplorer","level":"info","message":"Mapped {/api/v1/roles/:id, PATCH} route","timestamp":"2026-05-21T09:09:05.140Z"}
{"context":"RouterExplorer","level":"info","message":"Mapped {/api/v1/roles/:id, DELETE} route","timestamp":"2026-05-21T09:09:05.141Z"}
{"context":"RoutesResolver","level":"info","message":"PermissionsController {/api/v1/permissions}:","timestamp":"2026-05-21T09:09:05.141Z"}
{"context":"RouterExplorer","level":"info","message":"Mapped {/api/v1/permissions, POST} route","timestamp":"2026-05-21T09:09:05.141Z"}
{"context":"RouterExplorer","level":"info","message":"Mapped {/api/v1/permissions, GET} route","timestamp":"2026-05-21T09:09:05.141Z"}
{"context":"RouterExplorer","level":"info","message":"Mapped {/api/v1/permissions/:id, PATCH} route","timestamp":"2026-05-21T09:09:05.141Z"}
{"context":"RouterExplorer","level":"info","message":"Mapped {/api/v1/permissions/:id, DELETE} route","timestamp":"2026-05-21T09:09:05.142Z"}
{"context":"RoutesResolver","level":"info","message":"AuthController {/api/v1/auth}:","timestamp":"2026-05-21T09:09:05.142Z"}
{"context":"RouterExplorer","level":"info","message":"Mapped {/api/v1/auth/register, POST} route","timestamp":"2026-05-21T09:09:05.142Z"}
{"context":"RouterExplorer","level":"info","message":"Mapped {/api/v1/auth/login, POST} route","timestamp":"2026-05-21T09:09:05.142Z"}
{"context":"RouterExplorer","level":"info","message":"Mapped {/api/v1/auth/refresh, POST} route","timestamp":"2026-05-21T09:09:05.142Z"}
{"context":"RouterExplorer","level":"info","message":"Mapped {/api/v1/auth/logout, POST} route","timestamp":"2026-05-21T09:09:05.142Z"}
{"context":"RouterExplorer","level":"info","message":"Mapped {/api/v1/auth/me, GET} route","timestamp":"2026-05-21T09:09:05.143Z"}
{"context":"RouterExplorer","level":"info","message":"Mapped {/api/v1/auth/me/password, PATCH} route","timestamp":"2026-05-21T09:09:05.143Z"}
{"context":"RoutesResolver","level":"info","message":"AttributeController {/api/v1/attribute}:","timestamp":"2026-05-21T09:09:05.143Z"}
{"context":"RouterExplorer","level":"info","message":"Mapped {/api/v1/attribute, POST} route","timestamp":"2026-05-21T09:09:05.143Z"}
{"context":"RouterExplorer","level":"info","message":"Mapped {/api/v1/attribute, GET} route","timestamp":"2026-05-21T09:09:05.143Z"}
{"context":"RouterExplorer","level":"info","message":"Mapped {/api/v1/attribute/:id, GET} route","timestamp":"2026-05-21T09:09:05.143Z"}
{"context":"RouterExplorer","level":"info","message":"Mapped {/api/v1/attribute/:id, PATCH} route","timestamp":"2026-05-21T09:09:05.144Z"}
{"context":"RouterExplorer","level":"info","message":"Mapped {/api/v1/attribute/:id, DELETE} route","timestamp":"2026-05-21T09:09:05.144Z"}
{"context":"RoutesResolver","level":"info","message":"DepartmentsController {/api/v1/departments}:","timestamp":"2026-05-21T09:09:05.144Z"}
{"context":"RouterExplorer","level":"info","message":"Mapped {/api/v1/departments, POST} route","timestamp":"2026-05-21T09:09:05.144Z"}
{"context":"RouterExplorer","level":"info","message":"Mapped {/api/v1/departments, GET} route","timestamp":"2026-05-21T09:09:05.144Z"}
{"context":"RouterExplorer","level":"info","message":"Mapped {/api/v1/departments/:id, GET} route","timestamp":"2026-05-21T09:09:05.144Z"}
{"context":"RouterExplorer","level":"info","message":"Mapped {/api/v1/departments/:id, PATCH} route","timestamp":"2026-05-21T09:09:05.145Z"}
{"context":"RouterExplorer","level":"info","message":"Mapped {/api/v1/departments/:id, DELETE} route","timestamp":"2026-05-21T09:09:05.145Z"}
{"context":"RoutesResolver","level":"info","message":"PortsController {/api/v1/ports}:","timestamp":"2026-05-21T09:09:05.145Z"}
{"context":"RouterExplorer","level":"info","message":"Mapped {/api/v1/ports, POST} route","timestamp":"2026-05-21T09:09:05.145Z"}
{"context":"RouterExplorer","level":"info","message":"Mapped {/api/v1/ports, GET} route","timestamp":"2026-05-21T09:09:05.145Z"}
{"context":"RouterExplorer","level":"info","message":"Mapped {/api/v1/ports/:id, GET} route","timestamp":"2026-05-21T09:09:05.145Z"}
{"context":"RouterExplorer","level":"info","message":"Mapped {/api/v1/ports/:id, PATCH} route","timestamp":"2026-05-21T09:09:05.145Z"}
{"context":"RouterExplorer","level":"info","message":"Mapped {/api/v1/ports/:id, DELETE} route","timestamp":"2026-05-21T09:09:05.146Z"}
{"context":"RoutesResolver","level":"info","message":"FilesController {/api/v1/files}:","timestamp":"2026-05-21T09:09:05.146Z"}
{"context":"RouterExplorer","level":"info","message":"Mapped {/api/v1/files, POST} route","timestamp":"2026-05-21T09:09:05.146Z"}
{"context":"RouterExplorer","level":"info","message":"Mapped {/api/v1/files, GET} route","timestamp":"2026-05-21T09:09:05.146Z"}
{"context":"RouterExplorer","level":"info","message":"Mapped {/api/v1/files/:id, GET} route","timestamp":"2026-05-21T09:09:05.146Z"}
{"context":"RouterExplorer","level":"info","message":"Mapped {/api/v1/files/:id, PATCH} route","timestamp":"2026-05-21T09:09:05.147Z"}
{"context":"RouterExplorer","level":"info","message":"Mapped {/api/v1/files/:id, DELETE} route","timestamp":"2026-05-21T09:09:05.147Z"}
{"context":"PrismaService","level":"info","message":"Kết nối database thành công","timestamp":"2026-05-21T09:09:05.185Z"}
{"context":"NestApplication","level":"info","message":"Nest application successfully started","timestamp":"2026-05-21T09:09:05.189Z"}
{"level":"info","message":"Khởi tạo ứng dụng...","timestamp":"2026-05-21T09:11:45.255Z"}
{"context":"NestFactory","level":"info","message":"Starting Nest application...","timestamp":"2026-05-21T09:11:45.332Z"}
{"context":"InstanceLoader","level":"info","message":"PassportModule dependencies initialized","timestamp":"2026-05-21T09:11:45.340Z"}
{"context":"InstanceLoader","level":"info","message":"ConfigHostModule dependencies initialized","timestamp":"2026-05-21T09:11:45.340Z"}
{"context":"InstanceLoader","level":"info","message":"AppModule dependencies initialized","timestamp":"2026-05-21T09:11:45.340Z"}
{"context":"PrismaService","level":"info","message":"🔌 Prisma Connection String: postgresql://admin:******@localhost:5433/kyc_asset_db?schema=public","timestamp":"2026-05-21T09:11:45.343Z"}
{"context":"InstanceLoader","level":"info","message":"PortsModule dependencies initialized","timestamp":"2026-05-21T09:11:45.343Z"}
{"context":"InstanceLoader","level":"info","message":"FilesModule dependencies initialized","timestamp":"2026-05-21T09:11:45.343Z"}
{"context":"InstanceLoader","level":"info","message":"ConfigModule dependencies initialized","timestamp":"2026-05-21T09:11:45.344Z"}
{"context":"InstanceLoader","level":"info","message":"CommonModule dependencies initialized","timestamp":"2026-05-21T09:11:45.344Z"}
{"context":"InstanceLoader","level":"info","message":"JwtModule dependencies initialized","timestamp":"2026-05-21T09:11:45.344Z"}
{"context":"InstanceLoader","level":"info","message":"PrismaModule dependencies initialized","timestamp":"2026-05-21T09:11:45.345Z"}
{"context":"InstanceLoader","level":"info","message":"WhitelistIpModule dependencies initialized","timestamp":"2026-05-21T09:11:45.346Z"}
{"context":"InstanceLoader","level":"info","message":"AttributeModule dependencies initialized","timestamp":"2026-05-21T09:11:45.346Z"}
{"context":"InstanceLoader","level":"info","message":"DepartmentsModule dependencies initialized","timestamp":"2026-05-21T09:11:45.346Z"}
{"context":"InstanceLoader","level":"info","message":"UsersModule dependencies initialized","timestamp":"2026-05-21T09:11:45.346Z"}
{"context":"InstanceLoader","level":"info","message":"RolesModule dependencies initialized","timestamp":"2026-05-21T09:11:45.346Z"}
{"context":"InstanceLoader","level":"info","message":"PermissionsModule dependencies initialized","timestamp":"2026-05-21T09:11:45.347Z"}
{"context":"InstanceLoader","level":"info","message":"AuthModule dependencies initialized","timestamp":"2026-05-21T09:11:45.347Z"}
{"context":"LegacyRouteConverter","level":"warn","message":"Unsupported route path: \"/api/v1/*\". In previous versions, the symbols ?, *, and + were used to denote optional or repeating path parameters. The latest version of \"path-to-regexp\" now requires the use of named parameters. For example, instead of using a route like /users/* to capture all routes starting with \"/users\", you should use /users/*path. For more details, refer to the migration guide. Attempting to auto-convert...","timestamp":"2026-05-21T09:11:45.370Z"}
{"context":"RoutesResolver","level":"info","message":"AppController {/api/v1/ping}:","timestamp":"2026-05-21T09:11:45.371Z"}
{"context":"RouterExplorer","level":"info","message":"Mapped {/api/v1/ping, GET} route","timestamp":"2026-05-21T09:11:45.372Z"}
{"context":"RoutesResolver","level":"info","message":"UsersController {/api/v1/users}:","timestamp":"2026-05-21T09:11:45.372Z"}
{"context":"RouterExplorer","level":"info","message":"Mapped {/api/v1/users, POST} route","timestamp":"2026-05-21T09:11:45.372Z"}
{"context":"RouterExplorer","level":"info","message":"Mapped {/api/v1/users, GET} route","timestamp":"2026-05-21T09:11:45.373Z"}
{"context":"RouterExplorer","level":"info","message":"Mapped {/api/v1/users/:id, GET} route","timestamp":"2026-05-21T09:11:45.373Z"}
{"context":"RouterExplorer","level":"info","message":"Mapped {/api/v1/users/:id, PATCH} route","timestamp":"2026-05-21T09:11:45.373Z"}
{"context":"RouterExplorer","level":"info","message":"Mapped {/api/v1/users/:id, DELETE} route","timestamp":"2026-05-21T09:11:45.373Z"}
{"context":"RoutesResolver","level":"info","message":"WhitelistIpController {/api/v1/whitelist-ip}:","timestamp":"2026-05-21T09:11:45.374Z"}
{"context":"RouterExplorer","level":"info","message":"Mapped {/api/v1/whitelist-ip, POST} route","timestamp":"2026-05-21T09:11:45.374Z"}
{"context":"RouterExplorer","level":"info","message":"Mapped {/api/v1/whitelist-ip, GET} route","timestamp":"2026-05-21T09:11:45.374Z"}
{"context":"RouterExplorer","level":"info","message":"Mapped {/api/v1/whitelist-ip/:id, GET} route","timestamp":"2026-05-21T09:11:45.374Z"}
{"context":"RouterExplorer","level":"info","message":"Mapped {/api/v1/whitelist-ip/:id, PATCH} route","timestamp":"2026-05-21T09:11:45.374Z"}
{"context":"RouterExplorer","level":"info","message":"Mapped {/api/v1/whitelist-ip/:id, DELETE} route","timestamp":"2026-05-21T09:11:45.375Z"}
{"context":"RoutesResolver","level":"info","message":"RolesController {/api/v1/roles}:","timestamp":"2026-05-21T09:11:45.375Z"}
{"context":"RouterExplorer","level":"info","message":"Mapped {/api/v1/roles, POST} route","timestamp":"2026-05-21T09:11:45.375Z"}
{"context":"RouterExplorer","level":"info","message":"Mapped {/api/v1/roles, GET} route","timestamp":"2026-05-21T09:11:45.375Z"}
{"context":"RouterExplorer","level":"info","message":"Mapped {/api/v1/roles/:id, GET} route","timestamp":"2026-05-21T09:11:45.375Z"}
{"context":"RouterExplorer","level":"info","message":"Mapped {/api/v1/roles/:id, PATCH} route","timestamp":"2026-05-21T09:11:45.376Z"}
{"context":"RouterExplorer","level":"info","message":"Mapped {/api/v1/roles/:id, DELETE} route","timestamp":"2026-05-21T09:11:45.376Z"}
{"context":"RoutesResolver","level":"info","message":"PermissionsController {/api/v1/permissions}:","timestamp":"2026-05-21T09:11:45.376Z"}
{"context":"RouterExplorer","level":"info","message":"Mapped {/api/v1/permissions, POST} route","timestamp":"2026-05-21T09:11:45.376Z"}
{"context":"RouterExplorer","level":"info","message":"Mapped {/api/v1/permissions, GET} route","timestamp":"2026-05-21T09:11:45.376Z"}
{"context":"RouterExplorer","level":"info","message":"Mapped {/api/v1/permissions/:id, PATCH} route","timestamp":"2026-05-21T09:11:45.376Z"}
{"context":"RouterExplorer","level":"info","message":"Mapped {/api/v1/permissions/:id, DELETE} route","timestamp":"2026-05-21T09:11:45.377Z"}
{"context":"RoutesResolver","level":"info","message":"AuthController {/api/v1/auth}:","timestamp":"2026-05-21T09:11:45.377Z"}
{"context":"RouterExplorer","level":"info","message":"Mapped {/api/v1/auth/register, POST} route","timestamp":"2026-05-21T09:11:45.377Z"}
{"context":"RouterExplorer","level":"info","message":"Mapped {/api/v1/auth/login, POST} route","timestamp":"2026-05-21T09:11:45.377Z"}
{"context":"RouterExplorer","level":"info","message":"Mapped {/api/v1/auth/refresh, POST} route","timestamp":"2026-05-21T09:11:45.377Z"}
{"context":"RouterExplorer","level":"info","message":"Mapped {/api/v1/auth/logout, POST} route","timestamp":"2026-05-21T09:11:45.377Z"}
{"context":"RouterExplorer","level":"info","message":"Mapped {/api/v1/auth/me, GET} route","timestamp":"2026-05-21T09:11:45.378Z"}
{"context":"RouterExplorer","level":"info","message":"Mapped {/api/v1/auth/me/password, PATCH} route","timestamp":"2026-05-21T09:11:45.378Z"}
{"context":"RoutesResolver","level":"info","message":"AttributeController {/api/v1/attribute}:","timestamp":"2026-05-21T09:11:45.378Z"}
{"context":"RouterExplorer","level":"info","message":"Mapped {/api/v1/attribute, POST} route","timestamp":"2026-05-21T09:11:45.378Z"}
{"context":"RouterExplorer","level":"info","message":"Mapped {/api/v1/attribute, GET} route","timestamp":"2026-05-21T09:11:45.378Z"}
{"context":"RouterExplorer","level":"info","message":"Mapped {/api/v1/attribute/:id, GET} route","timestamp":"2026-05-21T09:11:45.378Z"}
{"context":"RouterExplorer","level":"info","message":"Mapped {/api/v1/attribute/:id, PATCH} route","timestamp":"2026-05-21T09:11:45.379Z"}
{"context":"RouterExplorer","level":"info","message":"Mapped {/api/v1/attribute/:id, DELETE} route","timestamp":"2026-05-21T09:11:45.379Z"}
{"context":"RoutesResolver","level":"info","message":"DepartmentsController {/api/v1/departments}:","timestamp":"2026-05-21T09:11:45.379Z"}
{"context":"RouterExplorer","level":"info","message":"Mapped {/api/v1/departments, POST} route","timestamp":"2026-05-21T09:11:45.379Z"}
{"context":"RouterExplorer","level":"info","message":"Mapped {/api/v1/departments, GET} route","timestamp":"2026-05-21T09:11:45.379Z"}
{"context":"RouterExplorer","level":"info","message":"Mapped {/api/v1/departments/:id, GET} route","timestamp":"2026-05-21T09:11:45.380Z"}
{"context":"RouterExplorer","level":"info","message":"Mapped {/api/v1/departments/:id, PATCH} route","timestamp":"2026-05-21T09:11:45.380Z"}
{"context":"RouterExplorer","level":"info","message":"Mapped {/api/v1/departments/:id, DELETE} route","timestamp":"2026-05-21T09:11:45.380Z"}
{"context":"RoutesResolver","level":"info","message":"PortsController {/api/v1/ports}:","timestamp":"2026-05-21T09:11:45.380Z"}
{"context":"RouterExplorer","level":"info","message":"Mapped {/api/v1/ports, POST} route","timestamp":"2026-05-21T09:11:45.380Z"}
{"context":"RouterExplorer","level":"info","message":"Mapped {/api/v1/ports, GET} route","timestamp":"2026-05-21T09:11:45.381Z"}
{"context":"RouterExplorer","level":"info","message":"Mapped {/api/v1/ports/:id, GET} route","timestamp":"2026-05-21T09:11:45.381Z"}
{"context":"RouterExplorer","level":"info","message":"Mapped {/api/v1/ports/:id, PATCH} route","timestamp":"2026-05-21T09:11:45.381Z"}
{"context":"RouterExplorer","level":"info","message":"Mapped {/api/v1/ports/:id, DELETE} route","timestamp":"2026-05-21T09:11:45.381Z"}
{"context":"RoutesResolver","level":"info","message":"FilesController {/api/v1/files}:","timestamp":"2026-05-21T09:11:45.382Z"}
{"context":"RouterExplorer","level":"info","message":"Mapped {/api/v1/files, POST} route","timestamp":"2026-05-21T09:11:45.382Z"}
{"context":"RouterExplorer","level":"info","message":"Mapped {/api/v1/files, GET} route","timestamp":"2026-05-21T09:11:45.382Z"}
{"context":"RouterExplorer","level":"info","message":"Mapped {/api/v1/files/:id, GET} route","timestamp":"2026-05-21T09:11:45.382Z"}
{"context":"RouterExplorer","level":"info","message":"Mapped {/api/v1/files/:id, PATCH} route","timestamp":"2026-05-21T09:11:45.382Z"}
{"context":"RouterExplorer","level":"info","message":"Mapped {/api/v1/files/:id, DELETE} route","timestamp":"2026-05-21T09:11:45.383Z"}
{"context":"PrismaService","level":"info","message":"Kết nối database thành công","timestamp":"2026-05-21T09:11:45.421Z"}
{"context":"NestApplication","level":"info","message":"Nest application successfully started","timestamp":"2026-05-21T09:11:45.426Z"}
{"level":"info","message":"Khởi tạo ứng dụng...","timestamp":"2026-05-21T09:15:19.861Z"}
{"context":"NestFactory","level":"info","message":"Starting Nest application...","timestamp":"2026-05-21T09:15:19.933Z"}
{"context":"InstanceLoader","level":"info","message":"PassportModule dependencies initialized","timestamp":"2026-05-21T09:15:19.942Z"}
{"context":"InstanceLoader","level":"info","message":"ConfigHostModule dependencies initialized","timestamp":"2026-05-21T09:15:19.942Z"}
{"context":"InstanceLoader","level":"info","message":"AppModule dependencies initialized","timestamp":"2026-05-21T09:15:19.942Z"}
{"context":"PrismaService","level":"info","message":"🔌 Prisma Connection String: postgresql://admin:******@localhost:5433/kyc_asset_db?schema=public","timestamp":"2026-05-21T09:15:19.945Z"}
{"context":"InstanceLoader","level":"info","message":"PortsModule dependencies initialized","timestamp":"2026-05-21T09:15:19.945Z"}
{"context":"InstanceLoader","level":"info","message":"FilesModule dependencies initialized","timestamp":"2026-05-21T09:15:19.945Z"}
{"context":"InstanceLoader","level":"info","message":"ConfigModule dependencies initialized","timestamp":"2026-05-21T09:15:19.946Z"}
{"context":"InstanceLoader","level":"info","message":"CommonModule dependencies initialized","timestamp":"2026-05-21T09:15:19.946Z"}
{"context":"InstanceLoader","level":"info","message":"JwtModule dependencies initialized","timestamp":"2026-05-21T09:15:19.946Z"}
{"context":"InstanceLoader","level":"info","message":"PrismaModule dependencies initialized","timestamp":"2026-05-21T09:15:19.947Z"}
{"context":"InstanceLoader","level":"info","message":"WhitelistIpModule dependencies initialized","timestamp":"2026-05-21T09:15:19.948Z"}
{"context":"InstanceLoader","level":"info","message":"AttributeModule dependencies initialized","timestamp":"2026-05-21T09:15:19.948Z"}
{"context":"InstanceLoader","level":"info","message":"DepartmentsModule dependencies initialized","timestamp":"2026-05-21T09:15:19.948Z"}
{"context":"InstanceLoader","level":"info","message":"UsersModule dependencies initialized","timestamp":"2026-05-21T09:15:19.948Z"}
{"context":"InstanceLoader","level":"info","message":"RolesModule dependencies initialized","timestamp":"2026-05-21T09:15:19.949Z"}
{"context":"InstanceLoader","level":"info","message":"PermissionsModule dependencies initialized","timestamp":"2026-05-21T09:15:19.949Z"}
{"context":"InstanceLoader","level":"info","message":"AuthModule dependencies initialized","timestamp":"2026-05-21T09:15:19.949Z"}
{"context":"LegacyRouteConverter","level":"warn","message":"Unsupported route path: \"/api/v1/*\". In previous versions, the symbols ?, *, and + were used to denote optional or repeating path parameters. The latest version of \"path-to-regexp\" now requires the use of named parameters. For example, instead of using a route like /users/* to capture all routes starting with \"/users\", you should use /users/*path. For more details, refer to the migration guide. Attempting to auto-convert...","timestamp":"2026-05-21T09:15:19.975Z"}
{"context":"RoutesResolver","level":"info","message":"AppController {/api/v1/ping}:","timestamp":"2026-05-21T09:15:19.977Z"}
{"context":"RouterExplorer","level":"info","message":"Mapped {/api/v1/ping, GET} route","timestamp":"2026-05-21T09:15:19.978Z"}
{"context":"RoutesResolver","level":"info","message":"UsersController {/api/v1/users}:","timestamp":"2026-05-21T09:15:19.978Z"}
{"context":"RouterExplorer","level":"info","message":"Mapped {/api/v1/users, POST} route","timestamp":"2026-05-21T09:15:19.979Z"}
{"context":"RouterExplorer","level":"info","message":"Mapped {/api/v1/users, GET} route","timestamp":"2026-05-21T09:15:19.979Z"}
{"context":"RouterExplorer","level":"info","message":"Mapped {/api/v1/users/:id, GET} route","timestamp":"2026-05-21T09:15:19.980Z"}
{"context":"RouterExplorer","level":"info","message":"Mapped {/api/v1/users/:id, PATCH} route","timestamp":"2026-05-21T09:15:19.980Z"}
{"context":"RouterExplorer","level":"info","message":"Mapped {/api/v1/users/:id, DELETE} route","timestamp":"2026-05-21T09:15:19.980Z"}
{"context":"RoutesResolver","level":"info","message":"WhitelistIpController {/api/v1/whitelist-ip}:","timestamp":"2026-05-21T09:15:19.980Z"}
{"context":"RouterExplorer","level":"info","message":"Mapped {/api/v1/whitelist-ip, POST} route","timestamp":"2026-05-21T09:15:19.980Z"}
{"context":"RouterExplorer","level":"info","message":"Mapped {/api/v1/whitelist-ip, GET} route","timestamp":"2026-05-21T09:15:19.981Z"}
{"context":"RouterExplorer","level":"info","message":"Mapped {/api/v1/whitelist-ip/:id, GET} route","timestamp":"2026-05-21T09:15:19.981Z"}
{"context":"RouterExplorer","level":"info","message":"Mapped {/api/v1/whitelist-ip/:id, PATCH} route","timestamp":"2026-05-21T09:15:19.981Z"}
{"context":"RouterExplorer","level":"info","message":"Mapped {/api/v1/whitelist-ip/:id, DELETE} route","timestamp":"2026-05-21T09:15:19.981Z"}
{"context":"RoutesResolver","level":"info","message":"RolesController {/api/v1/roles}:","timestamp":"2026-05-21T09:15:19.982Z"}
{"context":"RouterExplorer","level":"info","message":"Mapped {/api/v1/roles, POST} route","timestamp":"2026-05-21T09:15:19.982Z"}
{"context":"RouterExplorer","level":"info","message":"Mapped {/api/v1/roles, GET} route","timestamp":"2026-05-21T09:15:19.982Z"}
{"context":"RouterExplorer","level":"info","message":"Mapped {/api/v1/roles/:id, GET} route","timestamp":"2026-05-21T09:15:19.983Z"}
{"context":"RouterExplorer","level":"info","message":"Mapped {/api/v1/roles/:id, PATCH} route","timestamp":"2026-05-21T09:15:19.983Z"}
{"context":"RouterExplorer","level":"info","message":"Mapped {/api/v1/roles/:id, DELETE} route","timestamp":"2026-05-21T09:15:19.983Z"}
{"context":"RoutesResolver","level":"info","message":"PermissionsController {/api/v1/permissions}:","timestamp":"2026-05-21T09:15:19.983Z"}
{"context":"RouterExplorer","level":"info","message":"Mapped {/api/v1/permissions, POST} route","timestamp":"2026-05-21T09:15:19.983Z"}
{"context":"RouterExplorer","level":"info","message":"Mapped {/api/v1/permissions, GET} route","timestamp":"2026-05-21T09:15:19.984Z"}
{"context":"RouterExplorer","level":"info","message":"Mapped {/api/v1/permissions/:id, PATCH} route","timestamp":"2026-05-21T09:15:19.984Z"}
{"context":"RouterExplorer","level":"info","message":"Mapped {/api/v1/permissions/:id, DELETE} route","timestamp":"2026-05-21T09:15:19.984Z"}
{"context":"RoutesResolver","level":"info","message":"AuthController {/api/v1/auth}:","timestamp":"2026-05-21T09:15:19.984Z"}
{"context":"RouterExplorer","level":"info","message":"Mapped {/api/v1/auth/register, POST} route","timestamp":"2026-05-21T09:15:19.985Z"}
{"context":"RouterExplorer","level":"info","message":"Mapped {/api/v1/auth/login, POST} route","timestamp":"2026-05-21T09:15:19.985Z"}
{"context":"RouterExplorer","level":"info","message":"Mapped {/api/v1/auth/refresh, POST} route","timestamp":"2026-05-21T09:15:19.985Z"}
{"context":"RouterExplorer","level":"info","message":"Mapped {/api/v1/auth/logout, POST} route","timestamp":"2026-05-21T09:15:19.985Z"}
{"context":"RouterExplorer","level":"info","message":"Mapped {/api/v1/auth/me, GET} route","timestamp":"2026-05-21T09:15:19.986Z"}
{"context":"RouterExplorer","level":"info","message":"Mapped {/api/v1/auth/me/password, PATCH} route","timestamp":"2026-05-21T09:15:19.986Z"}
{"context":"RoutesResolver","level":"info","message":"AttributeController {/api/v1/attribute}:","timestamp":"2026-05-21T09:15:19.987Z"}
{"context":"RouterExplorer","level":"info","message":"Mapped {/api/v1/attribute, POST} route","timestamp":"2026-05-21T09:15:19.987Z"}
{"context":"RouterExplorer","level":"info","message":"Mapped {/api/v1/attribute, GET} route","timestamp":"2026-05-21T09:15:19.988Z"}
{"context":"RouterExplorer","level":"info","message":"Mapped {/api/v1/attribute/:id, GET} route","timestamp":"2026-05-21T09:15:19.988Z"}
{"context":"RouterExplorer","level":"info","message":"Mapped {/api/v1/attribute/:id, PATCH} route","timestamp":"2026-05-21T09:15:19.988Z"}
{"context":"RouterExplorer","level":"info","message":"Mapped {/api/v1/attribute/:id, DELETE} route","timestamp":"2026-05-21T09:15:19.988Z"}
{"context":"RoutesResolver","level":"info","message":"DepartmentsController {/api/v1/departments}:","timestamp":"2026-05-21T09:15:19.988Z"}
{"context":"RouterExplorer","level":"info","message":"Mapped {/api/v1/departments, POST} route","timestamp":"2026-05-21T09:15:19.989Z"}
{"context":"RouterExplorer","level":"info","message":"Mapped {/api/v1/departments, GET} route","timestamp":"2026-05-21T09:15:19.989Z"}
{"context":"RouterExplorer","level":"info","message":"Mapped {/api/v1/departments/:id, GET} route","timestamp":"2026-05-21T09:15:19.989Z"}
{"context":"RouterExplorer","level":"info","message":"Mapped {/api/v1/departments/:id, PATCH} route","timestamp":"2026-05-21T09:15:19.989Z"}
{"context":"RouterExplorer","level":"info","message":"Mapped {/api/v1/departments/:id, DELETE} route","timestamp":"2026-05-21T09:15:19.990Z"}
{"context":"RoutesResolver","level":"info","message":"PortsController {/api/v1/ports}:","timestamp":"2026-05-21T09:15:19.990Z"}
{"context":"RouterExplorer","level":"info","message":"Mapped {/api/v1/ports, POST} route","timestamp":"2026-05-21T09:15:19.990Z"}
{"context":"RouterExplorer","level":"info","message":"Mapped {/api/v1/ports, GET} route","timestamp":"2026-05-21T09:15:19.990Z"}
{"context":"RouterExplorer","level":"info","message":"Mapped {/api/v1/ports/:id, GET} route","timestamp":"2026-05-21T09:15:19.991Z"}
{"context":"RouterExplorer","level":"info","message":"Mapped {/api/v1/ports/:id, PATCH} route","timestamp":"2026-05-21T09:15:19.991Z"}
{"context":"RouterExplorer","level":"info","message":"Mapped {/api/v1/ports/:id, DELETE} route","timestamp":"2026-05-21T09:15:19.991Z"}
{"context":"RoutesResolver","level":"info","message":"FilesController {/api/v1/files}:","timestamp":"2026-05-21T09:15:19.991Z"}
{"context":"RouterExplorer","level":"info","message":"Mapped {/api/v1/files, POST} route","timestamp":"2026-05-21T09:15:19.992Z"}
{"context":"RouterExplorer","level":"info","message":"Mapped {/api/v1/files, GET} route","timestamp":"2026-05-21T09:15:19.992Z"}
{"context":"RouterExplorer","level":"info","message":"Mapped {/api/v1/files/:id, GET} route","timestamp":"2026-05-21T09:15:19.992Z"}
{"context":"RouterExplorer","level":"info","message":"Mapped {/api/v1/files/:id, PATCH} route","timestamp":"2026-05-21T09:15:19.992Z"}
{"context":"RouterExplorer","level":"info","message":"Mapped {/api/v1/files/:id, DELETE} route","timestamp":"2026-05-21T09:15:19.993Z"}
{"context":"PrismaService","level":"info","message":"Kết nối database thành công","timestamp":"2026-05-21T09:15:20.035Z"}
{"context":"NestApplication","level":"info","message":"Nest application successfully started","timestamp":"2026-05-21T09:15:20.040Z"}
{"level":"info","message":"Khởi tạo ứng dụng...","timestamp":"2026-05-21T09:45:43.466Z"}
{"context":"NestFactory","level":"info","message":"Starting Nest application...","timestamp":"2026-05-21T09:45:43.536Z"}
{"context":"InstanceLoader","level":"info","message":"PassportModule dependencies initialized","timestamp":"2026-05-21T09:45:43.544Z"}
{"context":"InstanceLoader","level":"info","message":"ConfigHostModule dependencies initialized","timestamp":"2026-05-21T09:45:43.544Z"}
{"context":"InstanceLoader","level":"info","message":"AppModule dependencies initialized","timestamp":"2026-05-21T09:45:43.544Z"}
{"context":"PrismaService","level":"info","message":"🔌 Prisma Connection String: postgresql://admin:******@localhost:5433/kyc_asset_db?schema=public","timestamp":"2026-05-21T09:45:43.547Z"}
{"context":"InstanceLoader","level":"info","message":"PortsModule dependencies initialized","timestamp":"2026-05-21T09:45:43.548Z"}
{"context":"InstanceLoader","level":"info","message":"FilesModule dependencies initialized","timestamp":"2026-05-21T09:45:43.548Z"}
{"context":"InstanceLoader","level":"info","message":"ConfigModule dependencies initialized","timestamp":"2026-05-21T09:45:43.548Z"}
{"context":"InstanceLoader","level":"info","message":"CommonModule dependencies initialized","timestamp":"2026-05-21T09:45:43.548Z"}
{"context":"InstanceLoader","level":"info","message":"JwtModule dependencies initialized","timestamp":"2026-05-21T09:45:43.549Z"}
{"context":"InstanceLoader","level":"info","message":"PrismaModule dependencies initialized","timestamp":"2026-05-21T09:45:43.549Z"}
{"context":"InstanceLoader","level":"info","message":"WhitelistIpModule dependencies initialized","timestamp":"2026-05-21T09:45:43.550Z"}
{"context":"InstanceLoader","level":"info","message":"AttributeModule dependencies initialized","timestamp":"2026-05-21T09:45:43.550Z"}
{"context":"InstanceLoader","level":"info","message":"DepartmentsModule dependencies initialized","timestamp":"2026-05-21T09:45:43.550Z"}
{"context":"InstanceLoader","level":"info","message":"UsersModule dependencies initialized","timestamp":"2026-05-21T09:45:43.550Z"}
{"context":"InstanceLoader","level":"info","message":"RolesModule dependencies initialized","timestamp":"2026-05-21T09:45:43.551Z"}
{"context":"InstanceLoader","level":"info","message":"PermissionsModule dependencies initialized","timestamp":"2026-05-21T09:45:43.551Z"}
{"context":"InstanceLoader","level":"info","message":"AuthModule dependencies initialized","timestamp":"2026-05-21T09:45:43.551Z"}
{"context":"LegacyRouteConverter","level":"warn","message":"Unsupported route path: \"/api/v1/*\". In previous versions, the symbols ?, *, and + were used to denote optional or repeating path parameters. The latest version of \"path-to-regexp\" now requires the use of named parameters. For example, instead of using a route like /users/* to capture all routes starting with \"/users\", you should use /users/*path. For more details, refer to the migration guide. Attempting to auto-convert...","timestamp":"2026-05-21T09:45:43.580Z"}
{"context":"RoutesResolver","level":"info","message":"AppController {/api/v1/ping}:","timestamp":"2026-05-21T09:45:43.581Z"}
{"context":"RouterExplorer","level":"info","message":"Mapped {/api/v1/ping, GET} route","timestamp":"2026-05-21T09:45:43.582Z"}
{"context":"RoutesResolver","level":"info","message":"UsersController {/api/v1/users}:","timestamp":"2026-05-21T09:45:43.582Z"}
{"context":"RouterExplorer","level":"info","message":"Mapped {/api/v1/users, POST} route","timestamp":"2026-05-21T09:45:43.582Z"}
{"context":"RouterExplorer","level":"info","message":"Mapped {/api/v1/users, GET} route","timestamp":"2026-05-21T09:45:43.582Z"}
{"context":"RouterExplorer","level":"info","message":"Mapped {/api/v1/users/:id, GET} route","timestamp":"2026-05-21T09:45:43.583Z"}
{"context":"RouterExplorer","level":"info","message":"Mapped {/api/v1/users/:id, PATCH} route","timestamp":"2026-05-21T09:45:43.583Z"}
{"context":"RouterExplorer","level":"info","message":"Mapped {/api/v1/users/:id, DELETE} route","timestamp":"2026-05-21T09:45:43.583Z"}
{"context":"RoutesResolver","level":"info","message":"WhitelistIpController {/api/v1/whitelist-ip}:","timestamp":"2026-05-21T09:45:43.583Z"}
{"context":"RouterExplorer","level":"info","message":"Mapped {/api/v1/whitelist-ip, POST} route","timestamp":"2026-05-21T09:45:43.584Z"}
{"context":"RouterExplorer","level":"info","message":"Mapped {/api/v1/whitelist-ip, GET} route","timestamp":"2026-05-21T09:45:43.584Z"}
{"context":"RouterExplorer","level":"info","message":"Mapped {/api/v1/whitelist-ip/:id, GET} route","timestamp":"2026-05-21T09:45:43.584Z"}
{"context":"RouterExplorer","level":"info","message":"Mapped {/api/v1/whitelist-ip/:id, PATCH} route","timestamp":"2026-05-21T09:45:43.584Z"}
{"context":"RouterExplorer","level":"info","message":"Mapped {/api/v1/whitelist-ip/:id, DELETE} route","timestamp":"2026-05-21T09:45:43.584Z"}
{"context":"RoutesResolver","level":"info","message":"RolesController {/api/v1/roles}:","timestamp":"2026-05-21T09:45:43.584Z"}
{"context":"RouterExplorer","level":"info","message":"Mapped {/api/v1/roles, POST} route","timestamp":"2026-05-21T09:45:43.585Z"}
{"context":"RouterExplorer","level":"info","message":"Mapped {/api/v1/roles, GET} route","timestamp":"2026-05-21T09:45:43.585Z"}
{"context":"RouterExplorer","level":"info","message":"Mapped {/api/v1/roles/:id, GET} route","timestamp":"2026-05-21T09:45:43.585Z"}
{"context":"RouterExplorer","level":"info","message":"Mapped {/api/v1/roles/:id, PATCH} route","timestamp":"2026-05-21T09:45:43.585Z"}
{"context":"RouterExplorer","level":"info","message":"Mapped {/api/v1/roles/:id, DELETE} route","timestamp":"2026-05-21T09:45:43.585Z"}
{"context":"RoutesResolver","level":"info","message":"PermissionsController {/api/v1/permissions}:","timestamp":"2026-05-21T09:45:43.586Z"}
{"context":"RouterExplorer","level":"info","message":"Mapped {/api/v1/permissions, POST} route","timestamp":"2026-05-21T09:45:43.586Z"}
{"context":"RouterExplorer","level":"info","message":"Mapped {/api/v1/permissions, GET} route","timestamp":"2026-05-21T09:45:43.586Z"}
{"context":"RouterExplorer","level":"info","message":"Mapped {/api/v1/permissions/:id, PATCH} route","timestamp":"2026-05-21T09:45:43.586Z"}
{"context":"RouterExplorer","level":"info","message":"Mapped {/api/v1/permissions/:id, DELETE} route","timestamp":"2026-05-21T09:45:43.586Z"}
{"context":"RoutesResolver","level":"info","message":"AuthController {/api/v1/auth}:","timestamp":"2026-05-21T09:45:43.586Z"}
{"context":"RouterExplorer","level":"info","message":"Mapped {/api/v1/auth/register, POST} route","timestamp":"2026-05-21T09:45:43.587Z"}
{"context":"RouterExplorer","level":"info","message":"Mapped {/api/v1/auth/login, POST} route","timestamp":"2026-05-21T09:45:43.587Z"}
{"context":"RouterExplorer","level":"info","message":"Mapped {/api/v1/auth/refresh, POST} route","timestamp":"2026-05-21T09:45:43.587Z"}
{"context":"RouterExplorer","level":"info","message":"Mapped {/api/v1/auth/logout, POST} route","timestamp":"2026-05-21T09:45:43.587Z"}
{"context":"RouterExplorer","level":"info","message":"Mapped {/api/v1/auth/me, GET} route","timestamp":"2026-05-21T09:45:43.587Z"}
{"context":"RouterExplorer","level":"info","message":"Mapped {/api/v1/auth/me/password, PATCH} route","timestamp":"2026-05-21T09:45:43.587Z"}
{"context":"RoutesResolver","level":"info","message":"AttributeController {/api/v1/attribute}:","timestamp":"2026-05-21T09:45:43.587Z"}
{"context":"RouterExplorer","level":"info","message":"Mapped {/api/v1/attribute, POST} route","timestamp":"2026-05-21T09:45:43.588Z"}
{"context":"RouterExplorer","level":"info","message":"Mapped {/api/v1/attribute, GET} route","timestamp":"2026-05-21T09:45:43.588Z"}
{"context":"RouterExplorer","level":"info","message":"Mapped {/api/v1/attribute/:id, GET} route","timestamp":"2026-05-21T09:45:43.588Z"}
{"context":"RouterExplorer","level":"info","message":"Mapped {/api/v1/attribute/:id, PATCH} route","timestamp":"2026-05-21T09:45:43.588Z"}
{"context":"RouterExplorer","level":"info","message":"Mapped {/api/v1/attribute/:id, DELETE} route","timestamp":"2026-05-21T09:45:43.588Z"}
{"context":"RoutesResolver","level":"info","message":"DepartmentsController {/api/v1/departments}:","timestamp":"2026-05-21T09:45:43.588Z"}
{"context":"RouterExplorer","level":"info","message":"Mapped {/api/v1/departments, POST} route","timestamp":"2026-05-21T09:45:43.589Z"}
{"context":"RouterExplorer","level":"info","message":"Mapped {/api/v1/departments, GET} route","timestamp":"2026-05-21T09:45:43.589Z"}
{"context":"RouterExplorer","level":"info","message":"Mapped {/api/v1/departments/:id, GET} route","timestamp":"2026-05-21T09:45:43.589Z"}
{"context":"RouterExplorer","level":"info","message":"Mapped {/api/v1/departments/:id, PATCH} route","timestamp":"2026-05-21T09:45:43.589Z"}
{"context":"RouterExplorer","level":"info","message":"Mapped {/api/v1/departments/:id, DELETE} route","timestamp":"2026-05-21T09:45:43.589Z"}
{"context":"RoutesResolver","level":"info","message":"PortsController {/api/v1/ports}:","timestamp":"2026-05-21T09:45:43.589Z"}
{"context":"RouterExplorer","level":"info","message":"Mapped {/api/v1/ports, POST} route","timestamp":"2026-05-21T09:45:43.589Z"}
{"context":"RouterExplorer","level":"info","message":"Mapped {/api/v1/ports, GET} route","timestamp":"2026-05-21T09:45:43.589Z"}
{"context":"RouterExplorer","level":"info","message":"Mapped {/api/v1/ports/:id, GET} route","timestamp":"2026-05-21T09:45:43.590Z"}
{"context":"RouterExplorer","level":"info","message":"Mapped {/api/v1/ports/:id, PATCH} route","timestamp":"2026-05-21T09:45:43.590Z"}
{"context":"RouterExplorer","level":"info","message":"Mapped {/api/v1/ports/:id, DELETE} route","timestamp":"2026-05-21T09:45:43.590Z"}
{"context":"RoutesResolver","level":"info","message":"FilesController {/api/v1/files}:","timestamp":"2026-05-21T09:45:43.590Z"}
{"context":"RouterExplorer","level":"info","message":"Mapped {/api/v1/files, POST} route","timestamp":"2026-05-21T09:45:43.590Z"}
{"context":"RouterExplorer","level":"info","message":"Mapped {/api/v1/files, GET} route","timestamp":"2026-05-21T09:45:43.591Z"}
{"context":"RouterExplorer","level":"info","message":"Mapped {/api/v1/files/:id, GET} route","timestamp":"2026-05-21T09:45:43.591Z"}
{"context":"RouterExplorer","level":"info","message":"Mapped {/api/v1/files/:id, PATCH} route","timestamp":"2026-05-21T09:45:43.591Z"}
{"context":"RouterExplorer","level":"info","message":"Mapped {/api/v1/files/:id, DELETE} route","timestamp":"2026-05-21T09:45:43.591Z"}
{"context":"PrismaService","level":"info","message":"Kết nối database thành công","timestamp":"2026-05-21T09:45:43.629Z"}
{"context":"NestApplication","level":"info","message":"Nest application successfully started","timestamp":"2026-05-21T09:45:43.633Z"}
{"level":"info","message":"Khởi tạo ứng dụng...","timestamp":"2026-05-21T09:46:08.671Z"}
{"context":"NestFactory","level":"info","message":"Starting Nest application...","timestamp":"2026-05-21T09:46:08.742Z"}
{"context":"InstanceLoader","level":"info","message":"PassportModule dependencies initialized","timestamp":"2026-05-21T09:46:08.750Z"}
{"context":"InstanceLoader","level":"info","message":"ConfigHostModule dependencies initialized","timestamp":"2026-05-21T09:46:08.750Z"}
{"context":"InstanceLoader","level":"info","message":"AppModule dependencies initialized","timestamp":"2026-05-21T09:46:08.750Z"}
{"context":"PrismaService","level":"info","message":"🔌 Prisma Connection String: postgresql://admin:******@localhost:5433/kyc_asset_db?schema=public","timestamp":"2026-05-21T09:46:08.753Z"}
{"context":"InstanceLoader","level":"info","message":"PortsModule dependencies initialized","timestamp":"2026-05-21T09:46:08.753Z"}
{"context":"InstanceLoader","level":"info","message":"FilesModule dependencies initialized","timestamp":"2026-05-21T09:46:08.753Z"}
{"context":"InstanceLoader","level":"info","message":"ConfigModule dependencies initialized","timestamp":"2026-05-21T09:46:08.754Z"}
{"context":"InstanceLoader","level":"info","message":"CommonModule dependencies initialized","timestamp":"2026-05-21T09:46:08.754Z"}
{"context":"InstanceLoader","level":"info","message":"JwtModule dependencies initialized","timestamp":"2026-05-21T09:46:08.754Z"}
{"context":"InstanceLoader","level":"info","message":"PrismaModule dependencies initialized","timestamp":"2026-05-21T09:46:08.755Z"}
{"context":"InstanceLoader","level":"info","message":"WhitelistIpModule dependencies initialized","timestamp":"2026-05-21T09:46:08.756Z"}
{"context":"InstanceLoader","level":"info","message":"AttributeModule dependencies initialized","timestamp":"2026-05-21T09:46:08.756Z"}
{"context":"InstanceLoader","level":"info","message":"DepartmentsModule dependencies initialized","timestamp":"2026-05-21T09:46:08.756Z"}
{"context":"InstanceLoader","level":"info","message":"UsersModule dependencies initialized","timestamp":"2026-05-21T09:46:08.756Z"}
{"context":"InstanceLoader","level":"info","message":"RolesModule dependencies initialized","timestamp":"2026-05-21T09:46:08.756Z"}
{"context":"InstanceLoader","level":"info","message":"PermissionsModule dependencies initialized","timestamp":"2026-05-21T09:46:08.757Z"}
{"context":"InstanceLoader","level":"info","message":"AuthModule dependencies initialized","timestamp":"2026-05-21T09:46:08.757Z"}
{"context":"LegacyRouteConverter","level":"warn","message":"Unsupported route path: \"/api/v1/*\". In previous versions, the symbols ?, *, and + were used to denote optional or repeating path parameters. The latest version of \"path-to-regexp\" now requires the use of named parameters. For example, instead of using a route like /users/* to capture all routes starting with \"/users\", you should use /users/*path. For more details, refer to the migration guide. Attempting to auto-convert...","timestamp":"2026-05-21T09:46:08.780Z"}
{"context":"RoutesResolver","level":"info","message":"AppController {/api/v1/ping}:","timestamp":"2026-05-21T09:46:08.781Z"}
{"context":"RouterExplorer","level":"info","message":"Mapped {/api/v1/ping, GET} route","timestamp":"2026-05-21T09:46:08.782Z"}
{"context":"RoutesResolver","level":"info","message":"UsersController {/api/v1/users}:","timestamp":"2026-05-21T09:46:08.782Z"}
{"context":"RouterExplorer","level":"info","message":"Mapped {/api/v1/users, POST} route","timestamp":"2026-05-21T09:46:08.782Z"}
{"context":"RouterExplorer","level":"info","message":"Mapped {/api/v1/users, GET} route","timestamp":"2026-05-21T09:46:08.782Z"}
{"context":"RouterExplorer","level":"info","message":"Mapped {/api/v1/users/:id, GET} route","timestamp":"2026-05-21T09:46:08.783Z"}
{"context":"RouterExplorer","level":"info","message":"Mapped {/api/v1/users/:id, PATCH} route","timestamp":"2026-05-21T09:46:08.783Z"}
{"context":"RouterExplorer","level":"info","message":"Mapped {/api/v1/users/:id, DELETE} route","timestamp":"2026-05-21T09:46:08.783Z"}
{"context":"RoutesResolver","level":"info","message":"WhitelistIpController {/api/v1/whitelist-ip}:","timestamp":"2026-05-21T09:46:08.783Z"}
{"context":"RouterExplorer","level":"info","message":"Mapped {/api/v1/whitelist-ip, POST} route","timestamp":"2026-05-21T09:46:08.784Z"}
{"context":"RouterExplorer","level":"info","message":"Mapped {/api/v1/whitelist-ip, GET} route","timestamp":"2026-05-21T09:46:08.784Z"}
{"context":"RouterExplorer","level":"info","message":"Mapped {/api/v1/whitelist-ip/:id, GET} route","timestamp":"2026-05-21T09:46:08.784Z"}
{"context":"RouterExplorer","level":"info","message":"Mapped {/api/v1/whitelist-ip/:id, PATCH} route","timestamp":"2026-05-21T09:46:08.784Z"}
{"context":"RouterExplorer","level":"info","message":"Mapped {/api/v1/whitelist-ip/:id, DELETE} route","timestamp":"2026-05-21T09:46:08.785Z"}
{"context":"RoutesResolver","level":"info","message":"RolesController {/api/v1/roles}:","timestamp":"2026-05-21T09:46:08.785Z"}
{"context":"RouterExplorer","level":"info","message":"Mapped {/api/v1/roles, POST} route","timestamp":"2026-05-21T09:46:08.785Z"}
{"context":"RouterExplorer","level":"info","message":"Mapped {/api/v1/roles, GET} route","timestamp":"2026-05-21T09:46:08.785Z"}
{"context":"RouterExplorer","level":"info","message":"Mapped {/api/v1/roles/:id, GET} route","timestamp":"2026-05-21T09:46:08.785Z"}
{"context":"RouterExplorer","level":"info","message":"Mapped {/api/v1/roles/:id, PATCH} route","timestamp":"2026-05-21T09:46:08.785Z"}
{"context":"RouterExplorer","level":"info","message":"Mapped {/api/v1/roles/:id, DELETE} route","timestamp":"2026-05-21T09:46:08.786Z"}
{"context":"RoutesResolver","level":"info","message":"PermissionsController {/api/v1/permissions}:","timestamp":"2026-05-21T09:46:08.786Z"}
{"context":"RouterExplorer","level":"info","message":"Mapped {/api/v1/permissions, POST} route","timestamp":"2026-05-21T09:46:08.786Z"}
{"context":"RouterExplorer","level":"info","message":"Mapped {/api/v1/permissions, GET} route","timestamp":"2026-05-21T09:46:08.786Z"}
{"context":"RouterExplorer","level":"info","message":"Mapped {/api/v1/permissions/:id, PATCH} route","timestamp":"2026-05-21T09:46:08.786Z"}
{"context":"RouterExplorer","level":"info","message":"Mapped {/api/v1/permissions/:id, DELETE} route","timestamp":"2026-05-21T09:46:08.787Z"}
{"context":"RoutesResolver","level":"info","message":"AuthController {/api/v1/auth}:","timestamp":"2026-05-21T09:46:08.787Z"}
{"context":"RouterExplorer","level":"info","message":"Mapped {/api/v1/auth/register, POST} route","timestamp":"2026-05-21T09:46:08.787Z"}
{"context":"RouterExplorer","level":"info","message":"Mapped {/api/v1/auth/login, POST} route","timestamp":"2026-05-21T09:46:08.787Z"}
{"context":"RouterExplorer","level":"info","message":"Mapped {/api/v1/auth/refresh, POST} route","timestamp":"2026-05-21T09:46:08.787Z"}
{"context":"RouterExplorer","level":"info","message":"Mapped {/api/v1/auth/logout, POST} route","timestamp":"2026-05-21T09:46:08.787Z"}
{"context":"RouterExplorer","level":"info","message":"Mapped {/api/v1/auth/me, GET} route","timestamp":"2026-05-21T09:46:08.788Z"}
{"context":"RouterExplorer","level":"info","message":"Mapped {/api/v1/auth/me/password, PATCH} route","timestamp":"2026-05-21T09:46:08.788Z"}
{"context":"RoutesResolver","level":"info","message":"AttributeController {/api/v1/attribute}:","timestamp":"2026-05-21T09:46:08.788Z"}
{"context":"RouterExplorer","level":"info","message":"Mapped {/api/v1/attribute, POST} route","timestamp":"2026-05-21T09:46:08.788Z"}
{"context":"RouterExplorer","level":"info","message":"Mapped {/api/v1/attribute, GET} route","timestamp":"2026-05-21T09:46:08.788Z"}
{"context":"RouterExplorer","level":"info","message":"Mapped {/api/v1/attribute/:id, GET} route","timestamp":"2026-05-21T09:46:08.788Z"}
{"context":"RouterExplorer","level":"info","message":"Mapped {/api/v1/attribute/:id, PATCH} route","timestamp":"2026-05-21T09:46:08.789Z"}
{"context":"RouterExplorer","level":"info","message":"Mapped {/api/v1/attribute/:id, DELETE} route","timestamp":"2026-05-21T09:46:08.789Z"}
{"context":"RoutesResolver","level":"info","message":"DepartmentsController {/api/v1/departments}:","timestamp":"2026-05-21T09:46:08.789Z"}
{"context":"RouterExplorer","level":"info","message":"Mapped {/api/v1/departments, POST} route","timestamp":"2026-05-21T09:46:08.789Z"}
{"context":"RouterExplorer","level":"info","message":"Mapped {/api/v1/departments, GET} route","timestamp":"2026-05-21T09:46:08.789Z"}
{"context":"RouterExplorer","level":"info","message":"Mapped {/api/v1/departments/:id, GET} route","timestamp":"2026-05-21T09:46:08.789Z"}
{"context":"RouterExplorer","level":"info","message":"Mapped {/api/v1/departments/:id, PATCH} route","timestamp":"2026-05-21T09:46:08.790Z"}
{"context":"RouterExplorer","level":"info","message":"Mapped {/api/v1/departments/:id, DELETE} route","timestamp":"2026-05-21T09:46:08.790Z"}
{"context":"RoutesResolver","level":"info","message":"PortsController {/api/v1/ports}:","timestamp":"2026-05-21T09:46:08.790Z"}
{"context":"RouterExplorer","level":"info","message":"Mapped {/api/v1/ports, POST} route","timestamp":"2026-05-21T09:46:08.790Z"}
{"context":"RouterExplorer","level":"info","message":"Mapped {/api/v1/ports, GET} route","timestamp":"2026-05-21T09:46:08.790Z"}
{"context":"RouterExplorer","level":"info","message":"Mapped {/api/v1/ports/:id, GET} route","timestamp":"2026-05-21T09:46:08.790Z"}
{"context":"RouterExplorer","level":"info","message":"Mapped {/api/v1/ports/:id, PATCH} route","timestamp":"2026-05-21T09:46:08.790Z"}
{"context":"RouterExplorer","level":"info","message":"Mapped {/api/v1/ports/:id, DELETE} route","timestamp":"2026-05-21T09:46:08.791Z"}
{"context":"RoutesResolver","level":"info","message":"FilesController {/api/v1/files}:","timestamp":"2026-05-21T09:46:08.791Z"}
{"context":"RouterExplorer","level":"info","message":"Mapped {/api/v1/files, POST} route","timestamp":"2026-05-21T09:46:08.791Z"}
{"context":"RouterExplorer","level":"info","message":"Mapped {/api/v1/files, GET} route","timestamp":"2026-05-21T09:46:08.791Z"}
{"context":"RouterExplorer","level":"info","message":"Mapped {/api/v1/files/:id, GET} route","timestamp":"2026-05-21T09:46:08.791Z"}
{"context":"RouterExplorer","level":"info","message":"Mapped {/api/v1/files/:id, PATCH} route","timestamp":"2026-05-21T09:46:08.792Z"}
{"context":"RouterExplorer","level":"info","message":"Mapped {/api/v1/files/:id, DELETE} route","timestamp":"2026-05-21T09:46:08.792Z"}
{"context":"PrismaService","level":"info","message":"Kết nối database thành công","timestamp":"2026-05-21T09:46:08.830Z"}
{"context":"NestApplication","level":"info","message":"Nest application successfully started","timestamp":"2026-05-21T09:46:08.835Z"}
{"level":"info","message":"Khởi tạo ứng dụng...","timestamp":"2026-05-21T09:46:11.778Z"}
{"context":"NestFactory","level":"info","message":"Starting Nest application...","timestamp":"2026-05-21T09:46:11.848Z"}
{"context":"InstanceLoader","level":"info","message":"PassportModule dependencies initialized","timestamp":"2026-05-21T09:46:11.855Z"}
{"context":"InstanceLoader","level":"info","message":"ConfigHostModule dependencies initialized","timestamp":"2026-05-21T09:46:11.856Z"}
{"context":"InstanceLoader","level":"info","message":"AppModule dependencies initialized","timestamp":"2026-05-21T09:46:11.856Z"}
{"context":"PrismaService","level":"info","message":"🔌 Prisma Connection String: postgresql://admin:******@localhost:5433/kyc_asset_db?schema=public","timestamp":"2026-05-21T09:46:11.859Z"}
{"context":"InstanceLoader","level":"info","message":"PortsModule dependencies initialized","timestamp":"2026-05-21T09:46:11.859Z"}
{"context":"InstanceLoader","level":"info","message":"FilesModule dependencies initialized","timestamp":"2026-05-21T09:46:11.859Z"}
{"context":"InstanceLoader","level":"info","message":"ConfigModule dependencies initialized","timestamp":"2026-05-21T09:46:11.859Z"}
{"context":"InstanceLoader","level":"info","message":"CommonModule dependencies initialized","timestamp":"2026-05-21T09:46:11.859Z"}
{"context":"InstanceLoader","level":"info","message":"JwtModule dependencies initialized","timestamp":"2026-05-21T09:46:11.860Z"}
{"context":"InstanceLoader","level":"info","message":"PrismaModule dependencies initialized","timestamp":"2026-05-21T09:46:11.860Z"}
{"context":"InstanceLoader","level":"info","message":"WhitelistIpModule dependencies initialized","timestamp":"2026-05-21T09:46:11.861Z"}
{"context":"InstanceLoader","level":"info","message":"AttributeModule dependencies initialized","timestamp":"2026-05-21T09:46:11.861Z"}
{"context":"InstanceLoader","level":"info","message":"DepartmentsModule dependencies initialized","timestamp":"2026-05-21T09:46:11.862Z"}
{"context":"InstanceLoader","level":"info","message":"UsersModule dependencies initialized","timestamp":"2026-05-21T09:46:11.862Z"}
{"context":"InstanceLoader","level":"info","message":"RolesModule dependencies initialized","timestamp":"2026-05-21T09:46:11.862Z"}
{"context":"InstanceLoader","level":"info","message":"PermissionsModule dependencies initialized","timestamp":"2026-05-21T09:46:11.862Z"}
{"context":"InstanceLoader","level":"info","message":"AuthModule dependencies initialized","timestamp":"2026-05-21T09:46:11.862Z"}
{"context":"LegacyRouteConverter","level":"warn","message":"Unsupported route path: \"/api/v1/*\". In previous versions, the symbols ?, *, and + were used to denote optional or repeating path parameters. The latest version of \"path-to-regexp\" now requires the use of named parameters. For example, instead of using a route like /users/* to capture all routes starting with \"/users\", you should use /users/*path. For more details, refer to the migration guide. Attempting to auto-convert...","timestamp":"2026-05-21T09:46:11.886Z"}
{"context":"RoutesResolver","level":"info","message":"AppController {/api/v1/ping}:","timestamp":"2026-05-21T09:46:11.886Z"}
{"context":"RouterExplorer","level":"info","message":"Mapped {/api/v1/ping, GET} route","timestamp":"2026-05-21T09:46:11.888Z"}
{"context":"RoutesResolver","level":"info","message":"UsersController {/api/v1/users}:","timestamp":"2026-05-21T09:46:11.888Z"}
{"context":"RouterExplorer","level":"info","message":"Mapped {/api/v1/users, POST} route","timestamp":"2026-05-21T09:46:11.888Z"}
{"context":"RouterExplorer","level":"info","message":"Mapped {/api/v1/users, GET} route","timestamp":"2026-05-21T09:46:11.889Z"}
{"context":"RouterExplorer","level":"info","message":"Mapped {/api/v1/users/:id, GET} route","timestamp":"2026-05-21T09:46:11.889Z"}
{"context":"RouterExplorer","level":"info","message":"Mapped {/api/v1/users/:id, PATCH} route","timestamp":"2026-05-21T09:46:11.889Z"}
{"context":"RouterExplorer","level":"info","message":"Mapped {/api/v1/users/:id, DELETE} route","timestamp":"2026-05-21T09:46:11.889Z"}
{"context":"RoutesResolver","level":"info","message":"WhitelistIpController {/api/v1/whitelist-ip}:","timestamp":"2026-05-21T09:46:11.890Z"}
{"context":"RouterExplorer","level":"info","message":"Mapped {/api/v1/whitelist-ip, POST} route","timestamp":"2026-05-21T09:46:11.890Z"}
{"context":"RouterExplorer","level":"info","message":"Mapped {/api/v1/whitelist-ip, GET} route","timestamp":"2026-05-21T09:46:11.890Z"}
{"context":"RouterExplorer","level":"info","message":"Mapped {/api/v1/whitelist-ip/:id, GET} route","timestamp":"2026-05-21T09:46:11.890Z"}
{"context":"RouterExplorer","level":"info","message":"Mapped {/api/v1/whitelist-ip/:id, PATCH} route","timestamp":"2026-05-21T09:46:11.890Z"}
{"context":"RouterExplorer","level":"info","message":"Mapped {/api/v1/whitelist-ip/:id, DELETE} route","timestamp":"2026-05-21T09:46:11.891Z"}
{"context":"RoutesResolver","level":"info","message":"RolesController {/api/v1/roles}:","timestamp":"2026-05-21T09:46:11.891Z"}
{"context":"RouterExplorer","level":"info","message":"Mapped {/api/v1/roles, POST} route","timestamp":"2026-05-21T09:46:11.891Z"}
{"context":"RouterExplorer","level":"info","message":"Mapped {/api/v1/roles, GET} route","timestamp":"2026-05-21T09:46:11.891Z"}
{"context":"RouterExplorer","level":"info","message":"Mapped {/api/v1/roles/:id, GET} route","timestamp":"2026-05-21T09:46:11.891Z"}
{"context":"RouterExplorer","level":"info","message":"Mapped {/api/v1/roles/:id, PATCH} route","timestamp":"2026-05-21T09:46:11.891Z"}
{"context":"RouterExplorer","level":"info","message":"Mapped {/api/v1/roles/:id, DELETE} route","timestamp":"2026-05-21T09:46:11.892Z"}
{"context":"RoutesResolver","level":"info","message":"PermissionsController {/api/v1/permissions}:","timestamp":"2026-05-21T09:46:11.892Z"}
{"context":"RouterExplorer","level":"info","message":"Mapped {/api/v1/permissions, POST} route","timestamp":"2026-05-21T09:46:11.892Z"}
{"context":"RouterExplorer","level":"info","message":"Mapped {/api/v1/permissions, GET} route","timestamp":"2026-05-21T09:46:11.892Z"}
{"context":"RouterExplorer","level":"info","message":"Mapped {/api/v1/permissions/:id, PATCH} route","timestamp":"2026-05-21T09:46:11.892Z"}
{"context":"RouterExplorer","level":"info","message":"Mapped {/api/v1/permissions/:id, DELETE} route","timestamp":"2026-05-21T09:46:11.893Z"}
{"context":"RoutesResolver","level":"info","message":"AuthController {/api/v1/auth}:","timestamp":"2026-05-21T09:46:11.893Z"}
{"context":"RouterExplorer","level":"info","message":"Mapped {/api/v1/auth/register, POST} route","timestamp":"2026-05-21T09:46:11.893Z"}
{"context":"RouterExplorer","level":"info","message":"Mapped {/api/v1/auth/login, POST} route","timestamp":"2026-05-21T09:46:11.893Z"}
{"context":"RouterExplorer","level":"info","message":"Mapped {/api/v1/auth/refresh, POST} route","timestamp":"2026-05-21T09:46:11.893Z"}
{"context":"RouterExplorer","level":"info","message":"Mapped {/api/v1/auth/logout, POST} route","timestamp":"2026-05-21T09:46:11.893Z"}
{"context":"RouterExplorer","level":"info","message":"Mapped {/api/v1/auth/me, GET} route","timestamp":"2026-05-21T09:46:11.894Z"}
{"context":"RouterExplorer","level":"info","message":"Mapped {/api/v1/auth/me/password, PATCH} route","timestamp":"2026-05-21T09:46:11.894Z"}
{"context":"RoutesResolver","level":"info","message":"AttributeController {/api/v1/attribute}:","timestamp":"2026-05-21T09:46:11.894Z"}
{"context":"RouterExplorer","level":"info","message":"Mapped {/api/v1/attribute, POST} route","timestamp":"2026-05-21T09:46:11.894Z"}
{"context":"RouterExplorer","level":"info","message":"Mapped {/api/v1/attribute, GET} route","timestamp":"2026-05-21T09:46:11.894Z"}
{"context":"RouterExplorer","level":"info","message":"Mapped {/api/v1/attribute/:id, GET} route","timestamp":"2026-05-21T09:46:11.894Z"}
{"context":"RouterExplorer","level":"info","message":"Mapped {/api/v1/attribute/:id, PATCH} route","timestamp":"2026-05-21T09:46:11.895Z"}
{"context":"RouterExplorer","level":"info","message":"Mapped {/api/v1/attribute/:id, DELETE} route","timestamp":"2026-05-21T09:46:11.895Z"}
{"context":"RoutesResolver","level":"info","message":"DepartmentsController {/api/v1/departments}:","timestamp":"2026-05-21T09:46:11.895Z"}
{"context":"RouterExplorer","level":"info","message":"Mapped {/api/v1/departments, POST} route","timestamp":"2026-05-21T09:46:11.895Z"}
{"context":"RouterExplorer","level":"info","message":"Mapped {/api/v1/departments, GET} route","timestamp":"2026-05-21T09:46:11.895Z"}
{"context":"RouterExplorer","level":"info","message":"Mapped {/api/v1/departments/:id, GET} route","timestamp":"2026-05-21T09:46:11.895Z"}
{"context":"RouterExplorer","level":"info","message":"Mapped {/api/v1/departments/:id, PATCH} route","timestamp":"2026-05-21T09:46:11.895Z"}
{"context":"RouterExplorer","level":"info","message":"Mapped {/api/v1/departments/:id, DELETE} route","timestamp":"2026-05-21T09:46:11.895Z"}
{"context":"RoutesResolver","level":"info","message":"PortsController {/api/v1/ports}:","timestamp":"2026-05-21T09:46:11.896Z"}
{"context":"RouterExplorer","level":"info","message":"Mapped {/api/v1/ports, POST} route","timestamp":"2026-05-21T09:46:11.896Z"}
{"context":"RouterExplorer","level":"info","message":"Mapped {/api/v1/ports, GET} route","timestamp":"2026-05-21T09:46:11.896Z"}
{"context":"RouterExplorer","level":"info","message":"Mapped {/api/v1/ports/:id, GET} route","timestamp":"2026-05-21T09:46:11.896Z"}
{"context":"RouterExplorer","level":"info","message":"Mapped {/api/v1/ports/:id, PATCH} route","timestamp":"2026-05-21T09:46:11.896Z"}
{"context":"RouterExplorer","level":"info","message":"Mapped {/api/v1/ports/:id, DELETE} route","timestamp":"2026-05-21T09:46:11.896Z"}
{"context":"RoutesResolver","level":"info","message":"FilesController {/api/v1/files}:","timestamp":"2026-05-21T09:46:11.896Z"}
{"context":"RouterExplorer","level":"info","message":"Mapped {/api/v1/files, POST} route","timestamp":"2026-05-21T09:46:11.897Z"}
{"context":"RouterExplorer","level":"info","message":"Mapped {/api/v1/files, GET} route","timestamp":"2026-05-21T09:46:11.897Z"}
{"context":"RouterExplorer","level":"info","message":"Mapped {/api/v1/files/:id, GET} route","timestamp":"2026-05-21T09:46:11.897Z"}
{"context":"RouterExplorer","level":"info","message":"Mapped {/api/v1/files/:id, PATCH} route","timestamp":"2026-05-21T09:46:11.897Z"}
{"context":"RouterExplorer","level":"info","message":"Mapped {/api/v1/files/:id, DELETE} route","timestamp":"2026-05-21T09:46:11.898Z"}
{"context":"PrismaService","level":"info","message":"Kết nối database thành công","timestamp":"2026-05-21T09:46:11.939Z"}
{"context":"NestApplication","level":"info","message":"Nest application successfully started","timestamp":"2026-05-21T09:46:11.943Z"}
{"level":"info","message":"Khởi tạo ứng dụng...","timestamp":"2026-05-21T09:49:32.243Z"}
{"context":"NestFactory","level":"info","message":"Starting Nest application...","timestamp":"2026-05-21T09:49:32.333Z"}
{"context":"InstanceLoader","level":"info","message":"PassportModule dependencies initialized","timestamp":"2026-05-21T09:49:32.340Z"}
{"context":"InstanceLoader","level":"info","message":"ConfigHostModule dependencies initialized","timestamp":"2026-05-21T09:49:32.341Z"}
{"context":"InstanceLoader","level":"info","message":"AppModule dependencies initialized","timestamp":"2026-05-21T09:49:32.341Z"}
{"context":"PrismaService","level":"info","message":"🔌 Prisma Connection String: postgresql://admin:******@localhost:5433/kyc_asset_db?schema=public","timestamp":"2026-05-21T09:49:32.344Z"}
{"context":"InstanceLoader","level":"info","message":"PortsModule dependencies initialized","timestamp":"2026-05-21T09:49:32.344Z"}
{"context":"InstanceLoader","level":"info","message":"FilesModule dependencies initialized","timestamp":"2026-05-21T09:49:32.344Z"}
{"context":"InstanceLoader","level":"info","message":"ConfigModule dependencies initialized","timestamp":"2026-05-21T09:49:32.344Z"}
{"context":"InstanceLoader","level":"info","message":"CommonModule dependencies initialized","timestamp":"2026-05-21T09:49:32.345Z"}
{"context":"InstanceLoader","level":"info","message":"JwtModule dependencies initialized","timestamp":"2026-05-21T09:49:32.345Z"}
{"context":"InstanceLoader","level":"info","message":"PrismaModule dependencies initialized","timestamp":"2026-05-21T09:49:32.345Z"}
{"context":"InstanceLoader","level":"info","message":"WhitelistIpModule dependencies initialized","timestamp":"2026-05-21T09:49:32.347Z"}
{"context":"InstanceLoader","level":"info","message":"AttributeModule dependencies initialized","timestamp":"2026-05-21T09:49:32.347Z"}
{"context":"InstanceLoader","level":"info","message":"DepartmentsModule dependencies initialized","timestamp":"2026-05-21T09:49:32.347Z"}
{"context":"InstanceLoader","level":"info","message":"UsersModule dependencies initialized","timestamp":"2026-05-21T09:49:32.347Z"}
{"context":"InstanceLoader","level":"info","message":"RolesModule dependencies initialized","timestamp":"2026-05-21T09:49:32.347Z"}
{"context":"InstanceLoader","level":"info","message":"PermissionsModule dependencies initialized","timestamp":"2026-05-21T09:49:32.348Z"}
{"context":"InstanceLoader","level":"info","message":"AuthModule dependencies initialized","timestamp":"2026-05-21T09:49:32.348Z"}
{"context":"LegacyRouteConverter","level":"warn","message":"Unsupported route path: \"/api/v1/*\". In previous versions, the symbols ?, *, and + were used to denote optional or repeating path parameters. The latest version of \"path-to-regexp\" now requires the use of named parameters. For example, instead of using a route like /users/* to capture all routes starting with \"/users\", you should use /users/*path. For more details, refer to the migration guide. Attempting to auto-convert...","timestamp":"2026-05-21T09:49:32.371Z"}
{"context":"RoutesResolver","level":"info","message":"AppController {/api/v1/ping}:","timestamp":"2026-05-21T09:49:32.371Z"}
{"context":"RouterExplorer","level":"info","message":"Mapped {/api/v1/ping, GET} route","timestamp":"2026-05-21T09:49:32.373Z"}
{"context":"RoutesResolver","level":"info","message":"UsersController {/api/v1/users}:","timestamp":"2026-05-21T09:49:32.373Z"}
{"context":"RouterExplorer","level":"info","message":"Mapped {/api/v1/users, POST} route","timestamp":"2026-05-21T09:49:32.373Z"}
{"context":"RouterExplorer","level":"info","message":"Mapped {/api/v1/users, GET} route","timestamp":"2026-05-21T09:49:32.374Z"}
{"context":"RouterExplorer","level":"info","message":"Mapped {/api/v1/users/:id, GET} route","timestamp":"2026-05-21T09:49:32.374Z"}
{"context":"RouterExplorer","level":"info","message":"Mapped {/api/v1/users/:id, PATCH} route","timestamp":"2026-05-21T09:49:32.374Z"}
{"context":"RouterExplorer","level":"info","message":"Mapped {/api/v1/users/:id, DELETE} route","timestamp":"2026-05-21T09:49:32.374Z"}
{"context":"RoutesResolver","level":"info","message":"WhitelistIpController {/api/v1/whitelist-ip}:","timestamp":"2026-05-21T09:49:32.375Z"}
{"context":"RouterExplorer","level":"info","message":"Mapped {/api/v1/whitelist-ip, POST} route","timestamp":"2026-05-21T09:49:32.375Z"}
{"context":"RouterExplorer","level":"info","message":"Mapped {/api/v1/whitelist-ip, GET} route","timestamp":"2026-05-21T09:49:32.375Z"}
{"context":"RouterExplorer","level":"info","message":"Mapped {/api/v1/whitelist-ip/:id, GET} route","timestamp":"2026-05-21T09:49:32.375Z"}
{"context":"RouterExplorer","level":"info","message":"Mapped {/api/v1/whitelist-ip/:id, PATCH} route","timestamp":"2026-05-21T09:49:32.376Z"}
{"context":"RouterExplorer","level":"info","message":"Mapped {/api/v1/whitelist-ip/:id, DELETE} route","timestamp":"2026-05-21T09:49:32.376Z"}
{"context":"RoutesResolver","level":"info","message":"RolesController {/api/v1/roles}:","timestamp":"2026-05-21T09:49:32.376Z"}
{"context":"RouterExplorer","level":"info","message":"Mapped {/api/v1/roles, POST} route","timestamp":"2026-05-21T09:49:32.376Z"}
{"context":"RouterExplorer","level":"info","message":"Mapped {/api/v1/roles, GET} route","timestamp":"2026-05-21T09:49:32.377Z"}
{"context":"RouterExplorer","level":"info","message":"Mapped {/api/v1/roles/:id, GET} route","timestamp":"2026-05-21T09:49:32.377Z"}
{"context":"RouterExplorer","level":"info","message":"Mapped {/api/v1/roles/:id, PATCH} route","timestamp":"2026-05-21T09:49:32.377Z"}
{"context":"RouterExplorer","level":"info","message":"Mapped {/api/v1/roles/:id, DELETE} route","timestamp":"2026-05-21T09:49:32.377Z"}
{"context":"RoutesResolver","level":"info","message":"PermissionsController {/api/v1/permissions}:","timestamp":"2026-05-21T09:49:32.378Z"}
{"context":"RouterExplorer","level":"info","message":"Mapped {/api/v1/permissions, POST} route","timestamp":"2026-05-21T09:49:32.378Z"}
{"context":"RouterExplorer","level":"info","message":"Mapped {/api/v1/permissions, GET} route","timestamp":"2026-05-21T09:49:32.378Z"}
{"context":"RouterExplorer","level":"info","message":"Mapped {/api/v1/permissions/:id, PATCH} route","timestamp":"2026-05-21T09:49:32.378Z"}
{"context":"RouterExplorer","level":"info","message":"Mapped {/api/v1/permissions/:id, DELETE} route","timestamp":"2026-05-21T09:49:32.378Z"}
{"context":"RoutesResolver","level":"info","message":"AuthController {/api/v1/auth}:","timestamp":"2026-05-21T09:49:32.379Z"}
{"context":"RouterExplorer","level":"info","message":"Mapped {/api/v1/auth/register, POST} route","timestamp":"2026-05-21T09:49:32.379Z"}
{"context":"RouterExplorer","level":"info","message":"Mapped {/api/v1/auth/login, POST} route","timestamp":"2026-05-21T09:49:32.379Z"}
{"context":"RouterExplorer","level":"info","message":"Mapped {/api/v1/auth/refresh, POST} route","timestamp":"2026-05-21T09:49:32.379Z"}
{"context":"RouterExplorer","level":"info","message":"Mapped {/api/v1/auth/logout, POST} route","timestamp":"2026-05-21T09:49:32.379Z"}
{"context":"RouterExplorer","level":"info","message":"Mapped {/api/v1/auth/me, GET} route","timestamp":"2026-05-21T09:49:32.380Z"}
{"context":"RouterExplorer","level":"info","message":"Mapped {/api/v1/auth/me/password, PATCH} route","timestamp":"2026-05-21T09:49:32.380Z"}
{"context":"RoutesResolver","level":"info","message":"AttributeController {/api/v1/attribute}:","timestamp":"2026-05-21T09:49:32.380Z"}
{"context":"RouterExplorer","level":"info","message":"Mapped {/api/v1/attribute, POST} route","timestamp":"2026-05-21T09:49:32.380Z"}
{"context":"RouterExplorer","level":"info","message":"Mapped {/api/v1/attribute, GET} route","timestamp":"2026-05-21T09:49:32.380Z"}
{"context":"RouterExplorer","level":"info","message":"Mapped {/api/v1/attribute/:id, GET} route","timestamp":"2026-05-21T09:49:32.381Z"}
{"context":"RouterExplorer","level":"info","message":"Mapped {/api/v1/attribute/:id, PATCH} route","timestamp":"2026-05-21T09:49:32.381Z"}
{"context":"RouterExplorer","level":"info","message":"Mapped {/api/v1/attribute/:id, DELETE} route","timestamp":"2026-05-21T09:49:32.381Z"}
{"context":"RoutesResolver","level":"info","message":"DepartmentsController {/api/v1/departments}:","timestamp":"2026-05-21T09:49:32.381Z"}
{"context":"RouterExplorer","level":"info","message":"Mapped {/api/v1/departments, POST} route","timestamp":"2026-05-21T09:49:32.381Z"}
{"context":"RouterExplorer","level":"info","message":"Mapped {/api/v1/departments, GET} route","timestamp":"2026-05-21T09:49:32.382Z"}
{"context":"RouterExplorer","level":"info","message":"Mapped {/api/v1/departments/:id, GET} route","timestamp":"2026-05-21T09:49:32.382Z"}
{"context":"RouterExplorer","level":"info","message":"Mapped {/api/v1/departments/:id, PATCH} route","timestamp":"2026-05-21T09:49:32.382Z"}
{"context":"RouterExplorer","level":"info","message":"Mapped {/api/v1/departments/:id, DELETE} route","timestamp":"2026-05-21T09:49:32.382Z"}
{"context":"RoutesResolver","level":"info","message":"PortsController {/api/v1/ports}:","timestamp":"2026-05-21T09:49:32.382Z"}
{"context":"RouterExplorer","level":"info","message":"Mapped {/api/v1/ports, POST} route","timestamp":"2026-05-21T09:49:32.382Z"}
{"context":"RouterExplorer","level":"info","message":"Mapped {/api/v1/ports, GET} route","timestamp":"2026-05-21T09:49:32.383Z"}
{"context":"RouterExplorer","level":"info","message":"Mapped {/api/v1/ports/:id, GET} route","timestamp":"2026-05-21T09:49:32.383Z"}
{"context":"RouterExplorer","level":"info","message":"Mapped {/api/v1/ports/:id, PATCH} route","timestamp":"2026-05-21T09:49:32.383Z"}
{"context":"RouterExplorer","level":"info","message":"Mapped {/api/v1/ports/:id, DELETE} route","timestamp":"2026-05-21T09:49:32.383Z"}
{"context":"RoutesResolver","level":"info","message":"FilesController {/api/v1/files}:","timestamp":"2026-05-21T09:49:32.383Z"}
{"context":"RouterExplorer","level":"info","message":"Mapped {/api/v1/files, POST} route","timestamp":"2026-05-21T09:49:32.383Z"}
{"context":"RouterExplorer","level":"info","message":"Mapped {/api/v1/files, GET} route","timestamp":"2026-05-21T09:49:32.384Z"}
{"context":"RouterExplorer","level":"info","message":"Mapped {/api/v1/files/:id, GET} route","timestamp":"2026-05-21T09:49:32.384Z"}
{"context":"RouterExplorer","level":"info","message":"Mapped {/api/v1/files/:id, PATCH} route","timestamp":"2026-05-21T09:49:32.384Z"}
{"context":"RouterExplorer","level":"info","message":"Mapped {/api/v1/files/:id, DELETE} route","timestamp":"2026-05-21T09:49:32.384Z"}
{"context":"PrismaService","level":"info","message":"Kết nối database thành công","timestamp":"2026-05-21T09:49:32.422Z"}
{"context":"NestApplication","level":"info","message":"Nest application successfully started","timestamp":"2026-05-21T09:49:32.427Z"}
{"level":"info","message":"Khởi tạo ứng dụng...","timestamp":"2026-05-21T09:49:34.118Z"}
{"context":"NestFactory","level":"info","message":"Starting Nest application...","timestamp":"2026-05-21T09:49:34.189Z"}
{"context":"InstanceLoader","level":"info","message":"PassportModule dependencies initialized","timestamp":"2026-05-21T09:49:34.198Z"}
{"context":"InstanceLoader","level":"info","message":"ConfigHostModule dependencies initialized","timestamp":"2026-05-21T09:49:34.198Z"}
{"context":"InstanceLoader","level":"info","message":"AppModule dependencies initialized","timestamp":"2026-05-21T09:49:34.198Z"}
{"context":"PrismaService","level":"info","message":"🔌 Prisma Connection String: postgresql://admin:******@localhost:5433/kyc_asset_db?schema=public","timestamp":"2026-05-21T09:49:34.201Z"}
{"context":"InstanceLoader","level":"info","message":"PortsModule dependencies initialized","timestamp":"2026-05-21T09:49:34.201Z"}
{"context":"InstanceLoader","level":"info","message":"FilesModule dependencies initialized","timestamp":"2026-05-21T09:49:34.201Z"}
{"context":"InstanceLoader","level":"info","message":"ConfigModule dependencies initialized","timestamp":"2026-05-21T09:49:34.202Z"}
{"context":"InstanceLoader","level":"info","message":"CommonModule dependencies initialized","timestamp":"2026-05-21T09:49:34.202Z"}
{"context":"InstanceLoader","level":"info","message":"JwtModule dependencies initialized","timestamp":"2026-05-21T09:49:34.202Z"}
{"context":"InstanceLoader","level":"info","message":"PrismaModule dependencies initialized","timestamp":"2026-05-21T09:49:34.203Z"}
{"context":"InstanceLoader","level":"info","message":"WhitelistIpModule dependencies initialized","timestamp":"2026-05-21T09:49:34.204Z"}
{"context":"InstanceLoader","level":"info","message":"AttributeModule dependencies initialized","timestamp":"2026-05-21T09:49:34.204Z"}
{"context":"InstanceLoader","level":"info","message":"DepartmentsModule dependencies initialized","timestamp":"2026-05-21T09:49:34.204Z"}
{"context":"InstanceLoader","level":"info","message":"UsersModule dependencies initialized","timestamp":"2026-05-21T09:49:34.204Z"}
{"context":"InstanceLoader","level":"info","message":"RolesModule dependencies initialized","timestamp":"2026-05-21T09:49:34.204Z"}
{"context":"InstanceLoader","level":"info","message":"PermissionsModule dependencies initialized","timestamp":"2026-05-21T09:49:34.205Z"}
{"context":"InstanceLoader","level":"info","message":"AuthModule dependencies initialized","timestamp":"2026-05-21T09:49:34.205Z"}
{"context":"LegacyRouteConverter","level":"warn","message":"Unsupported route path: \"/api/v1/*\". In previous versions, the symbols ?, *, and + were used to denote optional or repeating path parameters. The latest version of \"path-to-regexp\" now requires the use of named parameters. For example, instead of using a route like /users/* to capture all routes starting with \"/users\", you should use /users/*path. For more details, refer to the migration guide. Attempting to auto-convert...","timestamp":"2026-05-21T09:49:34.228Z"}
{"context":"RoutesResolver","level":"info","message":"AppController {/api/v1/ping}:","timestamp":"2026-05-21T09:49:34.229Z"}
{"context":"RouterExplorer","level":"info","message":"Mapped {/api/v1/ping, GET} route","timestamp":"2026-05-21T09:49:34.230Z"}
{"context":"RoutesResolver","level":"info","message":"UsersController {/api/v1/users}:","timestamp":"2026-05-21T09:49:34.230Z"}
{"context":"RouterExplorer","level":"info","message":"Mapped {/api/v1/users, POST} route","timestamp":"2026-05-21T09:49:34.230Z"}
{"context":"RouterExplorer","level":"info","message":"Mapped {/api/v1/users, GET} route","timestamp":"2026-05-21T09:49:34.231Z"}
{"context":"RouterExplorer","level":"info","message":"Mapped {/api/v1/users/:id, GET} route","timestamp":"2026-05-21T09:49:34.231Z"}
{"context":"RouterExplorer","level":"info","message":"Mapped {/api/v1/users/:id, PATCH} route","timestamp":"2026-05-21T09:49:34.231Z"}
{"context":"RouterExplorer","level":"info","message":"Mapped {/api/v1/users/:id, DELETE} route","timestamp":"2026-05-21T09:49:34.231Z"}
{"context":"RoutesResolver","level":"info","message":"WhitelistIpController {/api/v1/whitelist-ip}:","timestamp":"2026-05-21T09:49:34.231Z"}
{"context":"RouterExplorer","level":"info","message":"Mapped {/api/v1/whitelist-ip, POST} route","timestamp":"2026-05-21T09:49:34.232Z"}
{"context":"RouterExplorer","level":"info","message":"Mapped {/api/v1/whitelist-ip, GET} route","timestamp":"2026-05-21T09:49:34.232Z"}
{"context":"RouterExplorer","level":"info","message":"Mapped {/api/v1/whitelist-ip/:id, GET} route","timestamp":"2026-05-21T09:49:34.232Z"}
{"context":"RouterExplorer","level":"info","message":"Mapped {/api/v1/whitelist-ip/:id, PATCH} route","timestamp":"2026-05-21T09:49:34.233Z"}
{"context":"RouterExplorer","level":"info","message":"Mapped {/api/v1/whitelist-ip/:id, DELETE} route","timestamp":"2026-05-21T09:49:34.233Z"}
{"context":"RoutesResolver","level":"info","message":"RolesController {/api/v1/roles}:","timestamp":"2026-05-21T09:49:34.233Z"}
{"context":"RouterExplorer","level":"info","message":"Mapped {/api/v1/roles, POST} route","timestamp":"2026-05-21T09:49:34.233Z"}
{"context":"RouterExplorer","level":"info","message":"Mapped {/api/v1/roles, GET} route","timestamp":"2026-05-21T09:49:34.233Z"}
{"context":"RouterExplorer","level":"info","message":"Mapped {/api/v1/roles/:id, GET} route","timestamp":"2026-05-21T09:49:34.233Z"}
{"context":"RouterExplorer","level":"info","message":"Mapped {/api/v1/roles/:id, PATCH} route","timestamp":"2026-05-21T09:49:34.233Z"}
{"context":"RouterExplorer","level":"info","message":"Mapped {/api/v1/roles/:id, DELETE} route","timestamp":"2026-05-21T09:49:34.234Z"}
{"context":"RoutesResolver","level":"info","message":"PermissionsController {/api/v1/permissions}:","timestamp":"2026-05-21T09:49:34.234Z"}
{"context":"RouterExplorer","level":"info","message":"Mapped {/api/v1/permissions, POST} route","timestamp":"2026-05-21T09:49:34.234Z"}
{"context":"RouterExplorer","level":"info","message":"Mapped {/api/v1/permissions, GET} route","timestamp":"2026-05-21T09:49:34.234Z"}
{"context":"RouterExplorer","level":"info","message":"Mapped {/api/v1/permissions/:id, PATCH} route","timestamp":"2026-05-21T09:49:34.234Z"}
{"context":"RouterExplorer","level":"info","message":"Mapped {/api/v1/permissions/:id, DELETE} route","timestamp":"2026-05-21T09:49:34.235Z"}
{"context":"RoutesResolver","level":"info","message":"AuthController {/api/v1/auth}:","timestamp":"2026-05-21T09:49:34.235Z"}
{"context":"RouterExplorer","level":"info","message":"Mapped {/api/v1/auth/register, POST} route","timestamp":"2026-05-21T09:49:34.235Z"}
{"context":"RouterExplorer","level":"info","message":"Mapped {/api/v1/auth/login, POST} route","timestamp":"2026-05-21T09:49:34.235Z"}
{"context":"RouterExplorer","level":"info","message":"Mapped {/api/v1/auth/refresh, POST} route","timestamp":"2026-05-21T09:49:34.235Z"}
{"context":"RouterExplorer","level":"info","message":"Mapped {/api/v1/auth/logout, POST} route","timestamp":"2026-05-21T09:49:34.235Z"}
{"context":"RouterExplorer","level":"info","message":"Mapped {/api/v1/auth/me, GET} route","timestamp":"2026-05-21T09:49:34.236Z"}
{"context":"RouterExplorer","level":"info","message":"Mapped {/api/v1/auth/me/password, PATCH} route","timestamp":"2026-05-21T09:49:34.236Z"}
{"context":"RoutesResolver","level":"info","message":"AttributeController {/api/v1/attribute}:","timestamp":"2026-05-21T09:49:34.236Z"}
{"context":"RouterExplorer","level":"info","message":"Mapped {/api/v1/attribute, POST} route","timestamp":"2026-05-21T09:49:34.236Z"}
{"context":"RouterExplorer","level":"info","message":"Mapped {/api/v1/attribute, GET} route","timestamp":"2026-05-21T09:49:34.236Z"}
{"context":"RouterExplorer","level":"info","message":"Mapped {/api/v1/attribute/:id, GET} route","timestamp":"2026-05-21T09:49:34.236Z"}
{"context":"RouterExplorer","level":"info","message":"Mapped {/api/v1/attribute/:id, PATCH} route","timestamp":"2026-05-21T09:49:34.237Z"}
{"context":"RouterExplorer","level":"info","message":"Mapped {/api/v1/attribute/:id, DELETE} route","timestamp":"2026-05-21T09:49:34.237Z"}
{"context":"RoutesResolver","level":"info","message":"DepartmentsController {/api/v1/departments}:","timestamp":"2026-05-21T09:49:34.237Z"}
{"context":"RouterExplorer","level":"info","message":"Mapped {/api/v1/departments, POST} route","timestamp":"2026-05-21T09:49:34.237Z"}
{"context":"RouterExplorer","level":"info","message":"Mapped {/api/v1/departments, GET} route","timestamp":"2026-05-21T09:49:34.237Z"}
{"context":"RouterExplorer","level":"info","message":"Mapped {/api/v1/departments/:id, GET} route","timestamp":"2026-05-21T09:49:34.237Z"}
{"context":"RouterExplorer","level":"info","message":"Mapped {/api/v1/departments/:id, PATCH} route","timestamp":"2026-05-21T09:49:34.237Z"}
{"context":"RouterExplorer","level":"info","message":"Mapped {/api/v1/departments/:id, DELETE} route","timestamp":"2026-05-21T09:49:34.237Z"}
{"context":"RoutesResolver","level":"info","message":"PortsController {/api/v1/ports}:","timestamp":"2026-05-21T09:49:34.238Z"}
{"context":"RouterExplorer","level":"info","message":"Mapped {/api/v1/ports, POST} route","timestamp":"2026-05-21T09:49:34.238Z"}
{"context":"RouterExplorer","level":"info","message":"Mapped {/api/v1/ports, GET} route","timestamp":"2026-05-21T09:49:34.238Z"}
{"context":"RouterExplorer","level":"info","message":"Mapped {/api/v1/ports/:id, GET} route","timestamp":"2026-05-21T09:49:34.238Z"}
{"context":"RouterExplorer","level":"info","message":"Mapped {/api/v1/ports/:id, PATCH} route","timestamp":"2026-05-21T09:49:34.238Z"}
{"context":"RouterExplorer","level":"info","message":"Mapped {/api/v1/ports/:id, DELETE} route","timestamp":"2026-05-21T09:49:34.238Z"}
{"context":"RoutesResolver","level":"info","message":"FilesController {/api/v1/files}:","timestamp":"2026-05-21T09:49:34.238Z"}
{"context":"RouterExplorer","level":"info","message":"Mapped {/api/v1/files, POST} route","timestamp":"2026-05-21T09:49:34.239Z"}
{"context":"RouterExplorer","level":"info","message":"Mapped {/api/v1/files, GET} route","timestamp":"2026-05-21T09:49:34.239Z"}
{"context":"RouterExplorer","level":"info","message":"Mapped {/api/v1/files/:id, GET} route","timestamp":"2026-05-21T09:49:34.239Z"}
{"context":"RouterExplorer","level":"info","message":"Mapped {/api/v1/files/:id, PATCH} route","timestamp":"2026-05-21T09:49:34.239Z"}
{"context":"RouterExplorer","level":"info","message":"Mapped {/api/v1/files/:id, DELETE} route","timestamp":"2026-05-21T09:49:34.240Z"}
{"context":"PrismaService","level":"info","message":"Kết nối database thành công","timestamp":"2026-05-21T09:49:34.277Z"}
{"context":"NestApplication","level":"info","message":"Nest application successfully started","timestamp":"2026-05-21T09:49:34.282Z"}
{"level":"info","message":"Khởi tạo ứng dụng...","timestamp":"2026-05-21T09:50:35.537Z"}
{"context":"NestFactory","level":"info","message":"Starting Nest application...","timestamp":"2026-05-21T09:50:35.610Z"}
{"context":"InstanceLoader","level":"info","message":"PassportModule dependencies initialized","timestamp":"2026-05-21T09:50:35.617Z"}
{"context":"InstanceLoader","level":"info","message":"ConfigHostModule dependencies initialized","timestamp":"2026-05-21T09:50:35.618Z"}
{"context":"InstanceLoader","level":"info","message":"AppModule dependencies initialized","timestamp":"2026-05-21T09:50:35.618Z"}
{"context":"PrismaService","level":"info","message":"🔌 Prisma Connection String: postgresql://admin:******@localhost:5433/kyc_asset_db?schema=public","timestamp":"2026-05-21T09:50:35.621Z"}
{"context":"InstanceLoader","level":"info","message":"PortsModule dependencies initialized","timestamp":"2026-05-21T09:50:35.621Z"}
{"context":"InstanceLoader","level":"info","message":"FilesModule dependencies initialized","timestamp":"2026-05-21T09:50:35.621Z"}
{"context":"InstanceLoader","level":"info","message":"ConfigModule dependencies initialized","timestamp":"2026-05-21T09:50:35.621Z"}
{"context":"InstanceLoader","level":"info","message":"CommonModule dependencies initialized","timestamp":"2026-05-21T09:50:35.622Z"}
{"context":"InstanceLoader","level":"info","message":"JwtModule dependencies initialized","timestamp":"2026-05-21T09:50:35.622Z"}
{"context":"InstanceLoader","level":"info","message":"PrismaModule dependencies initialized","timestamp":"2026-05-21T09:50:35.623Z"}
{"context":"InstanceLoader","level":"info","message":"WhitelistIpModule dependencies initialized","timestamp":"2026-05-21T09:50:35.624Z"}
{"context":"InstanceLoader","level":"info","message":"AttributeModule dependencies initialized","timestamp":"2026-05-21T09:50:35.624Z"}
{"context":"InstanceLoader","level":"info","message":"DepartmentsModule dependencies initialized","timestamp":"2026-05-21T09:50:35.624Z"}
{"context":"InstanceLoader","level":"info","message":"UsersModule dependencies initialized","timestamp":"2026-05-21T09:50:35.625Z"}
{"context":"InstanceLoader","level":"info","message":"RolesModule dependencies initialized","timestamp":"2026-05-21T09:50:35.625Z"}
{"context":"InstanceLoader","level":"info","message":"PermissionsModule dependencies initialized","timestamp":"2026-05-21T09:50:35.625Z"}
{"context":"InstanceLoader","level":"info","message":"AuthModule dependencies initialized","timestamp":"2026-05-21T09:50:35.625Z"}
{"context":"LegacyRouteConverter","level":"warn","message":"Unsupported route path: \"/api/v1/*\". In previous versions, the symbols ?, *, and + were used to denote optional or repeating path parameters. The latest version of \"path-to-regexp\" now requires the use of named parameters. For example, instead of using a route like /users/* to capture all routes starting with \"/users\", you should use /users/*path. For more details, refer to the migration guide. Attempting to auto-convert...","timestamp":"2026-05-21T09:50:35.651Z"}
{"context":"RoutesResolver","level":"info","message":"AppController {/api/v1/ping}:","timestamp":"2026-05-21T09:50:35.652Z"}
{"context":"RouterExplorer","level":"info","message":"Mapped {/api/v1/ping, GET} route","timestamp":"2026-05-21T09:50:35.653Z"}
{"context":"RoutesResolver","level":"info","message":"UsersController {/api/v1/users}:","timestamp":"2026-05-21T09:50:35.653Z"}
{"context":"RouterExplorer","level":"info","message":"Mapped {/api/v1/users, POST} route","timestamp":"2026-05-21T09:50:35.653Z"}
{"context":"RouterExplorer","level":"info","message":"Mapped {/api/v1/users, GET} route","timestamp":"2026-05-21T09:50:35.654Z"}
{"context":"RouterExplorer","level":"info","message":"Mapped {/api/v1/users/:id, GET} route","timestamp":"2026-05-21T09:50:35.654Z"}
{"context":"RouterExplorer","level":"info","message":"Mapped {/api/v1/users/:id, PATCH} route","timestamp":"2026-05-21T09:50:35.654Z"}
{"context":"RouterExplorer","level":"info","message":"Mapped {/api/v1/users/:id, DELETE} route","timestamp":"2026-05-21T09:50:35.654Z"}
{"context":"RoutesResolver","level":"info","message":"WhitelistIpController {/api/v1/whitelist-ip}:","timestamp":"2026-05-21T09:50:35.654Z"}
{"context":"RouterExplorer","level":"info","message":"Mapped {/api/v1/whitelist-ip, POST} route","timestamp":"2026-05-21T09:50:35.655Z"}
{"context":"RouterExplorer","level":"info","message":"Mapped {/api/v1/whitelist-ip, GET} route","timestamp":"2026-05-21T09:50:35.655Z"}
{"context":"RouterExplorer","level":"info","message":"Mapped {/api/v1/whitelist-ip/:id, GET} route","timestamp":"2026-05-21T09:50:35.655Z"}
{"context":"RouterExplorer","level":"info","message":"Mapped {/api/v1/whitelist-ip/:id, PATCH} route","timestamp":"2026-05-21T09:50:35.655Z"}
{"context":"RouterExplorer","level":"info","message":"Mapped {/api/v1/whitelist-ip/:id, DELETE} route","timestamp":"2026-05-21T09:50:35.655Z"}
{"context":"RoutesResolver","level":"info","message":"RolesController {/api/v1/roles}:","timestamp":"2026-05-21T09:50:35.656Z"}
{"context":"RouterExplorer","level":"info","message":"Mapped {/api/v1/roles, POST} route","timestamp":"2026-05-21T09:50:35.656Z"}
{"context":"RouterExplorer","level":"info","message":"Mapped {/api/v1/roles, GET} route","timestamp":"2026-05-21T09:50:35.656Z"}
{"context":"RouterExplorer","level":"info","message":"Mapped {/api/v1/roles/:id, GET} route","timestamp":"2026-05-21T09:50:35.656Z"}
{"context":"RouterExplorer","level":"info","message":"Mapped {/api/v1/roles/:id, PATCH} route","timestamp":"2026-05-21T09:50:35.656Z"}
{"context":"RouterExplorer","level":"info","message":"Mapped {/api/v1/roles/:id, DELETE} route","timestamp":"2026-05-21T09:50:35.657Z"}
{"context":"RoutesResolver","level":"info","message":"PermissionsController {/api/v1/permissions}:","timestamp":"2026-05-21T09:50:35.657Z"}
{"context":"RouterExplorer","level":"info","message":"Mapped {/api/v1/permissions, POST} route","timestamp":"2026-05-21T09:50:35.657Z"}
{"context":"RouterExplorer","level":"info","message":"Mapped {/api/v1/permissions, GET} route","timestamp":"2026-05-21T09:50:35.657Z"}
{"context":"RouterExplorer","level":"info","message":"Mapped {/api/v1/permissions/:id, PATCH} route","timestamp":"2026-05-21T09:50:35.658Z"}
{"context":"RouterExplorer","level":"info","message":"Mapped {/api/v1/permissions/:id, DELETE} route","timestamp":"2026-05-21T09:50:35.658Z"}
{"context":"RoutesResolver","level":"info","message":"AuthController {/api/v1/auth}:","timestamp":"2026-05-21T09:50:35.658Z"}
{"context":"RouterExplorer","level":"info","message":"Mapped {/api/v1/auth/register, POST} route","timestamp":"2026-05-21T09:50:35.658Z"}
{"context":"RouterExplorer","level":"info","message":"Mapped {/api/v1/auth/login, POST} route","timestamp":"2026-05-21T09:50:35.659Z"}
{"context":"RouterExplorer","level":"info","message":"Mapped {/api/v1/auth/refresh, POST} route","timestamp":"2026-05-21T09:50:35.659Z"}
{"context":"RouterExplorer","level":"info","message":"Mapped {/api/v1/auth/logout, POST} route","timestamp":"2026-05-21T09:50:35.659Z"}
{"context":"RouterExplorer","level":"info","message":"Mapped {/api/v1/auth/me, GET} route","timestamp":"2026-05-21T09:50:35.660Z"}
{"context":"RouterExplorer","level":"info","message":"Mapped {/api/v1/auth/me/password, PATCH} route","timestamp":"2026-05-21T09:50:35.660Z"}
{"context":"RoutesResolver","level":"info","message":"AttributeController {/api/v1/attribute}:","timestamp":"2026-05-21T09:50:35.660Z"}
{"context":"RouterExplorer","level":"info","message":"Mapped {/api/v1/attribute, POST} route","timestamp":"2026-05-21T09:50:35.660Z"}
{"context":"RouterExplorer","level":"info","message":"Mapped {/api/v1/attribute, GET} route","timestamp":"2026-05-21T09:50:35.661Z"}
{"context":"RouterExplorer","level":"info","message":"Mapped {/api/v1/attribute/:id, GET} route","timestamp":"2026-05-21T09:50:35.661Z"}
{"context":"RouterExplorer","level":"info","message":"Mapped {/api/v1/attribute/:id, PATCH} route","timestamp":"2026-05-21T09:50:35.661Z"}
{"context":"RouterExplorer","level":"info","message":"Mapped {/api/v1/attribute/:id, DELETE} route","timestamp":"2026-05-21T09:50:35.661Z"}
{"context":"RoutesResolver","level":"info","message":"DepartmentsController {/api/v1/departments}:","timestamp":"2026-05-21T09:50:35.662Z"}
{"context":"RouterExplorer","level":"info","message":"Mapped {/api/v1/departments, POST} route","timestamp":"2026-05-21T09:50:35.662Z"}
{"context":"RouterExplorer","level":"info","message":"Mapped {/api/v1/departments, GET} route","timestamp":"2026-05-21T09:50:35.662Z"}
{"context":"RouterExplorer","level":"info","message":"Mapped {/api/v1/departments/:id, GET} route","timestamp":"2026-05-21T09:50:35.662Z"}
{"context":"RouterExplorer","level":"info","message":"Mapped {/api/v1/departments/:id, PATCH} route","timestamp":"2026-05-21T09:50:35.662Z"}
{"context":"RouterExplorer","level":"info","message":"Mapped {/api/v1/departments/:id, DELETE} route","timestamp":"2026-05-21T09:50:35.663Z"}
{"context":"RoutesResolver","level":"info","message":"PortsController {/api/v1/ports}:","timestamp":"2026-05-21T09:50:35.663Z"}
{"context":"RouterExplorer","level":"info","message":"Mapped {/api/v1/ports, POST} route","timestamp":"2026-05-21T09:50:35.663Z"}
{"context":"RouterExplorer","level":"info","message":"Mapped {/api/v1/ports, GET} route","timestamp":"2026-05-21T09:50:35.663Z"}
{"context":"RouterExplorer","level":"info","message":"Mapped {/api/v1/ports/:id, GET} route","timestamp":"2026-05-21T09:50:35.663Z"}
{"context":"RouterExplorer","level":"info","message":"Mapped {/api/v1/ports/:id, PATCH} route","timestamp":"2026-05-21T09:50:35.663Z"}
{"context":"RouterExplorer","level":"info","message":"Mapped {/api/v1/ports/:id, DELETE} route","timestamp":"2026-05-21T09:50:35.664Z"}
{"context":"RoutesResolver","level":"info","message":"FilesController {/api/v1/files}:","timestamp":"2026-05-21T09:50:35.664Z"}
{"context":"RouterExplorer","level":"info","message":"Mapped {/api/v1/files, POST} route","timestamp":"2026-05-21T09:50:35.664Z"}
{"context":"RouterExplorer","level":"info","message":"Mapped {/api/v1/files, GET} route","timestamp":"2026-05-21T09:50:35.664Z"}
{"context":"RouterExplorer","level":"info","message":"Mapped {/api/v1/files/:id, GET} route","timestamp":"2026-05-21T09:50:35.664Z"}
{"context":"RouterExplorer","level":"info","message":"Mapped {/api/v1/files/:id, PATCH} route","timestamp":"2026-05-21T09:50:35.665Z"}
{"context":"RouterExplorer","level":"info","message":"Mapped {/api/v1/files/:id, DELETE} route","timestamp":"2026-05-21T09:50:35.665Z"}
{"context":"PrismaService","level":"info","message":"Kết nối database thành công","timestamp":"2026-05-21T09:50:35.704Z"}
{"context":"NestApplication","level":"info","message":"Nest application successfully started","timestamp":"2026-05-21T09:50:35.709Z"}
{"level":"info","message":"Khởi tạo ứng dụng...","timestamp":"2026-05-21T09:51:40.202Z"}
{"context":"NestFactory","level":"info","message":"Starting Nest application...","timestamp":"2026-05-21T09:51:40.279Z"}
{"context":"InstanceLoader","level":"info","message":"PassportModule dependencies initialized","timestamp":"2026-05-21T09:51:40.286Z"}
{"context":"InstanceLoader","level":"info","message":"ConfigHostModule dependencies initialized","timestamp":"2026-05-21T09:51:40.287Z"}
{"context":"InstanceLoader","level":"info","message":"AppModule dependencies initialized","timestamp":"2026-05-21T09:51:40.287Z"}
{"context":"InstanceLoader","level":"info","message":"DiscoveryModule dependencies initialized","timestamp":"2026-05-21T09:51:40.287Z"}
{"context":"PrismaService","level":"info","message":"🔌 Prisma Connection String: postgresql://admin:******@localhost:5433/kyc_asset_db?schema=public","timestamp":"2026-05-21T09:51:40.289Z"}
{"context":"InstanceLoader","level":"info","message":"PortsModule dependencies initialized","timestamp":"2026-05-21T09:51:40.290Z"}
{"context":"InstanceLoader","level":"info","message":"FilesModule dependencies initialized","timestamp":"2026-05-21T09:51:40.290Z"}
{"context":"InstanceLoader","level":"info","message":"ConfigModule dependencies initialized","timestamp":"2026-05-21T09:51:40.290Z"}
{"context":"InstanceLoader","level":"info","message":"EventEmitterModule dependencies initialized","timestamp":"2026-05-21T09:51:40.290Z"}
{"context":"InstanceLoader","level":"info","message":"CommonModule dependencies initialized","timestamp":"2026-05-21T09:51:40.290Z"}
{"context":"InstanceLoader","level":"info","message":"JwtModule dependencies initialized","timestamp":"2026-05-21T09:51:40.291Z"}
{"context":"InstanceLoader","level":"info","message":"PrismaModule dependencies initialized","timestamp":"2026-05-21T09:51:40.291Z"}
{"context":"InstanceLoader","level":"info","message":"OutboxModule dependencies initialized","timestamp":"2026-05-21T09:51:40.291Z"}
{"context":"InstanceLoader","level":"info","message":"WhitelistIpModule dependencies initialized","timestamp":"2026-05-21T09:51:40.293Z"}
{"context":"InstanceLoader","level":"info","message":"AttributeModule dependencies initialized","timestamp":"2026-05-21T09:51:40.293Z"}
{"context":"InstanceLoader","level":"info","message":"DepartmentsModule dependencies initialized","timestamp":"2026-05-21T09:51:40.293Z"}
{"context":"InstanceLoader","level":"info","message":"UsersModule dependencies initialized","timestamp":"2026-05-21T09:51:40.293Z"}
{"context":"InstanceLoader","level":"info","message":"RolesModule dependencies initialized","timestamp":"2026-05-21T09:51:40.294Z"}
{"context":"InstanceLoader","level":"info","message":"PermissionsModule dependencies initialized","timestamp":"2026-05-21T09:51:40.294Z"}
{"context":"InstanceLoader","level":"info","message":"AuthModule dependencies initialized","timestamp":"2026-05-21T09:51:40.294Z"}
{"context":"LegacyRouteConverter","level":"warn","message":"Unsupported route path: \"/api/v1/*\". In previous versions, the symbols ?, *, and + were used to denote optional or repeating path parameters. The latest version of \"path-to-regexp\" now requires the use of named parameters. For example, instead of using a route like /users/* to capture all routes starting with \"/users\", you should use /users/*path. For more details, refer to the migration guide. Attempting to auto-convert...","timestamp":"2026-05-21T09:51:40.320Z"}
{"context":"RoutesResolver","level":"info","message":"AppController {/api/v1/ping}:","timestamp":"2026-05-21T09:51:40.321Z"}
{"context":"RouterExplorer","level":"info","message":"Mapped {/api/v1/ping, GET} route","timestamp":"2026-05-21T09:51:40.322Z"}
{"context":"RoutesResolver","level":"info","message":"UsersController {/api/v1/users}:","timestamp":"2026-05-21T09:51:40.322Z"}
{"context":"RouterExplorer","level":"info","message":"Mapped {/api/v1/users, POST} route","timestamp":"2026-05-21T09:51:40.322Z"}
{"context":"RouterExplorer","level":"info","message":"Mapped {/api/v1/users, GET} route","timestamp":"2026-05-21T09:51:40.323Z"}
{"context":"RouterExplorer","level":"info","message":"Mapped {/api/v1/users/:id, GET} route","timestamp":"2026-05-21T09:51:40.323Z"}
{"context":"RouterExplorer","level":"info","message":"Mapped {/api/v1/users/:id, PATCH} route","timestamp":"2026-05-21T09:51:40.323Z"}
{"context":"RouterExplorer","level":"info","message":"Mapped {/api/v1/users/:id, DELETE} route","timestamp":"2026-05-21T09:51:40.324Z"}
{"context":"RoutesResolver","level":"info","message":"WhitelistIpController {/api/v1/whitelist-ip}:","timestamp":"2026-05-21T09:51:40.324Z"}
{"context":"RouterExplorer","level":"info","message":"Mapped {/api/v1/whitelist-ip, POST} route","timestamp":"2026-05-21T09:51:40.324Z"}
{"context":"RouterExplorer","level":"info","message":"Mapped {/api/v1/whitelist-ip, GET} route","timestamp":"2026-05-21T09:51:40.324Z"}
{"context":"RouterExplorer","level":"info","message":"Mapped {/api/v1/whitelist-ip/:id, GET} route","timestamp":"2026-05-21T09:51:40.325Z"}
{"context":"RouterExplorer","level":"info","message":"Mapped {/api/v1/whitelist-ip/:id, PATCH} route","timestamp":"2026-05-21T09:51:40.325Z"}
{"context":"RouterExplorer","level":"info","message":"Mapped {/api/v1/whitelist-ip/:id, DELETE} route","timestamp":"2026-05-21T09:51:40.325Z"}
{"context":"RoutesResolver","level":"info","message":"RolesController {/api/v1/roles}:","timestamp":"2026-05-21T09:51:40.325Z"}
{"context":"RouterExplorer","level":"info","message":"Mapped {/api/v1/roles, POST} route","timestamp":"2026-05-21T09:51:40.326Z"}
{"context":"RouterExplorer","level":"info","message":"Mapped {/api/v1/roles, GET} route","timestamp":"2026-05-21T09:51:40.326Z"}
{"context":"RouterExplorer","level":"info","message":"Mapped {/api/v1/roles/:id, GET} route","timestamp":"2026-05-21T09:51:40.326Z"}
{"context":"RouterExplorer","level":"info","message":"Mapped {/api/v1/roles/:id, PATCH} route","timestamp":"2026-05-21T09:51:40.327Z"}
{"context":"RouterExplorer","level":"info","message":"Mapped {/api/v1/roles/:id, DELETE} route","timestamp":"2026-05-21T09:51:40.327Z"}
{"context":"RoutesResolver","level":"info","message":"PermissionsController {/api/v1/permissions}:","timestamp":"2026-05-21T09:51:40.327Z"}
{"context":"RouterExplorer","level":"info","message":"Mapped {/api/v1/permissions, POST} route","timestamp":"2026-05-21T09:51:40.327Z"}
{"context":"RouterExplorer","level":"info","message":"Mapped {/api/v1/permissions, GET} route","timestamp":"2026-05-21T09:51:40.327Z"}
{"context":"RouterExplorer","level":"info","message":"Mapped {/api/v1/permissions/:id, PATCH} route","timestamp":"2026-05-21T09:51:40.328Z"}
{"context":"RouterExplorer","level":"info","message":"Mapped {/api/v1/permissions/:id, DELETE} route","timestamp":"2026-05-21T09:51:40.328Z"}
{"context":"RoutesResolver","level":"info","message":"AuthController {/api/v1/auth}:","timestamp":"2026-05-21T09:51:40.328Z"}
{"context":"RouterExplorer","level":"info","message":"Mapped {/api/v1/auth/register, POST} route","timestamp":"2026-05-21T09:51:40.328Z"}
{"context":"RouterExplorer","level":"info","message":"Mapped {/api/v1/auth/login, POST} route","timestamp":"2026-05-21T09:51:40.329Z"}
{"context":"RouterExplorer","level":"info","message":"Mapped {/api/v1/auth/refresh, POST} route","timestamp":"2026-05-21T09:51:40.329Z"}
{"context":"RouterExplorer","level":"info","message":"Mapped {/api/v1/auth/logout, POST} route","timestamp":"2026-05-21T09:51:40.329Z"}
{"context":"RouterExplorer","level":"info","message":"Mapped {/api/v1/auth/me, GET} route","timestamp":"2026-05-21T09:51:40.329Z"}
{"context":"RouterExplorer","level":"info","message":"Mapped {/api/v1/auth/me/password, PATCH} route","timestamp":"2026-05-21T09:51:40.330Z"}
{"context":"RoutesResolver","level":"info","message":"AttributeController {/api/v1/attribute}:","timestamp":"2026-05-21T09:51:40.330Z"}
{"context":"RouterExplorer","level":"info","message":"Mapped {/api/v1/attribute, POST} route","timestamp":"2026-05-21T09:51:40.330Z"}
{"context":"RouterExplorer","level":"info","message":"Mapped {/api/v1/attribute, GET} route","timestamp":"2026-05-21T09:51:40.331Z"}
{"context":"RouterExplorer","level":"info","message":"Mapped {/api/v1/attribute/:id, GET} route","timestamp":"2026-05-21T09:51:40.331Z"}
{"context":"RouterExplorer","level":"info","message":"Mapped {/api/v1/attribute/:id, PATCH} route","timestamp":"2026-05-21T09:51:40.331Z"}
{"context":"RouterExplorer","level":"info","message":"Mapped {/api/v1/attribute/:id, DELETE} route","timestamp":"2026-05-21T09:51:40.331Z"}
{"context":"RoutesResolver","level":"info","message":"DepartmentsController {/api/v1/departments}:","timestamp":"2026-05-21T09:51:40.331Z"}
{"context":"RouterExplorer","level":"info","message":"Mapped {/api/v1/departments, POST} route","timestamp":"2026-05-21T09:51:40.332Z"}
{"context":"RouterExplorer","level":"info","message":"Mapped {/api/v1/departments, GET} route","timestamp":"2026-05-21T09:51:40.332Z"}
{"context":"RouterExplorer","level":"info","message":"Mapped {/api/v1/departments/:id, GET} route","timestamp":"2026-05-21T09:51:40.332Z"}
{"context":"RouterExplorer","level":"info","message":"Mapped {/api/v1/departments/:id, PATCH} route","timestamp":"2026-05-21T09:51:40.332Z"}
{"context":"RouterExplorer","level":"info","message":"Mapped {/api/v1/departments/:id, DELETE} route","timestamp":"2026-05-21T09:51:40.332Z"}
{"context":"RoutesResolver","level":"info","message":"PortsController {/api/v1/ports}:","timestamp":"2026-05-21T09:51:40.333Z"}
{"context":"RouterExplorer","level":"info","message":"Mapped {/api/v1/ports, POST} route","timestamp":"2026-05-21T09:51:40.333Z"}
{"context":"RouterExplorer","level":"info","message":"Mapped {/api/v1/ports, GET} route","timestamp":"2026-05-21T09:51:40.333Z"}
{"context":"RouterExplorer","level":"info","message":"Mapped {/api/v1/ports/:id, GET} route","timestamp":"2026-05-21T09:51:40.333Z"}
{"context":"RouterExplorer","level":"info","message":"Mapped {/api/v1/ports/:id, PATCH} route","timestamp":"2026-05-21T09:51:40.333Z"}
{"context":"RouterExplorer","level":"info","message":"Mapped {/api/v1/ports/:id, DELETE} route","timestamp":"2026-05-21T09:51:40.334Z"}
{"context":"RoutesResolver","level":"info","message":"FilesController {/api/v1/files}:","timestamp":"2026-05-21T09:51:40.334Z"}
{"context":"RouterExplorer","level":"info","message":"Mapped {/api/v1/files, POST} route","timestamp":"2026-05-21T09:51:40.334Z"}
{"context":"RouterExplorer","level":"info","message":"Mapped {/api/v1/files, GET} route","timestamp":"2026-05-21T09:51:40.334Z"}
{"context":"RouterExplorer","level":"info","message":"Mapped {/api/v1/files/:id, GET} route","timestamp":"2026-05-21T09:51:40.334Z"}
{"context":"RouterExplorer","level":"info","message":"Mapped {/api/v1/files/:id, PATCH} route","timestamp":"2026-05-21T09:51:40.335Z"}
{"context":"RouterExplorer","level":"info","message":"Mapped {/api/v1/files/:id, DELETE} route","timestamp":"2026-05-21T09:51:40.335Z"}
{"context":"PrismaService","level":"info","message":"Kết nối database thành công","timestamp":"2026-05-21T09:51:40.383Z"}
{"context":"GlobalPollingOutboxWorker","level":"info","message":"🚀 [GlobalWorker] Polling Worker đã kích hoạt (1s/lần)...","timestamp":"2026-05-21T09:51:40.383Z"}
{"context":"NestApplication","level":"info","message":"Nest application successfully started","timestamp":"2026-05-21T09:51:40.390Z"}
{"level":"info","message":"Khởi tạo ứng dụng...","timestamp":"2026-05-21T09:53:52.023Z"}
{"context":"NestFactory","level":"info","message":"Starting Nest application...","timestamp":"2026-05-21T09:53:52.093Z"}
{"context":"InstanceLoader","level":"info","message":"PassportModule dependencies initialized","timestamp":"2026-05-21T09:53:52.100Z"}
{"context":"InstanceLoader","level":"info","message":"ConfigHostModule dependencies initialized","timestamp":"2026-05-21T09:53:52.101Z"}
{"context":"InstanceLoader","level":"info","message":"AppModule dependencies initialized","timestamp":"2026-05-21T09:53:52.101Z"}
{"context":"InstanceLoader","level":"info","message":"DiscoveryModule dependencies initialized","timestamp":"2026-05-21T09:53:52.101Z"}
{"context":"PrismaService","level":"info","message":"🔌 Prisma Connection String: postgresql://admin:******@localhost:5433/kyc_asset_db?schema=public","timestamp":"2026-05-21T09:53:52.104Z"}
{"context":"InstanceLoader","level":"info","message":"PortsModule dependencies initialized","timestamp":"2026-05-21T09:53:52.104Z"}
{"context":"InstanceLoader","level":"info","message":"FilesModule dependencies initialized","timestamp":"2026-05-21T09:53:52.104Z"}
{"context":"InstanceLoader","level":"info","message":"ConfigModule dependencies initialized","timestamp":"2026-05-21T09:53:52.104Z"}
{"context":"InstanceLoader","level":"info","message":"EventEmitterModule dependencies initialized","timestamp":"2026-05-21T09:53:52.105Z"}
{"context":"InstanceLoader","level":"info","message":"CommonModule dependencies initialized","timestamp":"2026-05-21T09:53:52.105Z"}
{"context":"InstanceLoader","level":"info","message":"JwtModule dependencies initialized","timestamp":"2026-05-21T09:53:52.105Z"}
{"context":"InstanceLoader","level":"info","message":"PrismaModule dependencies initialized","timestamp":"2026-05-21T09:53:52.106Z"}
{"context":"InstanceLoader","level":"info","message":"OutboxModule dependencies initialized","timestamp":"2026-05-21T09:53:52.106Z"}
{"context":"InstanceLoader","level":"info","message":"WhitelistIpModule dependencies initialized","timestamp":"2026-05-21T09:53:52.107Z"}
{"context":"InstanceLoader","level":"info","message":"AttributeModule dependencies initialized","timestamp":"2026-05-21T09:53:52.107Z"}
{"context":"InstanceLoader","level":"info","message":"DepartmentsModule dependencies initialized","timestamp":"2026-05-21T09:53:52.107Z"}
{"context":"InstanceLoader","level":"info","message":"UsersModule dependencies initialized","timestamp":"2026-05-21T09:53:52.107Z"}
{"context":"InstanceLoader","level":"info","message":"RolesModule dependencies initialized","timestamp":"2026-05-21T09:53:52.107Z"}
{"context":"InstanceLoader","level":"info","message":"PermissionsModule dependencies initialized","timestamp":"2026-05-21T09:53:52.107Z"}
{"context":"InstanceLoader","level":"info","message":"AuthModule dependencies initialized","timestamp":"2026-05-21T09:53:52.107Z"}
{"context":"LegacyRouteConverter","level":"warn","message":"Unsupported route path: \"/api/v1/*\". In previous versions, the symbols ?, *, and + were used to denote optional or repeating path parameters. The latest version of \"path-to-regexp\" now requires the use of named parameters. For example, instead of using a route like /users/* to capture all routes starting with \"/users\", you should use /users/*path. For more details, refer to the migration guide. Attempting to auto-convert...","timestamp":"2026-05-21T09:53:52.132Z"}
{"context":"RoutesResolver","level":"info","message":"AppController {/api/v1/ping}:","timestamp":"2026-05-21T09:53:52.132Z"}
{"context":"RouterExplorer","level":"info","message":"Mapped {/api/v1/ping, GET} route","timestamp":"2026-05-21T09:53:52.133Z"}
{"context":"RoutesResolver","level":"info","message":"UsersController {/api/v1/users}:","timestamp":"2026-05-21T09:53:52.134Z"}
{"context":"RouterExplorer","level":"info","message":"Mapped {/api/v1/users, POST} route","timestamp":"2026-05-21T09:53:52.134Z"}
{"context":"RouterExplorer","level":"info","message":"Mapped {/api/v1/users, GET} route","timestamp":"2026-05-21T09:53:52.134Z"}
{"context":"RouterExplorer","level":"info","message":"Mapped {/api/v1/users/:id, GET} route","timestamp":"2026-05-21T09:53:52.134Z"}
{"context":"RouterExplorer","level":"info","message":"Mapped {/api/v1/users/:id, PATCH} route","timestamp":"2026-05-21T09:53:52.135Z"}
{"context":"RouterExplorer","level":"info","message":"Mapped {/api/v1/users/:id, DELETE} route","timestamp":"2026-05-21T09:53:52.135Z"}
{"context":"RoutesResolver","level":"info","message":"WhitelistIpController {/api/v1/whitelist-ip}:","timestamp":"2026-05-21T09:53:52.135Z"}
{"context":"RouterExplorer","level":"info","message":"Mapped {/api/v1/whitelist-ip, POST} route","timestamp":"2026-05-21T09:53:52.135Z"}
{"context":"RouterExplorer","level":"info","message":"Mapped {/api/v1/whitelist-ip, GET} route","timestamp":"2026-05-21T09:53:52.135Z"}
{"context":"RouterExplorer","level":"info","message":"Mapped {/api/v1/whitelist-ip/:id, GET} route","timestamp":"2026-05-21T09:53:52.135Z"}
{"context":"RouterExplorer","level":"info","message":"Mapped {/api/v1/whitelist-ip/:id, PATCH} route","timestamp":"2026-05-21T09:53:52.136Z"}
{"context":"RouterExplorer","level":"info","message":"Mapped {/api/v1/whitelist-ip/:id, DELETE} route","timestamp":"2026-05-21T09:53:52.136Z"}
{"context":"RoutesResolver","level":"info","message":"RolesController {/api/v1/roles}:","timestamp":"2026-05-21T09:53:52.136Z"}
{"context":"RouterExplorer","level":"info","message":"Mapped {/api/v1/roles, POST} route","timestamp":"2026-05-21T09:53:52.136Z"}
{"context":"RouterExplorer","level":"info","message":"Mapped {/api/v1/roles, GET} route","timestamp":"2026-05-21T09:53:52.136Z"}
{"context":"RouterExplorer","level":"info","message":"Mapped {/api/v1/roles/:id, GET} route","timestamp":"2026-05-21T09:53:52.137Z"}
{"context":"RouterExplorer","level":"info","message":"Mapped {/api/v1/roles/:id, PATCH} route","timestamp":"2026-05-21T09:53:52.137Z"}
{"context":"RouterExplorer","level":"info","message":"Mapped {/api/v1/roles/:id, DELETE} route","timestamp":"2026-05-21T09:53:52.137Z"}
{"context":"RoutesResolver","level":"info","message":"PermissionsController {/api/v1/permissions}:","timestamp":"2026-05-21T09:53:52.137Z"}
{"context":"RouterExplorer","level":"info","message":"Mapped {/api/v1/permissions, POST} route","timestamp":"2026-05-21T09:53:52.137Z"}
{"context":"RouterExplorer","level":"info","message":"Mapped {/api/v1/permissions, GET} route","timestamp":"2026-05-21T09:53:52.138Z"}
{"context":"RouterExplorer","level":"info","message":"Mapped {/api/v1/permissions/:id, PATCH} route","timestamp":"2026-05-21T09:53:52.138Z"}
{"context":"RouterExplorer","level":"info","message":"Mapped {/api/v1/permissions/:id, DELETE} route","timestamp":"2026-05-21T09:53:52.138Z"}
{"context":"RoutesResolver","level":"info","message":"AuthController {/api/v1/auth}:","timestamp":"2026-05-21T09:53:52.138Z"}
{"context":"RouterExplorer","level":"info","message":"Mapped {/api/v1/auth/register, POST} route","timestamp":"2026-05-21T09:53:52.138Z"}
{"context":"RouterExplorer","level":"info","message":"Mapped {/api/v1/auth/login, POST} route","timestamp":"2026-05-21T09:53:52.138Z"}
{"context":"RouterExplorer","level":"info","message":"Mapped {/api/v1/auth/refresh, POST} route","timestamp":"2026-05-21T09:53:52.138Z"}
{"context":"RouterExplorer","level":"info","message":"Mapped {/api/v1/auth/logout, POST} route","timestamp":"2026-05-21T09:53:52.139Z"}
{"context":"RouterExplorer","level":"info","message":"Mapped {/api/v1/auth/me, GET} route","timestamp":"2026-05-21T09:53:52.139Z"}
{"context":"RouterExplorer","level":"info","message":"Mapped {/api/v1/auth/me/password, PATCH} route","timestamp":"2026-05-21T09:53:52.139Z"}
{"context":"RoutesResolver","level":"info","message":"AttributeController {/api/v1/attribute}:","timestamp":"2026-05-21T09:53:52.139Z"}
{"context":"RouterExplorer","level":"info","message":"Mapped {/api/v1/attribute, POST} route","timestamp":"2026-05-21T09:53:52.139Z"}
{"context":"RouterExplorer","level":"info","message":"Mapped {/api/v1/attribute, GET} route","timestamp":"2026-05-21T09:53:52.139Z"}
{"context":"RouterExplorer","level":"info","message":"Mapped {/api/v1/attribute/:id, GET} route","timestamp":"2026-05-21T09:53:52.140Z"}
{"context":"RouterExplorer","level":"info","message":"Mapped {/api/v1/attribute/:id, PATCH} route","timestamp":"2026-05-21T09:53:52.140Z"}
{"context":"RouterExplorer","level":"info","message":"Mapped {/api/v1/attribute/:id, DELETE} route","timestamp":"2026-05-21T09:53:52.140Z"}
{"context":"RoutesResolver","level":"info","message":"DepartmentsController {/api/v1/departments}:","timestamp":"2026-05-21T09:53:52.140Z"}
{"context":"RouterExplorer","level":"info","message":"Mapped {/api/v1/departments, POST} route","timestamp":"2026-05-21T09:53:52.140Z"}
{"context":"RouterExplorer","level":"info","message":"Mapped {/api/v1/departments, GET} route","timestamp":"2026-05-21T09:53:52.140Z"}
{"context":"RouterExplorer","level":"info","message":"Mapped {/api/v1/departments/:id, GET} route","timestamp":"2026-05-21T09:53:52.141Z"}
{"context":"RouterExplorer","level":"info","message":"Mapped {/api/v1/departments/:id, PATCH} route","timestamp":"2026-05-21T09:53:52.141Z"}
{"context":"RouterExplorer","level":"info","message":"Mapped {/api/v1/departments/:id, DELETE} route","timestamp":"2026-05-21T09:53:52.141Z"}
{"context":"RoutesResolver","level":"info","message":"PortsController {/api/v1/ports}:","timestamp":"2026-05-21T09:53:52.141Z"}
{"context":"RouterExplorer","level":"info","message":"Mapped {/api/v1/ports, POST} route","timestamp":"2026-05-21T09:53:52.141Z"}
{"context":"RouterExplorer","level":"info","message":"Mapped {/api/v1/ports, GET} route","timestamp":"2026-05-21T09:53:52.141Z"}
{"context":"RouterExplorer","level":"info","message":"Mapped {/api/v1/ports/:id, GET} route","timestamp":"2026-05-21T09:53:52.142Z"}
{"context":"RouterExplorer","level":"info","message":"Mapped {/api/v1/ports/:id, PATCH} route","timestamp":"2026-05-21T09:53:52.142Z"}
{"context":"RouterExplorer","level":"info","message":"Mapped {/api/v1/ports/:id, DELETE} route","timestamp":"2026-05-21T09:53:52.142Z"}
{"context":"RoutesResolver","level":"info","message":"FilesController {/api/v1/files}:","timestamp":"2026-05-21T09:53:52.143Z"}
{"context":"RouterExplorer","level":"info","message":"Mapped {/api/v1/files, POST} route","timestamp":"2026-05-21T09:53:52.143Z"}
{"context":"RouterExplorer","level":"info","message":"Mapped {/api/v1/files, GET} route","timestamp":"2026-05-21T09:53:52.143Z"}
{"context":"RouterExplorer","level":"info","message":"Mapped {/api/v1/files/:id, GET} route","timestamp":"2026-05-21T09:53:52.143Z"}
{"context":"RouterExplorer","level":"info","message":"Mapped {/api/v1/files/:id, PATCH} route","timestamp":"2026-05-21T09:53:52.143Z"}
{"context":"RouterExplorer","level":"info","message":"Mapped {/api/v1/files/:id, DELETE} route","timestamp":"2026-05-21T09:53:52.143Z"}
{"context":"PrismaService","level":"info","message":"Kết nối database thành công","timestamp":"2026-05-21T09:53:52.182Z"}
{"context":"GlobalPollingOutboxWorker","level":"info","message":"🚀 [GlobalWorker] Polling Worker đã kích hoạt (1s/lần)...","timestamp":"2026-05-21T09:53:52.182Z"}
{"context":"NestApplication","level":"info","message":"Nest application successfully started","timestamp":"2026-05-21T09:53:52.187Z"}
{"level":"info","message":"Khởi tạo ứng dụng...","timestamp":"2026-05-21T10:03:22.289Z"}
{"context":"NestFactory","level":"info","message":"Starting Nest application...","timestamp":"2026-05-21T10:03:22.359Z"}
{"context":"InstanceLoader","level":"info","message":"PassportModule dependencies initialized","timestamp":"2026-05-21T10:03:22.367Z"}
{"context":"InstanceLoader","level":"info","message":"ConfigHostModule dependencies initialized","timestamp":"2026-05-21T10:03:22.368Z"}
{"context":"InstanceLoader","level":"info","message":"AppModule dependencies initialized","timestamp":"2026-05-21T10:03:22.368Z"}
{"context":"InstanceLoader","level":"info","message":"DiscoveryModule dependencies initialized","timestamp":"2026-05-21T10:03:22.368Z"}
{"context":"PrismaService","level":"info","message":"🔌 Prisma Connection String: postgresql://admin:******@localhost:5433/kyc_asset_db?schema=public","timestamp":"2026-05-21T10:03:22.370Z"}
{"context":"InstanceLoader","level":"info","message":"PortsModule dependencies initialized","timestamp":"2026-05-21T10:03:22.371Z"}
{"context":"InstanceLoader","level":"info","message":"FilesModule dependencies initialized","timestamp":"2026-05-21T10:03:22.371Z"}
{"context":"InstanceLoader","level":"info","message":"ConfigModule dependencies initialized","timestamp":"2026-05-21T10:03:22.371Z"}
{"context":"InstanceLoader","level":"info","message":"EventEmitterModule dependencies initialized","timestamp":"2026-05-21T10:03:22.371Z"}
{"context":"InstanceLoader","level":"info","message":"CommonModule dependencies initialized","timestamp":"2026-05-21T10:03:22.371Z"}
{"context":"InstanceLoader","level":"info","message":"JwtModule dependencies initialized","timestamp":"2026-05-21T10:03:22.372Z"}
{"context":"InstanceLoader","level":"info","message":"PrismaModule dependencies initialized","timestamp":"2026-05-21T10:03:22.372Z"}
{"context":"InstanceLoader","level":"info","message":"OutboxModule dependencies initialized","timestamp":"2026-05-21T10:03:22.372Z"}
{"context":"InstanceLoader","level":"info","message":"WhitelistIpModule dependencies initialized","timestamp":"2026-05-21T10:03:22.373Z"}
{"context":"InstanceLoader","level":"info","message":"AttributeModule dependencies initialized","timestamp":"2026-05-21T10:03:22.373Z"}
{"context":"InstanceLoader","level":"info","message":"DepartmentsModule dependencies initialized","timestamp":"2026-05-21T10:03:22.374Z"}
{"context":"InstanceLoader","level":"info","message":"UsersModule dependencies initialized","timestamp":"2026-05-21T10:03:22.374Z"}
{"context":"InstanceLoader","level":"info","message":"RolesModule dependencies initialized","timestamp":"2026-05-21T10:03:22.374Z"}
{"context":"InstanceLoader","level":"info","message":"PermissionsModule dependencies initialized","timestamp":"2026-05-21T10:03:22.374Z"}
{"context":"InstanceLoader","level":"info","message":"AuthModule dependencies initialized","timestamp":"2026-05-21T10:03:22.374Z"}
{"context":"LegacyRouteConverter","level":"warn","message":"Unsupported route path: \"/api/v1/*\". In previous versions, the symbols ?, *, and + were used to denote optional or repeating path parameters. The latest version of \"path-to-regexp\" now requires the use of named parameters. For example, instead of using a route like /users/* to capture all routes starting with \"/users\", you should use /users/*path. For more details, refer to the migration guide. Attempting to auto-convert...","timestamp":"2026-05-21T10:03:22.400Z"}
{"context":"RoutesResolver","level":"info","message":"AppController {/api/v1/ping}:","timestamp":"2026-05-21T10:03:22.400Z"}
{"context":"RouterExplorer","level":"info","message":"Mapped {/api/v1/ping, GET} route","timestamp":"2026-05-21T10:03:22.401Z"}
{"context":"RoutesResolver","level":"info","message":"UsersController {/api/v1/users}:","timestamp":"2026-05-21T10:03:22.401Z"}
{"context":"RouterExplorer","level":"info","message":"Mapped {/api/v1/users, POST} route","timestamp":"2026-05-21T10:03:22.402Z"}
{"context":"RouterExplorer","level":"info","message":"Mapped {/api/v1/users, GET} route","timestamp":"2026-05-21T10:03:22.402Z"}
{"context":"RouterExplorer","level":"info","message":"Mapped {/api/v1/users/:id, GET} route","timestamp":"2026-05-21T10:03:22.402Z"}
{"context":"RouterExplorer","level":"info","message":"Mapped {/api/v1/users/:id, PATCH} route","timestamp":"2026-05-21T10:03:22.402Z"}
{"context":"RouterExplorer","level":"info","message":"Mapped {/api/v1/users/:id, DELETE} route","timestamp":"2026-05-21T10:03:22.403Z"}
{"context":"RoutesResolver","level":"info","message":"WhitelistIpController {/api/v1/whitelist-ip}:","timestamp":"2026-05-21T10:03:22.403Z"}
{"context":"RouterExplorer","level":"info","message":"Mapped {/api/v1/whitelist-ip, POST} route","timestamp":"2026-05-21T10:03:22.403Z"}
{"context":"RouterExplorer","level":"info","message":"Mapped {/api/v1/whitelist-ip, GET} route","timestamp":"2026-05-21T10:03:22.403Z"}
{"context":"RouterExplorer","level":"info","message":"Mapped {/api/v1/whitelist-ip/:id, GET} route","timestamp":"2026-05-21T10:03:22.403Z"}
{"context":"RouterExplorer","level":"info","message":"Mapped {/api/v1/whitelist-ip/:id, PATCH} route","timestamp":"2026-05-21T10:03:22.404Z"}
{"context":"RouterExplorer","level":"info","message":"Mapped {/api/v1/whitelist-ip/:id, DELETE} route","timestamp":"2026-05-21T10:03:22.404Z"}
{"context":"RoutesResolver","level":"info","message":"RolesController {/api/v1/roles}:","timestamp":"2026-05-21T10:03:22.404Z"}
{"context":"RouterExplorer","level":"info","message":"Mapped {/api/v1/roles, POST} route","timestamp":"2026-05-21T10:03:22.405Z"}
{"context":"RouterExplorer","level":"info","message":"Mapped {/api/v1/roles, GET} route","timestamp":"2026-05-21T10:03:22.405Z"}
{"context":"RouterExplorer","level":"info","message":"Mapped {/api/v1/roles/:id, GET} route","timestamp":"2026-05-21T10:03:22.405Z"}
{"context":"RouterExplorer","level":"info","message":"Mapped {/api/v1/roles/:id, PATCH} route","timestamp":"2026-05-21T10:03:22.405Z"}
{"context":"RouterExplorer","level":"info","message":"Mapped {/api/v1/roles/:id, DELETE} route","timestamp":"2026-05-21T10:03:22.406Z"}
{"context":"RoutesResolver","level":"info","message":"PermissionsController {/api/v1/permissions}:","timestamp":"2026-05-21T10:03:22.406Z"}
{"context":"RouterExplorer","level":"info","message":"Mapped {/api/v1/permissions, POST} route","timestamp":"2026-05-21T10:03:22.406Z"}
{"context":"RouterExplorer","level":"info","message":"Mapped {/api/v1/permissions, GET} route","timestamp":"2026-05-21T10:03:22.406Z"}
{"context":"RouterExplorer","level":"info","message":"Mapped {/api/v1/permissions/:id, PATCH} route","timestamp":"2026-05-21T10:03:22.406Z"}
{"context":"RouterExplorer","level":"info","message":"Mapped {/api/v1/permissions/:id, DELETE} route","timestamp":"2026-05-21T10:03:22.406Z"}
{"context":"RoutesResolver","level":"info","message":"AuthController {/api/v1/auth}:","timestamp":"2026-05-21T10:03:22.407Z"}
{"context":"RouterExplorer","level":"info","message":"Mapped {/api/v1/auth/register, POST} route","timestamp":"2026-05-21T10:03:22.407Z"}
{"context":"RouterExplorer","level":"info","message":"Mapped {/api/v1/auth/login, POST} route","timestamp":"2026-05-21T10:03:22.407Z"}
{"context":"RouterExplorer","level":"info","message":"Mapped {/api/v1/auth/refresh, POST} route","timestamp":"2026-05-21T10:03:22.407Z"}
{"context":"RouterExplorer","level":"info","message":"Mapped {/api/v1/auth/logout, POST} route","timestamp":"2026-05-21T10:03:22.407Z"}
{"context":"RouterExplorer","level":"info","message":"Mapped {/api/v1/auth/me, GET} route","timestamp":"2026-05-21T10:03:22.407Z"}
{"context":"RouterExplorer","level":"info","message":"Mapped {/api/v1/auth/me/password, PATCH} route","timestamp":"2026-05-21T10:03:22.408Z"}
{"context":"RoutesResolver","level":"info","message":"AttributeController {/api/v1/attribute}:","timestamp":"2026-05-21T10:03:22.408Z"}
{"context":"RouterExplorer","level":"info","message":"Mapped {/api/v1/attribute, POST} route","timestamp":"2026-05-21T10:03:22.408Z"}
{"context":"RouterExplorer","level":"info","message":"Mapped {/api/v1/attribute, GET} route","timestamp":"2026-05-21T10:03:22.408Z"}
{"context":"RouterExplorer","level":"info","message":"Mapped {/api/v1/attribute/:id, GET} route","timestamp":"2026-05-21T10:03:22.408Z"}
{"context":"RouterExplorer","level":"info","message":"Mapped {/api/v1/attribute/:id, PATCH} route","timestamp":"2026-05-21T10:03:22.409Z"}
{"context":"RouterExplorer","level":"info","message":"Mapped {/api/v1/attribute/:id, DELETE} route","timestamp":"2026-05-21T10:03:22.409Z"}
{"context":"RoutesResolver","level":"info","message":"DepartmentsController {/api/v1/departments}:","timestamp":"2026-05-21T10:03:22.409Z"}
{"context":"RouterExplorer","level":"info","message":"Mapped {/api/v1/departments, POST} route","timestamp":"2026-05-21T10:03:22.409Z"}
{"context":"RouterExplorer","level":"info","message":"Mapped {/api/v1/departments, GET} route","timestamp":"2026-05-21T10:03:22.409Z"}
{"context":"RouterExplorer","level":"info","message":"Mapped {/api/v1/departments/:id, GET} route","timestamp":"2026-05-21T10:03:22.409Z"}
{"context":"RouterExplorer","level":"info","message":"Mapped {/api/v1/departments/:id, PATCH} route","timestamp":"2026-05-21T10:03:22.410Z"}
{"context":"RouterExplorer","level":"info","message":"Mapped {/api/v1/departments/:id, DELETE} route","timestamp":"2026-05-21T10:03:22.410Z"}
{"context":"RoutesResolver","level":"info","message":"PortsController {/api/v1/ports}:","timestamp":"2026-05-21T10:03:22.410Z"}
{"context":"RouterExplorer","level":"info","message":"Mapped {/api/v1/ports, POST} route","timestamp":"2026-05-21T10:03:22.410Z"}
{"context":"RouterExplorer","level":"info","message":"Mapped {/api/v1/ports, GET} route","timestamp":"2026-05-21T10:03:22.411Z"}
{"context":"RouterExplorer","level":"info","message":"Mapped {/api/v1/ports/:id, GET} route","timestamp":"2026-05-21T10:03:22.411Z"}
{"context":"RouterExplorer","level":"info","message":"Mapped {/api/v1/ports/:id, PATCH} route","timestamp":"2026-05-21T10:03:22.411Z"}
{"context":"RouterExplorer","level":"info","message":"Mapped {/api/v1/ports/:id, DELETE} route","timestamp":"2026-05-21T10:03:22.411Z"}
{"context":"RoutesResolver","level":"info","message":"FilesController {/api/v1/files}:","timestamp":"2026-05-21T10:03:22.411Z"}
{"context":"RouterExplorer","level":"info","message":"Mapped {/api/v1/files, POST} route","timestamp":"2026-05-21T10:03:22.411Z"}
{"context":"RouterExplorer","level":"info","message":"Mapped {/api/v1/files, GET} route","timestamp":"2026-05-21T10:03:22.412Z"}
{"context":"RouterExplorer","level":"info","message":"Mapped {/api/v1/files/:id, GET} route","timestamp":"2026-05-21T10:03:22.412Z"}
{"context":"RouterExplorer","level":"info","message":"Mapped {/api/v1/files/:id, PATCH} route","timestamp":"2026-05-21T10:03:22.412Z"}
{"context":"RouterExplorer","level":"info","message":"Mapped {/api/v1/files/:id, DELETE} route","timestamp":"2026-05-21T10:03:22.412Z"}
{"context":"PrismaService","level":"info","message":"Kết nối database thành công","timestamp":"2026-05-21T10:03:22.454Z"}
{"context":"GlobalPollingOutboxWorker","level":"info","message":"🚀 [GlobalWorker] Polling Worker đã kích hoạt (1s/lần)...","timestamp":"2026-05-21T10:03:22.454Z"}
{"context":"NestApplication","level":"info","message":"Nest application successfully started","timestamp":"2026-05-21T10:03:22.459Z"}
{"level":"info","message":"Khởi tạo ứng dụng...","timestamp":"2026-05-21T10:03:23.879Z"}
{"context":"NestFactory","level":"info","message":"Starting Nest application...","timestamp":"2026-05-21T10:03:23.956Z"}
{"context":"InstanceLoader","level":"info","message":"PassportModule dependencies initialized","timestamp":"2026-05-21T10:03:23.964Z"}
{"context":"InstanceLoader","level":"info","message":"ConfigHostModule dependencies initialized","timestamp":"2026-05-21T10:03:23.964Z"}
{"context":"InstanceLoader","level":"info","message":"AppModule dependencies initialized","timestamp":"2026-05-21T10:03:23.965Z"}
{"context":"InstanceLoader","level":"info","message":"DiscoveryModule dependencies initialized","timestamp":"2026-05-21T10:03:23.965Z"}
{"context":"PrismaService","level":"info","message":"🔌 Prisma Connection String: postgresql://admin:******@localhost:5433/kyc_asset_db?schema=public","timestamp":"2026-05-21T10:03:23.968Z"}
{"context":"InstanceLoader","level":"info","message":"PortsModule dependencies initialized","timestamp":"2026-05-21T10:03:23.968Z"}
{"context":"InstanceLoader","level":"info","message":"FilesModule dependencies initialized","timestamp":"2026-05-21T10:03:23.968Z"}
{"context":"InstanceLoader","level":"info","message":"ConfigModule dependencies initialized","timestamp":"2026-05-21T10:03:23.968Z"}
{"context":"InstanceLoader","level":"info","message":"EventEmitterModule dependencies initialized","timestamp":"2026-05-21T10:03:23.968Z"}
{"context":"InstanceLoader","level":"info","message":"CommonModule dependencies initialized","timestamp":"2026-05-21T10:03:23.969Z"}
{"context":"InstanceLoader","level":"info","message":"JwtModule dependencies initialized","timestamp":"2026-05-21T10:03:23.969Z"}
{"context":"InstanceLoader","level":"info","message":"PrismaModule dependencies initialized","timestamp":"2026-05-21T10:03:23.969Z"}
{"context":"InstanceLoader","level":"info","message":"OutboxModule dependencies initialized","timestamp":"2026-05-21T10:03:23.970Z"}
{"context":"InstanceLoader","level":"info","message":"WhitelistIpModule dependencies initialized","timestamp":"2026-05-21T10:03:23.971Z"}
{"context":"InstanceLoader","level":"info","message":"AttributeModule dependencies initialized","timestamp":"2026-05-21T10:03:23.971Z"}
{"context":"InstanceLoader","level":"info","message":"DepartmentsModule dependencies initialized","timestamp":"2026-05-21T10:03:23.971Z"}
{"context":"InstanceLoader","level":"info","message":"UsersModule dependencies initialized","timestamp":"2026-05-21T10:03:23.971Z"}
{"context":"InstanceLoader","level":"info","message":"RolesModule dependencies initialized","timestamp":"2026-05-21T10:03:23.972Z"}
{"context":"InstanceLoader","level":"info","message":"PermissionsModule dependencies initialized","timestamp":"2026-05-21T10:03:23.972Z"}
{"context":"InstanceLoader","level":"info","message":"AuthModule dependencies initialized","timestamp":"2026-05-21T10:03:23.972Z"}
{"context":"LegacyRouteConverter","level":"warn","message":"Unsupported route path: \"/api/v1/*\". In previous versions, the symbols ?, *, and + were used to denote optional or repeating path parameters. The latest version of \"path-to-regexp\" now requires the use of named parameters. For example, instead of using a route like /users/* to capture all routes starting with \"/users\", you should use /users/*path. For more details, refer to the migration guide. Attempting to auto-convert...","timestamp":"2026-05-21T10:03:24.001Z"}
{"context":"RoutesResolver","level":"info","message":"AppController {/api/v1/ping}:","timestamp":"2026-05-21T10:03:24.002Z"}
{"context":"RouterExplorer","level":"info","message":"Mapped {/api/v1/ping, GET} route","timestamp":"2026-05-21T10:03:24.003Z"}
{"context":"RoutesResolver","level":"info","message":"UsersController {/api/v1/users}:","timestamp":"2026-05-21T10:03:24.003Z"}
{"context":"RouterExplorer","level":"info","message":"Mapped {/api/v1/users, POST} route","timestamp":"2026-05-21T10:03:24.003Z"}
{"context":"RouterExplorer","level":"info","message":"Mapped {/api/v1/users, GET} route","timestamp":"2026-05-21T10:03:24.004Z"}
{"context":"RouterExplorer","level":"info","message":"Mapped {/api/v1/users/:id, GET} route","timestamp":"2026-05-21T10:03:24.004Z"}
{"context":"RouterExplorer","level":"info","message":"Mapped {/api/v1/users/:id, PATCH} route","timestamp":"2026-05-21T10:03:24.004Z"}
{"context":"RouterExplorer","level":"info","message":"Mapped {/api/v1/users/:id, DELETE} route","timestamp":"2026-05-21T10:03:24.004Z"}
{"context":"RoutesResolver","level":"info","message":"WhitelistIpController {/api/v1/whitelist-ip}:","timestamp":"2026-05-21T10:03:24.005Z"}
{"context":"RouterExplorer","level":"info","message":"Mapped {/api/v1/whitelist-ip, POST} route","timestamp":"2026-05-21T10:03:24.005Z"}
{"context":"RouterExplorer","level":"info","message":"Mapped {/api/v1/whitelist-ip, GET} route","timestamp":"2026-05-21T10:03:24.005Z"}
{"context":"RouterExplorer","level":"info","message":"Mapped {/api/v1/whitelist-ip/:id, GET} route","timestamp":"2026-05-21T10:03:24.005Z"}
{"context":"RouterExplorer","level":"info","message":"Mapped {/api/v1/whitelist-ip/:id, PATCH} route","timestamp":"2026-05-21T10:03:24.006Z"}
{"context":"RouterExplorer","level":"info","message":"Mapped {/api/v1/whitelist-ip/:id, DELETE} route","timestamp":"2026-05-21T10:03:24.006Z"}
{"context":"RoutesResolver","level":"info","message":"RolesController {/api/v1/roles}:","timestamp":"2026-05-21T10:03:24.006Z"}
{"context":"RouterExplorer","level":"info","message":"Mapped {/api/v1/roles, POST} route","timestamp":"2026-05-21T10:03:24.006Z"}
{"context":"RouterExplorer","level":"info","message":"Mapped {/api/v1/roles, GET} route","timestamp":"2026-05-21T10:03:24.006Z"}
{"context":"RouterExplorer","level":"info","message":"Mapped {/api/v1/roles/:id, GET} route","timestamp":"2026-05-21T10:03:24.007Z"}
{"context":"RouterExplorer","level":"info","message":"Mapped {/api/v1/roles/:id, PATCH} route","timestamp":"2026-05-21T10:03:24.007Z"}
{"context":"RouterExplorer","level":"info","message":"Mapped {/api/v1/roles/:id, DELETE} route","timestamp":"2026-05-21T10:03:24.007Z"}
{"context":"RoutesResolver","level":"info","message":"PermissionsController {/api/v1/permissions}:","timestamp":"2026-05-21T10:03:24.007Z"}
{"context":"RouterExplorer","level":"info","message":"Mapped {/api/v1/permissions, POST} route","timestamp":"2026-05-21T10:03:24.007Z"}
{"context":"RouterExplorer","level":"info","message":"Mapped {/api/v1/permissions, GET} route","timestamp":"2026-05-21T10:03:24.007Z"}
{"context":"RouterExplorer","level":"info","message":"Mapped {/api/v1/permissions/:id, PATCH} route","timestamp":"2026-05-21T10:03:24.008Z"}
{"context":"RouterExplorer","level":"info","message":"Mapped {/api/v1/permissions/:id, DELETE} route","timestamp":"2026-05-21T10:03:24.008Z"}
{"context":"RoutesResolver","level":"info","message":"AuthController {/api/v1/auth}:","timestamp":"2026-05-21T10:03:24.008Z"}
{"context":"RouterExplorer","level":"info","message":"Mapped {/api/v1/auth/register, POST} route","timestamp":"2026-05-21T10:03:24.008Z"}
{"context":"RouterExplorer","level":"info","message":"Mapped {/api/v1/auth/login, POST} route","timestamp":"2026-05-21T10:03:24.008Z"}
{"context":"RouterExplorer","level":"info","message":"Mapped {/api/v1/auth/refresh, POST} route","timestamp":"2026-05-21T10:03:24.009Z"}
{"context":"RouterExplorer","level":"info","message":"Mapped {/api/v1/auth/logout, POST} route","timestamp":"2026-05-21T10:03:24.009Z"}
{"context":"RouterExplorer","level":"info","message":"Mapped {/api/v1/auth/me, GET} route","timestamp":"2026-05-21T10:03:24.009Z"}
{"context":"RouterExplorer","level":"info","message":"Mapped {/api/v1/auth/me/password, PATCH} route","timestamp":"2026-05-21T10:03:24.009Z"}
{"context":"RoutesResolver","level":"info","message":"AttributeController {/api/v1/attribute}:","timestamp":"2026-05-21T10:03:24.009Z"}
{"context":"RouterExplorer","level":"info","message":"Mapped {/api/v1/attribute, POST} route","timestamp":"2026-05-21T10:03:24.009Z"}
{"context":"RouterExplorer","level":"info","message":"Mapped {/api/v1/attribute, GET} route","timestamp":"2026-05-21T10:03:24.010Z"}
{"context":"RouterExplorer","level":"info","message":"Mapped {/api/v1/attribute/:id, GET} route","timestamp":"2026-05-21T10:03:24.010Z"}
{"context":"RouterExplorer","level":"info","message":"Mapped {/api/v1/attribute/:id, PATCH} route","timestamp":"2026-05-21T10:03:24.010Z"}
{"context":"RouterExplorer","level":"info","message":"Mapped {/api/v1/attribute/:id, DELETE} route","timestamp":"2026-05-21T10:03:24.011Z"}
{"context":"RoutesResolver","level":"info","message":"DepartmentsController {/api/v1/departments}:","timestamp":"2026-05-21T10:03:24.011Z"}
{"context":"RouterExplorer","level":"info","message":"Mapped {/api/v1/departments, POST} route","timestamp":"2026-05-21T10:03:24.011Z"}
{"context":"RouterExplorer","level":"info","message":"Mapped {/api/v1/departments, GET} route","timestamp":"2026-05-21T10:03:24.012Z"}
{"context":"RouterExplorer","level":"info","message":"Mapped {/api/v1/departments/:id, GET} route","timestamp":"2026-05-21T10:03:24.012Z"}
{"context":"RouterExplorer","level":"info","message":"Mapped {/api/v1/departments/:id, PATCH} route","timestamp":"2026-05-21T10:03:24.012Z"}
{"context":"RouterExplorer","level":"info","message":"Mapped {/api/v1/departments/:id, DELETE} route","timestamp":"2026-05-21T10:03:24.012Z"}
{"context":"RoutesResolver","level":"info","message":"PortsController {/api/v1/ports}:","timestamp":"2026-05-21T10:03:24.012Z"}
{"context":"RouterExplorer","level":"info","message":"Mapped {/api/v1/ports, POST} route","timestamp":"2026-05-21T10:03:24.013Z"}
{"context":"RouterExplorer","level":"info","message":"Mapped {/api/v1/ports, GET} route","timestamp":"2026-05-21T10:03:24.013Z"}
{"context":"RouterExplorer","level":"info","message":"Mapped {/api/v1/ports/:id, GET} route","timestamp":"2026-05-21T10:03:24.013Z"}
{"context":"RouterExplorer","level":"info","message":"Mapped {/api/v1/ports/:id, PATCH} route","timestamp":"2026-05-21T10:03:24.013Z"}
{"context":"RouterExplorer","level":"info","message":"Mapped {/api/v1/ports/:id, DELETE} route","timestamp":"2026-05-21T10:03:24.014Z"}
{"context":"RoutesResolver","level":"info","message":"FilesController {/api/v1/files}:","timestamp":"2026-05-21T10:03:24.014Z"}
{"context":"RouterExplorer","level":"info","message":"Mapped {/api/v1/files, POST} route","timestamp":"2026-05-21T10:03:24.014Z"}
{"context":"RouterExplorer","level":"info","message":"Mapped {/api/v1/files, GET} route","timestamp":"2026-05-21T10:03:24.014Z"}
{"context":"RouterExplorer","level":"info","message":"Mapped {/api/v1/files/:id, GET} route","timestamp":"2026-05-21T10:03:24.015Z"}
{"context":"RouterExplorer","level":"info","message":"Mapped {/api/v1/files/:id, PATCH} route","timestamp":"2026-05-21T10:03:24.015Z"}
{"context":"RouterExplorer","level":"info","message":"Mapped {/api/v1/files/:id, DELETE} route","timestamp":"2026-05-21T10:03:24.015Z"}
{"context":"PrismaService","level":"info","message":"Kết nối database thành công","timestamp":"2026-05-21T10:03:24.057Z"}
{"context":"GlobalPollingOutboxWorker","level":"info","message":"🚀 [GlobalWorker] Polling Worker đã kích hoạt (1s/lần)...","timestamp":"2026-05-21T10:03:24.057Z"}
{"context":"NestApplication","level":"info","message":"Nest application successfully started","timestamp":"2026-05-21T10:03:24.062Z"}
{"level":"info","message":"Khởi tạo ứng dụng...","timestamp":"2026-05-21T11:59:24.530Z"}
{"context":"NestFactory","level":"info","message":"Starting Nest application...","timestamp":"2026-05-21T11:59:24.610Z"}
{"context":"InstanceLoader","level":"info","message":"PassportModule dependencies initialized","timestamp":"2026-05-21T11:59:24.618Z"}
{"context":"InstanceLoader","level":"info","message":"ConfigHostModule dependencies initialized","timestamp":"2026-05-21T11:59:24.618Z"}
{"context":"InstanceLoader","level":"info","message":"AppModule dependencies initialized","timestamp":"2026-05-21T11:59:24.618Z"}
{"context":"InstanceLoader","level":"info","message":"DiscoveryModule dependencies initialized","timestamp":"2026-05-21T11:59:24.619Z"}
{"context":"PrismaService","level":"info","message":"🔌 Prisma Connection String: postgresql://admin:******@localhost:5433/kyc_asset_db?schema=public","timestamp":"2026-05-21T11:59:24.621Z"}
{"context":"InstanceLoader","level":"info","message":"PortsModule dependencies initialized","timestamp":"2026-05-21T11:59:24.621Z"}
{"context":"InstanceLoader","level":"info","message":"FilesModule dependencies initialized","timestamp":"2026-05-21T11:59:24.621Z"}
{"context":"InstanceLoader","level":"info","message":"ConfigModule dependencies initialized","timestamp":"2026-05-21T11:59:24.622Z"}
{"context":"InstanceLoader","level":"info","message":"EventEmitterModule dependencies initialized","timestamp":"2026-05-21T11:59:24.622Z"}
{"context":"InstanceLoader","level":"info","message":"CommonModule dependencies initialized","timestamp":"2026-05-21T11:59:24.622Z"}
{"context":"InstanceLoader","level":"info","message":"JwtModule dependencies initialized","timestamp":"2026-05-21T11:59:24.623Z"}
{"context":"InstanceLoader","level":"info","message":"PrismaModule dependencies initialized","timestamp":"2026-05-21T11:59:24.623Z"}
{"context":"InstanceLoader","level":"info","message":"OutboxModule dependencies initialized","timestamp":"2026-05-21T11:59:24.623Z"}
{"context":"InstanceLoader","level":"info","message":"WhitelistIpModule dependencies initialized","timestamp":"2026-05-21T11:59:24.624Z"}
{"context":"InstanceLoader","level":"info","message":"AttributeModule dependencies initialized","timestamp":"2026-05-21T11:59:24.624Z"}
{"context":"InstanceLoader","level":"info","message":"DepartmentsModule dependencies initialized","timestamp":"2026-05-21T11:59:24.625Z"}
{"context":"InstanceLoader","level":"info","message":"UsersModule dependencies initialized","timestamp":"2026-05-21T11:59:24.625Z"}
{"context":"InstanceLoader","level":"info","message":"RolesModule dependencies initialized","timestamp":"2026-05-21T11:59:24.625Z"}
{"context":"InstanceLoader","level":"info","message":"PermissionsModule dependencies initialized","timestamp":"2026-05-21T11:59:24.625Z"}
{"context":"InstanceLoader","level":"info","message":"AuthModule dependencies initialized","timestamp":"2026-05-21T11:59:24.625Z"}
{"context":"LegacyRouteConverter","level":"warn","message":"Unsupported route path: \"/api/v1/*\". In previous versions, the symbols ?, *, and + were used to denote optional or repeating path parameters. The latest version of \"path-to-regexp\" now requires the use of named parameters. For example, instead of using a route like /users/* to capture all routes starting with \"/users\", you should use /users/*path. For more details, refer to the migration guide. Attempting to auto-convert...","timestamp":"2026-05-21T11:59:24.649Z"}
{"context":"RoutesResolver","level":"info","message":"AppController {/api/v1/ping}:","timestamp":"2026-05-21T11:59:24.649Z"}
{"context":"RouterExplorer","level":"info","message":"Mapped {/api/v1/ping, GET} route","timestamp":"2026-05-21T11:59:24.651Z"}
{"context":"RoutesResolver","level":"info","message":"UsersController {/api/v1/users}:","timestamp":"2026-05-21T11:59:24.651Z"}
{"context":"RouterExplorer","level":"info","message":"Mapped {/api/v1/users, POST} route","timestamp":"2026-05-21T11:59:24.651Z"}
{"context":"RouterExplorer","level":"info","message":"Mapped {/api/v1/users, GET} route","timestamp":"2026-05-21T11:59:24.652Z"}
{"context":"RouterExplorer","level":"info","message":"Mapped {/api/v1/users/:id, GET} route","timestamp":"2026-05-21T11:59:24.652Z"}
{"context":"RouterExplorer","level":"info","message":"Mapped {/api/v1/users/:id, PATCH} route","timestamp":"2026-05-21T11:59:24.652Z"}
{"context":"RouterExplorer","level":"info","message":"Mapped {/api/v1/users/:id, DELETE} route","timestamp":"2026-05-21T11:59:24.652Z"}
{"context":"RoutesResolver","level":"info","message":"WhitelistIpController {/api/v1/whitelist-ip}:","timestamp":"2026-05-21T11:59:24.652Z"}
{"context":"RouterExplorer","level":"info","message":"Mapped {/api/v1/whitelist-ip, POST} route","timestamp":"2026-05-21T11:59:24.653Z"}
{"context":"RouterExplorer","level":"info","message":"Mapped {/api/v1/whitelist-ip, GET} route","timestamp":"2026-05-21T11:59:24.653Z"}
{"context":"RouterExplorer","level":"info","message":"Mapped {/api/v1/whitelist-ip/:id, GET} route","timestamp":"2026-05-21T11:59:24.653Z"}
{"context":"RouterExplorer","level":"info","message":"Mapped {/api/v1/whitelist-ip/:id, PATCH} route","timestamp":"2026-05-21T11:59:24.654Z"}
{"context":"RouterExplorer","level":"info","message":"Mapped {/api/v1/whitelist-ip/:id, DELETE} route","timestamp":"2026-05-21T11:59:24.654Z"}
{"context":"RoutesResolver","level":"info","message":"RolesController {/api/v1/roles}:","timestamp":"2026-05-21T11:59:24.654Z"}
{"context":"RouterExplorer","level":"info","message":"Mapped {/api/v1/roles, POST} route","timestamp":"2026-05-21T11:59:24.654Z"}
{"context":"RouterExplorer","level":"info","message":"Mapped {/api/v1/roles, GET} route","timestamp":"2026-05-21T11:59:24.654Z"}
{"context":"RouterExplorer","level":"info","message":"Mapped {/api/v1/roles/:id, GET} route","timestamp":"2026-05-21T11:59:24.654Z"}
{"context":"RouterExplorer","level":"info","message":"Mapped {/api/v1/roles/:id, PATCH} route","timestamp":"2026-05-21T11:59:24.655Z"}
{"context":"RouterExplorer","level":"info","message":"Mapped {/api/v1/roles/:id, DELETE} route","timestamp":"2026-05-21T11:59:24.655Z"}
{"context":"RoutesResolver","level":"info","message":"PermissionsController {/api/v1/permissions}:","timestamp":"2026-05-21T11:59:24.655Z"}
{"context":"RouterExplorer","level":"info","message":"Mapped {/api/v1/permissions, POST} route","timestamp":"2026-05-21T11:59:24.655Z"}
{"context":"RouterExplorer","level":"info","message":"Mapped {/api/v1/permissions, GET} route","timestamp":"2026-05-21T11:59:24.655Z"}
{"context":"RouterExplorer","level":"info","message":"Mapped {/api/v1/permissions/:id, PATCH} route","timestamp":"2026-05-21T11:59:24.655Z"}
{"context":"RouterExplorer","level":"info","message":"Mapped {/api/v1/permissions/:id, DELETE} route","timestamp":"2026-05-21T11:59:24.655Z"}
{"context":"RoutesResolver","level":"info","message":"AuthController {/api/v1/auth}:","timestamp":"2026-05-21T11:59:24.656Z"}
{"context":"RouterExplorer","level":"info","message":"Mapped {/api/v1/auth/register, POST} route","timestamp":"2026-05-21T11:59:24.656Z"}
{"context":"RouterExplorer","level":"info","message":"Mapped {/api/v1/auth/login, POST} route","timestamp":"2026-05-21T11:59:24.656Z"}
{"context":"RouterExplorer","level":"info","message":"Mapped {/api/v1/auth/refresh, POST} route","timestamp":"2026-05-21T11:59:24.656Z"}
{"context":"RouterExplorer","level":"info","message":"Mapped {/api/v1/auth/logout, POST} route","timestamp":"2026-05-21T11:59:24.656Z"}
{"context":"RouterExplorer","level":"info","message":"Mapped {/api/v1/auth/me, GET} route","timestamp":"2026-05-21T11:59:24.656Z"}
{"context":"RouterExplorer","level":"info","message":"Mapped {/api/v1/auth/me/password, PATCH} route","timestamp":"2026-05-21T11:59:24.657Z"}
{"context":"RoutesResolver","level":"info","message":"AttributeController {/api/v1/attribute}:","timestamp":"2026-05-21T11:59:24.657Z"}
{"context":"RouterExplorer","level":"info","message":"Mapped {/api/v1/attribute, POST} route","timestamp":"2026-05-21T11:59:24.657Z"}
{"context":"RouterExplorer","level":"info","message":"Mapped {/api/v1/attribute, GET} route","timestamp":"2026-05-21T11:59:24.657Z"}
{"context":"RouterExplorer","level":"info","message":"Mapped {/api/v1/attribute/:id, GET} route","timestamp":"2026-05-21T11:59:24.657Z"}
{"context":"RouterExplorer","level":"info","message":"Mapped {/api/v1/attribute/:id, PATCH} route","timestamp":"2026-05-21T11:59:24.658Z"}
{"context":"RouterExplorer","level":"info","message":"Mapped {/api/v1/attribute/:id, DELETE} route","timestamp":"2026-05-21T11:59:24.658Z"}
{"context":"RoutesResolver","level":"info","message":"DepartmentsController {/api/v1/departments}:","timestamp":"2026-05-21T11:59:24.658Z"}
{"context":"RouterExplorer","level":"info","message":"Mapped {/api/v1/departments, POST} route","timestamp":"2026-05-21T11:59:24.658Z"}
{"context":"RouterExplorer","level":"info","message":"Mapped {/api/v1/departments, GET} route","timestamp":"2026-05-21T11:59:24.658Z"}
{"context":"RouterExplorer","level":"info","message":"Mapped {/api/v1/departments/:id, GET} route","timestamp":"2026-05-21T11:59:24.659Z"}
{"context":"RouterExplorer","level":"info","message":"Mapped {/api/v1/departments/:id, PATCH} route","timestamp":"2026-05-21T11:59:24.659Z"}
{"context":"RouterExplorer","level":"info","message":"Mapped {/api/v1/departments/:id, DELETE} route","timestamp":"2026-05-21T11:59:24.659Z"}
{"context":"RoutesResolver","level":"info","message":"PortsController {/api/v1/ports}:","timestamp":"2026-05-21T11:59:24.659Z"}
{"context":"RouterExplorer","level":"info","message":"Mapped {/api/v1/ports, POST} route","timestamp":"2026-05-21T11:59:24.659Z"}
{"context":"RouterExplorer","level":"info","message":"Mapped {/api/v1/ports, GET} route","timestamp":"2026-05-21T11:59:24.659Z"}
{"context":"RouterExplorer","level":"info","message":"Mapped {/api/v1/ports/:id, GET} route","timestamp":"2026-05-21T11:59:24.659Z"}
{"context":"RouterExplorer","level":"info","message":"Mapped {/api/v1/ports/:id, PATCH} route","timestamp":"2026-05-21T11:59:24.660Z"}
{"context":"RouterExplorer","level":"info","message":"Mapped {/api/v1/ports/:id, DELETE} route","timestamp":"2026-05-21T11:59:24.660Z"}
{"context":"RoutesResolver","level":"info","message":"FilesController {/api/v1/files}:","timestamp":"2026-05-21T11:59:24.660Z"}
{"context":"RouterExplorer","level":"info","message":"Mapped {/api/v1/files, POST} route","timestamp":"2026-05-21T11:59:24.660Z"}
{"context":"RouterExplorer","level":"info","message":"Mapped {/api/v1/files, GET} route","timestamp":"2026-05-21T11:59:24.660Z"}
{"context":"RouterExplorer","level":"info","message":"Mapped {/api/v1/files/:id, GET} route","timestamp":"2026-05-21T11:59:24.660Z"}
{"context":"RouterExplorer","level":"info","message":"Mapped {/api/v1/files/:id, PATCH} route","timestamp":"2026-05-21T11:59:24.661Z"}
{"context":"RouterExplorer","level":"info","message":"Mapped {/api/v1/files/:id, DELETE} route","timestamp":"2026-05-21T11:59:24.661Z"}
{"context":"PrismaService","level":"info","message":"Kết nối database thành công","timestamp":"2026-05-21T11:59:24.700Z"}
{"context":"GlobalPollingOutboxWorker","level":"info","message":"🚀 [GlobalWorker] Polling Worker đã kích hoạt (1s/lần)...","timestamp":"2026-05-21T11:59:24.700Z"}
{"context":"NestApplication","level":"info","message":"Nest application successfully started","timestamp":"2026-05-21T11:59:24.705Z"}
{"level":"info","message":"Khởi tạo ứng dụng...","timestamp":"2026-05-21T11:59:26.487Z"}
{"context":"NestFactory","level":"info","message":"Starting Nest application...","timestamp":"2026-05-21T11:59:26.555Z"}
{"context":"InstanceLoader","level":"info","message":"PassportModule dependencies initialized","timestamp":"2026-05-21T11:59:26.562Z"}
{"context":"InstanceLoader","level":"info","message":"ConfigHostModule dependencies initialized","timestamp":"2026-05-21T11:59:26.563Z"}
{"context":"InstanceLoader","level":"info","message":"AppModule dependencies initialized","timestamp":"2026-05-21T11:59:26.563Z"}
{"context":"InstanceLoader","level":"info","message":"DiscoveryModule dependencies initialized","timestamp":"2026-05-21T11:59:26.563Z"}
{"context":"PrismaService","level":"info","message":"🔌 Prisma Connection String: postgresql://admin:******@localhost:5433/kyc_asset_db?schema=public","timestamp":"2026-05-21T11:59:26.566Z"}
{"context":"InstanceLoader","level":"info","message":"PortsModule dependencies initialized","timestamp":"2026-05-21T11:59:26.566Z"}
{"context":"InstanceLoader","level":"info","message":"FilesModule dependencies initialized","timestamp":"2026-05-21T11:59:26.566Z"}
{"context":"InstanceLoader","level":"info","message":"ConfigModule dependencies initialized","timestamp":"2026-05-21T11:59:26.567Z"}
{"context":"InstanceLoader","level":"info","message":"EventEmitterModule dependencies initialized","timestamp":"2026-05-21T11:59:26.567Z"}
{"context":"InstanceLoader","level":"info","message":"CommonModule dependencies initialized","timestamp":"2026-05-21T11:59:26.567Z"}
{"context":"InstanceLoader","level":"info","message":"JwtModule dependencies initialized","timestamp":"2026-05-21T11:59:26.567Z"}
{"context":"InstanceLoader","level":"info","message":"PrismaModule dependencies initialized","timestamp":"2026-05-21T11:59:26.568Z"}
{"context":"InstanceLoader","level":"info","message":"OutboxModule dependencies initialized","timestamp":"2026-05-21T11:59:26.568Z"}
{"context":"InstanceLoader","level":"info","message":"WhitelistIpModule dependencies initialized","timestamp":"2026-05-21T11:59:26.569Z"}
{"context":"InstanceLoader","level":"info","message":"AttributeModule dependencies initialized","timestamp":"2026-05-21T11:59:26.569Z"}
{"context":"InstanceLoader","level":"info","message":"DepartmentsModule dependencies initialized","timestamp":"2026-05-21T11:59:26.569Z"}
{"context":"InstanceLoader","level":"info","message":"UsersModule dependencies initialized","timestamp":"2026-05-21T11:59:26.570Z"}
{"context":"InstanceLoader","level":"info","message":"RolesModule dependencies initialized","timestamp":"2026-05-21T11:59:26.570Z"}
{"context":"InstanceLoader","level":"info","message":"PermissionsModule dependencies initialized","timestamp":"2026-05-21T11:59:26.570Z"}
{"context":"InstanceLoader","level":"info","message":"AuthModule dependencies initialized","timestamp":"2026-05-21T11:59:26.570Z"}
{"context":"LegacyRouteConverter","level":"warn","message":"Unsupported route path: \"/api/v1/*\". In previous versions, the symbols ?, *, and + were used to denote optional or repeating path parameters. The latest version of \"path-to-regexp\" now requires the use of named parameters. For example, instead of using a route like /users/* to capture all routes starting with \"/users\", you should use /users/*path. For more details, refer to the migration guide. Attempting to auto-convert...","timestamp":"2026-05-21T11:59:26.594Z"}
{"context":"RoutesResolver","level":"info","message":"AppController {/api/v1/ping}:","timestamp":"2026-05-21T11:59:26.594Z"}
{"context":"RouterExplorer","level":"info","message":"Mapped {/api/v1/ping, GET} route","timestamp":"2026-05-21T11:59:26.596Z"}
{"context":"RoutesResolver","level":"info","message":"UsersController {/api/v1/users}:","timestamp":"2026-05-21T11:59:26.596Z"}
{"context":"RouterExplorer","level":"info","message":"Mapped {/api/v1/users, POST} route","timestamp":"2026-05-21T11:59:26.597Z"}
{"context":"RouterExplorer","level":"info","message":"Mapped {/api/v1/users, GET} route","timestamp":"2026-05-21T11:59:26.597Z"}
{"context":"RouterExplorer","level":"info","message":"Mapped {/api/v1/users/:id, GET} route","timestamp":"2026-05-21T11:59:26.597Z"}
{"context":"RouterExplorer","level":"info","message":"Mapped {/api/v1/users/:id, PATCH} route","timestamp":"2026-05-21T11:59:26.598Z"}
{"context":"RouterExplorer","level":"info","message":"Mapped {/api/v1/users/:id, DELETE} route","timestamp":"2026-05-21T11:59:26.598Z"}
{"context":"RoutesResolver","level":"info","message":"WhitelistIpController {/api/v1/whitelist-ip}:","timestamp":"2026-05-21T11:59:26.598Z"}
{"context":"RouterExplorer","level":"info","message":"Mapped {/api/v1/whitelist-ip, POST} route","timestamp":"2026-05-21T11:59:26.598Z"}
{"context":"RouterExplorer","level":"info","message":"Mapped {/api/v1/whitelist-ip, GET} route","timestamp":"2026-05-21T11:59:26.598Z"}
{"context":"RouterExplorer","level":"info","message":"Mapped {/api/v1/whitelist-ip/:id, GET} route","timestamp":"2026-05-21T11:59:26.599Z"}
{"context":"RouterExplorer","level":"info","message":"Mapped {/api/v1/whitelist-ip/:id, PATCH} route","timestamp":"2026-05-21T11:59:26.599Z"}
{"context":"RouterExplorer","level":"info","message":"Mapped {/api/v1/whitelist-ip/:id, DELETE} route","timestamp":"2026-05-21T11:59:26.599Z"}
{"context":"RoutesResolver","level":"info","message":"RolesController {/api/v1/roles}:","timestamp":"2026-05-21T11:59:26.599Z"}
{"context":"RouterExplorer","level":"info","message":"Mapped {/api/v1/roles, POST} route","timestamp":"2026-05-21T11:59:26.599Z"}
{"context":"RouterExplorer","level":"info","message":"Mapped {/api/v1/roles, GET} route","timestamp":"2026-05-21T11:59:26.600Z"}
{"context":"RouterExplorer","level":"info","message":"Mapped {/api/v1/roles/:id, GET} route","timestamp":"2026-05-21T11:59:26.600Z"}
{"context":"RouterExplorer","level":"info","message":"Mapped {/api/v1/roles/:id, PATCH} route","timestamp":"2026-05-21T11:59:26.600Z"}
{"context":"RouterExplorer","level":"info","message":"Mapped {/api/v1/roles/:id, DELETE} route","timestamp":"2026-05-21T11:59:26.600Z"}
{"context":"RoutesResolver","level":"info","message":"PermissionsController {/api/v1/permissions}:","timestamp":"2026-05-21T11:59:26.600Z"}
{"context":"RouterExplorer","level":"info","message":"Mapped {/api/v1/permissions, POST} route","timestamp":"2026-05-21T11:59:26.601Z"}
{"context":"RouterExplorer","level":"info","message":"Mapped {/api/v1/permissions, GET} route","timestamp":"2026-05-21T11:59:26.601Z"}
{"context":"RouterExplorer","level":"info","message":"Mapped {/api/v1/permissions/:id, PATCH} route","timestamp":"2026-05-21T11:59:26.601Z"}
{"context":"RouterExplorer","level":"info","message":"Mapped {/api/v1/permissions/:id, DELETE} route","timestamp":"2026-05-21T11:59:26.601Z"}
{"context":"RoutesResolver","level":"info","message":"AuthController {/api/v1/auth}:","timestamp":"2026-05-21T11:59:26.601Z"}
{"context":"RouterExplorer","level":"info","message":"Mapped {/api/v1/auth/register, POST} route","timestamp":"2026-05-21T11:59:26.602Z"}
{"context":"RouterExplorer","level":"info","message":"Mapped {/api/v1/auth/login, POST} route","timestamp":"2026-05-21T11:59:26.602Z"}
{"context":"RouterExplorer","level":"info","message":"Mapped {/api/v1/auth/refresh, POST} route","timestamp":"2026-05-21T11:59:26.602Z"}
{"context":"RouterExplorer","level":"info","message":"Mapped {/api/v1/auth/logout, POST} route","timestamp":"2026-05-21T11:59:26.602Z"}
{"context":"RouterExplorer","level":"info","message":"Mapped {/api/v1/auth/me, GET} route","timestamp":"2026-05-21T11:59:26.602Z"}
{"context":"RouterExplorer","level":"info","message":"Mapped {/api/v1/auth/me/password, PATCH} route","timestamp":"2026-05-21T11:59:26.603Z"}
{"context":"RoutesResolver","level":"info","message":"AttributeController {/api/v1/attribute}:","timestamp":"2026-05-21T11:59:26.603Z"}
{"context":"RouterExplorer","level":"info","message":"Mapped {/api/v1/attribute, POST} route","timestamp":"2026-05-21T11:59:26.603Z"}
{"context":"RouterExplorer","level":"info","message":"Mapped {/api/v1/attribute, GET} route","timestamp":"2026-05-21T11:59:26.603Z"}
{"context":"RouterExplorer","level":"info","message":"Mapped {/api/v1/attribute/:id, GET} route","timestamp":"2026-05-21T11:59:26.603Z"}
{"context":"RouterExplorer","level":"info","message":"Mapped {/api/v1/attribute/:id, PATCH} route","timestamp":"2026-05-21T11:59:26.604Z"}
{"context":"RouterExplorer","level":"info","message":"Mapped {/api/v1/attribute/:id, DELETE} route","timestamp":"2026-05-21T11:59:26.604Z"}
{"context":"RoutesResolver","level":"info","message":"DepartmentsController {/api/v1/departments}:","timestamp":"2026-05-21T11:59:26.604Z"}
{"context":"RouterExplorer","level":"info","message":"Mapped {/api/v1/departments, POST} route","timestamp":"2026-05-21T11:59:26.604Z"}
{"context":"RouterExplorer","level":"info","message":"Mapped {/api/v1/departments, GET} route","timestamp":"2026-05-21T11:59:26.604Z"}
{"context":"RouterExplorer","level":"info","message":"Mapped {/api/v1/departments/:id, GET} route","timestamp":"2026-05-21T11:59:26.605Z"}
{"context":"RouterExplorer","level":"info","message":"Mapped {/api/v1/departments/:id, PATCH} route","timestamp":"2026-05-21T11:59:26.605Z"}
{"context":"RouterExplorer","level":"info","message":"Mapped {/api/v1/departments/:id, DELETE} route","timestamp":"2026-05-21T11:59:26.605Z"}
{"context":"RoutesResolver","level":"info","message":"PortsController {/api/v1/ports}:","timestamp":"2026-05-21T11:59:26.605Z"}
{"context":"RouterExplorer","level":"info","message":"Mapped {/api/v1/ports, POST} route","timestamp":"2026-05-21T11:59:26.605Z"}
{"context":"RouterExplorer","level":"info","message":"Mapped {/api/v1/ports, GET} route","timestamp":"2026-05-21T11:59:26.605Z"}
{"context":"RouterExplorer","level":"info","message":"Mapped {/api/v1/ports/:id, GET} route","timestamp":"2026-05-21T11:59:26.606Z"}
{"context":"RouterExplorer","level":"info","message":"Mapped {/api/v1/ports/:id, PATCH} route","timestamp":"2026-05-21T11:59:26.606Z"}
{"context":"RouterExplorer","level":"info","message":"Mapped {/api/v1/ports/:id, DELETE} route","timestamp":"2026-05-21T11:59:26.606Z"}
{"context":"RoutesResolver","level":"info","message":"FilesController {/api/v1/files}:","timestamp":"2026-05-21T11:59:26.606Z"}
{"context":"RouterExplorer","level":"info","message":"Mapped {/api/v1/files, POST} route","timestamp":"2026-05-21T11:59:26.606Z"}
{"context":"RouterExplorer","level":"info","message":"Mapped {/api/v1/files, GET} route","timestamp":"2026-05-21T11:59:26.607Z"}
{"context":"RouterExplorer","level":"info","message":"Mapped {/api/v1/files/:id, GET} route","timestamp":"2026-05-21T11:59:26.607Z"}
{"context":"RouterExplorer","level":"info","message":"Mapped {/api/v1/files/:id, PATCH} route","timestamp":"2026-05-21T11:59:26.607Z"}
{"context":"RouterExplorer","level":"info","message":"Mapped {/api/v1/files/:id, DELETE} route","timestamp":"2026-05-21T11:59:26.607Z"}
{"context":"PrismaService","level":"info","message":"Kết nối database thành công","timestamp":"2026-05-21T11:59:26.645Z"}
{"context":"GlobalPollingOutboxWorker","level":"info","message":"🚀 [GlobalWorker] Polling Worker đã kích hoạt (1s/lần)...","timestamp":"2026-05-21T11:59:26.645Z"}
{"context":"NestApplication","level":"info","message":"Nest application successfully started","timestamp":"2026-05-21T11:59:26.650Z"}
{"level":"info","message":"Khởi tạo ứng dụng...","timestamp":"2026-05-21T13:16:18.493Z"}
{"context":"NestFactory","level":"info","message":"Starting Nest application...","timestamp":"2026-05-21T13:16:18.579Z"}
{"context":"InstanceLoader","level":"info","message":"PassportModule dependencies initialized","timestamp":"2026-05-21T13:16:18.586Z"}
{"context":"InstanceLoader","level":"info","message":"ConfigHostModule dependencies initialized","timestamp":"2026-05-21T13:16:18.587Z"}
{"context":"InstanceLoader","level":"info","message":"AppModule dependencies initialized","timestamp":"2026-05-21T13:16:18.587Z"}
{"context":"InstanceLoader","level":"info","message":"DiscoveryModule dependencies initialized","timestamp":"2026-05-21T13:16:18.587Z"}
{"context":"PrismaService","level":"info","message":"🔌 Prisma Connection String: postgresql://admin:******@localhost:5433/kyc_asset_db?schema=public","timestamp":"2026-05-21T13:16:18.590Z"}
{"context":"InstanceLoader","level":"info","message":"PortsModule dependencies initialized","timestamp":"2026-05-21T13:16:18.591Z"}
{"context":"InstanceLoader","level":"info","message":"FilesModule dependencies initialized","timestamp":"2026-05-21T13:16:18.591Z"}
{"context":"InstanceLoader","level":"info","message":"ConfigModule dependencies initialized","timestamp":"2026-05-21T13:16:18.591Z"}
{"context":"InstanceLoader","level":"info","message":"EventEmitterModule dependencies initialized","timestamp":"2026-05-21T13:16:18.592Z"}
{"context":"InstanceLoader","level":"info","message":"CommonModule dependencies initialized","timestamp":"2026-05-21T13:16:18.592Z"}
{"context":"InstanceLoader","level":"info","message":"JwtModule dependencies initialized","timestamp":"2026-05-21T13:16:18.592Z"}
{"context":"InstanceLoader","level":"info","message":"PrismaModule dependencies initialized","timestamp":"2026-05-21T13:16:18.593Z"}
{"context":"InstanceLoader","level":"info","message":"OutboxModule dependencies initialized","timestamp":"2026-05-21T13:16:18.593Z"}
{"context":"InstanceLoader","level":"info","message":"WhitelistIpModule dependencies initialized","timestamp":"2026-05-21T13:16:18.594Z"}
{"context":"InstanceLoader","level":"info","message":"AttributeModule dependencies initialized","timestamp":"2026-05-21T13:16:18.594Z"}
{"context":"InstanceLoader","level":"info","message":"DepartmentsModule dependencies initialized","timestamp":"2026-05-21T13:16:18.594Z"}
{"context":"InstanceLoader","level":"info","message":"UsersModule dependencies initialized","timestamp":"2026-05-21T13:16:18.595Z"}
{"context":"InstanceLoader","level":"info","message":"RolesModule dependencies initialized","timestamp":"2026-05-21T13:16:18.595Z"}
{"context":"InstanceLoader","level":"info","message":"PermissionsModule dependencies initialized","timestamp":"2026-05-21T13:16:18.595Z"}
{"context":"InstanceLoader","level":"info","message":"AuthModule dependencies initialized","timestamp":"2026-05-21T13:16:18.595Z"}
{"context":"LegacyRouteConverter","level":"warn","message":"Unsupported route path: \"/api/v1/*\". In previous versions, the symbols ?, *, and + were used to denote optional or repeating path parameters. The latest version of \"path-to-regexp\" now requires the use of named parameters. For example, instead of using a route like /users/* to capture all routes starting with \"/users\", you should use /users/*path. For more details, refer to the migration guide. Attempting to auto-convert...","timestamp":"2026-05-21T13:16:18.619Z"}
{"context":"RoutesResolver","level":"info","message":"AppController {/api/v1/ping}:","timestamp":"2026-05-21T13:16:18.620Z"}
{"context":"RouterExplorer","level":"info","message":"Mapped {/api/v1/ping, GET} route","timestamp":"2026-05-21T13:16:18.621Z"}
{"context":"RoutesResolver","level":"info","message":"UsersController {/api/v1/users}:","timestamp":"2026-05-21T13:16:18.621Z"}
{"context":"RouterExplorer","level":"info","message":"Mapped {/api/v1/users, POST} route","timestamp":"2026-05-21T13:16:18.622Z"}
{"context":"RouterExplorer","level":"info","message":"Mapped {/api/v1/users, GET} route","timestamp":"2026-05-21T13:16:18.622Z"}
{"context":"RouterExplorer","level":"info","message":"Mapped {/api/v1/users/:id, GET} route","timestamp":"2026-05-21T13:16:18.622Z"}
{"context":"RouterExplorer","level":"info","message":"Mapped {/api/v1/users/:id, PATCH} route","timestamp":"2026-05-21T13:16:18.622Z"}
{"context":"RouterExplorer","level":"info","message":"Mapped {/api/v1/users/:id, DELETE} route","timestamp":"2026-05-21T13:16:18.623Z"}
{"context":"RoutesResolver","level":"info","message":"WhitelistIpController {/api/v1/whitelist-ip}:","timestamp":"2026-05-21T13:16:18.623Z"}
{"context":"RouterExplorer","level":"info","message":"Mapped {/api/v1/whitelist-ip, POST} route","timestamp":"2026-05-21T13:16:18.623Z"}
{"context":"RouterExplorer","level":"info","message":"Mapped {/api/v1/whitelist-ip, GET} route","timestamp":"2026-05-21T13:16:18.623Z"}
{"context":"RouterExplorer","level":"info","message":"Mapped {/api/v1/whitelist-ip/:id, GET} route","timestamp":"2026-05-21T13:16:18.623Z"}
{"context":"RouterExplorer","level":"info","message":"Mapped {/api/v1/whitelist-ip/:id, PATCH} route","timestamp":"2026-05-21T13:16:18.624Z"}
{"context":"RouterExplorer","level":"info","message":"Mapped {/api/v1/whitelist-ip/:id, DELETE} route","timestamp":"2026-05-21T13:16:18.624Z"}
{"context":"RoutesResolver","level":"info","message":"RolesController {/api/v1/roles}:","timestamp":"2026-05-21T13:16:18.624Z"}
{"context":"RouterExplorer","level":"info","message":"Mapped {/api/v1/roles, POST} route","timestamp":"2026-05-21T13:16:18.624Z"}
{"context":"RouterExplorer","level":"info","message":"Mapped {/api/v1/roles, GET} route","timestamp":"2026-05-21T13:16:18.624Z"}
{"context":"RouterExplorer","level":"info","message":"Mapped {/api/v1/roles/:id, GET} route","timestamp":"2026-05-21T13:16:18.624Z"}
{"context":"RouterExplorer","level":"info","message":"Mapped {/api/v1/roles/:id, PATCH} route","timestamp":"2026-05-21T13:16:18.625Z"}
{"context":"RouterExplorer","level":"info","message":"Mapped {/api/v1/roles/:id, DELETE} route","timestamp":"2026-05-21T13:16:18.625Z"}
{"context":"RoutesResolver","level":"info","message":"PermissionsController {/api/v1/permissions}:","timestamp":"2026-05-21T13:16:18.625Z"}
{"context":"RouterExplorer","level":"info","message":"Mapped {/api/v1/permissions, POST} route","timestamp":"2026-05-21T13:16:18.625Z"}
{"context":"RouterExplorer","level":"info","message":"Mapped {/api/v1/permissions, GET} route","timestamp":"2026-05-21T13:16:18.625Z"}
{"context":"RouterExplorer","level":"info","message":"Mapped {/api/v1/permissions/:id, PATCH} route","timestamp":"2026-05-21T13:16:18.626Z"}
{"context":"RouterExplorer","level":"info","message":"Mapped {/api/v1/permissions/:id, DELETE} route","timestamp":"2026-05-21T13:16:18.626Z"}
{"context":"RoutesResolver","level":"info","message":"AuthController {/api/v1/auth}:","timestamp":"2026-05-21T13:16:18.626Z"}
{"context":"RouterExplorer","level":"info","message":"Mapped {/api/v1/auth/register, POST} route","timestamp":"2026-05-21T13:16:18.626Z"}
{"context":"RouterExplorer","level":"info","message":"Mapped {/api/v1/auth/login, POST} route","timestamp":"2026-05-21T13:16:18.626Z"}
{"context":"RouterExplorer","level":"info","message":"Mapped {/api/v1/auth/refresh, POST} route","timestamp":"2026-05-21T13:16:18.626Z"}
{"context":"RouterExplorer","level":"info","message":"Mapped {/api/v1/auth/logout, POST} route","timestamp":"2026-05-21T13:16:18.627Z"}
{"context":"RouterExplorer","level":"info","message":"Mapped {/api/v1/auth/me, GET} route","timestamp":"2026-05-21T13:16:18.627Z"}
{"context":"RouterExplorer","level":"info","message":"Mapped {/api/v1/auth/me/password, PATCH} route","timestamp":"2026-05-21T13:16:18.627Z"}
{"context":"RoutesResolver","level":"info","message":"AttributeController {/api/v1/attribute}:","timestamp":"2026-05-21T13:16:18.627Z"}
{"context":"RouterExplorer","level":"info","message":"Mapped {/api/v1/attribute, POST} route","timestamp":"2026-05-21T13:16:18.627Z"}
{"context":"RouterExplorer","level":"info","message":"Mapped {/api/v1/attribute, GET} route","timestamp":"2026-05-21T13:16:18.627Z"}
{"context":"RouterExplorer","level":"info","message":"Mapped {/api/v1/attribute/:id, GET} route","timestamp":"2026-05-21T13:16:18.628Z"}
{"context":"RouterExplorer","level":"info","message":"Mapped {/api/v1/attribute/:id, PATCH} route","timestamp":"2026-05-21T13:16:18.628Z"}
{"context":"RouterExplorer","level":"info","message":"Mapped {/api/v1/attribute/:id, DELETE} route","timestamp":"2026-05-21T13:16:18.628Z"}
{"context":"RoutesResolver","level":"info","message":"DepartmentsController {/api/v1/departments}:","timestamp":"2026-05-21T13:16:18.628Z"}
{"context":"RouterExplorer","level":"info","message":"Mapped {/api/v1/departments, POST} route","timestamp":"2026-05-21T13:16:18.628Z"}
{"context":"RouterExplorer","level":"info","message":"Mapped {/api/v1/departments, GET} route","timestamp":"2026-05-21T13:16:18.629Z"}
{"context":"RouterExplorer","level":"info","message":"Mapped {/api/v1/departments/:id, GET} route","timestamp":"2026-05-21T13:16:18.629Z"}
{"context":"RouterExplorer","level":"info","message":"Mapped {/api/v1/departments/:id, PATCH} route","timestamp":"2026-05-21T13:16:18.629Z"}
{"context":"RouterExplorer","level":"info","message":"Mapped {/api/v1/departments/:id, DELETE} route","timestamp":"2026-05-21T13:16:18.629Z"}
{"context":"RoutesResolver","level":"info","message":"PortsController {/api/v1/ports}:","timestamp":"2026-05-21T13:16:18.629Z"}
{"context":"RouterExplorer","level":"info","message":"Mapped {/api/v1/ports, POST} route","timestamp":"2026-05-21T13:16:18.629Z"}
{"context":"RouterExplorer","level":"info","message":"Mapped {/api/v1/ports, GET} route","timestamp":"2026-05-21T13:16:18.630Z"}
{"context":"RouterExplorer","level":"info","message":"Mapped {/api/v1/ports/:id, GET} route","timestamp":"2026-05-21T13:16:18.630Z"}
{"context":"RouterExplorer","level":"info","message":"Mapped {/api/v1/ports/:id, PATCH} route","timestamp":"2026-05-21T13:16:18.630Z"}
{"context":"RouterExplorer","level":"info","message":"Mapped {/api/v1/ports/:id, DELETE} route","timestamp":"2026-05-21T13:16:18.630Z"}
{"context":"RoutesResolver","level":"info","message":"FilesController {/api/v1/files}:","timestamp":"2026-05-21T13:16:18.630Z"}
{"context":"RouterExplorer","level":"info","message":"Mapped {/api/v1/files, POST} route","timestamp":"2026-05-21T13:16:18.631Z"}
{"context":"RouterExplorer","level":"info","message":"Mapped {/api/v1/files, GET} route","timestamp":"2026-05-21T13:16:18.631Z"}
{"context":"RouterExplorer","level":"info","message":"Mapped {/api/v1/files/:id, GET} route","timestamp":"2026-05-21T13:16:18.631Z"}
{"context":"RouterExplorer","level":"info","message":"Mapped {/api/v1/files/:id, PATCH} route","timestamp":"2026-05-21T13:16:18.631Z"}
{"context":"RouterExplorer","level":"info","message":"Mapped {/api/v1/files/:id, DELETE} route","timestamp":"2026-05-21T13:16:18.631Z"}
{"context":"PrismaService","level":"info","message":"Kết nối database thành công","timestamp":"2026-05-21T13:16:18.670Z"}
{"context":"GlobalPollingOutboxWorker","level":"info","message":"🚀 [GlobalWorker] Polling Worker đã kích hoạt (1s/lần)...","timestamp":"2026-05-21T13:16:18.670Z"}
{"context":"NestApplication","level":"info","message":"Nest application successfully started","timestamp":"2026-05-21T13:16:18.675Z"}
{"level":"info","message":"Khởi tạo ứng dụng...","timestamp":"2026-05-21T13:16:20.468Z"}
{"context":"NestFactory","level":"info","message":"Starting Nest application...","timestamp":"2026-05-21T13:16:20.561Z"}
{"context":"InstanceLoader","level":"info","message":"PassportModule dependencies initialized","timestamp":"2026-05-21T13:16:20.573Z"}
{"context":"InstanceLoader","level":"info","message":"ConfigHostModule dependencies initialized","timestamp":"2026-05-21T13:16:20.574Z"}
{"context":"InstanceLoader","level":"info","message":"AppModule dependencies initialized","timestamp":"2026-05-21T13:16:20.574Z"}
{"context":"InstanceLoader","level":"info","message":"DiscoveryModule dependencies initialized","timestamp":"2026-05-21T13:16:20.574Z"}
{"context":"PrismaService","level":"info","message":"🔌 Prisma Connection String: postgresql://admin:******@localhost:5433/kyc_asset_db?schema=public","timestamp":"2026-05-21T13:16:20.577Z"}
{"context":"InstanceLoader","level":"info","message":"PortsModule dependencies initialized","timestamp":"2026-05-21T13:16:20.578Z"}
{"context":"InstanceLoader","level":"info","message":"FilesModule dependencies initialized","timestamp":"2026-05-21T13:16:20.578Z"}
{"context":"InstanceLoader","level":"info","message":"ConfigModule dependencies initialized","timestamp":"2026-05-21T13:16:20.578Z"}
{"context":"InstanceLoader","level":"info","message":"EventEmitterModule dependencies initialized","timestamp":"2026-05-21T13:16:20.579Z"}
{"context":"InstanceLoader","level":"info","message":"CommonModule dependencies initialized","timestamp":"2026-05-21T13:16:20.579Z"}
{"context":"InstanceLoader","level":"info","message":"JwtModule dependencies initialized","timestamp":"2026-05-21T13:16:20.580Z"}
{"context":"InstanceLoader","level":"info","message":"PrismaModule dependencies initialized","timestamp":"2026-05-21T13:16:20.580Z"}
{"context":"InstanceLoader","level":"info","message":"OutboxModule dependencies initialized","timestamp":"2026-05-21T13:16:20.580Z"}
{"context":"InstanceLoader","level":"info","message":"WhitelistIpModule dependencies initialized","timestamp":"2026-05-21T13:16:20.582Z"}
{"context":"InstanceLoader","level":"info","message":"AttributeModule dependencies initialized","timestamp":"2026-05-21T13:16:20.582Z"}
{"context":"InstanceLoader","level":"info","message":"DepartmentsModule dependencies initialized","timestamp":"2026-05-21T13:16:20.582Z"}
{"context":"InstanceLoader","level":"info","message":"UsersModule dependencies initialized","timestamp":"2026-05-21T13:16:20.582Z"}
{"context":"InstanceLoader","level":"info","message":"RolesModule dependencies initialized","timestamp":"2026-05-21T13:16:20.582Z"}
{"context":"InstanceLoader","level":"info","message":"PermissionsModule dependencies initialized","timestamp":"2026-05-21T13:16:20.582Z"}
{"context":"InstanceLoader","level":"info","message":"AuthModule dependencies initialized","timestamp":"2026-05-21T13:16:20.583Z"}
{"context":"LegacyRouteConverter","level":"warn","message":"Unsupported route path: \"/api/v1/*\". In previous versions, the symbols ?, *, and + were used to denote optional or repeating path parameters. The latest version of \"path-to-regexp\" now requires the use of named parameters. For example, instead of using a route like /users/* to capture all routes starting with \"/users\", you should use /users/*path. For more details, refer to the migration guide. Attempting to auto-convert...","timestamp":"2026-05-21T13:16:20.614Z"}
{"context":"RoutesResolver","level":"info","message":"AppController {/api/v1/ping}:","timestamp":"2026-05-21T13:16:20.614Z"}
{"context":"RouterExplorer","level":"info","message":"Mapped {/api/v1/ping, GET} route","timestamp":"2026-05-21T13:16:20.616Z"}
{"context":"RoutesResolver","level":"info","message":"UsersController {/api/v1/users}:","timestamp":"2026-05-21T13:16:20.616Z"}
{"context":"RouterExplorer","level":"info","message":"Mapped {/api/v1/users, POST} route","timestamp":"2026-05-21T13:16:20.617Z"}
{"context":"RouterExplorer","level":"info","message":"Mapped {/api/v1/users, GET} route","timestamp":"2026-05-21T13:16:20.617Z"}
{"context":"RouterExplorer","level":"info","message":"Mapped {/api/v1/users/:id, GET} route","timestamp":"2026-05-21T13:16:20.618Z"}
{"context":"RouterExplorer","level":"info","message":"Mapped {/api/v1/users/:id, PATCH} route","timestamp":"2026-05-21T13:16:20.618Z"}
{"context":"RouterExplorer","level":"info","message":"Mapped {/api/v1/users/:id, DELETE} route","timestamp":"2026-05-21T13:16:20.618Z"}
{"context":"RoutesResolver","level":"info","message":"WhitelistIpController {/api/v1/whitelist-ip}:","timestamp":"2026-05-21T13:16:20.618Z"}
{"context":"RouterExplorer","level":"info","message":"Mapped {/api/v1/whitelist-ip, POST} route","timestamp":"2026-05-21T13:16:20.619Z"}
{"context":"RouterExplorer","level":"info","message":"Mapped {/api/v1/whitelist-ip, GET} route","timestamp":"2026-05-21T13:16:20.619Z"}
{"context":"RouterExplorer","level":"info","message":"Mapped {/api/v1/whitelist-ip/:id, GET} route","timestamp":"2026-05-21T13:16:20.620Z"}
{"context":"RouterExplorer","level":"info","message":"Mapped {/api/v1/whitelist-ip/:id, PATCH} route","timestamp":"2026-05-21T13:16:20.620Z"}
{"context":"RouterExplorer","level":"info","message":"Mapped {/api/v1/whitelist-ip/:id, DELETE} route","timestamp":"2026-05-21T13:16:20.620Z"}
{"context":"RoutesResolver","level":"info","message":"RolesController {/api/v1/roles}:","timestamp":"2026-05-21T13:16:20.621Z"}
{"context":"RouterExplorer","level":"info","message":"Mapped {/api/v1/roles, POST} route","timestamp":"2026-05-21T13:16:20.621Z"}
{"context":"RouterExplorer","level":"info","message":"Mapped {/api/v1/roles, GET} route","timestamp":"2026-05-21T13:16:20.621Z"}
{"context":"RouterExplorer","level":"info","message":"Mapped {/api/v1/roles/:id, GET} route","timestamp":"2026-05-21T13:16:20.622Z"}
{"context":"RouterExplorer","level":"info","message":"Mapped {/api/v1/roles/:id, PATCH} route","timestamp":"2026-05-21T13:16:20.622Z"}
{"context":"RouterExplorer","level":"info","message":"Mapped {/api/v1/roles/:id, DELETE} route","timestamp":"2026-05-21T13:16:20.622Z"}
{"context":"RoutesResolver","level":"info","message":"PermissionsController {/api/v1/permissions}:","timestamp":"2026-05-21T13:16:20.622Z"}
{"context":"RouterExplorer","level":"info","message":"Mapped {/api/v1/permissions, POST} route","timestamp":"2026-05-21T13:16:20.623Z"}
{"context":"RouterExplorer","level":"info","message":"Mapped {/api/v1/permissions, GET} route","timestamp":"2026-05-21T13:16:20.623Z"}
{"context":"RouterExplorer","level":"info","message":"Mapped {/api/v1/permissions/:id, PATCH} route","timestamp":"2026-05-21T13:16:20.623Z"}
{"context":"RouterExplorer","level":"info","message":"Mapped {/api/v1/permissions/:id, DELETE} route","timestamp":"2026-05-21T13:16:20.624Z"}
{"context":"RoutesResolver","level":"info","message":"AuthController {/api/v1/auth}:","timestamp":"2026-05-21T13:16:20.624Z"}
{"context":"RouterExplorer","level":"info","message":"Mapped {/api/v1/auth/register, POST} route","timestamp":"2026-05-21T13:16:20.624Z"}
{"context":"RouterExplorer","level":"info","message":"Mapped {/api/v1/auth/login, POST} route","timestamp":"2026-05-21T13:16:20.625Z"}
{"context":"RouterExplorer","level":"info","message":"Mapped {/api/v1/auth/refresh, POST} route","timestamp":"2026-05-21T13:16:20.625Z"}
{"context":"RouterExplorer","level":"info","message":"Mapped {/api/v1/auth/logout, POST} route","timestamp":"2026-05-21T13:16:20.626Z"}
{"context":"RouterExplorer","level":"info","message":"Mapped {/api/v1/auth/me, GET} route","timestamp":"2026-05-21T13:16:20.626Z"}
{"context":"RouterExplorer","level":"info","message":"Mapped {/api/v1/auth/me/password, PATCH} route","timestamp":"2026-05-21T13:16:20.626Z"}
{"context":"RoutesResolver","level":"info","message":"AttributeController {/api/v1/attribute}:","timestamp":"2026-05-21T13:16:20.626Z"}
{"context":"RouterExplorer","level":"info","message":"Mapped {/api/v1/attribute, POST} route","timestamp":"2026-05-21T13:16:20.627Z"}
{"context":"RouterExplorer","level":"info","message":"Mapped {/api/v1/attribute, GET} route","timestamp":"2026-05-21T13:16:20.627Z"}
{"context":"RouterExplorer","level":"info","message":"Mapped {/api/v1/attribute/:id, GET} route","timestamp":"2026-05-21T13:16:20.627Z"}
{"context":"RouterExplorer","level":"info","message":"Mapped {/api/v1/attribute/:id, PATCH} route","timestamp":"2026-05-21T13:16:20.627Z"}
{"context":"RouterExplorer","level":"info","message":"Mapped {/api/v1/attribute/:id, DELETE} route","timestamp":"2026-05-21T13:16:20.628Z"}
{"context":"RoutesResolver","level":"info","message":"DepartmentsController {/api/v1/departments}:","timestamp":"2026-05-21T13:16:20.628Z"}
{"context":"RouterExplorer","level":"info","message":"Mapped {/api/v1/departments, POST} route","timestamp":"2026-05-21T13:16:20.628Z"}
{"context":"RouterExplorer","level":"info","message":"Mapped {/api/v1/departments, GET} route","timestamp":"2026-05-21T13:16:20.629Z"}
{"context":"RouterExplorer","level":"info","message":"Mapped {/api/v1/departments/:id, GET} route","timestamp":"2026-05-21T13:16:20.629Z"}
{"context":"RouterExplorer","level":"info","message":"Mapped {/api/v1/departments/:id, PATCH} route","timestamp":"2026-05-21T13:16:20.629Z"}
{"context":"RouterExplorer","level":"info","message":"Mapped {/api/v1/departments/:id, DELETE} route","timestamp":"2026-05-21T13:16:20.629Z"}
{"context":"RoutesResolver","level":"info","message":"PortsController {/api/v1/ports}:","timestamp":"2026-05-21T13:16:20.630Z"}
{"context":"RouterExplorer","level":"info","message":"Mapped {/api/v1/ports, POST} route","timestamp":"2026-05-21T13:16:20.630Z"}
{"context":"RouterExplorer","level":"info","message":"Mapped {/api/v1/ports, GET} route","timestamp":"2026-05-21T13:16:20.630Z"}
{"context":"RouterExplorer","level":"info","message":"Mapped {/api/v1/ports/:id, GET} route","timestamp":"2026-05-21T13:16:20.630Z"}
{"context":"RouterExplorer","level":"info","message":"Mapped {/api/v1/ports/:id, PATCH} route","timestamp":"2026-05-21T13:16:20.631Z"}
{"context":"RouterExplorer","level":"info","message":"Mapped {/api/v1/ports/:id, DELETE} route","timestamp":"2026-05-21T13:16:20.631Z"}
{"context":"RoutesResolver","level":"info","message":"FilesController {/api/v1/files}:","timestamp":"2026-05-21T13:16:20.631Z"}
{"context":"RouterExplorer","level":"info","message":"Mapped {/api/v1/files, POST} route","timestamp":"2026-05-21T13:16:20.631Z"}
{"context":"RouterExplorer","level":"info","message":"Mapped {/api/v1/files, GET} route","timestamp":"2026-05-21T13:16:20.632Z"}
{"context":"RouterExplorer","level":"info","message":"Mapped {/api/v1/files/:id, GET} route","timestamp":"2026-05-21T13:16:20.632Z"}
{"context":"RouterExplorer","level":"info","message":"Mapped {/api/v1/files/:id, PATCH} route","timestamp":"2026-05-21T13:16:20.632Z"}
{"context":"RouterExplorer","level":"info","message":"Mapped {/api/v1/files/:id, DELETE} route","timestamp":"2026-05-21T13:16:20.633Z"}
{"context":"PrismaService","level":"info","message":"Kết nối database thành công","timestamp":"2026-05-21T13:16:20.677Z"}
{"context":"GlobalPollingOutboxWorker","level":"info","message":"🚀 [GlobalWorker] Polling Worker đã kích hoạt (1s/lần)...","timestamp":"2026-05-21T13:16:20.677Z"}
{"context":"NestApplication","level":"info","message":"Nest application successfully started","timestamp":"2026-05-21T13:16:20.683Z"}
{"level":"info","message":"Khởi tạo ứng dụng...","timestamp":"2026-05-21T13:16:55.386Z"}
{"context":"NestFactory","level":"info","message":"Starting Nest application...","timestamp":"2026-05-21T13:16:55.455Z"}
{"context":"InstanceLoader","level":"info","message":"PassportModule dependencies initialized","timestamp":"2026-05-21T13:16:55.463Z"}
{"context":"InstanceLoader","level":"info","message":"ConfigHostModule dependencies initialized","timestamp":"2026-05-21T13:16:55.464Z"}
{"context":"InstanceLoader","level":"info","message":"AppModule dependencies initialized","timestamp":"2026-05-21T13:16:55.464Z"}
{"context":"InstanceLoader","level":"info","message":"DiscoveryModule dependencies initialized","timestamp":"2026-05-21T13:16:55.464Z"}
{"context":"PrismaService","level":"info","message":"🔌 Prisma Connection String: postgresql://admin:******@localhost:5433/kyc_asset_db?schema=public","timestamp":"2026-05-21T13:16:55.467Z"}
{"context":"InstanceLoader","level":"info","message":"PortsModule dependencies initialized","timestamp":"2026-05-21T13:16:55.467Z"}
{"context":"InstanceLoader","level":"info","message":"FilesModule dependencies initialized","timestamp":"2026-05-21T13:16:55.467Z"}
{"context":"InstanceLoader","level":"info","message":"ConfigModule dependencies initialized","timestamp":"2026-05-21T13:16:55.467Z"}
{"context":"InstanceLoader","level":"info","message":"EventEmitterModule dependencies initialized","timestamp":"2026-05-21T13:16:55.468Z"}
{"context":"InstanceLoader","level":"info","message":"CommonModule dependencies initialized","timestamp":"2026-05-21T13:16:55.468Z"}
{"context":"InstanceLoader","level":"info","message":"JwtModule dependencies initialized","timestamp":"2026-05-21T13:16:55.468Z"}
{"context":"InstanceLoader","level":"info","message":"PrismaModule dependencies initialized","timestamp":"2026-05-21T13:16:55.469Z"}
{"context":"InstanceLoader","level":"info","message":"OutboxModule dependencies initialized","timestamp":"2026-05-21T13:16:55.469Z"}
{"context":"InstanceLoader","level":"info","message":"WhitelistIpModule dependencies initialized","timestamp":"2026-05-21T13:16:55.470Z"}
{"context":"InstanceLoader","level":"info","message":"AttributeModule dependencies initialized","timestamp":"2026-05-21T13:16:55.470Z"}
{"context":"InstanceLoader","level":"info","message":"DepartmentsModule dependencies initialized","timestamp":"2026-05-21T13:16:55.470Z"}
{"context":"InstanceLoader","level":"info","message":"UsersModule dependencies initialized","timestamp":"2026-05-21T13:16:55.470Z"}
{"context":"InstanceLoader","level":"info","message":"RolesModule dependencies initialized","timestamp":"2026-05-21T13:16:55.470Z"}
{"context":"InstanceLoader","level":"info","message":"PermissionsModule dependencies initialized","timestamp":"2026-05-21T13:16:55.470Z"}
{"context":"InstanceLoader","level":"info","message":"AuthModule dependencies initialized","timestamp":"2026-05-21T13:16:55.470Z"}
{"context":"LegacyRouteConverter","level":"warn","message":"Unsupported route path: \"/api/v1/*\". In previous versions, the symbols ?, *, and + were used to denote optional or repeating path parameters. The latest version of \"path-to-regexp\" now requires the use of named parameters. For example, instead of using a route like /users/* to capture all routes starting with \"/users\", you should use /users/*path. For more details, refer to the migration guide. Attempting to auto-convert...","timestamp":"2026-05-21T13:16:55.495Z"}
{"context":"RoutesResolver","level":"info","message":"AppController {/api/v1/ping}:","timestamp":"2026-05-21T13:16:55.495Z"}
{"context":"RouterExplorer","level":"info","message":"Mapped {/api/v1/ping, GET} route","timestamp":"2026-05-21T13:16:55.496Z"}
{"context":"RoutesResolver","level":"info","message":"UsersController {/api/v1/users}:","timestamp":"2026-05-21T13:16:55.497Z"}
{"context":"RouterExplorer","level":"info","message":"Mapped {/api/v1/users, POST} route","timestamp":"2026-05-21T13:16:55.497Z"}
{"context":"RouterExplorer","level":"info","message":"Mapped {/api/v1/users, GET} route","timestamp":"2026-05-21T13:16:55.497Z"}
{"context":"RouterExplorer","level":"info","message":"Mapped {/api/v1/users/:id, GET} route","timestamp":"2026-05-21T13:16:55.497Z"}
{"context":"RouterExplorer","level":"info","message":"Mapped {/api/v1/users/:id, PATCH} route","timestamp":"2026-05-21T13:16:55.498Z"}
{"context":"RouterExplorer","level":"info","message":"Mapped {/api/v1/users/:id, DELETE} route","timestamp":"2026-05-21T13:16:55.498Z"}
{"context":"RoutesResolver","level":"info","message":"WhitelistIpController {/api/v1/whitelist-ip}:","timestamp":"2026-05-21T13:16:55.498Z"}
{"context":"RouterExplorer","level":"info","message":"Mapped {/api/v1/whitelist-ip, POST} route","timestamp":"2026-05-21T13:16:55.498Z"}
{"context":"RouterExplorer","level":"info","message":"Mapped {/api/v1/whitelist-ip, GET} route","timestamp":"2026-05-21T13:16:55.498Z"}
{"context":"RouterExplorer","level":"info","message":"Mapped {/api/v1/whitelist-ip/:id, GET} route","timestamp":"2026-05-21T13:16:55.499Z"}
{"context":"RouterExplorer","level":"info","message":"Mapped {/api/v1/whitelist-ip/:id, PATCH} route","timestamp":"2026-05-21T13:16:55.499Z"}
{"context":"RouterExplorer","level":"info","message":"Mapped {/api/v1/whitelist-ip/:id, DELETE} route","timestamp":"2026-05-21T13:16:55.499Z"}
{"context":"RoutesResolver","level":"info","message":"RolesController {/api/v1/roles}:","timestamp":"2026-05-21T13:16:55.499Z"}
{"context":"RouterExplorer","level":"info","message":"Mapped {/api/v1/roles, POST} route","timestamp":"2026-05-21T13:16:55.499Z"}
{"context":"RouterExplorer","level":"info","message":"Mapped {/api/v1/roles, GET} route","timestamp":"2026-05-21T13:16:55.500Z"}
{"context":"RouterExplorer","level":"info","message":"Mapped {/api/v1/roles/:id, GET} route","timestamp":"2026-05-21T13:16:55.500Z"}
{"context":"RouterExplorer","level":"info","message":"Mapped {/api/v1/roles/:id, PATCH} route","timestamp":"2026-05-21T13:16:55.500Z"}
{"context":"RouterExplorer","level":"info","message":"Mapped {/api/v1/roles/:id, DELETE} route","timestamp":"2026-05-21T13:16:55.500Z"}
{"context":"RoutesResolver","level":"info","message":"PermissionsController {/api/v1/permissions}:","timestamp":"2026-05-21T13:16:55.500Z"}
{"context":"RouterExplorer","level":"info","message":"Mapped {/api/v1/permissions, POST} route","timestamp":"2026-05-21T13:16:55.501Z"}
{"context":"RouterExplorer","level":"info","message":"Mapped {/api/v1/permissions, GET} route","timestamp":"2026-05-21T13:16:55.501Z"}
{"context":"RouterExplorer","level":"info","message":"Mapped {/api/v1/permissions/:id, PATCH} route","timestamp":"2026-05-21T13:16:55.501Z"}
{"context":"RouterExplorer","level":"info","message":"Mapped {/api/v1/permissions/:id, DELETE} route","timestamp":"2026-05-21T13:16:55.501Z"}
{"context":"RoutesResolver","level":"info","message":"AuthController {/api/v1/auth}:","timestamp":"2026-05-21T13:16:55.501Z"}
{"context":"RouterExplorer","level":"info","message":"Mapped {/api/v1/auth/register, POST} route","timestamp":"2026-05-21T13:16:55.502Z"}
{"context":"RouterExplorer","level":"info","message":"Mapped {/api/v1/auth/login, POST} route","timestamp":"2026-05-21T13:16:55.502Z"}
{"context":"RouterExplorer","level":"info","message":"Mapped {/api/v1/auth/refresh, POST} route","timestamp":"2026-05-21T13:16:55.502Z"}
{"context":"RouterExplorer","level":"info","message":"Mapped {/api/v1/auth/logout, POST} route","timestamp":"2026-05-21T13:16:55.502Z"}
{"context":"RouterExplorer","level":"info","message":"Mapped {/api/v1/auth/me, GET} route","timestamp":"2026-05-21T13:16:55.502Z"}
{"context":"RouterExplorer","level":"info","message":"Mapped {/api/v1/auth/me/password, PATCH} route","timestamp":"2026-05-21T13:16:55.502Z"}
{"context":"RoutesResolver","level":"info","message":"AttributeController {/api/v1/attribute}:","timestamp":"2026-05-21T13:16:55.503Z"}
{"context":"RouterExplorer","level":"info","message":"Mapped {/api/v1/attribute, POST} route","timestamp":"2026-05-21T13:16:55.503Z"}
{"context":"RouterExplorer","level":"info","message":"Mapped {/api/v1/attribute, GET} route","timestamp":"2026-05-21T13:16:55.503Z"}
{"context":"RouterExplorer","level":"info","message":"Mapped {/api/v1/attribute/:id, GET} route","timestamp":"2026-05-21T13:16:55.503Z"}
{"context":"RouterExplorer","level":"info","message":"Mapped {/api/v1/attribute/:id, PATCH} route","timestamp":"2026-05-21T13:16:55.503Z"}
{"context":"RouterExplorer","level":"info","message":"Mapped {/api/v1/attribute/:id, DELETE} route","timestamp":"2026-05-21T13:16:55.503Z"}
{"context":"RoutesResolver","level":"info","message":"DepartmentsController {/api/v1/departments}:","timestamp":"2026-05-21T13:16:55.504Z"}
{"context":"RouterExplorer","level":"info","message":"Mapped {/api/v1/departments, POST} route","timestamp":"2026-05-21T13:16:55.504Z"}
{"context":"RouterExplorer","level":"info","message":"Mapped {/api/v1/departments, GET} route","timestamp":"2026-05-21T13:16:55.504Z"}
{"context":"RouterExplorer","level":"info","message":"Mapped {/api/v1/departments/:id, GET} route","timestamp":"2026-05-21T13:16:55.504Z"}
{"context":"RouterExplorer","level":"info","message":"Mapped {/api/v1/departments/:id, PATCH} route","timestamp":"2026-05-21T13:16:55.505Z"}
{"context":"RouterExplorer","level":"info","message":"Mapped {/api/v1/departments/:id, DELETE} route","timestamp":"2026-05-21T13:16:55.505Z"}
{"context":"RoutesResolver","level":"info","message":"PortsController {/api/v1/ports}:","timestamp":"2026-05-21T13:16:55.505Z"}
{"context":"RouterExplorer","level":"info","message":"Mapped {/api/v1/ports, POST} route","timestamp":"2026-05-21T13:16:55.505Z"}
{"context":"RouterExplorer","level":"info","message":"Mapped {/api/v1/ports, GET} route","timestamp":"2026-05-21T13:16:55.506Z"}
{"context":"RouterExplorer","level":"info","message":"Mapped {/api/v1/ports/:id, GET} route","timestamp":"2026-05-21T13:16:55.506Z"}
{"context":"RouterExplorer","level":"info","message":"Mapped {/api/v1/ports/:id, PATCH} route","timestamp":"2026-05-21T13:16:55.506Z"}
{"context":"RouterExplorer","level":"info","message":"Mapped {/api/v1/ports/:id, DELETE} route","timestamp":"2026-05-21T13:16:55.506Z"}
{"context":"RoutesResolver","level":"info","message":"FilesController {/api/v1/files}:","timestamp":"2026-05-21T13:16:55.506Z"}
{"context":"RouterExplorer","level":"info","message":"Mapped {/api/v1/files, POST} route","timestamp":"2026-05-21T13:16:55.507Z"}
{"context":"RouterExplorer","level":"info","message":"Mapped {/api/v1/files, GET} route","timestamp":"2026-05-21T13:16:55.507Z"}
{"context":"RouterExplorer","level":"info","message":"Mapped {/api/v1/files/:id, GET} route","timestamp":"2026-05-21T13:16:55.507Z"}
{"context":"RouterExplorer","level":"info","message":"Mapped {/api/v1/files/:id, PATCH} route","timestamp":"2026-05-21T13:16:55.507Z"}
{"context":"RouterExplorer","level":"info","message":"Mapped {/api/v1/files/:id, DELETE} route","timestamp":"2026-05-21T13:16:55.507Z"}
{"context":"PrismaService","level":"info","message":"Kết nối database thành công","timestamp":"2026-05-21T13:16:55.545Z"}
{"context":"GlobalPollingOutboxWorker","level":"info","message":"🚀 [GlobalWorker] Polling Worker đã kích hoạt (1s/lần)...","timestamp":"2026-05-21T13:16:55.546Z"}
{"context":"NestApplication","level":"info","message":"Nest application successfully started","timestamp":"2026-05-21T13:16:55.551Z"}
{"level":"info","message":"Khởi tạo ứng dụng...","timestamp":"2026-05-21T14:34:01.778Z"}
{"context":"NestFactory","level":"info","message":"Starting Nest application...","timestamp":"2026-05-21T14:34:01.849Z"}
{"context":"InstanceLoader","level":"info","message":"PassportModule dependencies initialized","timestamp":"2026-05-21T14:34:01.857Z"}
{"context":"InstanceLoader","level":"info","message":"ConfigHostModule dependencies initialized","timestamp":"2026-05-21T14:34:01.858Z"}
{"context":"InstanceLoader","level":"info","message":"AppModule dependencies initialized","timestamp":"2026-05-21T14:34:01.858Z"}
{"context":"InstanceLoader","level":"info","message":"DiscoveryModule dependencies initialized","timestamp":"2026-05-21T14:34:01.858Z"}
{"context":"PrismaService","level":"info","message":"🔌 Prisma Connection String: postgresql://admin:******@localhost:5433/kyc_asset_db?schema=public","timestamp":"2026-05-21T14:34:01.860Z"}
{"context":"InstanceLoader","level":"info","message":"PortsModule dependencies initialized","timestamp":"2026-05-21T14:34:01.861Z"}
{"context":"InstanceLoader","level":"info","message":"FilesModule dependencies initialized","timestamp":"2026-05-21T14:34:01.861Z"}
{"context":"InstanceLoader","level":"info","message":"ConfigModule dependencies initialized","timestamp":"2026-05-21T14:34:01.861Z"}
{"context":"InstanceLoader","level":"info","message":"EventEmitterModule dependencies initialized","timestamp":"2026-05-21T14:34:01.861Z"}
{"context":"InstanceLoader","level":"info","message":"CommonModule dependencies initialized","timestamp":"2026-05-21T14:34:01.861Z"}
{"context":"InstanceLoader","level":"info","message":"JwtModule dependencies initialized","timestamp":"2026-05-21T14:34:01.862Z"}
{"context":"InstanceLoader","level":"info","message":"PrismaModule dependencies initialized","timestamp":"2026-05-21T14:34:01.862Z"}
{"context":"InstanceLoader","level":"info","message":"OutboxModule dependencies initialized","timestamp":"2026-05-21T14:34:01.862Z"}
{"context":"InstanceLoader","level":"info","message":"WhitelistIpModule dependencies initialized","timestamp":"2026-05-21T14:34:01.863Z"}
{"context":"InstanceLoader","level":"info","message":"AttributeModule dependencies initialized","timestamp":"2026-05-21T14:34:01.864Z"}
{"context":"InstanceLoader","level":"info","message":"DepartmentsModule dependencies initialized","timestamp":"2026-05-21T14:34:01.864Z"}
{"context":"InstanceLoader","level":"info","message":"UsersModule dependencies initialized","timestamp":"2026-05-21T14:34:01.864Z"}
{"context":"InstanceLoader","level":"info","message":"RolesModule dependencies initialized","timestamp":"2026-05-21T14:34:01.864Z"}
{"context":"InstanceLoader","level":"info","message":"PermissionsModule dependencies initialized","timestamp":"2026-05-21T14:34:01.864Z"}
{"context":"InstanceLoader","level":"info","message":"AuthModule dependencies initialized","timestamp":"2026-05-21T14:34:01.864Z"}
{"context":"LegacyRouteConverter","level":"warn","message":"Unsupported route path: \"/api/v1/*\". In previous versions, the symbols ?, *, and + were used to denote optional or repeating path parameters. The latest version of \"path-to-regexp\" now requires the use of named parameters. For example, instead of using a route like /users/* to capture all routes starting with \"/users\", you should use /users/*path. For more details, refer to the migration guide. Attempting to auto-convert...","timestamp":"2026-05-21T14:34:01.888Z"}
{"context":"RoutesResolver","level":"info","message":"AppController {/api/v1/ping}:","timestamp":"2026-05-21T14:34:01.889Z"}
{"context":"RouterExplorer","level":"info","message":"Mapped {/api/v1/ping, GET} route","timestamp":"2026-05-21T14:34:01.890Z"}
{"context":"RoutesResolver","level":"info","message":"UsersController {/api/v1/users}:","timestamp":"2026-05-21T14:34:01.890Z"}
{"context":"RouterExplorer","level":"info","message":"Mapped {/api/v1/users, POST} route","timestamp":"2026-05-21T14:34:01.891Z"}
{"context":"RouterExplorer","level":"info","message":"Mapped {/api/v1/users, GET} route","timestamp":"2026-05-21T14:34:01.891Z"}
{"context":"RouterExplorer","level":"info","message":"Mapped {/api/v1/users/:id, GET} route","timestamp":"2026-05-21T14:34:01.891Z"}
{"context":"RouterExplorer","level":"info","message":"Mapped {/api/v1/users/:id, PATCH} route","timestamp":"2026-05-21T14:34:01.891Z"}
{"context":"RouterExplorer","level":"info","message":"Mapped {/api/v1/users/:id, DELETE} route","timestamp":"2026-05-21T14:34:01.892Z"}
{"context":"RoutesResolver","level":"info","message":"WhitelistIpController {/api/v1/whitelist-ip}:","timestamp":"2026-05-21T14:34:01.892Z"}
{"context":"RouterExplorer","level":"info","message":"Mapped {/api/v1/whitelist-ip, POST} route","timestamp":"2026-05-21T14:34:01.892Z"}
{"context":"RouterExplorer","level":"info","message":"Mapped {/api/v1/whitelist-ip, GET} route","timestamp":"2026-05-21T14:34:01.892Z"}
{"context":"RouterExplorer","level":"info","message":"Mapped {/api/v1/whitelist-ip/:id, GET} route","timestamp":"2026-05-21T14:34:01.892Z"}
{"context":"RouterExplorer","level":"info","message":"Mapped {/api/v1/whitelist-ip/:id, PATCH} route","timestamp":"2026-05-21T14:34:01.893Z"}
{"context":"RouterExplorer","level":"info","message":"Mapped {/api/v1/whitelist-ip/:id, DELETE} route","timestamp":"2026-05-21T14:34:01.893Z"}
{"context":"RoutesResolver","level":"info","message":"RolesController {/api/v1/roles}:","timestamp":"2026-05-21T14:34:01.893Z"}
{"context":"RouterExplorer","level":"info","message":"Mapped {/api/v1/roles, POST} route","timestamp":"2026-05-21T14:34:01.893Z"}
{"context":"RouterExplorer","level":"info","message":"Mapped {/api/v1/roles, GET} route","timestamp":"2026-05-21T14:34:01.893Z"}
{"context":"RouterExplorer","level":"info","message":"Mapped {/api/v1/roles/:id, GET} route","timestamp":"2026-05-21T14:34:01.893Z"}
{"context":"RouterExplorer","level":"info","message":"Mapped {/api/v1/roles/:id, PATCH} route","timestamp":"2026-05-21T14:34:01.894Z"}
{"context":"RouterExplorer","level":"info","message":"Mapped {/api/v1/roles/:id, DELETE} route","timestamp":"2026-05-21T14:34:01.894Z"}
{"context":"RoutesResolver","level":"info","message":"PermissionsController {/api/v1/permissions}:","timestamp":"2026-05-21T14:34:01.894Z"}
{"context":"RouterExplorer","level":"info","message":"Mapped {/api/v1/permissions, POST} route","timestamp":"2026-05-21T14:34:01.894Z"}
{"context":"RouterExplorer","level":"info","message":"Mapped {/api/v1/permissions, GET} route","timestamp":"2026-05-21T14:34:01.894Z"}
{"context":"RouterExplorer","level":"info","message":"Mapped {/api/v1/permissions/:id, PATCH} route","timestamp":"2026-05-21T14:34:01.895Z"}
{"context":"RouterExplorer","level":"info","message":"Mapped {/api/v1/permissions/:id, DELETE} route","timestamp":"2026-05-21T14:34:01.895Z"}
{"context":"RoutesResolver","level":"info","message":"AuthController {/api/v1/auth}:","timestamp":"2026-05-21T14:34:01.895Z"}
{"context":"RouterExplorer","level":"info","message":"Mapped {/api/v1/auth/register, POST} route","timestamp":"2026-05-21T14:34:01.895Z"}
{"context":"RouterExplorer","level":"info","message":"Mapped {/api/v1/auth/login, POST} route","timestamp":"2026-05-21T14:34:01.895Z"}
{"context":"RouterExplorer","level":"info","message":"Mapped {/api/v1/auth/refresh, POST} route","timestamp":"2026-05-21T14:34:01.895Z"}
{"context":"RouterExplorer","level":"info","message":"Mapped {/api/v1/auth/logout, POST} route","timestamp":"2026-05-21T14:34:01.896Z"}
{"context":"RouterExplorer","level":"info","message":"Mapped {/api/v1/auth/me, GET} route","timestamp":"2026-05-21T14:34:01.896Z"}
{"context":"RouterExplorer","level":"info","message":"Mapped {/api/v1/auth/me/password, PATCH} route","timestamp":"2026-05-21T14:34:01.896Z"}
{"context":"RoutesResolver","level":"info","message":"AttributeController {/api/v1/attribute}:","timestamp":"2026-05-21T14:34:01.896Z"}
{"context":"RouterExplorer","level":"info","message":"Mapped {/api/v1/attribute, POST} route","timestamp":"2026-05-21T14:34:01.896Z"}
{"context":"RouterExplorer","level":"info","message":"Mapped {/api/v1/attribute, GET} route","timestamp":"2026-05-21T14:34:01.896Z"}
{"context":"RouterExplorer","level":"info","message":"Mapped {/api/v1/attribute/:id, GET} route","timestamp":"2026-05-21T14:34:01.897Z"}
{"context":"RouterExplorer","level":"info","message":"Mapped {/api/v1/attribute/:id, PATCH} route","timestamp":"2026-05-21T14:34:01.897Z"}
{"context":"RouterExplorer","level":"info","message":"Mapped {/api/v1/attribute/:id, DELETE} route","timestamp":"2026-05-21T14:34:01.897Z"}
{"context":"RoutesResolver","level":"info","message":"DepartmentsController {/api/v1/departments}:","timestamp":"2026-05-21T14:34:01.897Z"}
{"context":"RouterExplorer","level":"info","message":"Mapped {/api/v1/departments, POST} route","timestamp":"2026-05-21T14:34:01.897Z"}
{"context":"RouterExplorer","level":"info","message":"Mapped {/api/v1/departments, GET} route","timestamp":"2026-05-21T14:34:01.897Z"}
{"context":"RouterExplorer","level":"info","message":"Mapped {/api/v1/departments/:id, GET} route","timestamp":"2026-05-21T14:34:01.898Z"}
{"context":"RouterExplorer","level":"info","message":"Mapped {/api/v1/departments/:id, PATCH} route","timestamp":"2026-05-21T14:34:01.898Z"}
{"context":"RouterExplorer","level":"info","message":"Mapped {/api/v1/departments/:id, DELETE} route","timestamp":"2026-05-21T14:34:01.898Z"}
{"context":"RoutesResolver","level":"info","message":"PortsController {/api/v1/ports}:","timestamp":"2026-05-21T14:34:01.898Z"}
{"context":"RouterExplorer","level":"info","message":"Mapped {/api/v1/ports, POST} route","timestamp":"2026-05-21T14:34:01.899Z"}
{"context":"RouterExplorer","level":"info","message":"Mapped {/api/v1/ports, GET} route","timestamp":"2026-05-21T14:34:01.899Z"}
{"context":"RouterExplorer","level":"info","message":"Mapped {/api/v1/ports/:id, GET} route","timestamp":"2026-05-21T14:34:01.899Z"}
{"context":"RouterExplorer","level":"info","message":"Mapped {/api/v1/ports/:id, PATCH} route","timestamp":"2026-05-21T14:34:01.899Z"}
{"context":"RouterExplorer","level":"info","message":"Mapped {/api/v1/ports/:id, DELETE} route","timestamp":"2026-05-21T14:34:01.899Z"}
{"context":"RoutesResolver","level":"info","message":"FilesController {/api/v1/files}:","timestamp":"2026-05-21T14:34:01.899Z"}
{"context":"RouterExplorer","level":"info","message":"Mapped {/api/v1/files, POST} route","timestamp":"2026-05-21T14:34:01.900Z"}
{"context":"RouterExplorer","level":"info","message":"Mapped {/api/v1/files, GET} route","timestamp":"2026-05-21T14:34:01.900Z"}
{"context":"RouterExplorer","level":"info","message":"Mapped {/api/v1/files/:id, GET} route","timestamp":"2026-05-21T14:34:01.900Z"}
{"context":"RouterExplorer","level":"info","message":"Mapped {/api/v1/files/:id, PATCH} route","timestamp":"2026-05-21T14:34:01.900Z"}
{"context":"RouterExplorer","level":"info","message":"Mapped {/api/v1/files/:id, DELETE} route","timestamp":"2026-05-21T14:34:01.900Z"}
{"context":"PrismaService","level":"info","message":"Kết nối database thành công","timestamp":"2026-05-21T14:34:01.939Z"}
{"context":"GlobalPollingOutboxWorker","level":"info","message":"🚀 [GlobalWorker] Polling Worker đã kích hoạt (1s/lần)...","timestamp":"2026-05-21T14:34:01.939Z"}
{"context":"NestApplication","level":"info","message":"Nest application successfully started","timestamp":"2026-05-21T14:34:01.944Z"}
{"level":"info","message":"Khởi tạo ứng dụng...","timestamp":"2026-05-21T14:34:02.868Z"}
{"context":"NestFactory","level":"info","message":"Starting Nest application...","timestamp":"2026-05-21T14:34:02.936Z"}
{"context":"InstanceLoader","level":"info","message":"PassportModule dependencies initialized","timestamp":"2026-05-21T14:34:02.947Z"}
{"context":"InstanceLoader","level":"info","message":"ConfigHostModule dependencies initialized","timestamp":"2026-05-21T14:34:02.947Z"}
{"context":"InstanceLoader","level":"info","message":"AppModule dependencies initialized","timestamp":"2026-05-21T14:34:02.948Z"}
{"context":"InstanceLoader","level":"info","message":"DiscoveryModule dependencies initialized","timestamp":"2026-05-21T14:34:02.948Z"}
{"context":"PrismaService","level":"info","message":"🔌 Prisma Connection String: postgresql://admin:******@localhost:5433/kyc_asset_db?schema=public","timestamp":"2026-05-21T14:34:02.950Z"}
{"context":"InstanceLoader","level":"info","message":"PortsModule dependencies initialized","timestamp":"2026-05-21T14:34:02.951Z"}
{"context":"InstanceLoader","level":"info","message":"FilesModule dependencies initialized","timestamp":"2026-05-21T14:34:02.951Z"}
{"context":"InstanceLoader","level":"info","message":"ConfigModule dependencies initialized","timestamp":"2026-05-21T14:34:02.951Z"}
{"context":"InstanceLoader","level":"info","message":"EventEmitterModule dependencies initialized","timestamp":"2026-05-21T14:34:02.951Z"}
{"context":"InstanceLoader","level":"info","message":"CommonModule dependencies initialized","timestamp":"2026-05-21T14:34:02.951Z"}
{"context":"InstanceLoader","level":"info","message":"JwtModule dependencies initialized","timestamp":"2026-05-21T14:34:02.952Z"}
{"context":"InstanceLoader","level":"info","message":"PrismaModule dependencies initialized","timestamp":"2026-05-21T14:34:02.953Z"}
{"context":"InstanceLoader","level":"info","message":"OutboxModule dependencies initialized","timestamp":"2026-05-21T14:34:02.953Z"}
{"context":"InstanceLoader","level":"info","message":"WhitelistIpModule dependencies initialized","timestamp":"2026-05-21T14:34:02.954Z"}
{"context":"InstanceLoader","level":"info","message":"AttributeModule dependencies initialized","timestamp":"2026-05-21T14:34:02.955Z"}
{"context":"InstanceLoader","level":"info","message":"DepartmentsModule dependencies initialized","timestamp":"2026-05-21T14:34:02.955Z"}
{"context":"InstanceLoader","level":"info","message":"UsersModule dependencies initialized","timestamp":"2026-05-21T14:34:02.955Z"}
{"context":"InstanceLoader","level":"info","message":"RolesModule dependencies initialized","timestamp":"2026-05-21T14:34:02.955Z"}
{"context":"InstanceLoader","level":"info","message":"PermissionsModule dependencies initialized","timestamp":"2026-05-21T14:34:02.956Z"}
{"context":"InstanceLoader","level":"info","message":"AuthModule dependencies initialized","timestamp":"2026-05-21T14:34:02.956Z"}
{"context":"LegacyRouteConverter","level":"warn","message":"Unsupported route path: \"/api/v1/*\". In previous versions, the symbols ?, *, and + were used to denote optional or repeating path parameters. The latest version of \"path-to-regexp\" now requires the use of named parameters. For example, instead of using a route like /users/* to capture all routes starting with \"/users\", you should use /users/*path. For more details, refer to the migration guide. Attempting to auto-convert...","timestamp":"2026-05-21T14:34:02.982Z"}
{"context":"RoutesResolver","level":"info","message":"AppController {/api/v1/ping}:","timestamp":"2026-05-21T14:34:02.982Z"}
{"context":"RouterExplorer","level":"info","message":"Mapped {/api/v1/ping, GET} route","timestamp":"2026-05-21T14:34:02.984Z"}
{"context":"RoutesResolver","level":"info","message":"UsersController {/api/v1/users}:","timestamp":"2026-05-21T14:34:02.984Z"}
{"context":"RouterExplorer","level":"info","message":"Mapped {/api/v1/users, POST} route","timestamp":"2026-05-21T14:34:02.984Z"}
{"context":"RouterExplorer","level":"info","message":"Mapped {/api/v1/users, GET} route","timestamp":"2026-05-21T14:34:02.985Z"}
{"context":"RouterExplorer","level":"info","message":"Mapped {/api/v1/users/:id, GET} route","timestamp":"2026-05-21T14:34:02.985Z"}
{"context":"RouterExplorer","level":"info","message":"Mapped {/api/v1/users/:id, PATCH} route","timestamp":"2026-05-21T14:34:02.985Z"}
{"context":"RouterExplorer","level":"info","message":"Mapped {/api/v1/users/:id, DELETE} route","timestamp":"2026-05-21T14:34:02.986Z"}
{"context":"RoutesResolver","level":"info","message":"WhitelistIpController {/api/v1/whitelist-ip}:","timestamp":"2026-05-21T14:34:02.986Z"}
{"context":"RouterExplorer","level":"info","message":"Mapped {/api/v1/whitelist-ip, POST} route","timestamp":"2026-05-21T14:34:02.986Z"}
{"context":"RouterExplorer","level":"info","message":"Mapped {/api/v1/whitelist-ip, GET} route","timestamp":"2026-05-21T14:34:02.986Z"}
{"context":"RouterExplorer","level":"info","message":"Mapped {/api/v1/whitelist-ip/:id, GET} route","timestamp":"2026-05-21T14:34:02.986Z"}
{"context":"RouterExplorer","level":"info","message":"Mapped {/api/v1/whitelist-ip/:id, PATCH} route","timestamp":"2026-05-21T14:34:02.987Z"}
{"context":"RouterExplorer","level":"info","message":"Mapped {/api/v1/whitelist-ip/:id, DELETE} route","timestamp":"2026-05-21T14:34:02.987Z"}
{"context":"RoutesResolver","level":"info","message":"RolesController {/api/v1/roles}:","timestamp":"2026-05-21T14:34:02.987Z"}
{"context":"RouterExplorer","level":"info","message":"Mapped {/api/v1/roles, POST} route","timestamp":"2026-05-21T14:34:02.987Z"}
{"context":"RouterExplorer","level":"info","message":"Mapped {/api/v1/roles, GET} route","timestamp":"2026-05-21T14:34:02.987Z"}
{"context":"RouterExplorer","level":"info","message":"Mapped {/api/v1/roles/:id, GET} route","timestamp":"2026-05-21T14:34:02.988Z"}
{"context":"RouterExplorer","level":"info","message":"Mapped {/api/v1/roles/:id, PATCH} route","timestamp":"2026-05-21T14:34:02.988Z"}
{"context":"RouterExplorer","level":"info","message":"Mapped {/api/v1/roles/:id, DELETE} route","timestamp":"2026-05-21T14:34:02.988Z"}
{"context":"RoutesResolver","level":"info","message":"PermissionsController {/api/v1/permissions}:","timestamp":"2026-05-21T14:34:02.988Z"}
{"context":"RouterExplorer","level":"info","message":"Mapped {/api/v1/permissions, POST} route","timestamp":"2026-05-21T14:34:02.989Z"}
{"context":"RouterExplorer","level":"info","message":"Mapped {/api/v1/permissions, GET} route","timestamp":"2026-05-21T14:34:02.989Z"}
{"context":"RouterExplorer","level":"info","message":"Mapped {/api/v1/permissions/:id, PATCH} route","timestamp":"2026-05-21T14:34:02.989Z"}
{"context":"RouterExplorer","level":"info","message":"Mapped {/api/v1/permissions/:id, DELETE} route","timestamp":"2026-05-21T14:34:02.989Z"}
{"context":"RoutesResolver","level":"info","message":"AuthController {/api/v1/auth}:","timestamp":"2026-05-21T14:34:02.990Z"}
{"context":"RouterExplorer","level":"info","message":"Mapped {/api/v1/auth/register, POST} route","timestamp":"2026-05-21T14:34:02.990Z"}
{"context":"RouterExplorer","level":"info","message":"Mapped {/api/v1/auth/login, POST} route","timestamp":"2026-05-21T14:34:02.990Z"}
{"context":"RouterExplorer","level":"info","message":"Mapped {/api/v1/auth/refresh, POST} route","timestamp":"2026-05-21T14:34:02.990Z"}
{"context":"RouterExplorer","level":"info","message":"Mapped {/api/v1/auth/logout, POST} route","timestamp":"2026-05-21T14:34:02.990Z"}
{"context":"RouterExplorer","level":"info","message":"Mapped {/api/v1/auth/me, GET} route","timestamp":"2026-05-21T14:34:02.991Z"}
{"context":"RouterExplorer","level":"info","message":"Mapped {/api/v1/auth/me/password, PATCH} route","timestamp":"2026-05-21T14:34:02.991Z"}
{"context":"RoutesResolver","level":"info","message":"AttributeController {/api/v1/attribute}:","timestamp":"2026-05-21T14:34:02.991Z"}
{"context":"RouterExplorer","level":"info","message":"Mapped {/api/v1/attribute, POST} route","timestamp":"2026-05-21T14:34:02.991Z"}
{"context":"RouterExplorer","level":"info","message":"Mapped {/api/v1/attribute, GET} route","timestamp":"2026-05-21T14:34:02.992Z"}
{"context":"RouterExplorer","level":"info","message":"Mapped {/api/v1/attribute/:id, GET} route","timestamp":"2026-05-21T14:34:02.992Z"}
{"context":"RouterExplorer","level":"info","message":"Mapped {/api/v1/attribute/:id, PATCH} route","timestamp":"2026-05-21T14:34:02.992Z"}
{"context":"RouterExplorer","level":"info","message":"Mapped {/api/v1/attribute/:id, DELETE} route","timestamp":"2026-05-21T14:34:02.992Z"}
{"context":"RoutesResolver","level":"info","message":"DepartmentsController {/api/v1/departments}:","timestamp":"2026-05-21T14:34:02.992Z"}
{"context":"RouterExplorer","level":"info","message":"Mapped {/api/v1/departments, POST} route","timestamp":"2026-05-21T14:34:02.993Z"}
{"context":"RouterExplorer","level":"info","message":"Mapped {/api/v1/departments, GET} route","timestamp":"2026-05-21T14:34:02.993Z"}
{"context":"RouterExplorer","level":"info","message":"Mapped {/api/v1/departments/:id, GET} route","timestamp":"2026-05-21T14:34:02.993Z"}
{"context":"RouterExplorer","level":"info","message":"Mapped {/api/v1/departments/:id, PATCH} route","timestamp":"2026-05-21T14:34:02.993Z"}
{"context":"RouterExplorer","level":"info","message":"Mapped {/api/v1/departments/:id, DELETE} route","timestamp":"2026-05-21T14:34:02.993Z"}
{"context":"RoutesResolver","level":"info","message":"PortsController {/api/v1/ports}:","timestamp":"2026-05-21T14:34:02.993Z"}
{"context":"RouterExplorer","level":"info","message":"Mapped {/api/v1/ports, POST} route","timestamp":"2026-05-21T14:34:02.994Z"}
{"context":"RouterExplorer","level":"info","message":"Mapped {/api/v1/ports, GET} route","timestamp":"2026-05-21T14:34:02.994Z"}
{"context":"RouterExplorer","level":"info","message":"Mapped {/api/v1/ports/:id, GET} route","timestamp":"2026-05-21T14:34:02.994Z"}
{"context":"RouterExplorer","level":"info","message":"Mapped {/api/v1/ports/:id, PATCH} route","timestamp":"2026-05-21T14:34:02.995Z"}
{"context":"RouterExplorer","level":"info","message":"Mapped {/api/v1/ports/:id, DELETE} route","timestamp":"2026-05-21T14:34:02.995Z"}
{"context":"RoutesResolver","level":"info","message":"FilesController {/api/v1/files}:","timestamp":"2026-05-21T14:34:02.995Z"}
{"context":"RouterExplorer","level":"info","message":"Mapped {/api/v1/files, POST} route","timestamp":"2026-05-21T14:34:02.996Z"}
{"context":"RouterExplorer","level":"info","message":"Mapped {/api/v1/files, GET} route","timestamp":"2026-05-21T14:34:02.996Z"}
{"context":"RouterExplorer","level":"info","message":"Mapped {/api/v1/files/:id, GET} route","timestamp":"2026-05-21T14:34:02.996Z"}
{"context":"RouterExplorer","level":"info","message":"Mapped {/api/v1/files/:id, PATCH} route","timestamp":"2026-05-21T14:34:02.997Z"}
{"context":"RouterExplorer","level":"info","message":"Mapped {/api/v1/files/:id, DELETE} route","timestamp":"2026-05-21T14:34:02.997Z"}
{"context":"PrismaService","level":"info","message":"Kết nối database thành công","timestamp":"2026-05-21T14:34:03.047Z"}
{"context":"GlobalPollingOutboxWorker","level":"info","message":"🚀 [GlobalWorker] Polling Worker đã kích hoạt (1s/lần)...","timestamp":"2026-05-21T14:34:03.047Z"}
{"context":"NestApplication","level":"info","message":"Nest application successfully started","timestamp":"2026-05-21T14:34:03.052Z"}
{"level":"info","message":"Khởi tạo ứng dụng...","timestamp":"2026-05-21T14:56:08.222Z"}
{"context":"NestFactory","level":"info","message":"Starting Nest application...","timestamp":"2026-05-21T14:56:08.295Z"}
{"context":"InstanceLoader","level":"info","message":"PassportModule dependencies initialized","timestamp":"2026-05-21T14:56:08.303Z"}
{"context":"InstanceLoader","level":"info","message":"ConfigHostModule dependencies initialized","timestamp":"2026-05-21T14:56:08.304Z"}
{"context":"InstanceLoader","level":"info","message":"AppModule dependencies initialized","timestamp":"2026-05-21T14:56:08.304Z"}
{"context":"InstanceLoader","level":"info","message":"DiscoveryModule dependencies initialized","timestamp":"2026-05-21T14:56:08.304Z"}
{"context":"PrismaService","level":"info","message":"🔌 Prisma Connection String: postgresql://admin:******@localhost:5433/kyc_asset_db?schema=public","timestamp":"2026-05-21T14:56:08.306Z"}
{"context":"InstanceLoader","level":"info","message":"PortsModule dependencies initialized","timestamp":"2026-05-21T14:56:08.307Z"}
{"context":"InstanceLoader","level":"info","message":"FilesModule dependencies initialized","timestamp":"2026-05-21T14:56:08.307Z"}
{"context":"InstanceLoader","level":"info","message":"ConfigModule dependencies initialized","timestamp":"2026-05-21T14:56:08.307Z"}
{"context":"InstanceLoader","level":"info","message":"EventEmitterModule dependencies initialized","timestamp":"2026-05-21T14:56:08.307Z"}
{"context":"InstanceLoader","level":"info","message":"CommonModule dependencies initialized","timestamp":"2026-05-21T14:56:08.308Z"}
{"context":"InstanceLoader","level":"info","message":"JwtModule dependencies initialized","timestamp":"2026-05-21T14:56:08.308Z"}
{"context":"InstanceLoader","level":"info","message":"PrismaModule dependencies initialized","timestamp":"2026-05-21T14:56:08.308Z"}
{"context":"InstanceLoader","level":"info","message":"OutboxModule dependencies initialized","timestamp":"2026-05-21T14:56:08.309Z"}
{"context":"InstanceLoader","level":"info","message":"WhitelistIpModule dependencies initialized","timestamp":"2026-05-21T14:56:08.310Z"}
{"context":"InstanceLoader","level":"info","message":"AttributeModule dependencies initialized","timestamp":"2026-05-21T14:56:08.310Z"}
{"context":"InstanceLoader","level":"info","message":"DepartmentsModule dependencies initialized","timestamp":"2026-05-21T14:56:08.310Z"}
{"context":"InstanceLoader","level":"info","message":"UsersModule dependencies initialized","timestamp":"2026-05-21T14:56:08.310Z"}
{"context":"InstanceLoader","level":"info","message":"RolesModule dependencies initialized","timestamp":"2026-05-21T14:56:08.310Z"}
{"context":"InstanceLoader","level":"info","message":"PermissionsModule dependencies initialized","timestamp":"2026-05-21T14:56:08.311Z"}
{"context":"InstanceLoader","level":"info","message":"AuthModule dependencies initialized","timestamp":"2026-05-21T14:56:08.311Z"}
{"context":"LegacyRouteConverter","level":"warn","message":"Unsupported route path: \"/api/v1/*\". In previous versions, the symbols ?, *, and + were used to denote optional or repeating path parameters. The latest version of \"path-to-regexp\" now requires the use of named parameters. For example, instead of using a route like /users/* to capture all routes starting with \"/users\", you should use /users/*path. For more details, refer to the migration guide. Attempting to auto-convert...","timestamp":"2026-05-21T14:56:08.335Z"}
{"context":"RoutesResolver","level":"info","message":"AppController {/api/v1/ping}:","timestamp":"2026-05-21T14:56:08.335Z"}
{"context":"RouterExplorer","level":"info","message":"Mapped {/api/v1/ping, GET} route","timestamp":"2026-05-21T14:56:08.337Z"}
{"context":"RoutesResolver","level":"info","message":"UsersController {/api/v1/users}:","timestamp":"2026-05-21T14:56:08.337Z"}
{"context":"RouterExplorer","level":"info","message":"Mapped {/api/v1/users, POST} route","timestamp":"2026-05-21T14:56:08.337Z"}
{"context":"RouterExplorer","level":"info","message":"Mapped {/api/v1/users, GET} route","timestamp":"2026-05-21T14:56:08.337Z"}
{"context":"RouterExplorer","level":"info","message":"Mapped {/api/v1/users/:id, GET} route","timestamp":"2026-05-21T14:56:08.338Z"}
{"context":"RouterExplorer","level":"info","message":"Mapped {/api/v1/users/:id, PATCH} route","timestamp":"2026-05-21T14:56:08.338Z"}
{"context":"RouterExplorer","level":"info","message":"Mapped {/api/v1/users/:id, DELETE} route","timestamp":"2026-05-21T14:56:08.338Z"}
{"context":"RoutesResolver","level":"info","message":"WhitelistIpController {/api/v1/whitelist-ip}:","timestamp":"2026-05-21T14:56:08.338Z"}
{"context":"RouterExplorer","level":"info","message":"Mapped {/api/v1/whitelist-ip, POST} route","timestamp":"2026-05-21T14:56:08.338Z"}
{"context":"RouterExplorer","level":"info","message":"Mapped {/api/v1/whitelist-ip, GET} route","timestamp":"2026-05-21T14:56:08.339Z"}
{"context":"RouterExplorer","level":"info","message":"Mapped {/api/v1/whitelist-ip/:id, GET} route","timestamp":"2026-05-21T14:56:08.339Z"}
{"context":"RouterExplorer","level":"info","message":"Mapped {/api/v1/whitelist-ip/:id, PATCH} route","timestamp":"2026-05-21T14:56:08.339Z"}
{"context":"RouterExplorer","level":"info","message":"Mapped {/api/v1/whitelist-ip/:id, DELETE} route","timestamp":"2026-05-21T14:56:08.339Z"}
{"context":"RoutesResolver","level":"info","message":"RolesController {/api/v1/roles}:","timestamp":"2026-05-21T14:56:08.340Z"}
{"context":"RouterExplorer","level":"info","message":"Mapped {/api/v1/roles, POST} route","timestamp":"2026-05-21T14:56:08.340Z"}
{"context":"RouterExplorer","level":"info","message":"Mapped {/api/v1/roles, GET} route","timestamp":"2026-05-21T14:56:08.340Z"}
{"context":"RouterExplorer","level":"info","message":"Mapped {/api/v1/roles/:id, GET} route","timestamp":"2026-05-21T14:56:08.340Z"}
{"context":"RouterExplorer","level":"info","message":"Mapped {/api/v1/roles/:id, PATCH} route","timestamp":"2026-05-21T14:56:08.340Z"}
{"context":"RouterExplorer","level":"info","message":"Mapped {/api/v1/roles/:id, DELETE} route","timestamp":"2026-05-21T14:56:08.341Z"}
{"context":"RoutesResolver","level":"info","message":"PermissionsController {/api/v1/permissions}:","timestamp":"2026-05-21T14:56:08.341Z"}
{"context":"RouterExplorer","level":"info","message":"Mapped {/api/v1/permissions, POST} route","timestamp":"2026-05-21T14:56:08.341Z"}
{"context":"RouterExplorer","level":"info","message":"Mapped {/api/v1/permissions, GET} route","timestamp":"2026-05-21T14:56:08.341Z"}
{"context":"RouterExplorer","level":"info","message":"Mapped {/api/v1/permissions/:id, PATCH} route","timestamp":"2026-05-21T14:56:08.341Z"}
{"context":"RouterExplorer","level":"info","message":"Mapped {/api/v1/permissions/:id, DELETE} route","timestamp":"2026-05-21T14:56:08.342Z"}
{"context":"RoutesResolver","level":"info","message":"AuthController {/api/v1/auth}:","timestamp":"2026-05-21T14:56:08.342Z"}
{"context":"RouterExplorer","level":"info","message":"Mapped {/api/v1/auth/register, POST} route","timestamp":"2026-05-21T14:56:08.342Z"}
{"context":"RouterExplorer","level":"info","message":"Mapped {/api/v1/auth/login, POST} route","timestamp":"2026-05-21T14:56:08.342Z"}
{"context":"RouterExplorer","level":"info","message":"Mapped {/api/v1/auth/refresh, POST} route","timestamp":"2026-05-21T14:56:08.342Z"}
{"context":"RouterExplorer","level":"info","message":"Mapped {/api/v1/auth/logout, POST} route","timestamp":"2026-05-21T14:56:08.343Z"}
{"context":"RouterExplorer","level":"info","message":"Mapped {/api/v1/auth/me, GET} route","timestamp":"2026-05-21T14:56:08.343Z"}
{"context":"RouterExplorer","level":"info","message":"Mapped {/api/v1/auth/me/password, PATCH} route","timestamp":"2026-05-21T14:56:08.343Z"}
{"context":"RoutesResolver","level":"info","message":"AttributeController {/api/v1/attribute}:","timestamp":"2026-05-21T14:56:08.343Z"}
{"context":"RouterExplorer","level":"info","message":"Mapped {/api/v1/attribute, POST} route","timestamp":"2026-05-21T14:56:08.344Z"}
{"context":"RouterExplorer","level":"info","message":"Mapped {/api/v1/attribute, GET} route","timestamp":"2026-05-21T14:56:08.344Z"}
{"context":"RouterExplorer","level":"info","message":"Mapped {/api/v1/attribute/:id, GET} route","timestamp":"2026-05-21T14:56:08.344Z"}
{"context":"RouterExplorer","level":"info","message":"Mapped {/api/v1/attribute/:id, PATCH} route","timestamp":"2026-05-21T14:56:08.344Z"}
{"context":"RouterExplorer","level":"info","message":"Mapped {/api/v1/attribute/:id, DELETE} route","timestamp":"2026-05-21T14:56:08.345Z"}
{"context":"RoutesResolver","level":"info","message":"DepartmentsController {/api/v1/departments}:","timestamp":"2026-05-21T14:56:08.345Z"}
{"context":"RouterExplorer","level":"info","message":"Mapped {/api/v1/departments, POST} route","timestamp":"2026-05-21T14:56:08.345Z"}
{"context":"RouterExplorer","level":"info","message":"Mapped {/api/v1/departments, GET} route","timestamp":"2026-05-21T14:56:08.345Z"}
{"context":"RouterExplorer","level":"info","message":"Mapped {/api/v1/departments/:id, GET} route","timestamp":"2026-05-21T14:56:08.346Z"}
{"context":"RouterExplorer","level":"info","message":"Mapped {/api/v1/departments/:id, PATCH} route","timestamp":"2026-05-21T14:56:08.346Z"}
{"context":"RouterExplorer","level":"info","message":"Mapped {/api/v1/departments/:id, DELETE} route","timestamp":"2026-05-21T14:56:08.346Z"}
{"context":"RoutesResolver","level":"info","message":"PortsController {/api/v1/ports}:","timestamp":"2026-05-21T14:56:08.346Z"}
{"context":"RouterExplorer","level":"info","message":"Mapped {/api/v1/ports, POST} route","timestamp":"2026-05-21T14:56:08.347Z"}
{"context":"RouterExplorer","level":"info","message":"Mapped {/api/v1/ports, GET} route","timestamp":"2026-05-21T14:56:08.347Z"}
{"context":"RouterExplorer","level":"info","message":"Mapped {/api/v1/ports/:id, GET} route","timestamp":"2026-05-21T14:56:08.347Z"}
{"context":"RouterExplorer","level":"info","message":"Mapped {/api/v1/ports/:id, PATCH} route","timestamp":"2026-05-21T14:56:08.347Z"}
{"context":"RouterExplorer","level":"info","message":"Mapped {/api/v1/ports/:id, DELETE} route","timestamp":"2026-05-21T14:56:08.347Z"}
{"context":"RoutesResolver","level":"info","message":"FilesController {/api/v1/files}:","timestamp":"2026-05-21T14:56:08.348Z"}
{"context":"RouterExplorer","level":"info","message":"Mapped {/api/v1/files, POST} route","timestamp":"2026-05-21T14:56:08.348Z"}
{"context":"RouterExplorer","level":"info","message":"Mapped {/api/v1/files, GET} route","timestamp":"2026-05-21T14:56:08.348Z"}
{"context":"RouterExplorer","level":"info","message":"Mapped {/api/v1/files/:id, GET} route","timestamp":"2026-05-21T14:56:08.348Z"}
{"context":"RouterExplorer","level":"info","message":"Mapped {/api/v1/files/:id, PATCH} route","timestamp":"2026-05-21T14:56:08.348Z"}
{"context":"RouterExplorer","level":"info","message":"Mapped {/api/v1/files/:id, DELETE} route","timestamp":"2026-05-21T14:56:08.349Z"}
{"context":"PrismaService","level":"info","message":"Kết nối database thành công","timestamp":"2026-05-21T14:56:08.388Z"}
{"context":"GlobalPollingOutboxWorker","level":"info","message":"🚀 [GlobalWorker] Polling Worker đã kích hoạt (1s/lần)...","timestamp":"2026-05-21T14:56:08.388Z"}
{"context":"NestApplication","level":"info","message":"Nest application successfully started","timestamp":"2026-05-21T14:56:08.394Z"}
{"level":"info","message":"Khởi tạo ứng dụng...","timestamp":"2026-05-21T14:56:32.909Z"}
{"context":"NestFactory","level":"info","message":"Starting Nest application...","timestamp":"2026-05-21T14:56:32.980Z"}
{"context":"InstanceLoader","level":"info","message":"PassportModule dependencies initialized","timestamp":"2026-05-21T14:56:32.987Z"}
{"context":"InstanceLoader","level":"info","message":"ConfigHostModule dependencies initialized","timestamp":"2026-05-21T14:56:32.988Z"}
{"context":"InstanceLoader","level":"info","message":"AppModule dependencies initialized","timestamp":"2026-05-21T14:56:32.988Z"}
{"context":"InstanceLoader","level":"info","message":"DiscoveryModule dependencies initialized","timestamp":"2026-05-21T14:56:32.988Z"}
{"context":"PrismaService","level":"info","message":"🔌 Prisma Connection String: postgresql://admin:******@localhost:5433/kyc_asset_db?schema=public","timestamp":"2026-05-21T14:56:32.991Z"}
{"context":"InstanceLoader","level":"info","message":"PortsModule dependencies initialized","timestamp":"2026-05-21T14:56:32.992Z"}
{"context":"InstanceLoader","level":"info","message":"FilesModule dependencies initialized","timestamp":"2026-05-21T14:56:32.992Z"}
{"context":"InstanceLoader","level":"info","message":"ConfigModule dependencies initialized","timestamp":"2026-05-21T14:56:32.992Z"}
{"context":"InstanceLoader","level":"info","message":"EventEmitterModule dependencies initialized","timestamp":"2026-05-21T14:56:32.992Z"}
{"context":"InstanceLoader","level":"info","message":"CommonModule dependencies initialized","timestamp":"2026-05-21T14:56:32.992Z"}
{"context":"InstanceLoader","level":"info","message":"JwtModule dependencies initialized","timestamp":"2026-05-21T14:56:32.993Z"}
{"context":"InstanceLoader","level":"info","message":"PrismaModule dependencies initialized","timestamp":"2026-05-21T14:56:32.993Z"}
{"context":"InstanceLoader","level":"info","message":"OutboxModule dependencies initialized","timestamp":"2026-05-21T14:56:32.993Z"}
{"context":"InstanceLoader","level":"info","message":"WhitelistIpModule dependencies initialized","timestamp":"2026-05-21T14:56:32.995Z"}
{"context":"InstanceLoader","level":"info","message":"AttributeModule dependencies initialized","timestamp":"2026-05-21T14:56:32.995Z"}
{"context":"InstanceLoader","level":"info","message":"DepartmentsModule dependencies initialized","timestamp":"2026-05-21T14:56:32.995Z"}
{"context":"InstanceLoader","level":"info","message":"UsersModule dependencies initialized","timestamp":"2026-05-21T14:56:32.995Z"}
{"context":"InstanceLoader","level":"info","message":"RolesModule dependencies initialized","timestamp":"2026-05-21T14:56:32.995Z"}
{"context":"InstanceLoader","level":"info","message":"PermissionsModule dependencies initialized","timestamp":"2026-05-21T14:56:32.995Z"}
{"context":"InstanceLoader","level":"info","message":"AuthModule dependencies initialized","timestamp":"2026-05-21T14:56:32.995Z"}
{"context":"LegacyRouteConverter","level":"warn","message":"Unsupported route path: \"/api/v1/*\". In previous versions, the symbols ?, *, and + were used to denote optional or repeating path parameters. The latest version of \"path-to-regexp\" now requires the use of named parameters. For example, instead of using a route like /users/* to capture all routes starting with \"/users\", you should use /users/*path. For more details, refer to the migration guide. Attempting to auto-convert...","timestamp":"2026-05-21T14:56:33.020Z"}
{"context":"RoutesResolver","level":"info","message":"AppController {/api/v1/ping}:","timestamp":"2026-05-21T14:56:33.021Z"}
{"context":"RouterExplorer","level":"info","message":"Mapped {/api/v1/ping, GET} route","timestamp":"2026-05-21T14:56:33.022Z"}
{"context":"RoutesResolver","level":"info","message":"UsersController {/api/v1/users}:","timestamp":"2026-05-21T14:56:33.022Z"}
{"context":"RouterExplorer","level":"info","message":"Mapped {/api/v1/users, POST} route","timestamp":"2026-05-21T14:56:33.023Z"}
{"context":"RouterExplorer","level":"info","message":"Mapped {/api/v1/users, GET} route","timestamp":"2026-05-21T14:56:33.023Z"}
{"context":"RouterExplorer","level":"info","message":"Mapped {/api/v1/users/:id, GET} route","timestamp":"2026-05-21T14:56:33.023Z"}
{"context":"RouterExplorer","level":"info","message":"Mapped {/api/v1/users/:id, PATCH} route","timestamp":"2026-05-21T14:56:33.023Z"}
{"context":"RouterExplorer","level":"info","message":"Mapped {/api/v1/users/:id, DELETE} route","timestamp":"2026-05-21T14:56:33.024Z"}
{"context":"RoutesResolver","level":"info","message":"WhitelistIpController {/api/v1/whitelist-ip}:","timestamp":"2026-05-21T14:56:33.024Z"}
{"context":"RouterExplorer","level":"info","message":"Mapped {/api/v1/whitelist-ip, POST} route","timestamp":"2026-05-21T14:56:33.024Z"}
{"context":"RouterExplorer","level":"info","message":"Mapped {/api/v1/whitelist-ip, GET} route","timestamp":"2026-05-21T14:56:33.024Z"}
{"context":"RouterExplorer","level":"info","message":"Mapped {/api/v1/whitelist-ip/:id, GET} route","timestamp":"2026-05-21T14:56:33.025Z"}
{"context":"RouterExplorer","level":"info","message":"Mapped {/api/v1/whitelist-ip/:id, PATCH} route","timestamp":"2026-05-21T14:56:33.025Z"}
{"context":"RouterExplorer","level":"info","message":"Mapped {/api/v1/whitelist-ip/:id, DELETE} route","timestamp":"2026-05-21T14:56:33.025Z"}
{"context":"RoutesResolver","level":"info","message":"RolesController {/api/v1/roles}:","timestamp":"2026-05-21T14:56:33.025Z"}
{"context":"RouterExplorer","level":"info","message":"Mapped {/api/v1/roles, POST} route","timestamp":"2026-05-21T14:56:33.026Z"}
{"context":"RouterExplorer","level":"info","message":"Mapped {/api/v1/roles, GET} route","timestamp":"2026-05-21T14:56:33.026Z"}
{"context":"RouterExplorer","level":"info","message":"Mapped {/api/v1/roles/:id, GET} route","timestamp":"2026-05-21T14:56:33.026Z"}
{"context":"RouterExplorer","level":"info","message":"Mapped {/api/v1/roles/:id, PATCH} route","timestamp":"2026-05-21T14:56:33.026Z"}
{"context":"RouterExplorer","level":"info","message":"Mapped {/api/v1/roles/:id, DELETE} route","timestamp":"2026-05-21T14:56:33.026Z"}
{"context":"RoutesResolver","level":"info","message":"PermissionsController {/api/v1/permissions}:","timestamp":"2026-05-21T14:56:33.027Z"}
{"context":"RouterExplorer","level":"info","message":"Mapped {/api/v1/permissions, POST} route","timestamp":"2026-05-21T14:56:33.027Z"}
{"context":"RouterExplorer","level":"info","message":"Mapped {/api/v1/permissions, GET} route","timestamp":"2026-05-21T14:56:33.027Z"}
{"context":"RouterExplorer","level":"info","message":"Mapped {/api/v1/permissions/:id, PATCH} route","timestamp":"2026-05-21T14:56:33.027Z"}
{"context":"RouterExplorer","level":"info","message":"Mapped {/api/v1/permissions/:id, DELETE} route","timestamp":"2026-05-21T14:56:33.027Z"}
{"context":"RoutesResolver","level":"info","message":"AuthController {/api/v1/auth}:","timestamp":"2026-05-21T14:56:33.027Z"}
{"context":"RouterExplorer","level":"info","message":"Mapped {/api/v1/auth/register, POST} route","timestamp":"2026-05-21T14:56:33.028Z"}
{"context":"RouterExplorer","level":"info","message":"Mapped {/api/v1/auth/login, POST} route","timestamp":"2026-05-21T14:56:33.028Z"}
{"context":"RouterExplorer","level":"info","message":"Mapped {/api/v1/auth/refresh, POST} route","timestamp":"2026-05-21T14:56:33.028Z"}
{"context":"RouterExplorer","level":"info","message":"Mapped {/api/v1/auth/logout, POST} route","timestamp":"2026-05-21T14:56:33.028Z"}
{"context":"RouterExplorer","level":"info","message":"Mapped {/api/v1/auth/me, GET} route","timestamp":"2026-05-21T14:56:33.028Z"}
{"context":"RouterExplorer","level":"info","message":"Mapped {/api/v1/auth/me/password, PATCH} route","timestamp":"2026-05-21T14:56:33.029Z"}
{"context":"RoutesResolver","level":"info","message":"AttributeController {/api/v1/attribute}:","timestamp":"2026-05-21T14:56:33.029Z"}
{"context":"RouterExplorer","level":"info","message":"Mapped {/api/v1/attribute, POST} route","timestamp":"2026-05-21T14:56:33.029Z"}
{"context":"RouterExplorer","level":"info","message":"Mapped {/api/v1/attribute, GET} route","timestamp":"2026-05-21T14:56:33.029Z"}
{"context":"RouterExplorer","level":"info","message":"Mapped {/api/v1/attribute/:id, GET} route","timestamp":"2026-05-21T14:56:33.030Z"}
{"context":"RouterExplorer","level":"info","message":"Mapped {/api/v1/attribute/:id, PATCH} route","timestamp":"2026-05-21T14:56:33.030Z"}
{"context":"RouterExplorer","level":"info","message":"Mapped {/api/v1/attribute/:id, DELETE} route","timestamp":"2026-05-21T14:56:33.030Z"}
{"context":"RoutesResolver","level":"info","message":"DepartmentsController {/api/v1/departments}:","timestamp":"2026-05-21T14:56:33.030Z"}
{"context":"RouterExplorer","level":"info","message":"Mapped {/api/v1/departments, POST} route","timestamp":"2026-05-21T14:56:33.030Z"}
{"context":"RouterExplorer","level":"info","message":"Mapped {/api/v1/departments, GET} route","timestamp":"2026-05-21T14:56:33.031Z"}
{"context":"RouterExplorer","level":"info","message":"Mapped {/api/v1/departments/:id, GET} route","timestamp":"2026-05-21T14:56:33.031Z"}
{"context":"RouterExplorer","level":"info","message":"Mapped {/api/v1/departments/:id, PATCH} route","timestamp":"2026-05-21T14:56:33.031Z"}
{"context":"RouterExplorer","level":"info","message":"Mapped {/api/v1/departments/:id, DELETE} route","timestamp":"2026-05-21T14:56:33.031Z"}
{"context":"RoutesResolver","level":"info","message":"PortsController {/api/v1/ports}:","timestamp":"2026-05-21T14:56:33.031Z"}
{"context":"RouterExplorer","level":"info","message":"Mapped {/api/v1/ports, POST} route","timestamp":"2026-05-21T14:56:33.031Z"}
{"context":"RouterExplorer","level":"info","message":"Mapped {/api/v1/ports, GET} route","timestamp":"2026-05-21T14:56:33.032Z"}
{"context":"RouterExplorer","level":"info","message":"Mapped {/api/v1/ports/:id, GET} route","timestamp":"2026-05-21T14:56:33.032Z"}
{"context":"RouterExplorer","level":"info","message":"Mapped {/api/v1/ports/:id, PATCH} route","timestamp":"2026-05-21T14:56:33.032Z"}
{"context":"RouterExplorer","level":"info","message":"Mapped {/api/v1/ports/:id, DELETE} route","timestamp":"2026-05-21T14:56:33.032Z"}
{"context":"RoutesResolver","level":"info","message":"FilesController {/api/v1/files}:","timestamp":"2026-05-21T14:56:33.032Z"}
{"context":"RouterExplorer","level":"info","message":"Mapped {/api/v1/files, POST} route","timestamp":"2026-05-21T14:56:33.033Z"}
{"context":"RouterExplorer","level":"info","message":"Mapped {/api/v1/files, GET} route","timestamp":"2026-05-21T14:56:33.033Z"}
{"context":"RouterExplorer","level":"info","message":"Mapped {/api/v1/files/:id, GET} route","timestamp":"2026-05-21T14:56:33.033Z"}
{"context":"RouterExplorer","level":"info","message":"Mapped {/api/v1/files/:id, PATCH} route","timestamp":"2026-05-21T14:56:33.033Z"}
{"context":"RouterExplorer","level":"info","message":"Mapped {/api/v1/files/:id, DELETE} route","timestamp":"2026-05-21T14:56:33.033Z"}
{"context":"PrismaService","level":"info","message":"Kết nối database thành công","timestamp":"2026-05-21T14:56:33.072Z"}
{"context":"GlobalPollingOutboxWorker","level":"info","message":"🚀 [GlobalWorker] Polling Worker đã kích hoạt (1s/lần)...","timestamp":"2026-05-21T14:56:33.072Z"}
{"context":"NestApplication","level":"info","message":"Nest application successfully started","timestamp":"2026-05-21T14:56:33.077Z"}
{"level":"info","message":"Khởi tạo ứng dụng...","timestamp":"2026-05-21T14:58:44.751Z"}
{"context":"NestFactory","level":"info","message":"Starting Nest application...","timestamp":"2026-05-21T14:58:44.821Z"}
{"context":"InstanceLoader","level":"info","message":"PassportModule dependencies initialized","timestamp":"2026-05-21T14:58:44.828Z"}
{"context":"InstanceLoader","level":"info","message":"ConfigHostModule dependencies initialized","timestamp":"2026-05-21T14:58:44.829Z"}
{"context":"InstanceLoader","level":"info","message":"AppModule dependencies initialized","timestamp":"2026-05-21T14:58:44.829Z"}
{"context":"InstanceLoader","level":"info","message":"DiscoveryModule dependencies initialized","timestamp":"2026-05-21T14:58:44.829Z"}
{"context":"PrismaService","level":"info","message":"🔌 Prisma Connection String: postgresql://admin:******@localhost:5433/kyc_asset_db?schema=public","timestamp":"2026-05-21T14:58:44.831Z"}
{"context":"InstanceLoader","level":"info","message":"PortsModule dependencies initialized","timestamp":"2026-05-21T14:58:44.832Z"}
{"context":"InstanceLoader","level":"info","message":"FilesModule dependencies initialized","timestamp":"2026-05-21T14:58:44.832Z"}
{"context":"InstanceLoader","level":"info","message":"ConfigModule dependencies initialized","timestamp":"2026-05-21T14:58:44.832Z"}
{"context":"InstanceLoader","level":"info","message":"EventEmitterModule dependencies initialized","timestamp":"2026-05-21T14:58:44.832Z"}
{"context":"InstanceLoader","level":"info","message":"CommonModule dependencies initialized","timestamp":"2026-05-21T14:58:44.832Z"}
{"context":"InstanceLoader","level":"info","message":"JwtModule dependencies initialized","timestamp":"2026-05-21T14:58:44.833Z"}
{"context":"InstanceLoader","level":"info","message":"PrismaModule dependencies initialized","timestamp":"2026-05-21T14:58:44.833Z"}
{"context":"InstanceLoader","level":"info","message":"OutboxModule dependencies initialized","timestamp":"2026-05-21T14:58:44.833Z"}
{"context":"InstanceLoader","level":"info","message":"WhitelistIpModule dependencies initialized","timestamp":"2026-05-21T14:58:44.834Z"}
{"context":"InstanceLoader","level":"info","message":"AttributeModule dependencies initialized","timestamp":"2026-05-21T14:58:44.834Z"}
{"context":"InstanceLoader","level":"info","message":"DepartmentsModule dependencies initialized","timestamp":"2026-05-21T14:58:44.834Z"}
{"context":"InstanceLoader","level":"info","message":"UsersModule dependencies initialized","timestamp":"2026-05-21T14:58:44.835Z"}
{"context":"InstanceLoader","level":"info","message":"RolesModule dependencies initialized","timestamp":"2026-05-21T14:58:44.835Z"}
{"context":"InstanceLoader","level":"info","message":"PermissionsModule dependencies initialized","timestamp":"2026-05-21T14:58:44.835Z"}
{"context":"InstanceLoader","level":"info","message":"AuthModule dependencies initialized","timestamp":"2026-05-21T14:58:44.835Z"}
{"context":"LegacyRouteConverter","level":"warn","message":"Unsupported route path: \"/api/v1/*\". In previous versions, the symbols ?, *, and + were used to denote optional or repeating path parameters. The latest version of \"path-to-regexp\" now requires the use of named parameters. For example, instead of using a route like /users/* to capture all routes starting with \"/users\", you should use /users/*path. For more details, refer to the migration guide. Attempting to auto-convert...","timestamp":"2026-05-21T14:58:44.859Z"}
{"context":"RoutesResolver","level":"info","message":"AppController {/api/v1/ping}:","timestamp":"2026-05-21T14:58:44.859Z"}
{"context":"RouterExplorer","level":"info","message":"Mapped {/api/v1/ping, GET} route","timestamp":"2026-05-21T14:58:44.861Z"}
{"context":"RoutesResolver","level":"info","message":"UsersController {/api/v1/users}:","timestamp":"2026-05-21T14:58:44.861Z"}
{"context":"RouterExplorer","level":"info","message":"Mapped {/api/v1/users, POST} route","timestamp":"2026-05-21T14:58:44.861Z"}
{"context":"RouterExplorer","level":"info","message":"Mapped {/api/v1/users, GET} route","timestamp":"2026-05-21T14:58:44.861Z"}
{"context":"RouterExplorer","level":"info","message":"Mapped {/api/v1/users/:id, GET} route","timestamp":"2026-05-21T14:58:44.862Z"}
{"context":"RouterExplorer","level":"info","message":"Mapped {/api/v1/users/:id, PATCH} route","timestamp":"2026-05-21T14:58:44.862Z"}
{"context":"RouterExplorer","level":"info","message":"Mapped {/api/v1/users/:id, DELETE} route","timestamp":"2026-05-21T14:58:44.862Z"}
{"context":"RoutesResolver","level":"info","message":"WhitelistIpController {/api/v1/whitelist-ip}:","timestamp":"2026-05-21T14:58:44.862Z"}
{"context":"RouterExplorer","level":"info","message":"Mapped {/api/v1/whitelist-ip, POST} route","timestamp":"2026-05-21T14:58:44.863Z"}
{"context":"RouterExplorer","level":"info","message":"Mapped {/api/v1/whitelist-ip, GET} route","timestamp":"2026-05-21T14:58:44.863Z"}
{"context":"RouterExplorer","level":"info","message":"Mapped {/api/v1/whitelist-ip/:id, GET} route","timestamp":"2026-05-21T14:58:44.863Z"}
{"context":"RouterExplorer","level":"info","message":"Mapped {/api/v1/whitelist-ip/:id, PATCH} route","timestamp":"2026-05-21T14:58:44.863Z"}
{"context":"RouterExplorer","level":"info","message":"Mapped {/api/v1/whitelist-ip/:id, DELETE} route","timestamp":"2026-05-21T14:58:44.864Z"}
{"context":"RoutesResolver","level":"info","message":"RolesController {/api/v1/roles}:","timestamp":"2026-05-21T14:58:44.864Z"}
{"context":"RouterExplorer","level":"info","message":"Mapped {/api/v1/roles, POST} route","timestamp":"2026-05-21T14:58:44.864Z"}
{"context":"RouterExplorer","level":"info","message":"Mapped {/api/v1/roles, GET} route","timestamp":"2026-05-21T14:58:44.864Z"}
{"context":"RouterExplorer","level":"info","message":"Mapped {/api/v1/roles/:id, GET} route","timestamp":"2026-05-21T14:58:44.865Z"}
{"context":"RouterExplorer","level":"info","message":"Mapped {/api/v1/roles/:id, PATCH} route","timestamp":"2026-05-21T14:58:44.865Z"}
{"context":"RouterExplorer","level":"info","message":"Mapped {/api/v1/roles/:id, DELETE} route","timestamp":"2026-05-21T14:58:44.865Z"}
{"context":"RoutesResolver","level":"info","message":"PermissionsController {/api/v1/permissions}:","timestamp":"2026-05-21T14:58:44.865Z"}
{"context":"RouterExplorer","level":"info","message":"Mapped {/api/v1/permissions, POST} route","timestamp":"2026-05-21T14:58:44.865Z"}
{"context":"RouterExplorer","level":"info","message":"Mapped {/api/v1/permissions, GET} route","timestamp":"2026-05-21T14:58:44.865Z"}
{"context":"RouterExplorer","level":"info","message":"Mapped {/api/v1/permissions/:id, PATCH} route","timestamp":"2026-05-21T14:58:44.866Z"}
{"context":"RouterExplorer","level":"info","message":"Mapped {/api/v1/permissions/:id, DELETE} route","timestamp":"2026-05-21T14:58:44.866Z"}
{"context":"RoutesResolver","level":"info","message":"AuthController {/api/v1/auth}:","timestamp":"2026-05-21T14:58:44.866Z"}
{"context":"RouterExplorer","level":"info","message":"Mapped {/api/v1/auth/register, POST} route","timestamp":"2026-05-21T14:58:44.866Z"}
{"context":"RouterExplorer","level":"info","message":"Mapped {/api/v1/auth/login, POST} route","timestamp":"2026-05-21T14:58:44.866Z"}
{"context":"RouterExplorer","level":"info","message":"Mapped {/api/v1/auth/refresh, POST} route","timestamp":"2026-05-21T14:58:44.867Z"}
{"context":"RouterExplorer","level":"info","message":"Mapped {/api/v1/auth/logout, POST} route","timestamp":"2026-05-21T14:58:44.867Z"}
{"context":"RouterExplorer","level":"info","message":"Mapped {/api/v1/auth/me, GET} route","timestamp":"2026-05-21T14:58:44.867Z"}
{"context":"RouterExplorer","level":"info","message":"Mapped {/api/v1/auth/me/password, PATCH} route","timestamp":"2026-05-21T14:58:44.867Z"}
{"context":"RoutesResolver","level":"info","message":"AttributeController {/api/v1/attribute}:","timestamp":"2026-05-21T14:58:44.867Z"}
{"context":"RouterExplorer","level":"info","message":"Mapped {/api/v1/attribute, POST} route","timestamp":"2026-05-21T14:58:44.867Z"}
{"context":"RouterExplorer","level":"info","message":"Mapped {/api/v1/attribute, GET} route","timestamp":"2026-05-21T14:58:44.868Z"}
{"context":"RouterExplorer","level":"info","message":"Mapped {/api/v1/attribute/:id, GET} route","timestamp":"2026-05-21T14:58:44.868Z"}
{"context":"RouterExplorer","level":"info","message":"Mapped {/api/v1/attribute/:id, PATCH} route","timestamp":"2026-05-21T14:58:44.868Z"}
{"context":"RouterExplorer","level":"info","message":"Mapped {/api/v1/attribute/:id, DELETE} route","timestamp":"2026-05-21T14:58:44.868Z"}
{"context":"RoutesResolver","level":"info","message":"DepartmentsController {/api/v1/departments}:","timestamp":"2026-05-21T14:58:44.868Z"}
{"context":"RouterExplorer","level":"info","message":"Mapped {/api/v1/departments, POST} route","timestamp":"2026-05-21T14:58:44.868Z"}
{"context":"RouterExplorer","level":"info","message":"Mapped {/api/v1/departments, GET} route","timestamp":"2026-05-21T14:58:44.869Z"}
{"context":"RouterExplorer","level":"info","message":"Mapped {/api/v1/departments/:id, GET} route","timestamp":"2026-05-21T14:58:44.869Z"}
{"context":"RouterExplorer","level":"info","message":"Mapped {/api/v1/departments/:id, PATCH} route","timestamp":"2026-05-21T14:58:44.869Z"}
{"context":"RouterExplorer","level":"info","message":"Mapped {/api/v1/departments/:id, DELETE} route","timestamp":"2026-05-21T14:58:44.869Z"}
{"context":"RoutesResolver","level":"info","message":"PortsController {/api/v1/ports}:","timestamp":"2026-05-21T14:58:44.869Z"}
{"context":"RouterExplorer","level":"info","message":"Mapped {/api/v1/ports, POST} route","timestamp":"2026-05-21T14:58:44.869Z"}
{"context":"RouterExplorer","level":"info","message":"Mapped {/api/v1/ports, GET} route","timestamp":"2026-05-21T14:58:44.870Z"}
{"context":"RouterExplorer","level":"info","message":"Mapped {/api/v1/ports/:id, GET} route","timestamp":"2026-05-21T14:58:44.870Z"}
{"context":"RouterExplorer","level":"info","message":"Mapped {/api/v1/ports/:id, PATCH} route","timestamp":"2026-05-21T14:58:44.870Z"}
{"context":"RouterExplorer","level":"info","message":"Mapped {/api/v1/ports/:id, DELETE} route","timestamp":"2026-05-21T14:58:44.870Z"}
{"context":"RoutesResolver","level":"info","message":"FilesController {/api/v1/files}:","timestamp":"2026-05-21T14:58:44.870Z"}
{"context":"RouterExplorer","level":"info","message":"Mapped {/api/v1/files, POST} route","timestamp":"2026-05-21T14:58:44.871Z"}
{"context":"RouterExplorer","level":"info","message":"Mapped {/api/v1/files, GET} route","timestamp":"2026-05-21T14:58:44.871Z"}
{"context":"RouterExplorer","level":"info","message":"Mapped {/api/v1/files/:id, GET} route","timestamp":"2026-05-21T14:58:44.871Z"}
{"context":"RouterExplorer","level":"info","message":"Mapped {/api/v1/files/:id, PATCH} route","timestamp":"2026-05-21T14:58:44.871Z"}
{"context":"RouterExplorer","level":"info","message":"Mapped {/api/v1/files/:id, DELETE} route","timestamp":"2026-05-21T14:58:44.871Z"}
{"context":"PrismaService","level":"info","message":"Kết nối database thành công","timestamp":"2026-05-21T14:58:44.914Z"}
{"context":"GlobalPollingOutboxWorker","level":"info","message":"🚀 [GlobalWorker] Polling Worker đã kích hoạt (1s/lần)...","timestamp":"2026-05-21T14:58:44.914Z"}
{"context":"NestApplication","level":"info","message":"Nest application successfully started","timestamp":"2026-05-21T14:58:44.919Z"}
{"level":"info","message":"Khởi tạo ứng dụng...","timestamp":"2026-05-21T14:58:55.190Z"}
{"context":"NestFactory","level":"info","message":"Starting Nest application...","timestamp":"2026-05-21T14:58:55.263Z"}
{"context":"InstanceLoader","level":"info","message":"PassportModule dependencies initialized","timestamp":"2026-05-21T14:58:55.270Z"}
{"context":"InstanceLoader","level":"info","message":"ConfigHostModule dependencies initialized","timestamp":"2026-05-21T14:58:55.270Z"}
{"context":"InstanceLoader","level":"info","message":"AppModule dependencies initialized","timestamp":"2026-05-21T14:58:55.271Z"}
{"context":"InstanceLoader","level":"info","message":"DiscoveryModule dependencies initialized","timestamp":"2026-05-21T14:58:55.271Z"}
{"context":"PrismaService","level":"info","message":"🔌 Prisma Connection String: postgresql://admin:******@localhost:5433/kyc_asset_db?schema=public","timestamp":"2026-05-21T14:58:55.273Z"}
{"context":"InstanceLoader","level":"info","message":"PortsModule dependencies initialized","timestamp":"2026-05-21T14:58:55.274Z"}
{"context":"InstanceLoader","level":"info","message":"FilesModule dependencies initialized","timestamp":"2026-05-21T14:58:55.274Z"}
{"context":"InstanceLoader","level":"info","message":"ConfigModule dependencies initialized","timestamp":"2026-05-21T14:58:55.274Z"}
{"context":"InstanceLoader","level":"info","message":"EventEmitterModule dependencies initialized","timestamp":"2026-05-21T14:58:55.275Z"}
{"context":"InstanceLoader","level":"info","message":"CommonModule dependencies initialized","timestamp":"2026-05-21T14:58:55.275Z"}
{"context":"InstanceLoader","level":"info","message":"JwtModule dependencies initialized","timestamp":"2026-05-21T14:58:55.275Z"}
{"context":"InstanceLoader","level":"info","message":"PrismaModule dependencies initialized","timestamp":"2026-05-21T14:58:55.276Z"}
{"context":"InstanceLoader","level":"info","message":"OutboxModule dependencies initialized","timestamp":"2026-05-21T14:58:55.276Z"}
{"context":"InstanceLoader","level":"info","message":"WhitelistIpModule dependencies initialized","timestamp":"2026-05-21T14:58:55.277Z"}
{"context":"InstanceLoader","level":"info","message":"AttributeModule dependencies initialized","timestamp":"2026-05-21T14:58:55.277Z"}
{"context":"InstanceLoader","level":"info","message":"DepartmentsModule dependencies initialized","timestamp":"2026-05-21T14:58:55.277Z"}
{"context":"InstanceLoader","level":"info","message":"UsersModule dependencies initialized","timestamp":"2026-05-21T14:58:55.277Z"}
{"context":"InstanceLoader","level":"info","message":"RolesModule dependencies initialized","timestamp":"2026-05-21T14:58:55.277Z"}
{"context":"InstanceLoader","level":"info","message":"PermissionsModule dependencies initialized","timestamp":"2026-05-21T14:58:55.277Z"}
{"context":"InstanceLoader","level":"info","message":"AuthModule dependencies initialized","timestamp":"2026-05-21T14:58:55.277Z"}
{"context":"LegacyRouteConverter","level":"warn","message":"Unsupported route path: \"/api/v1/*\". In previous versions, the symbols ?, *, and + were used to denote optional or repeating path parameters. The latest version of \"path-to-regexp\" now requires the use of named parameters. For example, instead of using a route like /users/* to capture all routes starting with \"/users\", you should use /users/*path. For more details, refer to the migration guide. Attempting to auto-convert...","timestamp":"2026-05-21T14:58:55.303Z"}
{"context":"RoutesResolver","level":"info","message":"AppController {/api/v1/ping}:","timestamp":"2026-05-21T14:58:55.303Z"}
{"context":"RouterExplorer","level":"info","message":"Mapped {/api/v1/ping, GET} route","timestamp":"2026-05-21T14:58:55.305Z"}
{"context":"RoutesResolver","level":"info","message":"UsersController {/api/v1/users}:","timestamp":"2026-05-21T14:58:55.305Z"}
{"context":"RouterExplorer","level":"info","message":"Mapped {/api/v1/users, POST} route","timestamp":"2026-05-21T14:58:55.305Z"}
{"context":"RouterExplorer","level":"info","message":"Mapped {/api/v1/users, GET} route","timestamp":"2026-05-21T14:58:55.306Z"}
{"context":"RouterExplorer","level":"info","message":"Mapped {/api/v1/users/:id, GET} route","timestamp":"2026-05-21T14:58:55.306Z"}
{"context":"RouterExplorer","level":"info","message":"Mapped {/api/v1/users/:id, PATCH} route","timestamp":"2026-05-21T14:58:55.306Z"}
{"context":"RouterExplorer","level":"info","message":"Mapped {/api/v1/users/:id, DELETE} route","timestamp":"2026-05-21T14:58:55.307Z"}
{"context":"RoutesResolver","level":"info","message":"WhitelistIpController {/api/v1/whitelist-ip}:","timestamp":"2026-05-21T14:58:55.307Z"}
{"context":"RouterExplorer","level":"info","message":"Mapped {/api/v1/whitelist-ip, POST} route","timestamp":"2026-05-21T14:58:55.307Z"}
{"context":"RouterExplorer","level":"info","message":"Mapped {/api/v1/whitelist-ip, GET} route","timestamp":"2026-05-21T14:58:55.307Z"}
{"context":"RouterExplorer","level":"info","message":"Mapped {/api/v1/whitelist-ip/:id, GET} route","timestamp":"2026-05-21T14:58:55.307Z"}
{"context":"RouterExplorer","level":"info","message":"Mapped {/api/v1/whitelist-ip/:id, PATCH} route","timestamp":"2026-05-21T14:58:55.308Z"}
{"context":"RouterExplorer","level":"info","message":"Mapped {/api/v1/whitelist-ip/:id, DELETE} route","timestamp":"2026-05-21T14:58:55.308Z"}
{"context":"RoutesResolver","level":"info","message":"RolesController {/api/v1/roles}:","timestamp":"2026-05-21T14:58:55.308Z"}
{"context":"RouterExplorer","level":"info","message":"Mapped {/api/v1/roles, POST} route","timestamp":"2026-05-21T14:58:55.309Z"}
{"context":"RouterExplorer","level":"info","message":"Mapped {/api/v1/roles, GET} route","timestamp":"2026-05-21T14:58:55.309Z"}
{"context":"RouterExplorer","level":"info","message":"Mapped {/api/v1/roles/:id, GET} route","timestamp":"2026-05-21T14:58:55.309Z"}
{"context":"RouterExplorer","level":"info","message":"Mapped {/api/v1/roles/:id, PATCH} route","timestamp":"2026-05-21T14:58:55.309Z"}
{"context":"RouterExplorer","level":"info","message":"Mapped {/api/v1/roles/:id, DELETE} route","timestamp":"2026-05-21T14:58:55.310Z"}
{"context":"RoutesResolver","level":"info","message":"PermissionsController {/api/v1/permissions}:","timestamp":"2026-05-21T14:58:55.310Z"}
{"context":"RouterExplorer","level":"info","message":"Mapped {/api/v1/permissions, POST} route","timestamp":"2026-05-21T14:58:55.310Z"}
{"context":"RouterExplorer","level":"info","message":"Mapped {/api/v1/permissions, GET} route","timestamp":"2026-05-21T14:58:55.310Z"}
{"context":"RouterExplorer","level":"info","message":"Mapped {/api/v1/permissions/:id, PATCH} route","timestamp":"2026-05-21T14:58:55.310Z"}
{"context":"RouterExplorer","level":"info","message":"Mapped {/api/v1/permissions/:id, DELETE} route","timestamp":"2026-05-21T14:58:55.311Z"}
{"context":"RoutesResolver","level":"info","message":"AuthController {/api/v1/auth}:","timestamp":"2026-05-21T14:58:55.311Z"}
{"context":"RouterExplorer","level":"info","message":"Mapped {/api/v1/auth/register, POST} route","timestamp":"2026-05-21T14:58:55.311Z"}
{"context":"RouterExplorer","level":"info","message":"Mapped {/api/v1/auth/login, POST} route","timestamp":"2026-05-21T14:58:55.311Z"}
{"context":"RouterExplorer","level":"info","message":"Mapped {/api/v1/auth/refresh, POST} route","timestamp":"2026-05-21T14:58:55.311Z"}
{"context":"RouterExplorer","level":"info","message":"Mapped {/api/v1/auth/logout, POST} route","timestamp":"2026-05-21T14:58:55.311Z"}
{"context":"RouterExplorer","level":"info","message":"Mapped {/api/v1/auth/me, GET} route","timestamp":"2026-05-21T14:58:55.312Z"}
{"context":"RouterExplorer","level":"info","message":"Mapped {/api/v1/auth/me/password, PATCH} route","timestamp":"2026-05-21T14:58:55.312Z"}
{"context":"RoutesResolver","level":"info","message":"AttributeController {/api/v1/attribute}:","timestamp":"2026-05-21T14:58:55.312Z"}
{"context":"RouterExplorer","level":"info","message":"Mapped {/api/v1/attribute, POST} route","timestamp":"2026-05-21T14:58:55.312Z"}
{"context":"RouterExplorer","level":"info","message":"Mapped {/api/v1/attribute, GET} route","timestamp":"2026-05-21T14:58:55.312Z"}
{"context":"RouterExplorer","level":"info","message":"Mapped {/api/v1/attribute/:id, GET} route","timestamp":"2026-05-21T14:58:55.313Z"}
{"context":"RouterExplorer","level":"info","message":"Mapped {/api/v1/attribute/:id, PATCH} route","timestamp":"2026-05-21T14:58:55.313Z"}
{"context":"RouterExplorer","level":"info","message":"Mapped {/api/v1/attribute/:id, DELETE} route","timestamp":"2026-05-21T14:58:55.313Z"}
{"context":"RoutesResolver","level":"info","message":"DepartmentsController {/api/v1/departments}:","timestamp":"2026-05-21T14:58:55.313Z"}
{"context":"RouterExplorer","level":"info","message":"Mapped {/api/v1/departments, POST} route","timestamp":"2026-05-21T14:58:55.313Z"}
{"context":"RouterExplorer","level":"info","message":"Mapped {/api/v1/departments, GET} route","timestamp":"2026-05-21T14:58:55.314Z"}
{"context":"RouterExplorer","level":"info","message":"Mapped {/api/v1/departments/:id, GET} route","timestamp":"2026-05-21T14:58:55.314Z"}
{"context":"RouterExplorer","level":"info","message":"Mapped {/api/v1/departments/:id, PATCH} route","timestamp":"2026-05-21T14:58:55.314Z"}
{"context":"RouterExplorer","level":"info","message":"Mapped {/api/v1/departments/:id, DELETE} route","timestamp":"2026-05-21T14:58:55.314Z"}
{"context":"RoutesResolver","level":"info","message":"PortsController {/api/v1/ports}:","timestamp":"2026-05-21T14:58:55.314Z"}
{"context":"RouterExplorer","level":"info","message":"Mapped {/api/v1/ports, POST} route","timestamp":"2026-05-21T14:58:55.315Z"}
{"context":"RouterExplorer","level":"info","message":"Mapped {/api/v1/ports, GET} route","timestamp":"2026-05-21T14:58:55.315Z"}
{"context":"RouterExplorer","level":"info","message":"Mapped {/api/v1/ports/:id, GET} route","timestamp":"2026-05-21T14:58:55.315Z"}
{"context":"RouterExplorer","level":"info","message":"Mapped {/api/v1/ports/:id, PATCH} route","timestamp":"2026-05-21T14:58:55.315Z"}
{"context":"RouterExplorer","level":"info","message":"Mapped {/api/v1/ports/:id, DELETE} route","timestamp":"2026-05-21T14:58:55.315Z"}
{"context":"RoutesResolver","level":"info","message":"FilesController {/api/v1/files}:","timestamp":"2026-05-21T14:58:55.316Z"}
{"context":"RouterExplorer","level":"info","message":"Mapped {/api/v1/files, POST} route","timestamp":"2026-05-21T14:58:55.316Z"}
{"context":"RouterExplorer","level":"info","message":"Mapped {/api/v1/files, GET} route","timestamp":"2026-05-21T14:58:55.316Z"}
{"context":"RouterExplorer","level":"info","message":"Mapped {/api/v1/files/:id, GET} route","timestamp":"2026-05-21T14:58:55.316Z"}
{"context":"RouterExplorer","level":"info","message":"Mapped {/api/v1/files/:id, PATCH} route","timestamp":"2026-05-21T14:58:55.316Z"}
{"context":"RouterExplorer","level":"info","message":"Mapped {/api/v1/files/:id, DELETE} route","timestamp":"2026-05-21T14:58:55.316Z"}
{"context":"PrismaService","level":"info","message":"Kết nối database thành công","timestamp":"2026-05-21T14:58:55.358Z"}
{"context":"GlobalPollingOutboxWorker","level":"info","message":"🚀 [GlobalWorker] Polling Worker đã kích hoạt (1s/lần)...","timestamp":"2026-05-21T14:58:55.359Z"}
{"context":"NestApplication","level":"info","message":"Nest application successfully started","timestamp":"2026-05-21T14:58:55.364Z"}
{"level":"info","message":"Khởi tạo ứng dụng...","timestamp":"2026-05-21T15:18:29.265Z"}
{"context":"NestFactory","level":"info","message":"Starting Nest application...","timestamp":"2026-05-21T15:18:29.339Z"}
{"context":"InstanceLoader","level":"info","message":"PassportModule dependencies initialized","timestamp":"2026-05-21T15:18:29.347Z"}
{"context":"InstanceLoader","level":"info","message":"ConfigHostModule dependencies initialized","timestamp":"2026-05-21T15:18:29.347Z"}
{"context":"InstanceLoader","level":"info","message":"AppModule dependencies initialized","timestamp":"2026-05-21T15:18:29.348Z"}
{"context":"InstanceLoader","level":"info","message":"DiscoveryModule dependencies initialized","timestamp":"2026-05-21T15:18:29.348Z"}
{"context":"PrismaService","level":"info","message":"🔌 Prisma Connection String: postgresql://admin:******@localhost:5433/kyc_asset_db?schema=public","timestamp":"2026-05-21T15:18:29.350Z"}
{"context":"InstanceLoader","level":"info","message":"PortsModule dependencies initialized","timestamp":"2026-05-21T15:18:29.351Z"}
{"context":"InstanceLoader","level":"info","message":"FilesModule dependencies initialized","timestamp":"2026-05-21T15:18:29.351Z"}
{"context":"InstanceLoader","level":"info","message":"ConfigModule dependencies initialized","timestamp":"2026-05-21T15:18:29.351Z"}
{"context":"InstanceLoader","level":"info","message":"EventEmitterModule dependencies initialized","timestamp":"2026-05-21T15:18:29.351Z"}
{"context":"InstanceLoader","level":"info","message":"CommonModule dependencies initialized","timestamp":"2026-05-21T15:18:29.351Z"}
{"context":"InstanceLoader","level":"info","message":"JwtModule dependencies initialized","timestamp":"2026-05-21T15:18:29.352Z"}
{"context":"InstanceLoader","level":"info","message":"PrismaModule dependencies initialized","timestamp":"2026-05-21T15:18:29.352Z"}
{"context":"InstanceLoader","level":"info","message":"OutboxModule dependencies initialized","timestamp":"2026-05-21T15:18:29.352Z"}
{"context":"InstanceLoader","level":"info","message":"WhitelistIpModule dependencies initialized","timestamp":"2026-05-21T15:18:29.353Z"}
{"context":"InstanceLoader","level":"info","message":"AttributeModule dependencies initialized","timestamp":"2026-05-21T15:18:29.354Z"}
{"context":"InstanceLoader","level":"info","message":"DepartmentsModule dependencies initialized","timestamp":"2026-05-21T15:18:29.354Z"}
{"context":"InstanceLoader","level":"info","message":"UsersModule dependencies initialized","timestamp":"2026-05-21T15:18:29.354Z"}
{"context":"InstanceLoader","level":"info","message":"RolesModule dependencies initialized","timestamp":"2026-05-21T15:18:29.354Z"}
{"context":"InstanceLoader","level":"info","message":"PermissionsModule dependencies initialized","timestamp":"2026-05-21T15:18:29.354Z"}
{"context":"InstanceLoader","level":"info","message":"AuthModule dependencies initialized","timestamp":"2026-05-21T15:18:29.354Z"}
{"context":"LegacyRouteConverter","level":"warn","message":"Unsupported route path: \"/api/v1/*\". In previous versions, the symbols ?, *, and + were used to denote optional or repeating path parameters. The latest version of \"path-to-regexp\" now requires the use of named parameters. For example, instead of using a route like /users/* to capture all routes starting with \"/users\", you should use /users/*path. For more details, refer to the migration guide. Attempting to auto-convert...","timestamp":"2026-05-21T15:18:29.379Z"}
{"context":"RoutesResolver","level":"info","message":"AppController {/api/v1/ping}:","timestamp":"2026-05-21T15:18:29.380Z"}
{"context":"RouterExplorer","level":"info","message":"Mapped {/api/v1/ping, GET} route","timestamp":"2026-05-21T15:18:29.381Z"}
{"context":"RoutesResolver","level":"info","message":"UsersController {/api/v1/users}:","timestamp":"2026-05-21T15:18:29.381Z"}
{"context":"RouterExplorer","level":"info","message":"Mapped {/api/v1/users, POST} route","timestamp":"2026-05-21T15:18:29.382Z"}
{"context":"RouterExplorer","level":"info","message":"Mapped {/api/v1/users, GET} route","timestamp":"2026-05-21T15:18:29.382Z"}
{"context":"RouterExplorer","level":"info","message":"Mapped {/api/v1/users/:id, GET} route","timestamp":"2026-05-21T15:18:29.382Z"}
{"context":"RouterExplorer","level":"info","message":"Mapped {/api/v1/users/:id, PATCH} route","timestamp":"2026-05-21T15:18:29.382Z"}
{"context":"RouterExplorer","level":"info","message":"Mapped {/api/v1/users/:id, DELETE} route","timestamp":"2026-05-21T15:18:29.383Z"}
{"context":"RoutesResolver","level":"info","message":"WhitelistIpController {/api/v1/whitelist-ip}:","timestamp":"2026-05-21T15:18:29.383Z"}
{"context":"RouterExplorer","level":"info","message":"Mapped {/api/v1/whitelist-ip, POST} route","timestamp":"2026-05-21T15:18:29.383Z"}
{"context":"RouterExplorer","level":"info","message":"Mapped {/api/v1/whitelist-ip, GET} route","timestamp":"2026-05-21T15:18:29.383Z"}
{"context":"RouterExplorer","level":"info","message":"Mapped {/api/v1/whitelist-ip/:id, GET} route","timestamp":"2026-05-21T15:18:29.383Z"}
{"context":"RouterExplorer","level":"info","message":"Mapped {/api/v1/whitelist-ip/:id, PATCH} route","timestamp":"2026-05-21T15:18:29.384Z"}
{"context":"RouterExplorer","level":"info","message":"Mapped {/api/v1/whitelist-ip/:id, DELETE} route","timestamp":"2026-05-21T15:18:29.384Z"}
{"context":"RoutesResolver","level":"info","message":"RolesController {/api/v1/roles}:","timestamp":"2026-05-21T15:18:29.384Z"}
{"context":"RouterExplorer","level":"info","message":"Mapped {/api/v1/roles, POST} route","timestamp":"2026-05-21T15:18:29.384Z"}
{"context":"RouterExplorer","level":"info","message":"Mapped {/api/v1/roles, GET} route","timestamp":"2026-05-21T15:18:29.385Z"}
{"context":"RouterExplorer","level":"info","message":"Mapped {/api/v1/roles/:id, GET} route","timestamp":"2026-05-21T15:18:29.385Z"}
{"context":"RouterExplorer","level":"info","message":"Mapped {/api/v1/roles/:id, PATCH} route","timestamp":"2026-05-21T15:18:29.385Z"}
{"context":"RouterExplorer","level":"info","message":"Mapped {/api/v1/roles/:id, DELETE} route","timestamp":"2026-05-21T15:18:29.385Z"}
{"context":"RoutesResolver","level":"info","message":"PermissionsController {/api/v1/permissions}:","timestamp":"2026-05-21T15:18:29.385Z"}
{"context":"RouterExplorer","level":"info","message":"Mapped {/api/v1/permissions, POST} route","timestamp":"2026-05-21T15:18:29.385Z"}
{"context":"RouterExplorer","level":"info","message":"Mapped {/api/v1/permissions, GET} route","timestamp":"2026-05-21T15:18:29.386Z"}
{"context":"RouterExplorer","level":"info","message":"Mapped {/api/v1/permissions/:id, PATCH} route","timestamp":"2026-05-21T15:18:29.386Z"}
{"context":"RouterExplorer","level":"info","message":"Mapped {/api/v1/permissions/:id, DELETE} route","timestamp":"2026-05-21T15:18:29.386Z"}
{"context":"RoutesResolver","level":"info","message":"AuthController {/api/v1/auth}:","timestamp":"2026-05-21T15:18:29.386Z"}
{"context":"RouterExplorer","level":"info","message":"Mapped {/api/v1/auth/register, POST} route","timestamp":"2026-05-21T15:18:29.386Z"}
{"context":"RouterExplorer","level":"info","message":"Mapped {/api/v1/auth/login, POST} route","timestamp":"2026-05-21T15:18:29.387Z"}
{"context":"RouterExplorer","level":"info","message":"Mapped {/api/v1/auth/refresh, POST} route","timestamp":"2026-05-21T15:18:29.387Z"}
{"context":"RouterExplorer","level":"info","message":"Mapped {/api/v1/auth/logout, POST} route","timestamp":"2026-05-21T15:18:29.387Z"}
{"context":"RouterExplorer","level":"info","message":"Mapped {/api/v1/auth/me, GET} route","timestamp":"2026-05-21T15:18:29.387Z"}
{"context":"RouterExplorer","level":"info","message":"Mapped {/api/v1/auth/me/password, PATCH} route","timestamp":"2026-05-21T15:18:29.387Z"}
{"context":"RoutesResolver","level":"info","message":"AttributeController {/api/v1/attribute}:","timestamp":"2026-05-21T15:18:29.387Z"}
{"context":"RouterExplorer","level":"info","message":"Mapped {/api/v1/attribute, POST} route","timestamp":"2026-05-21T15:18:29.388Z"}
{"context":"RouterExplorer","level":"info","message":"Mapped {/api/v1/attribute, GET} route","timestamp":"2026-05-21T15:18:29.388Z"}
{"context":"RouterExplorer","level":"info","message":"Mapped {/api/v1/attribute/:id, GET} route","timestamp":"2026-05-21T15:18:29.388Z"}
{"context":"RouterExplorer","level":"info","message":"Mapped {/api/v1/attribute/:id, PATCH} route","timestamp":"2026-05-21T15:18:29.388Z"}
{"context":"RouterExplorer","level":"info","message":"Mapped {/api/v1/attribute/:id, DELETE} route","timestamp":"2026-05-21T15:18:29.388Z"}
{"context":"RoutesResolver","level":"info","message":"DepartmentsController {/api/v1/departments}:","timestamp":"2026-05-21T15:18:29.388Z"}
{"context":"RouterExplorer","level":"info","message":"Mapped {/api/v1/departments, POST} route","timestamp":"2026-05-21T15:18:29.388Z"}
{"context":"RouterExplorer","level":"info","message":"Mapped {/api/v1/departments, GET} route","timestamp":"2026-05-21T15:18:29.389Z"}
{"context":"RouterExplorer","level":"info","message":"Mapped {/api/v1/departments/:id, GET} route","timestamp":"2026-05-21T15:18:29.389Z"}
{"context":"RouterExplorer","level":"info","message":"Mapped {/api/v1/departments/:id, PATCH} route","timestamp":"2026-05-21T15:18:29.389Z"}
{"context":"RouterExplorer","level":"info","message":"Mapped {/api/v1/departments/:id, DELETE} route","timestamp":"2026-05-21T15:18:29.389Z"}
{"context":"RoutesResolver","level":"info","message":"PortsController {/api/v1/ports}:","timestamp":"2026-05-21T15:18:29.389Z"}
{"context":"RouterExplorer","level":"info","message":"Mapped {/api/v1/ports, POST} route","timestamp":"2026-05-21T15:18:29.390Z"}
{"context":"RouterExplorer","level":"info","message":"Mapped {/api/v1/ports, GET} route","timestamp":"2026-05-21T15:18:29.390Z"}
{"context":"RouterExplorer","level":"info","message":"Mapped {/api/v1/ports/:id, GET} route","timestamp":"2026-05-21T15:18:29.390Z"}
{"context":"RouterExplorer","level":"info","message":"Mapped {/api/v1/ports/:id, PATCH} route","timestamp":"2026-05-21T15:18:29.390Z"}
{"context":"RouterExplorer","level":"info","message":"Mapped {/api/v1/ports/:id, DELETE} route","timestamp":"2026-05-21T15:18:29.390Z"}
{"context":"RoutesResolver","level":"info","message":"FilesController {/api/v1/files}:","timestamp":"2026-05-21T15:18:29.391Z"}
{"context":"RouterExplorer","level":"info","message":"Mapped {/api/v1/files, POST} route","timestamp":"2026-05-21T15:18:29.391Z"}
{"context":"RouterExplorer","level":"info","message":"Mapped {/api/v1/files, GET} route","timestamp":"2026-05-21T15:18:29.391Z"}
{"context":"RouterExplorer","level":"info","message":"Mapped {/api/v1/files/:id, GET} route","timestamp":"2026-05-21T15:18:29.391Z"}
{"context":"RouterExplorer","level":"info","message":"Mapped {/api/v1/files/:id, PATCH} route","timestamp":"2026-05-21T15:18:29.391Z"}
{"context":"RouterExplorer","level":"info","message":"Mapped {/api/v1/files/:id, DELETE} route","timestamp":"2026-05-21T15:18:29.391Z"}
{"context":"PrismaService","level":"info","message":"Kết nối database thành công","timestamp":"2026-05-21T15:18:29.428Z"}
{"context":"GlobalPollingOutboxWorker","level":"info","message":"🚀 [GlobalWorker] Polling Worker đã kích hoạt (1s/lần)...","timestamp":"2026-05-21T15:18:29.429Z"}
{"context":"NestApplication","level":"info","message":"Nest application successfully started","timestamp":"2026-05-21T15:18:29.431Z"}
{"level":"info","message":"Khởi tạo ứng dụng...","timestamp":"2026-05-21T15:19:35.387Z"}
{"context":"NestFactory","level":"info","message":"Starting Nest application...","timestamp":"2026-05-21T15:19:35.458Z"}
{"context":"InstanceLoader","level":"info","message":"PassportModule dependencies initialized","timestamp":"2026-05-21T15:19:35.466Z"}
{"context":"InstanceLoader","level":"info","message":"ConfigHostModule dependencies initialized","timestamp":"2026-05-21T15:19:35.467Z"}
{"context":"InstanceLoader","level":"info","message":"AppModule dependencies initialized","timestamp":"2026-05-21T15:19:35.467Z"}
{"context":"InstanceLoader","level":"info","message":"DiscoveryModule dependencies initialized","timestamp":"2026-05-21T15:19:35.467Z"}
{"context":"PrismaService","level":"info","message":"🔌 Prisma Connection String: postgresql://admin:******@localhost:5433/kyc_asset_db?schema=public","timestamp":"2026-05-21T15:19:35.470Z"}
{"context":"InstanceLoader","level":"info","message":"PortsModule dependencies initialized","timestamp":"2026-05-21T15:19:35.470Z"}
{"context":"InstanceLoader","level":"info","message":"FilesModule dependencies initialized","timestamp":"2026-05-21T15:19:35.470Z"}
{"context":"InstanceLoader","level":"info","message":"ConfigModule dependencies initialized","timestamp":"2026-05-21T15:19:35.470Z"}
{"context":"InstanceLoader","level":"info","message":"EventEmitterModule dependencies initialized","timestamp":"2026-05-21T15:19:35.471Z"}
{"context":"InstanceLoader","level":"info","message":"CommonModule dependencies initialized","timestamp":"2026-05-21T15:19:35.471Z"}
{"context":"InstanceLoader","level":"info","message":"JwtModule dependencies initialized","timestamp":"2026-05-21T15:19:35.471Z"}
{"context":"InstanceLoader","level":"info","message":"PrismaModule dependencies initialized","timestamp":"2026-05-21T15:19:35.472Z"}
{"context":"InstanceLoader","level":"info","message":"OutboxModule dependencies initialized","timestamp":"2026-05-21T15:19:35.472Z"}
{"context":"InstanceLoader","level":"info","message":"WhitelistIpModule dependencies initialized","timestamp":"2026-05-21T15:19:35.473Z"}
{"context":"InstanceLoader","level":"info","message":"AttributeModule dependencies initialized","timestamp":"2026-05-21T15:19:35.473Z"}
{"context":"InstanceLoader","level":"info","message":"DepartmentsModule dependencies initialized","timestamp":"2026-05-21T15:19:35.473Z"}
{"context":"InstanceLoader","level":"info","message":"UsersModule dependencies initialized","timestamp":"2026-05-21T15:19:35.473Z"}
{"context":"InstanceLoader","level":"info","message":"RolesModule dependencies initialized","timestamp":"2026-05-21T15:19:35.474Z"}
{"context":"InstanceLoader","level":"info","message":"PermissionsModule dependencies initialized","timestamp":"2026-05-21T15:19:35.474Z"}
{"context":"InstanceLoader","level":"info","message":"AuthModule dependencies initialized","timestamp":"2026-05-21T15:19:35.474Z"}
{"context":"LegacyRouteConverter","level":"warn","message":"Unsupported route path: \"/api/v1/*\". In previous versions, the symbols ?, *, and + were used to denote optional or repeating path parameters. The latest version of \"path-to-regexp\" now requires the use of named parameters. For example, instead of using a route like /users/* to capture all routes starting with \"/users\", you should use /users/*path. For more details, refer to the migration guide. Attempting to auto-convert...","timestamp":"2026-05-21T15:19:35.499Z"}
{"context":"RoutesResolver","level":"info","message":"AppController {/api/v1/ping}:","timestamp":"2026-05-21T15:19:35.499Z"}
{"context":"RouterExplorer","level":"info","message":"Mapped {/api/v1/ping, GET} route","timestamp":"2026-05-21T15:19:35.501Z"}
{"context":"RoutesResolver","level":"info","message":"UsersController {/api/v1/users}:","timestamp":"2026-05-21T15:19:35.501Z"}
{"context":"RouterExplorer","level":"info","message":"Mapped {/api/v1/users, POST} route","timestamp":"2026-05-21T15:19:35.501Z"}
{"context":"RouterExplorer","level":"info","message":"Mapped {/api/v1/users, GET} route","timestamp":"2026-05-21T15:19:35.501Z"}
{"context":"RouterExplorer","level":"info","message":"Mapped {/api/v1/users/:id, GET} route","timestamp":"2026-05-21T15:19:35.502Z"}
{"context":"RouterExplorer","level":"info","message":"Mapped {/api/v1/users/:id, PATCH} route","timestamp":"2026-05-21T15:19:35.502Z"}
{"context":"RouterExplorer","level":"info","message":"Mapped {/api/v1/users/:id, DELETE} route","timestamp":"2026-05-21T15:19:35.502Z"}
{"context":"RoutesResolver","level":"info","message":"WhitelistIpController {/api/v1/whitelist-ip}:","timestamp":"2026-05-21T15:19:35.502Z"}
{"context":"RouterExplorer","level":"info","message":"Mapped {/api/v1/whitelist-ip, POST} route","timestamp":"2026-05-21T15:19:35.503Z"}
{"context":"RouterExplorer","level":"info","message":"Mapped {/api/v1/whitelist-ip, GET} route","timestamp":"2026-05-21T15:19:35.503Z"}
{"context":"RouterExplorer","level":"info","message":"Mapped {/api/v1/whitelist-ip/:id, GET} route","timestamp":"2026-05-21T15:19:35.503Z"}
{"context":"RouterExplorer","level":"info","message":"Mapped {/api/v1/whitelist-ip/:id, PATCH} route","timestamp":"2026-05-21T15:19:35.503Z"}
{"context":"RouterExplorer","level":"info","message":"Mapped {/api/v1/whitelist-ip/:id, DELETE} route","timestamp":"2026-05-21T15:19:35.504Z"}
{"context":"RoutesResolver","level":"info","message":"RolesController {/api/v1/roles}:","timestamp":"2026-05-21T15:19:35.504Z"}
{"context":"RouterExplorer","level":"info","message":"Mapped {/api/v1/roles, POST} route","timestamp":"2026-05-21T15:19:35.504Z"}
{"context":"RouterExplorer","level":"info","message":"Mapped {/api/v1/roles, GET} route","timestamp":"2026-05-21T15:19:35.504Z"}
{"context":"RouterExplorer","level":"info","message":"Mapped {/api/v1/roles/:id, GET} route","timestamp":"2026-05-21T15:19:35.504Z"}
{"context":"RouterExplorer","level":"info","message":"Mapped {/api/v1/roles/:id, PATCH} route","timestamp":"2026-05-21T15:19:35.504Z"}
{"context":"RouterExplorer","level":"info","message":"Mapped {/api/v1/roles/:id, DELETE} route","timestamp":"2026-05-21T15:19:35.505Z"}
{"context":"RoutesResolver","level":"info","message":"PermissionsController {/api/v1/permissions}:","timestamp":"2026-05-21T15:19:35.505Z"}
{"context":"RouterExplorer","level":"info","message":"Mapped {/api/v1/permissions, POST} route","timestamp":"2026-05-21T15:19:35.505Z"}
{"context":"RouterExplorer","level":"info","message":"Mapped {/api/v1/permissions, GET} route","timestamp":"2026-05-21T15:19:35.505Z"}
{"context":"RouterExplorer","level":"info","message":"Mapped {/api/v1/permissions/:id, PATCH} route","timestamp":"2026-05-21T15:19:35.506Z"}
{"context":"RouterExplorer","level":"info","message":"Mapped {/api/v1/permissions/:id, DELETE} route","timestamp":"2026-05-21T15:19:35.506Z"}
{"context":"RoutesResolver","level":"info","message":"AuthController {/api/v1/auth}:","timestamp":"2026-05-21T15:19:35.506Z"}
{"context":"RouterExplorer","level":"info","message":"Mapped {/api/v1/auth/register, POST} route","timestamp":"2026-05-21T15:19:35.506Z"}
{"context":"RouterExplorer","level":"info","message":"Mapped {/api/v1/auth/login, POST} route","timestamp":"2026-05-21T15:19:35.506Z"}
{"context":"RouterExplorer","level":"info","message":"Mapped {/api/v1/auth/refresh, POST} route","timestamp":"2026-05-21T15:19:35.507Z"}
{"context":"RouterExplorer","level":"info","message":"Mapped {/api/v1/auth/logout, POST} route","timestamp":"2026-05-21T15:19:35.507Z"}
{"context":"RouterExplorer","level":"info","message":"Mapped {/api/v1/auth/me, GET} route","timestamp":"2026-05-21T15:19:35.507Z"}
{"context":"RouterExplorer","level":"info","message":"Mapped {/api/v1/auth/me/password, PATCH} route","timestamp":"2026-05-21T15:19:35.507Z"}
{"context":"RoutesResolver","level":"info","message":"AttributeController {/api/v1/attribute}:","timestamp":"2026-05-21T15:19:35.507Z"}
{"context":"RouterExplorer","level":"info","message":"Mapped {/api/v1/attribute, POST} route","timestamp":"2026-05-21T15:19:35.508Z"}
{"context":"RouterExplorer","level":"info","message":"Mapped {/api/v1/attribute, GET} route","timestamp":"2026-05-21T15:19:35.508Z"}
{"context":"RouterExplorer","level":"info","message":"Mapped {/api/v1/attribute/:id, GET} route","timestamp":"2026-05-21T15:19:35.508Z"}
{"context":"RouterExplorer","level":"info","message":"Mapped {/api/v1/attribute/:id, PATCH} route","timestamp":"2026-05-21T15:19:35.508Z"}
{"context":"RouterExplorer","level":"info","message":"Mapped {/api/v1/attribute/:id, DELETE} route","timestamp":"2026-05-21T15:19:35.509Z"}
{"context":"RoutesResolver","level":"info","message":"DepartmentsController {/api/v1/departments}:","timestamp":"2026-05-21T15:19:35.509Z"}
{"context":"RouterExplorer","level":"info","message":"Mapped {/api/v1/departments, POST} route","timestamp":"2026-05-21T15:19:35.509Z"}
{"context":"RouterExplorer","level":"info","message":"Mapped {/api/v1/departments, GET} route","timestamp":"2026-05-21T15:19:35.509Z"}
{"context":"RouterExplorer","level":"info","message":"Mapped {/api/v1/departments/:id, GET} route","timestamp":"2026-05-21T15:19:35.509Z"}
{"context":"RouterExplorer","level":"info","message":"Mapped {/api/v1/departments/:id, PATCH} route","timestamp":"2026-05-21T15:19:35.509Z"}
{"context":"RouterExplorer","level":"info","message":"Mapped {/api/v1/departments/:id, DELETE} route","timestamp":"2026-05-21T15:19:35.510Z"}
{"context":"RoutesResolver","level":"info","message":"PortsController {/api/v1/ports}:","timestamp":"2026-05-21T15:19:35.510Z"}
{"context":"RouterExplorer","level":"info","message":"Mapped {/api/v1/ports, POST} route","timestamp":"2026-05-21T15:19:35.510Z"}
{"context":"RouterExplorer","level":"info","message":"Mapped {/api/v1/ports, GET} route","timestamp":"2026-05-21T15:19:35.510Z"}
{"context":"RouterExplorer","level":"info","message":"Mapped {/api/v1/ports/:id, GET} route","timestamp":"2026-05-21T15:19:35.510Z"}
{"context":"RouterExplorer","level":"info","message":"Mapped {/api/v1/ports/:id, PATCH} route","timestamp":"2026-05-21T15:19:35.511Z"}
{"context":"RouterExplorer","level":"info","message":"Mapped {/api/v1/ports/:id, DELETE} route","timestamp":"2026-05-21T15:19:35.511Z"}
{"context":"RoutesResolver","level":"info","message":"FilesController {/api/v1/files}:","timestamp":"2026-05-21T15:19:35.511Z"}
{"context":"RouterExplorer","level":"info","message":"Mapped {/api/v1/files, POST} route","timestamp":"2026-05-21T15:19:35.512Z"}
{"context":"RouterExplorer","level":"info","message":"Mapped {/api/v1/files, GET} route","timestamp":"2026-05-21T15:19:35.512Z"}
{"context":"RouterExplorer","level":"info","message":"Mapped {/api/v1/files/:id, GET} route","timestamp":"2026-05-21T15:19:35.512Z"}
{"context":"RouterExplorer","level":"info","message":"Mapped {/api/v1/files/:id, PATCH} route","timestamp":"2026-05-21T15:19:35.512Z"}
{"context":"RouterExplorer","level":"info","message":"Mapped {/api/v1/files/:id, DELETE} route","timestamp":"2026-05-21T15:19:35.513Z"}
{"context":"PrismaService","level":"info","message":"Kết nối database thành công","timestamp":"2026-05-21T15:19:35.551Z"}
{"context":"GlobalPollingOutboxWorker","level":"info","message":"🚀 [GlobalWorker] Polling Worker đã kích hoạt (1s/lần)...","timestamp":"2026-05-21T15:19:35.552Z"}
{"context":"NestApplication","level":"info","message":"Nest application successfully started","timestamp":"2026-05-21T15:19:35.557Z"}
{"level":"info","message":"Khởi tạo ứng dụng...","timestamp":"2026-05-21T15:20:45.890Z"}
{"context":"NestFactory","level":"info","message":"Starting Nest application...","timestamp":"2026-05-21T15:20:45.961Z"}
{"context":"InstanceLoader","level":"info","message":"PassportModule dependencies initialized","timestamp":"2026-05-21T15:20:45.969Z"}
{"context":"InstanceLoader","level":"info","message":"ConfigHostModule dependencies initialized","timestamp":"2026-05-21T15:20:45.969Z"}
{"context":"InstanceLoader","level":"info","message":"AppModule dependencies initialized","timestamp":"2026-05-21T15:20:45.970Z"}
{"context":"InstanceLoader","level":"info","message":"DiscoveryModule dependencies initialized","timestamp":"2026-05-21T15:20:45.970Z"}
{"context":"PrismaService","level":"info","message":"🔌 Prisma Connection String: postgresql://admin:******@localhost:5433/kyc_asset_db?schema=public","timestamp":"2026-05-21T15:20:45.972Z"}
{"context":"InstanceLoader","level":"info","message":"PortsModule dependencies initialized","timestamp":"2026-05-21T15:20:45.972Z"}
{"context":"InstanceLoader","level":"info","message":"FilesModule dependencies initialized","timestamp":"2026-05-21T15:20:45.973Z"}
{"context":"InstanceLoader","level":"info","message":"ConfigModule dependencies initialized","timestamp":"2026-05-21T15:20:45.973Z"}
{"context":"InstanceLoader","level":"info","message":"EventEmitterModule dependencies initialized","timestamp":"2026-05-21T15:20:45.973Z"}
{"context":"InstanceLoader","level":"info","message":"CommonModule dependencies initialized","timestamp":"2026-05-21T15:20:45.973Z"}
{"context":"InstanceLoader","level":"info","message":"JwtModule dependencies initialized","timestamp":"2026-05-21T15:20:45.974Z"}
{"context":"InstanceLoader","level":"info","message":"PrismaModule dependencies initialized","timestamp":"2026-05-21T15:20:45.974Z"}
{"context":"InstanceLoader","level":"info","message":"OutboxModule dependencies initialized","timestamp":"2026-05-21T15:20:45.974Z"}
{"context":"InstanceLoader","level":"info","message":"WhitelistIpModule dependencies initialized","timestamp":"2026-05-21T15:20:45.975Z"}
{"context":"InstanceLoader","level":"info","message":"AttributeModule dependencies initialized","timestamp":"2026-05-21T15:20:45.975Z"}
{"context":"InstanceLoader","level":"info","message":"DepartmentsModule dependencies initialized","timestamp":"2026-05-21T15:20:45.975Z"}
{"context":"InstanceLoader","level":"info","message":"UsersModule dependencies initialized","timestamp":"2026-05-21T15:20:45.976Z"}
{"context":"InstanceLoader","level":"info","message":"RolesModule dependencies initialized","timestamp":"2026-05-21T15:20:45.976Z"}
{"context":"InstanceLoader","level":"info","message":"PermissionsModule dependencies initialized","timestamp":"2026-05-21T15:20:45.976Z"}
{"context":"InstanceLoader","level":"info","message":"AuthModule dependencies initialized","timestamp":"2026-05-21T15:20:45.976Z"}
{"context":"LegacyRouteConverter","level":"warn","message":"Unsupported route path: \"/api/v1/*\". In previous versions, the symbols ?, *, and + were used to denote optional or repeating path parameters. The latest version of \"path-to-regexp\" now requires the use of named parameters. For example, instead of using a route like /users/* to capture all routes starting with \"/users\", you should use /users/*path. For more details, refer to the migration guide. Attempting to auto-convert...","timestamp":"2026-05-21T15:20:46.001Z"}
{"context":"RoutesResolver","level":"info","message":"AppController {/api/v1/ping}:","timestamp":"2026-05-21T15:20:46.001Z"}
{"context":"RouterExplorer","level":"info","message":"Mapped {/api/v1/ping, GET} route","timestamp":"2026-05-21T15:20:46.002Z"}
{"context":"RoutesResolver","level":"info","message":"UsersController {/api/v1/users}:","timestamp":"2026-05-21T15:20:46.003Z"}
{"context":"RouterExplorer","level":"info","message":"Mapped {/api/v1/users, POST} route","timestamp":"2026-05-21T15:20:46.003Z"}
{"context":"RouterExplorer","level":"info","message":"Mapped {/api/v1/users, GET} route","timestamp":"2026-05-21T15:20:46.003Z"}
{"context":"RouterExplorer","level":"info","message":"Mapped {/api/v1/users/:id, GET} route","timestamp":"2026-05-21T15:20:46.003Z"}
{"context":"RouterExplorer","level":"info","message":"Mapped {/api/v1/users/:id, PATCH} route","timestamp":"2026-05-21T15:20:46.004Z"}
{"context":"RouterExplorer","level":"info","message":"Mapped {/api/v1/users/:id, DELETE} route","timestamp":"2026-05-21T15:20:46.004Z"}
{"context":"RoutesResolver","level":"info","message":"WhitelistIpController {/api/v1/whitelist-ip}:","timestamp":"2026-05-21T15:20:46.004Z"}
{"context":"RouterExplorer","level":"info","message":"Mapped {/api/v1/whitelist-ip, POST} route","timestamp":"2026-05-21T15:20:46.004Z"}
{"context":"RouterExplorer","level":"info","message":"Mapped {/api/v1/whitelist-ip, GET} route","timestamp":"2026-05-21T15:20:46.004Z"}
{"context":"RouterExplorer","level":"info","message":"Mapped {/api/v1/whitelist-ip/:id, GET} route","timestamp":"2026-05-21T15:20:46.005Z"}
{"context":"RouterExplorer","level":"info","message":"Mapped {/api/v1/whitelist-ip/:id, PATCH} route","timestamp":"2026-05-21T15:20:46.005Z"}
{"context":"RouterExplorer","level":"info","message":"Mapped {/api/v1/whitelist-ip/:id, DELETE} route","timestamp":"2026-05-21T15:20:46.005Z"}
{"context":"RoutesResolver","level":"info","message":"RolesController {/api/v1/roles}:","timestamp":"2026-05-21T15:20:46.005Z"}
{"context":"RouterExplorer","level":"info","message":"Mapped {/api/v1/roles, POST} route","timestamp":"2026-05-21T15:20:46.005Z"}
{"context":"RouterExplorer","level":"info","message":"Mapped {/api/v1/roles, GET} route","timestamp":"2026-05-21T15:20:46.005Z"}
{"context":"RouterExplorer","level":"info","message":"Mapped {/api/v1/roles/:id, GET} route","timestamp":"2026-05-21T15:20:46.006Z"}
{"context":"RouterExplorer","level":"info","message":"Mapped {/api/v1/roles/:id, PATCH} route","timestamp":"2026-05-21T15:20:46.006Z"}
{"context":"RouterExplorer","level":"info","message":"Mapped {/api/v1/roles/:id, DELETE} route","timestamp":"2026-05-21T15:20:46.006Z"}
{"context":"RoutesResolver","level":"info","message":"PermissionsController {/api/v1/permissions}:","timestamp":"2026-05-21T15:20:46.006Z"}
{"context":"RouterExplorer","level":"info","message":"Mapped {/api/v1/permissions, POST} route","timestamp":"2026-05-21T15:20:46.006Z"}
{"context":"RouterExplorer","level":"info","message":"Mapped {/api/v1/permissions, GET} route","timestamp":"2026-05-21T15:20:46.007Z"}
{"context":"RouterExplorer","level":"info","message":"Mapped {/api/v1/permissions/:id, PATCH} route","timestamp":"2026-05-21T15:20:46.007Z"}
{"context":"RouterExplorer","level":"info","message":"Mapped {/api/v1/permissions/:id, DELETE} route","timestamp":"2026-05-21T15:20:46.007Z"}
{"context":"RoutesResolver","level":"info","message":"AuthController {/api/v1/auth}:","timestamp":"2026-05-21T15:20:46.007Z"}
{"context":"RouterExplorer","level":"info","message":"Mapped {/api/v1/auth/register, POST} route","timestamp":"2026-05-21T15:20:46.007Z"}
{"context":"RouterExplorer","level":"info","message":"Mapped {/api/v1/auth/login, POST} route","timestamp":"2026-05-21T15:20:46.007Z"}
{"context":"RouterExplorer","level":"info","message":"Mapped {/api/v1/auth/refresh, POST} route","timestamp":"2026-05-21T15:20:46.008Z"}
{"context":"RouterExplorer","level":"info","message":"Mapped {/api/v1/auth/logout, POST} route","timestamp":"2026-05-21T15:20:46.008Z"}
{"context":"RouterExplorer","level":"info","message":"Mapped {/api/v1/auth/me, GET} route","timestamp":"2026-05-21T15:20:46.008Z"}
{"context":"RouterExplorer","level":"info","message":"Mapped {/api/v1/auth/me/password, PATCH} route","timestamp":"2026-05-21T15:20:46.008Z"}
{"context":"RoutesResolver","level":"info","message":"AttributeController {/api/v1/attribute}:","timestamp":"2026-05-21T15:20:46.008Z"}
{"context":"RouterExplorer","level":"info","message":"Mapped {/api/v1/attribute, POST} route","timestamp":"2026-05-21T15:20:46.009Z"}
{"context":"RouterExplorer","level":"info","message":"Mapped {/api/v1/attribute, GET} route","timestamp":"2026-05-21T15:20:46.009Z"}
{"context":"RouterExplorer","level":"info","message":"Mapped {/api/v1/attribute/:id, GET} route","timestamp":"2026-05-21T15:20:46.009Z"}
{"context":"RouterExplorer","level":"info","message":"Mapped {/api/v1/attribute/:id, PATCH} route","timestamp":"2026-05-21T15:20:46.009Z"}
{"context":"RouterExplorer","level":"info","message":"Mapped {/api/v1/attribute/:id, DELETE} route","timestamp":"2026-05-21T15:20:46.009Z"}
{"context":"RoutesResolver","level":"info","message":"DepartmentsController {/api/v1/departments}:","timestamp":"2026-05-21T15:20:46.009Z"}
{"context":"RouterExplorer","level":"info","message":"Mapped {/api/v1/departments, POST} route","timestamp":"2026-05-21T15:20:46.009Z"}
{"context":"RouterExplorer","level":"info","message":"Mapped {/api/v1/departments, GET} route","timestamp":"2026-05-21T15:20:46.010Z"}
{"context":"RouterExplorer","level":"info","message":"Mapped {/api/v1/departments/:id, GET} route","timestamp":"2026-05-21T15:20:46.010Z"}
{"context":"RouterExplorer","level":"info","message":"Mapped {/api/v1/departments/:id, PATCH} route","timestamp":"2026-05-21T15:20:46.010Z"}
{"context":"RouterExplorer","level":"info","message":"Mapped {/api/v1/departments/:id, DELETE} route","timestamp":"2026-05-21T15:20:46.010Z"}
{"context":"RoutesResolver","level":"info","message":"PortsController {/api/v1/ports}:","timestamp":"2026-05-21T15:20:46.010Z"}
{"context":"RouterExplorer","level":"info","message":"Mapped {/api/v1/ports, POST} route","timestamp":"2026-05-21T15:20:46.011Z"}
{"context":"RouterExplorer","level":"info","message":"Mapped {/api/v1/ports, GET} route","timestamp":"2026-05-21T15:20:46.011Z"}
{"context":"RouterExplorer","level":"info","message":"Mapped {/api/v1/ports/:id, GET} route","timestamp":"2026-05-21T15:20:46.011Z"}
{"context":"RouterExplorer","level":"info","message":"Mapped {/api/v1/ports/:id, PATCH} route","timestamp":"2026-05-21T15:20:46.011Z"}
{"context":"RouterExplorer","level":"info","message":"Mapped {/api/v1/ports/:id, DELETE} route","timestamp":"2026-05-21T15:20:46.012Z"}
{"context":"RoutesResolver","level":"info","message":"FilesController {/api/v1/files}:","timestamp":"2026-05-21T15:20:46.012Z"}
{"context":"RouterExplorer","level":"info","message":"Mapped {/api/v1/files, POST} route","timestamp":"2026-05-21T15:20:46.012Z"}
{"context":"RouterExplorer","level":"info","message":"Mapped {/api/v1/files, GET} route","timestamp":"2026-05-21T15:20:46.012Z"}
{"context":"RouterExplorer","level":"info","message":"Mapped {/api/v1/files/:id, GET} route","timestamp":"2026-05-21T15:20:46.012Z"}
{"context":"RouterExplorer","level":"info","message":"Mapped {/api/v1/files/:id, PATCH} route","timestamp":"2026-05-21T15:20:46.013Z"}
{"context":"RouterExplorer","level":"info","message":"Mapped {/api/v1/files/:id, DELETE} route","timestamp":"2026-05-21T15:20:46.013Z"}
{"context":"PrismaService","level":"info","message":"Kết nối database thành công","timestamp":"2026-05-21T15:20:46.051Z"}
{"context":"GlobalPollingOutboxWorker","level":"info","message":"🚀 [GlobalWorker] Polling Worker đã kích hoạt (1s/lần)...","timestamp":"2026-05-21T15:20:46.051Z"}
{"context":"NestApplication","level":"info","message":"Nest application successfully started","timestamp":"2026-05-21T15:20:46.056Z"}
{"context":"AccessTokenGuard","level":"info","message":"isPublic: true","requestId":"c0da3564-917b-47d0-9c0e-2acfa7055084","timestamp":"2026-05-21T15:21:46.867Z"}
{"context":"AccessTokenGuard","level":"info","message":"Public route, skipping authentication","requestId":"c0da3564-917b-47d0-9c0e-2acfa7055084","timestamp":"2026-05-21T15:21:46.867Z"}
{"context":"LoggerMiddleware","level":"info","message":"[RequestID: c0da3564-917b-47d0-9c0e-2acfa7055084] POST /api/v1/auth/register | Status: 201 | Duration: 49ms | IP: ::1 | UserAgent: Mozilla/5.0 (Windows NT 10.0; Win64; x64) AppleWebKit/537.36 (KHTML, like Gecko) Chrome/148.0.0.0 Safari/537.36","requestId":"c0da3564-917b-47d0-9c0e-2acfa7055084","timestamp":"2026-05-21T15:21:46.915Z"}
{"level":"info","message":"Khởi tạo ứng dụng...","timestamp":"2026-05-21T15:26:31.307Z"}
{"context":"NestFactory","level":"info","message":"Starting Nest application...","timestamp":"2026-05-21T15:26:31.391Z"}
{"context":"InstanceLoader","level":"info","message":"PassportModule dependencies initialized","timestamp":"2026-05-21T15:26:31.400Z"}
{"context":"InstanceLoader","level":"info","message":"ConfigHostModule dependencies initialized","timestamp":"2026-05-21T15:26:31.400Z"}
{"context":"InstanceLoader","level":"info","message":"AppModule dependencies initialized","timestamp":"2026-05-21T15:26:31.400Z"}
{"context":"InstanceLoader","level":"info","message":"DiscoveryModule dependencies initialized","timestamp":"2026-05-21T15:26:31.401Z"}
{"context":"PrismaService","level":"info","message":"🔌 Prisma Connection String: postgresql://admin:******@localhost:5433/kyc_asset_db?schema=public","timestamp":"2026-05-21T15:26:31.403Z"}
{"context":"InstanceLoader","level":"info","message":"PortsModule dependencies initialized","timestamp":"2026-05-21T15:26:31.403Z"}
{"context":"InstanceLoader","level":"info","message":"FilesModule dependencies initialized","timestamp":"2026-05-21T15:26:31.403Z"}
{"context":"InstanceLoader","level":"info","message":"ConfigModule dependencies initialized","timestamp":"2026-05-21T15:26:31.404Z"}
{"context":"InstanceLoader","level":"info","message":"EventEmitterModule dependencies initialized","timestamp":"2026-05-21T15:26:31.404Z"}
{"context":"InstanceLoader","level":"info","message":"CommonModule dependencies initialized","timestamp":"2026-05-21T15:26:31.404Z"}
{"context":"InstanceLoader","level":"info","message":"JwtModule dependencies initialized","timestamp":"2026-05-21T15:26:31.405Z"}
{"context":"InstanceLoader","level":"info","message":"PrismaModule dependencies initialized","timestamp":"2026-05-21T15:26:31.405Z"}
{"context":"InstanceLoader","level":"info","message":"OutboxModule dependencies initialized","timestamp":"2026-05-21T15:26:31.405Z"}
{"context":"InstanceLoader","level":"info","message":"WhitelistIpModule dependencies initialized","timestamp":"2026-05-21T15:26:31.406Z"}
{"context":"InstanceLoader","level":"info","message":"AttributeModule dependencies initialized","timestamp":"2026-05-21T15:26:31.406Z"}
{"context":"InstanceLoader","level":"info","message":"DepartmentsModule dependencies initialized","timestamp":"2026-05-21T15:26:31.407Z"}
{"context":"InstanceLoader","level":"info","message":"UsersModule dependencies initialized","timestamp":"2026-05-21T15:26:31.407Z"}
{"context":"InstanceLoader","level":"info","message":"RolesModule dependencies initialized","timestamp":"2026-05-21T15:26:31.407Z"}
{"context":"InstanceLoader","level":"info","message":"PermissionsModule dependencies initialized","timestamp":"2026-05-21T15:26:31.407Z"}
{"context":"InstanceLoader","level":"info","message":"AuthModule dependencies initialized","timestamp":"2026-05-21T15:26:31.407Z"}
{"context":"LegacyRouteConverter","level":"warn","message":"Unsupported route path: \"/api/v1/*\". In previous versions, the symbols ?, *, and + were used to denote optional or repeating path parameters. The latest version of \"path-to-regexp\" now requires the use of named parameters. For example, instead of using a route like /users/* to capture all routes starting with \"/users\", you should use /users/*path. For more details, refer to the migration guide. Attempting to auto-convert...","timestamp":"2026-05-21T15:26:31.432Z"}
{"context":"RoutesResolver","level":"info","message":"AppController {/api/v1/ping}:","timestamp":"2026-05-21T15:26:31.432Z"}
{"context":"RouterExplorer","level":"info","message":"Mapped {/api/v1/ping, GET} route","timestamp":"2026-05-21T15:26:31.434Z"}
{"context":"RoutesResolver","level":"info","message":"UsersController {/api/v1/users}:","timestamp":"2026-05-21T15:26:31.434Z"}
{"context":"RouterExplorer","level":"info","message":"Mapped {/api/v1/users, POST} route","timestamp":"2026-05-21T15:26:31.434Z"}
{"context":"RouterExplorer","level":"info","message":"Mapped {/api/v1/users, GET} route","timestamp":"2026-05-21T15:26:31.435Z"}
{"context":"RouterExplorer","level":"info","message":"Mapped {/api/v1/users/:id, GET} route","timestamp":"2026-05-21T15:26:31.435Z"}
{"context":"RouterExplorer","level":"info","message":"Mapped {/api/v1/users/:id, PATCH} route","timestamp":"2026-05-21T15:26:31.435Z"}
{"context":"RouterExplorer","level":"info","message":"Mapped {/api/v1/users/:id, DELETE} route","timestamp":"2026-05-21T15:26:31.435Z"}
{"context":"RoutesResolver","level":"info","message":"WhitelistIpController {/api/v1/whitelist-ip}:","timestamp":"2026-05-21T15:26:31.436Z"}
{"context":"RouterExplorer","level":"info","message":"Mapped {/api/v1/whitelist-ip, POST} route","timestamp":"2026-05-21T15:26:31.436Z"}
{"context":"RouterExplorer","level":"info","message":"Mapped {/api/v1/whitelist-ip, GET} route","timestamp":"2026-05-21T15:26:31.436Z"}
{"context":"RouterExplorer","level":"info","message":"Mapped {/api/v1/whitelist-ip/:id, GET} route","timestamp":"2026-05-21T15:26:31.436Z"}
{"context":"RouterExplorer","level":"info","message":"Mapped {/api/v1/whitelist-ip/:id, PATCH} route","timestamp":"2026-05-21T15:26:31.437Z"}
{"context":"RouterExplorer","level":"info","message":"Mapped {/api/v1/whitelist-ip/:id, DELETE} route","timestamp":"2026-05-21T15:26:31.437Z"}
{"context":"RoutesResolver","level":"info","message":"RolesController {/api/v1/roles}:","timestamp":"2026-05-21T15:26:31.437Z"}
{"context":"RouterExplorer","level":"info","message":"Mapped {/api/v1/roles, POST} route","timestamp":"2026-05-21T15:26:31.437Z"}
{"context":"RouterExplorer","level":"info","message":"Mapped {/api/v1/roles, GET} route","timestamp":"2026-05-21T15:26:31.437Z"}
{"context":"RouterExplorer","level":"info","message":"Mapped {/api/v1/roles/:id, GET} route","timestamp":"2026-05-21T15:26:31.438Z"}
{"context":"RouterExplorer","level":"info","message":"Mapped {/api/v1/roles/:id, PATCH} route","timestamp":"2026-05-21T15:26:31.438Z"}
{"context":"RouterExplorer","level":"info","message":"Mapped {/api/v1/roles/:id, DELETE} route","timestamp":"2026-05-21T15:26:31.438Z"}
{"context":"RoutesResolver","level":"info","message":"PermissionsController {/api/v1/permissions}:","timestamp":"2026-05-21T15:26:31.438Z"}
{"context":"RouterExplorer","level":"info","message":"Mapped {/api/v1/permissions, POST} route","timestamp":"2026-05-21T15:26:31.438Z"}
{"context":"RouterExplorer","level":"info","message":"Mapped {/api/v1/permissions, GET} route","timestamp":"2026-05-21T15:26:31.439Z"}
{"context":"RouterExplorer","level":"info","message":"Mapped {/api/v1/permissions/:id, PATCH} route","timestamp":"2026-05-21T15:26:31.439Z"}
{"context":"RouterExplorer","level":"info","message":"Mapped {/api/v1/permissions/:id, DELETE} route","timestamp":"2026-05-21T15:26:31.439Z"}
{"context":"RoutesResolver","level":"info","message":"AuthController {/api/v1/auth}:","timestamp":"2026-05-21T15:26:31.439Z"}
{"context":"RouterExplorer","level":"info","message":"Mapped {/api/v1/auth/register, POST} route","timestamp":"2026-05-21T15:26:31.439Z"}
{"context":"RouterExplorer","level":"info","message":"Mapped {/api/v1/auth/login, POST} route","timestamp":"2026-05-21T15:26:31.439Z"}
{"context":"RouterExplorer","level":"info","message":"Mapped {/api/v1/auth/refresh, POST} route","timestamp":"2026-05-21T15:26:31.440Z"}
{"context":"RouterExplorer","level":"info","message":"Mapped {/api/v1/auth/logout, POST} route","timestamp":"2026-05-21T15:26:31.440Z"}
{"context":"RouterExplorer","level":"info","message":"Mapped {/api/v1/auth/me, GET} route","timestamp":"2026-05-21T15:26:31.440Z"}
{"context":"RouterExplorer","level":"info","message":"Mapped {/api/v1/auth/me/password, PATCH} route","timestamp":"2026-05-21T15:26:31.440Z"}
{"context":"RoutesResolver","level":"info","message":"AttributeController {/api/v1/attribute}:","timestamp":"2026-05-21T15:26:31.440Z"}
{"context":"RouterExplorer","level":"info","message":"Mapped {/api/v1/attribute, POST} route","timestamp":"2026-05-21T15:26:31.441Z"}
{"context":"RouterExplorer","level":"info","message":"Mapped {/api/v1/attribute, GET} route","timestamp":"2026-05-21T15:26:31.441Z"}
{"context":"RouterExplorer","level":"info","message":"Mapped {/api/v1/attribute/:id, GET} route","timestamp":"2026-05-21T15:26:31.441Z"}
{"context":"RouterExplorer","level":"info","message":"Mapped {/api/v1/attribute/:id, PATCH} route","timestamp":"2026-05-21T15:26:31.441Z"}
{"context":"RouterExplorer","level":"info","message":"Mapped {/api/v1/attribute/:id, DELETE} route","timestamp":"2026-05-21T15:26:31.441Z"}
{"context":"RoutesResolver","level":"info","message":"DepartmentsController {/api/v1/departments}:","timestamp":"2026-05-21T15:26:31.441Z"}
{"context":"RouterExplorer","level":"info","message":"Mapped {/api/v1/departments, POST} route","timestamp":"2026-05-21T15:26:31.442Z"}
{"context":"RouterExplorer","level":"info","message":"Mapped {/api/v1/departments, GET} route","timestamp":"2026-05-21T15:26:31.442Z"}
{"context":"RouterExplorer","level":"info","message":"Mapped {/api/v1/departments/:id, GET} route","timestamp":"2026-05-21T15:26:31.442Z"}
{"context":"RouterExplorer","level":"info","message":"Mapped {/api/v1/departments/:id, PATCH} route","timestamp":"2026-05-21T15:26:31.443Z"}
{"context":"RouterExplorer","level":"info","message":"Mapped {/api/v1/departments/:id, DELETE} route","timestamp":"2026-05-21T15:26:31.443Z"}
{"context":"RoutesResolver","level":"info","message":"PortsController {/api/v1/ports}:","timestamp":"2026-05-21T15:26:31.443Z"}
{"context":"RouterExplorer","level":"info","message":"Mapped {/api/v1/ports, POST} route","timestamp":"2026-05-21T15:26:31.443Z"}
{"context":"RouterExplorer","level":"info","message":"Mapped {/api/v1/ports, GET} route","timestamp":"2026-05-21T15:26:31.443Z"}
{"context":"RouterExplorer","level":"info","message":"Mapped {/api/v1/ports/:id, GET} route","timestamp":"2026-05-21T15:26:31.444Z"}
{"context":"RouterExplorer","level":"info","message":"Mapped {/api/v1/ports/:id, PATCH} route","timestamp":"2026-05-21T15:26:31.444Z"}
{"context":"RouterExplorer","level":"info","message":"Mapped {/api/v1/ports/:id, DELETE} route","timestamp":"2026-05-21T15:26:31.444Z"}
{"context":"RoutesResolver","level":"info","message":"FilesController {/api/v1/files}:","timestamp":"2026-05-21T15:26:31.444Z"}
{"context":"RouterExplorer","level":"info","message":"Mapped {/api/v1/files, POST} route","timestamp":"2026-05-21T15:26:31.444Z"}
{"context":"RouterExplorer","level":"info","message":"Mapped {/api/v1/files, GET} route","timestamp":"2026-05-21T15:26:31.444Z"}
{"context":"RouterExplorer","level":"info","message":"Mapped {/api/v1/files/:id, GET} route","timestamp":"2026-05-21T15:26:31.445Z"}
{"context":"RouterExplorer","level":"info","message":"Mapped {/api/v1/files/:id, PATCH} route","timestamp":"2026-05-21T15:26:31.445Z"}
{"context":"RouterExplorer","level":"info","message":"Mapped {/api/v1/files/:id, DELETE} route","timestamp":"2026-05-21T15:26:31.445Z"}
{"context":"PrismaService","level":"info","message":"Kết nối database thành công","timestamp":"2026-05-21T15:26:31.485Z"}
{"context":"GlobalPollingOutboxWorker","level":"info","message":"🚀 [GlobalWorker] Polling Worker đã kích hoạt (1s/lần)...","timestamp":"2026-05-21T15:26:31.486Z"}
{"context":"NestApplication","level":"info","message":"Nest application successfully started","timestamp":"2026-05-21T15:26:31.491Z"}
{"level":"info","message":"Khởi tạo ứng dụng...","timestamp":"2026-05-21T15:26:38.500Z"}
{"context":"NestFactory","level":"info","message":"Starting Nest application...","timestamp":"2026-05-21T15:26:38.570Z"}
{"context":"InstanceLoader","level":"info","message":"PassportModule dependencies initialized","timestamp":"2026-05-21T15:26:38.578Z"}
{"context":"InstanceLoader","level":"info","message":"ConfigHostModule dependencies initialized","timestamp":"2026-05-21T15:26:38.578Z"}
{"context":"InstanceLoader","level":"info","message":"AppModule dependencies initialized","timestamp":"2026-05-21T15:26:38.579Z"}
{"context":"InstanceLoader","level":"info","message":"DiscoveryModule dependencies initialized","timestamp":"2026-05-21T15:26:38.579Z"}
{"context":"PrismaService","level":"info","message":"🔌 Prisma Connection String: postgresql://admin:******@localhost:5433/kyc_asset_db?schema=public","timestamp":"2026-05-21T15:26:38.581Z"}
{"context":"InstanceLoader","level":"info","message":"PortsModule dependencies initialized","timestamp":"2026-05-21T15:26:38.582Z"}
{"context":"InstanceLoader","level":"info","message":"FilesModule dependencies initialized","timestamp":"2026-05-21T15:26:38.582Z"}
{"context":"InstanceLoader","level":"info","message":"ConfigModule dependencies initialized","timestamp":"2026-05-21T15:26:38.582Z"}
{"context":"InstanceLoader","level":"info","message":"EventEmitterModule dependencies initialized","timestamp":"2026-05-21T15:26:38.582Z"}
{"context":"InstanceLoader","level":"info","message":"CommonModule dependencies initialized","timestamp":"2026-05-21T15:26:38.583Z"}
{"context":"InstanceLoader","level":"info","message":"JwtModule dependencies initialized","timestamp":"2026-05-21T15:26:38.583Z"}
{"context":"InstanceLoader","level":"info","message":"PrismaModule dependencies initialized","timestamp":"2026-05-21T15:26:38.583Z"}
{"context":"InstanceLoader","level":"info","message":"OutboxModule dependencies initialized","timestamp":"2026-05-21T15:26:38.584Z"}
{"context":"InstanceLoader","level":"info","message":"WhitelistIpModule dependencies initialized","timestamp":"2026-05-21T15:26:38.585Z"}
{"context":"InstanceLoader","level":"info","message":"AttributeModule dependencies initialized","timestamp":"2026-05-21T15:26:38.585Z"}
{"context":"InstanceLoader","level":"info","message":"DepartmentsModule dependencies initialized","timestamp":"2026-05-21T15:26:38.585Z"}
{"context":"InstanceLoader","level":"info","message":"UsersModule dependencies initialized","timestamp":"2026-05-21T15:26:38.585Z"}
{"context":"InstanceLoader","level":"info","message":"RolesModule dependencies initialized","timestamp":"2026-05-21T15:26:38.585Z"}
{"context":"InstanceLoader","level":"info","message":"PermissionsModule dependencies initialized","timestamp":"2026-05-21T15:26:38.585Z"}
{"context":"InstanceLoader","level":"info","message":"AuthModule dependencies initialized","timestamp":"2026-05-21T15:26:38.585Z"}
{"context":"LegacyRouteConverter","level":"warn","message":"Unsupported route path: \"/api/v1/*\". In previous versions, the symbols ?, *, and + were used to denote optional or repeating path parameters. The latest version of \"path-to-regexp\" now requires the use of named parameters. For example, instead of using a route like /users/* to capture all routes starting with \"/users\", you should use /users/*path. For more details, refer to the migration guide. Attempting to auto-convert...","timestamp":"2026-05-21T15:26:38.611Z"}
{"context":"RoutesResolver","level":"info","message":"AppController {/api/v1/ping}:","timestamp":"2026-05-21T15:26:38.611Z"}
{"context":"RouterExplorer","level":"info","message":"Mapped {/api/v1/ping, GET} route","timestamp":"2026-05-21T15:26:38.612Z"}
{"context":"RoutesResolver","level":"info","message":"UsersController {/api/v1/users}:","timestamp":"2026-05-21T15:26:38.612Z"}
{"context":"RouterExplorer","level":"info","message":"Mapped {/api/v1/users, POST} route","timestamp":"2026-05-21T15:26:38.613Z"}
{"context":"RouterExplorer","level":"info","message":"Mapped {/api/v1/users, GET} route","timestamp":"2026-05-21T15:26:38.613Z"}
{"context":"RouterExplorer","level":"info","message":"Mapped {/api/v1/users/:id, GET} route","timestamp":"2026-05-21T15:26:38.614Z"}
{"context":"RouterExplorer","level":"info","message":"Mapped {/api/v1/users/:id, PATCH} route","timestamp":"2026-05-21T15:26:38.614Z"}
{"context":"RouterExplorer","level":"info","message":"Mapped {/api/v1/users/:id, DELETE} route","timestamp":"2026-05-21T15:26:38.614Z"}
{"context":"RoutesResolver","level":"info","message":"WhitelistIpController {/api/v1/whitelist-ip}:","timestamp":"2026-05-21T15:26:38.614Z"}
{"context":"RouterExplorer","level":"info","message":"Mapped {/api/v1/whitelist-ip, POST} route","timestamp":"2026-05-21T15:26:38.615Z"}
{"context":"RouterExplorer","level":"info","message":"Mapped {/api/v1/whitelist-ip, GET} route","timestamp":"2026-05-21T15:26:38.615Z"}
{"context":"RouterExplorer","level":"info","message":"Mapped {/api/v1/whitelist-ip/:id, GET} route","timestamp":"2026-05-21T15:26:38.615Z"}
{"context":"RouterExplorer","level":"info","message":"Mapped {/api/v1/whitelist-ip/:id, PATCH} route","timestamp":"2026-05-21T15:26:38.616Z"}
{"context":"RouterExplorer","level":"info","message":"Mapped {/api/v1/whitelist-ip/:id, DELETE} route","timestamp":"2026-05-21T15:26:38.616Z"}
{"context":"RoutesResolver","level":"info","message":"RolesController {/api/v1/roles}:","timestamp":"2026-05-21T15:26:38.616Z"}
{"context":"RouterExplorer","level":"info","message":"Mapped {/api/v1/roles, POST} route","timestamp":"2026-05-21T15:26:38.616Z"}
{"context":"RouterExplorer","level":"info","message":"Mapped {/api/v1/roles, GET} route","timestamp":"2026-05-21T15:26:38.617Z"}
{"context":"RouterExplorer","level":"info","message":"Mapped {/api/v1/roles/:id, GET} route","timestamp":"2026-05-21T15:26:38.617Z"}
{"context":"RouterExplorer","level":"info","message":"Mapped {/api/v1/roles/:id, PATCH} route","timestamp":"2026-05-21T15:26:38.617Z"}
{"context":"RouterExplorer","level":"info","message":"Mapped {/api/v1/roles/:id, DELETE} route","timestamp":"2026-05-21T15:26:38.617Z"}
{"context":"RoutesResolver","level":"info","message":"PermissionsController {/api/v1/permissions}:","timestamp":"2026-05-21T15:26:38.617Z"}
{"context":"RouterExplorer","level":"info","message":"Mapped {/api/v1/permissions, POST} route","timestamp":"2026-05-21T15:26:38.618Z"}
{"context":"RouterExplorer","level":"info","message":"Mapped {/api/v1/permissions, GET} route","timestamp":"2026-05-21T15:26:38.618Z"}
{"context":"RouterExplorer","level":"info","message":"Mapped {/api/v1/permissions/:id, PATCH} route","timestamp":"2026-05-21T15:26:38.618Z"}
{"context":"RouterExplorer","level":"info","message":"Mapped {/api/v1/permissions/:id, DELETE} route","timestamp":"2026-05-21T15:26:38.618Z"}
{"context":"RoutesResolver","level":"info","message":"AuthController {/api/v1/auth}:","timestamp":"2026-05-21T15:26:38.618Z"}
{"context":"RouterExplorer","level":"info","message":"Mapped {/api/v1/auth/register, POST} route","timestamp":"2026-05-21T15:26:38.618Z"}
{"context":"RouterExplorer","level":"info","message":"Mapped {/api/v1/auth/login, POST} route","timestamp":"2026-05-21T15:26:38.618Z"}
{"context":"RouterExplorer","level":"info","message":"Mapped {/api/v1/auth/refresh, POST} route","timestamp":"2026-05-21T15:26:38.619Z"}
{"context":"RouterExplorer","level":"info","message":"Mapped {/api/v1/auth/logout, POST} route","timestamp":"2026-05-21T15:26:38.619Z"}
{"context":"RouterExplorer","level":"info","message":"Mapped {/api/v1/auth/me, GET} route","timestamp":"2026-05-21T15:26:38.619Z"}
{"context":"RouterExplorer","level":"info","message":"Mapped {/api/v1/auth/me/password, PATCH} route","timestamp":"2026-05-21T15:26:38.619Z"}
{"context":"RoutesResolver","level":"info","message":"AttributeController {/api/v1/attribute}:","timestamp":"2026-05-21T15:26:38.619Z"}
{"context":"RouterExplorer","level":"info","message":"Mapped {/api/v1/attribute, POST} route","timestamp":"2026-05-21T15:26:38.619Z"}
{"context":"RouterExplorer","level":"info","message":"Mapped {/api/v1/attribute, GET} route","timestamp":"2026-05-21T15:26:38.620Z"}
{"context":"RouterExplorer","level":"info","message":"Mapped {/api/v1/attribute/:id, GET} route","timestamp":"2026-05-21T15:26:38.620Z"}
{"context":"RouterExplorer","level":"info","message":"Mapped {/api/v1/attribute/:id, PATCH} route","timestamp":"2026-05-21T15:26:38.620Z"}
{"context":"RouterExplorer","level":"info","message":"Mapped {/api/v1/attribute/:id, DELETE} route","timestamp":"2026-05-21T15:26:38.620Z"}
{"context":"RoutesResolver","level":"info","message":"DepartmentsController {/api/v1/departments}:","timestamp":"2026-05-21T15:26:38.620Z"}
{"context":"RouterExplorer","level":"info","message":"Mapped {/api/v1/departments, POST} route","timestamp":"2026-05-21T15:26:38.620Z"}
{"context":"RouterExplorer","level":"info","message":"Mapped {/api/v1/departments, GET} route","timestamp":"2026-05-21T15:26:38.621Z"}
{"context":"RouterExplorer","level":"info","message":"Mapped {/api/v1/departments/:id, GET} route","timestamp":"2026-05-21T15:26:38.621Z"}
{"context":"RouterExplorer","level":"info","message":"Mapped {/api/v1/departments/:id, PATCH} route","timestamp":"2026-05-21T15:26:38.621Z"}
{"context":"RouterExplorer","level":"info","message":"Mapped {/api/v1/departments/:id, DELETE} route","timestamp":"2026-05-21T15:26:38.621Z"}
{"context":"RoutesResolver","level":"info","message":"PortsController {/api/v1/ports}:","timestamp":"2026-05-21T15:26:38.621Z"}
{"context":"RouterExplorer","level":"info","message":"Mapped {/api/v1/ports, POST} route","timestamp":"2026-05-21T15:26:38.622Z"}
{"context":"RouterExplorer","level":"info","message":"Mapped {/api/v1/ports, GET} route","timestamp":"2026-05-21T15:26:38.622Z"}
{"context":"RouterExplorer","level":"info","message":"Mapped {/api/v1/ports/:id, GET} route","timestamp":"2026-05-21T15:26:38.622Z"}
{"context":"RouterExplorer","level":"info","message":"Mapped {/api/v1/ports/:id, PATCH} route","timestamp":"2026-05-21T15:26:38.622Z"}
{"context":"RouterExplorer","level":"info","message":"Mapped {/api/v1/ports/:id, DELETE} route","timestamp":"2026-05-21T15:26:38.622Z"}
{"context":"RoutesResolver","level":"info","message":"FilesController {/api/v1/files}:","timestamp":"2026-05-21T15:26:38.622Z"}
{"context":"RouterExplorer","level":"info","message":"Mapped {/api/v1/files, POST} route","timestamp":"2026-05-21T15:26:38.623Z"}
{"context":"RouterExplorer","level":"info","message":"Mapped {/api/v1/files, GET} route","timestamp":"2026-05-21T15:26:38.623Z"}
{"context":"RouterExplorer","level":"info","message":"Mapped {/api/v1/files/:id, GET} route","timestamp":"2026-05-21T15:26:38.623Z"}
{"context":"RouterExplorer","level":"info","message":"Mapped {/api/v1/files/:id, PATCH} route","timestamp":"2026-05-21T15:26:38.623Z"}
{"context":"RouterExplorer","level":"info","message":"Mapped {/api/v1/files/:id, DELETE} route","timestamp":"2026-05-21T15:26:38.623Z"}
{"context":"PrismaService","level":"info","message":"Kết nối database thành công","timestamp":"2026-05-21T15:26:38.662Z"}
{"context":"GlobalPollingOutboxWorker","level":"info","message":"🚀 [GlobalWorker] Polling Worker đã kích hoạt (1s/lần)...","timestamp":"2026-05-21T15:26:38.663Z"}
{"context":"NestApplication","level":"info","message":"Nest application successfully started","timestamp":"2026-05-21T15:26:38.668Z"}
{"level":"info","message":"Khởi tạo ứng dụng...","timestamp":"2026-05-21T15:26:53.555Z"}
{"context":"NestFactory","level":"info","message":"Starting Nest application...","timestamp":"2026-05-21T15:26:53.632Z"}
{"context":"InstanceLoader","level":"info","message":"PassportModule dependencies initialized","timestamp":"2026-05-21T15:26:53.640Z"}
{"context":"InstanceLoader","level":"info","message":"ConfigHostModule dependencies initialized","timestamp":"2026-05-21T15:26:53.640Z"}
{"context":"InstanceLoader","level":"info","message":"AppModule dependencies initialized","timestamp":"2026-05-21T15:26:53.641Z"}
{"context":"InstanceLoader","level":"info","message":"DiscoveryModule dependencies initialized","timestamp":"2026-05-21T15:26:53.641Z"}
{"context":"PrismaService","level":"info","message":"🔌 Prisma Connection String: postgresql://admin:******@localhost:5433/kyc_asset_db?schema=public","timestamp":"2026-05-21T15:26:53.643Z"}
{"context":"InstanceLoader","level":"info","message":"PortsModule dependencies initialized","timestamp":"2026-05-21T15:26:53.644Z"}
{"context":"InstanceLoader","level":"info","message":"FilesModule dependencies initialized","timestamp":"2026-05-21T15:26:53.644Z"}
{"context":"InstanceLoader","level":"info","message":"ConfigModule dependencies initialized","timestamp":"2026-05-21T15:26:53.644Z"}
{"context":"InstanceLoader","level":"info","message":"EventEmitterModule dependencies initialized","timestamp":"2026-05-21T15:26:53.644Z"}
{"context":"InstanceLoader","level":"info","message":"CommonModule dependencies initialized","timestamp":"2026-05-21T15:26:53.645Z"}
{"context":"InstanceLoader","level":"info","message":"JwtModule dependencies initialized","timestamp":"2026-05-21T15:26:53.645Z"}
{"context":"InstanceLoader","level":"info","message":"PrismaModule dependencies initialized","timestamp":"2026-05-21T15:26:53.645Z"}
{"context":"InstanceLoader","level":"info","message":"OutboxModule dependencies initialized","timestamp":"2026-05-21T15:26:53.646Z"}
{"context":"InstanceLoader","level":"info","message":"WhitelistIpModule dependencies initialized","timestamp":"2026-05-21T15:26:53.647Z"}
{"context":"InstanceLoader","level":"info","message":"AttributeModule dependencies initialized","timestamp":"2026-05-21T15:26:53.647Z"}
{"context":"InstanceLoader","level":"info","message":"DepartmentsModule dependencies initialized","timestamp":"2026-05-21T15:26:53.647Z"}
{"context":"InstanceLoader","level":"info","message":"UsersModule dependencies initialized","timestamp":"2026-05-21T15:26:53.647Z"}
{"context":"InstanceLoader","level":"info","message":"RolesModule dependencies initialized","timestamp":"2026-05-21T15:26:53.647Z"}
{"context":"InstanceLoader","level":"info","message":"PermissionsModule dependencies initialized","timestamp":"2026-05-21T15:26:53.647Z"}
{"context":"InstanceLoader","level":"info","message":"AuthModule dependencies initialized","timestamp":"2026-05-21T15:26:53.648Z"}
{"context":"LegacyRouteConverter","level":"warn","message":"Unsupported route path: \"/api/v1/*\". In previous versions, the symbols ?, *, and + were used to denote optional or repeating path parameters. The latest version of \"path-to-regexp\" now requires the use of named parameters. For example, instead of using a route like /users/* to capture all routes starting with \"/users\", you should use /users/*path. For more details, refer to the migration guide. Attempting to auto-convert...","timestamp":"2026-05-21T15:26:53.673Z"}
{"context":"RoutesResolver","level":"info","message":"AppController {/api/v1/ping}:","timestamp":"2026-05-21T15:26:53.673Z"}
{"context":"RouterExplorer","level":"info","message":"Mapped {/api/v1/ping, GET} route","timestamp":"2026-05-21T15:26:53.674Z"}
{"context":"RoutesResolver","level":"info","message":"UsersController {/api/v1/users}:","timestamp":"2026-05-21T15:26:53.675Z"}
{"context":"RouterExplorer","level":"info","message":"Mapped {/api/v1/users, POST} route","timestamp":"2026-05-21T15:26:53.675Z"}
{"context":"RouterExplorer","level":"info","message":"Mapped {/api/v1/users, GET} route","timestamp":"2026-05-21T15:26:53.675Z"}
{"context":"RouterExplorer","level":"info","message":"Mapped {/api/v1/users/:id, GET} route","timestamp":"2026-05-21T15:26:53.675Z"}
{"context":"RouterExplorer","level":"info","message":"Mapped {/api/v1/users/:id, PATCH} route","timestamp":"2026-05-21T15:26:53.676Z"}
{"context":"RouterExplorer","level":"info","message":"Mapped {/api/v1/users/:id, DELETE} route","timestamp":"2026-05-21T15:26:53.676Z"}
{"context":"RoutesResolver","level":"info","message":"WhitelistIpController {/api/v1/whitelist-ip}:","timestamp":"2026-05-21T15:26:53.676Z"}
{"context":"RouterExplorer","level":"info","message":"Mapped {/api/v1/whitelist-ip, POST} route","timestamp":"2026-05-21T15:26:53.676Z"}
{"context":"RouterExplorer","level":"info","message":"Mapped {/api/v1/whitelist-ip, GET} route","timestamp":"2026-05-21T15:26:53.676Z"}
{"context":"RouterExplorer","level":"info","message":"Mapped {/api/v1/whitelist-ip/:id, GET} route","timestamp":"2026-05-21T15:26:53.677Z"}
{"context":"RouterExplorer","level":"info","message":"Mapped {/api/v1/whitelist-ip/:id, PATCH} route","timestamp":"2026-05-21T15:26:53.677Z"}
{"context":"RouterExplorer","level":"info","message":"Mapped {/api/v1/whitelist-ip/:id, DELETE} route","timestamp":"2026-05-21T15:26:53.677Z"}
{"context":"RoutesResolver","level":"info","message":"RolesController {/api/v1/roles}:","timestamp":"2026-05-21T15:26:53.677Z"}
{"context":"RouterExplorer","level":"info","message":"Mapped {/api/v1/roles, POST} route","timestamp":"2026-05-21T15:26:53.677Z"}
{"context":"RouterExplorer","level":"info","message":"Mapped {/api/v1/roles, GET} route","timestamp":"2026-05-21T15:26:53.677Z"}
{"context":"RouterExplorer","level":"info","message":"Mapped {/api/v1/roles/:id, GET} route","timestamp":"2026-05-21T15:26:53.677Z"}
{"context":"RouterExplorer","level":"info","message":"Mapped {/api/v1/roles/:id, PATCH} route","timestamp":"2026-05-21T15:26:53.678Z"}
{"context":"RouterExplorer","level":"info","message":"Mapped {/api/v1/roles/:id, DELETE} route","timestamp":"2026-05-21T15:26:53.678Z"}
{"context":"RoutesResolver","level":"info","message":"PermissionsController {/api/v1/permissions}:","timestamp":"2026-05-21T15:26:53.678Z"}
{"context":"RouterExplorer","level":"info","message":"Mapped {/api/v1/permissions, POST} route","timestamp":"2026-05-21T15:26:53.678Z"}
{"context":"RouterExplorer","level":"info","message":"Mapped {/api/v1/permissions, GET} route","timestamp":"2026-05-21T15:26:53.678Z"}
{"context":"RouterExplorer","level":"info","message":"Mapped {/api/v1/permissions/:id, PATCH} route","timestamp":"2026-05-21T15:26:53.679Z"}
{"context":"RouterExplorer","level":"info","message":"Mapped {/api/v1/permissions/:id, DELETE} route","timestamp":"2026-05-21T15:26:53.679Z"}
{"context":"RoutesResolver","level":"info","message":"AuthController {/api/v1/auth}:","timestamp":"2026-05-21T15:26:53.679Z"}
{"context":"RouterExplorer","level":"info","message":"Mapped {/api/v1/auth/register, POST} route","timestamp":"2026-05-21T15:26:53.679Z"}
{"context":"RouterExplorer","level":"info","message":"Mapped {/api/v1/auth/login, POST} route","timestamp":"2026-05-21T15:26:53.680Z"}
{"context":"RouterExplorer","level":"info","message":"Mapped {/api/v1/auth/refresh, POST} route","timestamp":"2026-05-21T15:26:53.680Z"}
{"context":"RouterExplorer","level":"info","message":"Mapped {/api/v1/auth/logout, POST} route","timestamp":"2026-05-21T15:26:53.680Z"}
{"context":"RouterExplorer","level":"info","message":"Mapped {/api/v1/auth/me, GET} route","timestamp":"2026-05-21T15:26:53.680Z"}
{"context":"RouterExplorer","level":"info","message":"Mapped {/api/v1/auth/me/password, PATCH} route","timestamp":"2026-05-21T15:26:53.680Z"}
{"context":"RoutesResolver","level":"info","message":"AttributeController {/api/v1/attribute}:","timestamp":"2026-05-21T15:26:53.681Z"}
{"context":"RouterExplorer","level":"info","message":"Mapped {/api/v1/attribute, POST} route","timestamp":"2026-05-21T15:26:53.681Z"}
{"context":"RouterExplorer","level":"info","message":"Mapped {/api/v1/attribute, GET} route","timestamp":"2026-05-21T15:26:53.681Z"}
{"context":"RouterExplorer","level":"info","message":"Mapped {/api/v1/attribute/:id, GET} route","timestamp":"2026-05-21T15:26:53.681Z"}
{"context":"RouterExplorer","level":"info","message":"Mapped {/api/v1/attribute/:id, PATCH} route","timestamp":"2026-05-21T15:26:53.681Z"}
{"context":"RouterExplorer","level":"info","message":"Mapped {/api/v1/attribute/:id, DELETE} route","timestamp":"2026-05-21T15:26:53.681Z"}
{"context":"RoutesResolver","level":"info","message":"DepartmentsController {/api/v1/departments}:","timestamp":"2026-05-21T15:26:53.682Z"}
{"context":"RouterExplorer","level":"info","message":"Mapped {/api/v1/departments, POST} route","timestamp":"2026-05-21T15:26:53.682Z"}
{"context":"RouterExplorer","level":"info","message":"Mapped {/api/v1/departments, GET} route","timestamp":"2026-05-21T15:26:53.682Z"}
{"context":"RouterExplorer","level":"info","message":"Mapped {/api/v1/departments/:id, GET} route","timestamp":"2026-05-21T15:26:53.682Z"}
{"context":"RouterExplorer","level":"info","message":"Mapped {/api/v1/departments/:id, PATCH} route","timestamp":"2026-05-21T15:26:53.682Z"}
{"context":"RouterExplorer","level":"info","message":"Mapped {/api/v1/departments/:id, DELETE} route","timestamp":"2026-05-21T15:26:53.683Z"}
{"context":"RoutesResolver","level":"info","message":"PortsController {/api/v1/ports}:","timestamp":"2026-05-21T15:26:53.683Z"}
{"context":"RouterExplorer","level":"info","message":"Mapped {/api/v1/ports, POST} route","timestamp":"2026-05-21T15:26:53.683Z"}
{"context":"RouterExplorer","level":"info","message":"Mapped {/api/v1/ports, GET} route","timestamp":"2026-05-21T15:26:53.683Z"}
{"context":"RouterExplorer","level":"info","message":"Mapped {/api/v1/ports/:id, GET} route","timestamp":"2026-05-21T15:26:53.683Z"}
{"context":"RouterExplorer","level":"info","message":"Mapped {/api/v1/ports/:id, PATCH} route","timestamp":"2026-05-21T15:26:53.684Z"}
{"context":"RouterExplorer","level":"info","message":"Mapped {/api/v1/ports/:id, DELETE} route","timestamp":"2026-05-21T15:26:53.684Z"}
{"context":"RoutesResolver","level":"info","message":"FilesController {/api/v1/files}:","timestamp":"2026-05-21T15:26:53.684Z"}
{"context":"RouterExplorer","level":"info","message":"Mapped {/api/v1/files, POST} route","timestamp":"2026-05-21T15:26:53.684Z"}
{"context":"RouterExplorer","level":"info","message":"Mapped {/api/v1/files, GET} route","timestamp":"2026-05-21T15:26:53.684Z"}
{"context":"RouterExplorer","level":"info","message":"Mapped {/api/v1/files/:id, GET} route","timestamp":"2026-05-21T15:26:53.685Z"}
{"context":"RouterExplorer","level":"info","message":"Mapped {/api/v1/files/:id, PATCH} route","timestamp":"2026-05-21T15:26:53.685Z"}
{"context":"RouterExplorer","level":"info","message":"Mapped {/api/v1/files/:id, DELETE} route","timestamp":"2026-05-21T15:26:53.685Z"}
{"context":"PrismaService","level":"info","message":"Kết nối database thành công","timestamp":"2026-05-21T15:26:53.724Z"}
{"context":"GlobalPollingOutboxWorker","level":"info","message":"🚀 [GlobalWorker] Polling Worker đã kích hoạt (1s/lần)...","timestamp":"2026-05-21T15:26:53.724Z"}
{"context":"NestApplication","level":"info","message":"Nest application successfully started","timestamp":"2026-05-21T15:26:53.730Z"}
{"level":"info","message":"Khởi tạo ứng dụng...","timestamp":"2026-05-21T15:27:01.371Z"}
{"context":"NestFactory","level":"info","message":"Starting Nest application...","timestamp":"2026-05-21T15:27:01.444Z"}
{"context":"InstanceLoader","level":"info","message":"PassportModule dependencies initialized","timestamp":"2026-05-21T15:27:01.452Z"}
{"context":"InstanceLoader","level":"info","message":"ConfigHostModule dependencies initialized","timestamp":"2026-05-21T15:27:01.453Z"}
{"context":"InstanceLoader","level":"info","message":"AppModule dependencies initialized","timestamp":"2026-05-21T15:27:01.453Z"}
{"context":"InstanceLoader","level":"info","message":"DiscoveryModule dependencies initialized","timestamp":"2026-05-21T15:27:01.453Z"}
{"context":"PrismaService","level":"info","message":"🔌 Prisma Connection String: postgresql://admin:******@localhost:5433/kyc_asset_db?schema=public","timestamp":"2026-05-21T15:27:01.455Z"}
{"context":"InstanceLoader","level":"info","message":"PortsModule dependencies initialized","timestamp":"2026-05-21T15:27:01.456Z"}
{"context":"InstanceLoader","level":"info","message":"FilesModule dependencies initialized","timestamp":"2026-05-21T15:27:01.456Z"}
{"context":"InstanceLoader","level":"info","message":"ConfigModule dependencies initialized","timestamp":"2026-05-21T15:27:01.456Z"}
{"context":"InstanceLoader","level":"info","message":"EventEmitterModule dependencies initialized","timestamp":"2026-05-21T15:27:01.456Z"}
{"context":"InstanceLoader","level":"info","message":"CommonModule dependencies initialized","timestamp":"2026-05-21T15:27:01.457Z"}
{"context":"InstanceLoader","level":"info","message":"JwtModule dependencies initialized","timestamp":"2026-05-21T15:27:01.457Z"}
{"context":"InstanceLoader","level":"info","message":"PrismaModule dependencies initialized","timestamp":"2026-05-21T15:27:01.457Z"}
{"context":"InstanceLoader","level":"info","message":"OutboxModule dependencies initialized","timestamp":"2026-05-21T15:27:01.457Z"}
{"context":"InstanceLoader","level":"info","message":"WhitelistIpModule dependencies initialized","timestamp":"2026-05-21T15:27:01.459Z"}
{"context":"InstanceLoader","level":"info","message":"AttributeModule dependencies initialized","timestamp":"2026-05-21T15:27:01.459Z"}
{"context":"InstanceLoader","level":"info","message":"DepartmentsModule dependencies initialized","timestamp":"2026-05-21T15:27:01.459Z"}
{"context":"InstanceLoader","level":"info","message":"UsersModule dependencies initialized","timestamp":"2026-05-21T15:27:01.459Z"}
{"context":"InstanceLoader","level":"info","message":"RolesModule dependencies initialized","timestamp":"2026-05-21T15:27:01.459Z"}
{"context":"InstanceLoader","level":"info","message":"PermissionsModule dependencies initialized","timestamp":"2026-05-21T15:27:01.459Z"}
{"context":"InstanceLoader","level":"info","message":"AuthModule dependencies initialized","timestamp":"2026-05-21T15:27:01.459Z"}
{"context":"LegacyRouteConverter","level":"warn","message":"Unsupported route path: \"/api/v1/*\". In previous versions, the symbols ?, *, and + were used to denote optional or repeating path parameters. The latest version of \"path-to-regexp\" now requires the use of named parameters. For example, instead of using a route like /users/* to capture all routes starting with \"/users\", you should use /users/*path. For more details, refer to the migration guide. Attempting to auto-convert...","timestamp":"2026-05-21T15:27:01.484Z"}
{"context":"RoutesResolver","level":"info","message":"AppController {/api/v1/ping}:","timestamp":"2026-05-21T15:27:01.485Z"}
{"context":"RouterExplorer","level":"info","message":"Mapped {/api/v1/ping, GET} route","timestamp":"2026-05-21T15:27:01.486Z"}
{"context":"RoutesResolver","level":"info","message":"UsersController {/api/v1/users}:","timestamp":"2026-05-21T15:27:01.486Z"}
{"context":"RouterExplorer","level":"info","message":"Mapped {/api/v1/users, POST} route","timestamp":"2026-05-21T15:27:01.487Z"}
{"context":"RouterExplorer","level":"info","message":"Mapped {/api/v1/users, GET} route","timestamp":"2026-05-21T15:27:01.487Z"}
{"context":"RouterExplorer","level":"info","message":"Mapped {/api/v1/users/:id, GET} route","timestamp":"2026-05-21T15:27:01.487Z"}
{"context":"RouterExplorer","level":"info","message":"Mapped {/api/v1/users/:id, PATCH} route","timestamp":"2026-05-21T15:27:01.488Z"}
{"context":"RouterExplorer","level":"info","message":"Mapped {/api/v1/users/:id, DELETE} route","timestamp":"2026-05-21T15:27:01.488Z"}
{"context":"RoutesResolver","level":"info","message":"WhitelistIpController {/api/v1/whitelist-ip}:","timestamp":"2026-05-21T15:27:01.488Z"}
{"context":"RouterExplorer","level":"info","message":"Mapped {/api/v1/whitelist-ip, POST} route","timestamp":"2026-05-21T15:27:01.488Z"}
{"context":"RouterExplorer","level":"info","message":"Mapped {/api/v1/whitelist-ip, GET} route","timestamp":"2026-05-21T15:27:01.488Z"}
{"context":"RouterExplorer","level":"info","message":"Mapped {/api/v1/whitelist-ip/:id, GET} route","timestamp":"2026-05-21T15:27:01.489Z"}
{"context":"RouterExplorer","level":"info","message":"Mapped {/api/v1/whitelist-ip/:id, PATCH} route","timestamp":"2026-05-21T15:27:01.489Z"}
{"context":"RouterExplorer","level":"info","message":"Mapped {/api/v1/whitelist-ip/:id, DELETE} route","timestamp":"2026-05-21T15:27:01.490Z"}
{"context":"RoutesResolver","level":"info","message":"RolesController {/api/v1/roles}:","timestamp":"2026-05-21T15:27:01.490Z"}
{"context":"RouterExplorer","level":"info","message":"Mapped {/api/v1/roles, POST} route","timestamp":"2026-05-21T15:27:01.490Z"}
{"context":"RouterExplorer","level":"info","message":"Mapped {/api/v1/roles, GET} route","timestamp":"2026-05-21T15:27:01.490Z"}
{"context":"RouterExplorer","level":"info","message":"Mapped {/api/v1/roles/:id, GET} route","timestamp":"2026-05-21T15:27:01.490Z"}
{"context":"RouterExplorer","level":"info","message":"Mapped {/api/v1/roles/:id, PATCH} route","timestamp":"2026-05-21T15:27:01.490Z"}
{"context":"RouterExplorer","level":"info","message":"Mapped {/api/v1/roles/:id, DELETE} route","timestamp":"2026-05-21T15:27:01.491Z"}
{"context":"RoutesResolver","level":"info","message":"PermissionsController {/api/v1/permissions}:","timestamp":"2026-05-21T15:27:01.491Z"}
{"context":"RouterExplorer","level":"info","message":"Mapped {/api/v1/permissions, POST} route","timestamp":"2026-05-21T15:27:01.491Z"}
{"context":"RouterExplorer","level":"info","message":"Mapped {/api/v1/permissions, GET} route","timestamp":"2026-05-21T15:27:01.491Z"}
{"context":"RouterExplorer","level":"info","message":"Mapped {/api/v1/permissions/:id, PATCH} route","timestamp":"2026-05-21T15:27:01.491Z"}
{"context":"RouterExplorer","level":"info","message":"Mapped {/api/v1/permissions/:id, DELETE} route","timestamp":"2026-05-21T15:27:01.492Z"}
{"context":"RoutesResolver","level":"info","message":"AuthController {/api/v1/auth}:","timestamp":"2026-05-21T15:27:01.492Z"}
{"context":"RouterExplorer","level":"info","message":"Mapped {/api/v1/auth/register, POST} route","timestamp":"2026-05-21T15:27:01.492Z"}
{"context":"RouterExplorer","level":"info","message":"Mapped {/api/v1/auth/login, POST} route","timestamp":"2026-05-21T15:27:01.492Z"}
{"context":"RouterExplorer","level":"info","message":"Mapped {/api/v1/auth/refresh, POST} route","timestamp":"2026-05-21T15:27:01.492Z"}
{"context":"RouterExplorer","level":"info","message":"Mapped {/api/v1/auth/logout, POST} route","timestamp":"2026-05-21T15:27:01.492Z"}
{"context":"RouterExplorer","level":"info","message":"Mapped {/api/v1/auth/me, GET} route","timestamp":"2026-05-21T15:27:01.493Z"}
{"context":"RouterExplorer","level":"info","message":"Mapped {/api/v1/auth/me/password, PATCH} route","timestamp":"2026-05-21T15:27:01.493Z"}
{"context":"RoutesResolver","level":"info","message":"AttributeController {/api/v1/attribute}:","timestamp":"2026-05-21T15:27:01.493Z"}
{"context":"RouterExplorer","level":"info","message":"Mapped {/api/v1/attribute, POST} route","timestamp":"2026-05-21T15:27:01.493Z"}
{"context":"RouterExplorer","level":"info","message":"Mapped {/api/v1/attribute, GET} route","timestamp":"2026-05-21T15:27:01.493Z"}
{"context":"RouterExplorer","level":"info","message":"Mapped {/api/v1/attribute/:id, GET} route","timestamp":"2026-05-21T15:27:01.494Z"}
{"context":"RouterExplorer","level":"info","message":"Mapped {/api/v1/attribute/:id, PATCH} route","timestamp":"2026-05-21T15:27:01.494Z"}
{"context":"RouterExplorer","level":"info","message":"Mapped {/api/v1/attribute/:id, DELETE} route","timestamp":"2026-05-21T15:27:01.494Z"}
{"context":"RoutesResolver","level":"info","message":"DepartmentsController {/api/v1/departments}:","timestamp":"2026-05-21T15:27:01.494Z"}
{"context":"RouterExplorer","level":"info","message":"Mapped {/api/v1/departments, POST} route","timestamp":"2026-05-21T15:27:01.494Z"}
{"context":"RouterExplorer","level":"info","message":"Mapped {/api/v1/departments, GET} route","timestamp":"2026-05-21T15:27:01.494Z"}
{"context":"RouterExplorer","level":"info","message":"Mapped {/api/v1/departments/:id, GET} route","timestamp":"2026-05-21T15:27:01.495Z"}
{"context":"RouterExplorer","level":"info","message":"Mapped {/api/v1/departments/:id, PATCH} route","timestamp":"2026-05-21T15:27:01.495Z"}
{"context":"RouterExplorer","level":"info","message":"Mapped {/api/v1/departments/:id, DELETE} route","timestamp":"2026-05-21T15:27:01.495Z"}
{"context":"RoutesResolver","level":"info","message":"PortsController {/api/v1/ports}:","timestamp":"2026-05-21T15:27:01.495Z"}
{"context":"RouterExplorer","level":"info","message":"Mapped {/api/v1/ports, POST} route","timestamp":"2026-05-21T15:27:01.495Z"}
{"context":"RouterExplorer","level":"info","message":"Mapped {/api/v1/ports, GET} route","timestamp":"2026-05-21T15:27:01.495Z"}
{"context":"RouterExplorer","level":"info","message":"Mapped {/api/v1/ports/:id, GET} route","timestamp":"2026-05-21T15:27:01.496Z"}
{"context":"RouterExplorer","level":"info","message":"Mapped {/api/v1/ports/:id, PATCH} route","timestamp":"2026-05-21T15:27:01.496Z"}
{"context":"RouterExplorer","level":"info","message":"Mapped {/api/v1/ports/:id, DELETE} route","timestamp":"2026-05-21T15:27:01.496Z"}
{"context":"RoutesResolver","level":"info","message":"FilesController {/api/v1/files}:","timestamp":"2026-05-21T15:27:01.496Z"}
{"context":"RouterExplorer","level":"info","message":"Mapped {/api/v1/files, POST} route","timestamp":"2026-05-21T15:27:01.496Z"}
{"context":"RouterExplorer","level":"info","message":"Mapped {/api/v1/files, GET} route","timestamp":"2026-05-21T15:27:01.497Z"}
{"context":"RouterExplorer","level":"info","message":"Mapped {/api/v1/files/:id, GET} route","timestamp":"2026-05-21T15:27:01.497Z"}
{"context":"RouterExplorer","level":"info","message":"Mapped {/api/v1/files/:id, PATCH} route","timestamp":"2026-05-21T15:27:01.497Z"}
{"context":"RouterExplorer","level":"info","message":"Mapped {/api/v1/files/:id, DELETE} route","timestamp":"2026-05-21T15:27:01.497Z"}
{"context":"PrismaService","level":"info","message":"Kết nối database thành công","timestamp":"2026-05-21T15:27:01.536Z"}
{"context":"GlobalPollingOutboxWorker","level":"info","message":"🚀 [GlobalWorker] Polling Worker đã kích hoạt (1s/lần)...","timestamp":"2026-05-21T15:27:01.536Z"}
{"context":"NestApplication","level":"info","message":"Nest application successfully started","timestamp":"2026-05-21T15:27:01.541Z"}
{"level":"info","message":"Khởi tạo ứng dụng...","timestamp":"2026-05-21T15:29:13.811Z"}
{"context":"NestFactory","level":"info","message":"Starting Nest application...","timestamp":"2026-05-21T15:29:13.881Z"}
{"context":"InstanceLoader","level":"info","message":"PassportModule dependencies initialized","timestamp":"2026-05-21T15:29:13.889Z"}
{"context":"InstanceLoader","level":"info","message":"ConfigHostModule dependencies initialized","timestamp":"2026-05-21T15:29:13.890Z"}
{"context":"InstanceLoader","level":"info","message":"AppModule dependencies initialized","timestamp":"2026-05-21T15:29:13.890Z"}
{"context":"InstanceLoader","level":"info","message":"DiscoveryModule dependencies initialized","timestamp":"2026-05-21T15:29:13.890Z"}
{"context":"PrismaService","level":"info","message":"🔌 Prisma Connection String: postgresql://admin:******@localhost:5433/kyc_asset_db?schema=public","timestamp":"2026-05-21T15:29:13.892Z"}
{"context":"InstanceLoader","level":"info","message":"PortsModule dependencies initialized","timestamp":"2026-05-21T15:29:13.893Z"}
{"context":"InstanceLoader","level":"info","message":"FilesModule dependencies initialized","timestamp":"2026-05-21T15:29:13.893Z"}
{"context":"InstanceLoader","level":"info","message":"ConfigModule dependencies initialized","timestamp":"2026-05-21T15:29:13.893Z"}
{"context":"InstanceLoader","level":"info","message":"EventEmitterModule dependencies initialized","timestamp":"2026-05-21T15:29:13.893Z"}
{"context":"InstanceLoader","level":"info","message":"CommonModule dependencies initialized","timestamp":"2026-05-21T15:29:13.893Z"}
{"context":"InstanceLoader","level":"info","message":"JwtModule dependencies initialized","timestamp":"2026-05-21T15:29:13.894Z"}
{"context":"InstanceLoader","level":"info","message":"PrismaModule dependencies initialized","timestamp":"2026-05-21T15:29:13.894Z"}
{"context":"InstanceLoader","level":"info","message":"OutboxModule dependencies initialized","timestamp":"2026-05-21T15:29:13.894Z"}
{"context":"InstanceLoader","level":"info","message":"WhitelistIpModule dependencies initialized","timestamp":"2026-05-21T15:29:13.896Z"}
{"context":"InstanceLoader","level":"info","message":"AttributeModule dependencies initialized","timestamp":"2026-05-21T15:29:13.896Z"}
{"context":"InstanceLoader","level":"info","message":"DepartmentsModule dependencies initialized","timestamp":"2026-05-21T15:29:13.896Z"}
{"context":"InstanceLoader","level":"info","message":"UsersModule dependencies initialized","timestamp":"2026-05-21T15:29:13.896Z"}
{"context":"InstanceLoader","level":"info","message":"RolesModule dependencies initialized","timestamp":"2026-05-21T15:29:13.896Z"}
{"context":"InstanceLoader","level":"info","message":"PermissionsModule dependencies initialized","timestamp":"2026-05-21T15:29:13.896Z"}
{"context":"InstanceLoader","level":"info","message":"AuthModule dependencies initialized","timestamp":"2026-05-21T15:29:13.896Z"}
{"context":"LegacyRouteConverter","level":"warn","message":"Unsupported route path: \"/api/v1/*\". In previous versions, the symbols ?, *, and + were used to denote optional or repeating path parameters. The latest version of \"path-to-regexp\" now requires the use of named parameters. For example, instead of using a route like /users/* to capture all routes starting with \"/users\", you should use /users/*path. For more details, refer to the migration guide. Attempting to auto-convert...","timestamp":"2026-05-21T15:29:13.921Z"}
{"context":"RoutesResolver","level":"info","message":"AppController {/api/v1/ping}:","timestamp":"2026-05-21T15:29:13.921Z"}
{"context":"RouterExplorer","level":"info","message":"Mapped {/api/v1/ping, GET} route","timestamp":"2026-05-21T15:29:13.923Z"}
{"context":"RoutesResolver","level":"info","message":"UsersController {/api/v1/users}:","timestamp":"2026-05-21T15:29:13.923Z"}
{"context":"RouterExplorer","level":"info","message":"Mapped {/api/v1/users, POST} route","timestamp":"2026-05-21T15:29:13.923Z"}
{"context":"RouterExplorer","level":"info","message":"Mapped {/api/v1/users, GET} route","timestamp":"2026-05-21T15:29:13.923Z"}
{"context":"RouterExplorer","level":"info","message":"Mapped {/api/v1/users/:id, GET} route","timestamp":"2026-05-21T15:29:13.924Z"}
{"context":"RouterExplorer","level":"info","message":"Mapped {/api/v1/users/:id, PATCH} route","timestamp":"2026-05-21T15:29:13.924Z"}
{"context":"RouterExplorer","level":"info","message":"Mapped {/api/v1/users/:id, DELETE} route","timestamp":"2026-05-21T15:29:13.924Z"}
{"context":"RoutesResolver","level":"info","message":"WhitelistIpController {/api/v1/whitelist-ip}:","timestamp":"2026-05-21T15:29:13.924Z"}
{"context":"RouterExplorer","level":"info","message":"Mapped {/api/v1/whitelist-ip, POST} route","timestamp":"2026-05-21T15:29:13.925Z"}
{"context":"RouterExplorer","level":"info","message":"Mapped {/api/v1/whitelist-ip, GET} route","timestamp":"2026-05-21T15:29:13.925Z"}
{"context":"RouterExplorer","level":"info","message":"Mapped {/api/v1/whitelist-ip/:id, GET} route","timestamp":"2026-05-21T15:29:13.925Z"}
{"context":"RouterExplorer","level":"info","message":"Mapped {/api/v1/whitelist-ip/:id, PATCH} route","timestamp":"2026-05-21T15:29:13.925Z"}
{"context":"RouterExplorer","level":"info","message":"Mapped {/api/v1/whitelist-ip/:id, DELETE} route","timestamp":"2026-05-21T15:29:13.926Z"}
{"context":"RoutesResolver","level":"info","message":"RolesController {/api/v1/roles}:","timestamp":"2026-05-21T15:29:13.926Z"}
{"context":"RouterExplorer","level":"info","message":"Mapped {/api/v1/roles, POST} route","timestamp":"2026-05-21T15:29:13.926Z"}
{"context":"RouterExplorer","level":"info","message":"Mapped {/api/v1/roles, GET} route","timestamp":"2026-05-21T15:29:13.926Z"}
{"context":"RouterExplorer","level":"info","message":"Mapped {/api/v1/roles/:id, GET} route","timestamp":"2026-05-21T15:29:13.926Z"}
{"context":"RouterExplorer","level":"info","message":"Mapped {/api/v1/roles/:id, PATCH} route","timestamp":"2026-05-21T15:29:13.927Z"}
{"context":"RouterExplorer","level":"info","message":"Mapped {/api/v1/roles/:id, DELETE} route","timestamp":"2026-05-21T15:29:13.927Z"}
{"context":"RoutesResolver","level":"info","message":"PermissionsController {/api/v1/permissions}:","timestamp":"2026-05-21T15:29:13.927Z"}
{"context":"RouterExplorer","level":"info","message":"Mapped {/api/v1/permissions, POST} route","timestamp":"2026-05-21T15:29:13.927Z"}
{"context":"RouterExplorer","level":"info","message":"Mapped {/api/v1/permissions, GET} route","timestamp":"2026-05-21T15:29:13.927Z"}
{"context":"RouterExplorer","level":"info","message":"Mapped {/api/v1/permissions/:id, PATCH} route","timestamp":"2026-05-21T15:29:13.928Z"}
{"context":"RouterExplorer","level":"info","message":"Mapped {/api/v1/permissions/:id, DELETE} route","timestamp":"2026-05-21T15:29:13.928Z"}
{"context":"RoutesResolver","level":"info","message":"AuthController {/api/v1/auth}:","timestamp":"2026-05-21T15:29:13.928Z"}
{"context":"RouterExplorer","level":"info","message":"Mapped {/api/v1/auth/register, POST} route","timestamp":"2026-05-21T15:29:13.928Z"}
{"context":"RouterExplorer","level":"info","message":"Mapped {/api/v1/auth/login, POST} route","timestamp":"2026-05-21T15:29:13.928Z"}
{"context":"RouterExplorer","level":"info","message":"Mapped {/api/v1/auth/refresh, POST} route","timestamp":"2026-05-21T15:29:13.929Z"}
{"context":"RouterExplorer","level":"info","message":"Mapped {/api/v1/auth/logout, POST} route","timestamp":"2026-05-21T15:29:13.929Z"}
{"context":"RouterExplorer","level":"info","message":"Mapped {/api/v1/auth/me, GET} route","timestamp":"2026-05-21T15:29:13.929Z"}
{"context":"RouterExplorer","level":"info","message":"Mapped {/api/v1/auth/me/password, PATCH} route","timestamp":"2026-05-21T15:29:13.930Z"}
{"context":"RoutesResolver","level":"info","message":"AttributeController {/api/v1/attribute}:","timestamp":"2026-05-21T15:29:13.930Z"}
{"context":"RouterExplorer","level":"info","message":"Mapped {/api/v1/attribute, POST} route","timestamp":"2026-05-21T15:29:13.930Z"}
{"context":"RouterExplorer","level":"info","message":"Mapped {/api/v1/attribute, GET} route","timestamp":"2026-05-21T15:29:13.930Z"}
{"context":"RouterExplorer","level":"info","message":"Mapped {/api/v1/attribute/:id, GET} route","timestamp":"2026-05-21T15:29:13.930Z"}
{"context":"RouterExplorer","level":"info","message":"Mapped {/api/v1/attribute/:id, PATCH} route","timestamp":"2026-05-21T15:29:13.931Z"}
{"context":"RouterExplorer","level":"info","message":"Mapped {/api/v1/attribute/:id, DELETE} route","timestamp":"2026-05-21T15:29:13.931Z"}
{"context":"RoutesResolver","level":"info","message":"DepartmentsController {/api/v1/departments}:","timestamp":"2026-05-21T15:29:13.931Z"}
{"context":"RouterExplorer","level":"info","message":"Mapped {/api/v1/departments, POST} route","timestamp":"2026-05-21T15:29:13.931Z"}
{"context":"RouterExplorer","level":"info","message":"Mapped {/api/v1/departments, GET} route","timestamp":"2026-05-21T15:29:13.931Z"}
{"context":"RouterExplorer","level":"info","message":"Mapped {/api/v1/departments/:id, GET} route","timestamp":"2026-05-21T15:29:13.932Z"}
{"context":"RouterExplorer","level":"info","message":"Mapped {/api/v1/departments/:id, PATCH} route","timestamp":"2026-05-21T15:29:13.932Z"}
{"context":"RouterExplorer","level":"info","message":"Mapped {/api/v1/departments/:id, DELETE} route","timestamp":"2026-05-21T15:29:13.933Z"}
{"context":"RoutesResolver","level":"info","message":"PortsController {/api/v1/ports}:","timestamp":"2026-05-21T15:29:13.933Z"}
{"context":"RouterExplorer","level":"info","message":"Mapped {/api/v1/ports, POST} route","timestamp":"2026-05-21T15:29:13.933Z"}
{"context":"RouterExplorer","level":"info","message":"Mapped {/api/v1/ports, GET} route","timestamp":"2026-05-21T15:29:13.933Z"}
{"context":"RouterExplorer","level":"info","message":"Mapped {/api/v1/ports/:id, GET} route","timestamp":"2026-05-21T15:29:13.934Z"}
{"context":"RouterExplorer","level":"info","message":"Mapped {/api/v1/ports/:id, PATCH} route","timestamp":"2026-05-21T15:29:13.934Z"}
{"context":"RouterExplorer","level":"info","message":"Mapped {/api/v1/ports/:id, DELETE} route","timestamp":"2026-05-21T15:29:13.934Z"}
{"context":"RoutesResolver","level":"info","message":"FilesController {/api/v1/files}:","timestamp":"2026-05-21T15:29:13.934Z"}
{"context":"RouterExplorer","level":"info","message":"Mapped {/api/v1/files, POST} route","timestamp":"2026-05-21T15:29:13.934Z"}
{"context":"RouterExplorer","level":"info","message":"Mapped {/api/v1/files, GET} route","timestamp":"2026-05-21T15:29:13.934Z"}
{"context":"RouterExplorer","level":"info","message":"Mapped {/api/v1/files/:id, GET} route","timestamp":"2026-05-21T15:29:13.935Z"}
{"context":"RouterExplorer","level":"info","message":"Mapped {/api/v1/files/:id, PATCH} route","timestamp":"2026-05-21T15:29:13.935Z"}
{"context":"RouterExplorer","level":"info","message":"Mapped {/api/v1/files/:id, DELETE} route","timestamp":"2026-05-21T15:29:13.935Z"}
{"context":"PrismaService","level":"info","message":"Kết nối database thành công","timestamp":"2026-05-21T15:29:13.974Z"}
{"context":"GlobalPollingOutboxWorker","level":"info","message":"🚀 [GlobalWorker] Polling Worker đã kích hoạt (1s/lần)...","timestamp":"2026-05-21T15:29:13.974Z"}
{"context":"NestApplication","level":"info","message":"Nest application successfully started","timestamp":"2026-05-21T15:29:13.979Z"}
{"level":"info","message":"Khởi tạo ứng dụng...","timestamp":"2026-05-21T15:30:56.001Z"}
{"context":"NestFactory","level":"info","message":"Starting Nest application...","timestamp":"2026-05-21T15:30:56.070Z"}
{"context":"InstanceLoader","level":"info","message":"PassportModule dependencies initialized","timestamp":"2026-05-21T15:30:56.078Z"}
{"context":"InstanceLoader","level":"info","message":"ConfigHostModule dependencies initialized","timestamp":"2026-05-21T15:30:56.078Z"}
{"context":"InstanceLoader","level":"info","message":"AppModule dependencies initialized","timestamp":"2026-05-21T15:30:56.078Z"}
{"context":"InstanceLoader","level":"info","message":"DiscoveryModule dependencies initialized","timestamp":"2026-05-21T15:30:56.078Z"}
{"context":"PrismaService","level":"info","message":"🔌 Prisma Connection String: postgresql://admin:******@localhost:5433/kyc_asset_db?schema=public","timestamp":"2026-05-21T15:30:56.081Z"}
{"context":"InstanceLoader","level":"info","message":"PortsModule dependencies initialized","timestamp":"2026-05-21T15:30:56.081Z"}
{"context":"InstanceLoader","level":"info","message":"FilesModule dependencies initialized","timestamp":"2026-05-21T15:30:56.082Z"}
{"context":"InstanceLoader","level":"info","message":"ConfigModule dependencies initialized","timestamp":"2026-05-21T15:30:56.082Z"}
{"context":"InstanceLoader","level":"info","message":"EventEmitterModule dependencies initialized","timestamp":"2026-05-21T15:30:56.082Z"}
{"context":"InstanceLoader","level":"info","message":"CommonModule dependencies initialized","timestamp":"2026-05-21T15:30:56.082Z"}
{"context":"InstanceLoader","level":"info","message":"JwtModule dependencies initialized","timestamp":"2026-05-21T15:30:56.083Z"}
{"context":"InstanceLoader","level":"info","message":"PrismaModule dependencies initialized","timestamp":"2026-05-21T15:30:56.083Z"}
{"context":"InstanceLoader","level":"info","message":"OutboxModule dependencies initialized","timestamp":"2026-05-21T15:30:56.083Z"}
{"context":"InstanceLoader","level":"info","message":"WhitelistIpModule dependencies initialized","timestamp":"2026-05-21T15:30:56.085Z"}
{"context":"InstanceLoader","level":"info","message":"AttributeModule dependencies initialized","timestamp":"2026-05-21T15:30:56.085Z"}
{"context":"InstanceLoader","level":"info","message":"DepartmentsModule dependencies initialized","timestamp":"2026-05-21T15:30:56.085Z"}
{"context":"InstanceLoader","level":"info","message":"UsersModule dependencies initialized","timestamp":"2026-05-21T15:30:56.085Z"}
{"context":"InstanceLoader","level":"info","message":"RolesModule dependencies initialized","timestamp":"2026-05-21T15:30:56.085Z"}
{"context":"InstanceLoader","level":"info","message":"PermissionsModule dependencies initialized","timestamp":"2026-05-21T15:30:56.086Z"}
{"context":"InstanceLoader","level":"info","message":"AuthModule dependencies initialized","timestamp":"2026-05-21T15:30:56.086Z"}
{"context":"LegacyRouteConverter","level":"warn","message":"Unsupported route path: \"/api/v1/*\". In previous versions, the symbols ?, *, and + were used to denote optional or repeating path parameters. The latest version of \"path-to-regexp\" now requires the use of named parameters. For example, instead of using a route like /users/* to capture all routes starting with \"/users\", you should use /users/*path. For more details, refer to the migration guide. Attempting to auto-convert...","timestamp":"2026-05-21T15:30:56.110Z"}
{"context":"RoutesResolver","level":"info","message":"AppController {/api/v1/ping}:","timestamp":"2026-05-21T15:30:56.111Z"}
{"context":"RouterExplorer","level":"info","message":"Mapped {/api/v1/ping, GET} route","timestamp":"2026-05-21T15:30:56.112Z"}
{"context":"RoutesResolver","level":"info","message":"UsersController {/api/v1/users}:","timestamp":"2026-05-21T15:30:56.112Z"}
{"context":"RouterExplorer","level":"info","message":"Mapped {/api/v1/users, POST} route","timestamp":"2026-05-21T15:30:56.113Z"}
{"context":"RouterExplorer","level":"info","message":"Mapped {/api/v1/users, GET} route","timestamp":"2026-05-21T15:30:56.113Z"}
{"context":"RouterExplorer","level":"info","message":"Mapped {/api/v1/users/:id, GET} route","timestamp":"2026-05-21T15:30:56.114Z"}
{"context":"RouterExplorer","level":"info","message":"Mapped {/api/v1/users/:id, PATCH} route","timestamp":"2026-05-21T15:30:56.114Z"}
{"context":"RouterExplorer","level":"info","message":"Mapped {/api/v1/users/:id, DELETE} route","timestamp":"2026-05-21T15:30:56.114Z"}
{"context":"RoutesResolver","level":"info","message":"WhitelistIpController {/api/v1/whitelist-ip}:","timestamp":"2026-05-21T15:30:56.114Z"}
{"context":"RouterExplorer","level":"info","message":"Mapped {/api/v1/whitelist-ip, POST} route","timestamp":"2026-05-21T15:30:56.115Z"}
{"context":"RouterExplorer","level":"info","message":"Mapped {/api/v1/whitelist-ip, GET} route","timestamp":"2026-05-21T15:30:56.115Z"}
{"context":"RouterExplorer","level":"info","message":"Mapped {/api/v1/whitelist-ip/:id, GET} route","timestamp":"2026-05-21T15:30:56.115Z"}
{"context":"RouterExplorer","level":"info","message":"Mapped {/api/v1/whitelist-ip/:id, PATCH} route","timestamp":"2026-05-21T15:30:56.116Z"}
{"context":"RouterExplorer","level":"info","message":"Mapped {/api/v1/whitelist-ip/:id, DELETE} route","timestamp":"2026-05-21T15:30:56.116Z"}
{"context":"RoutesResolver","level":"info","message":"RolesController {/api/v1/roles}:","timestamp":"2026-05-21T15:30:56.116Z"}
{"context":"RouterExplorer","level":"info","message":"Mapped {/api/v1/roles, POST} route","timestamp":"2026-05-21T15:30:56.116Z"}
{"context":"RouterExplorer","level":"info","message":"Mapped {/api/v1/roles, GET} route","timestamp":"2026-05-21T15:30:56.116Z"}
{"context":"RouterExplorer","level":"info","message":"Mapped {/api/v1/roles/:id, GET} route","timestamp":"2026-05-21T15:30:56.117Z"}
{"context":"RouterExplorer","level":"info","message":"Mapped {/api/v1/roles/:id, PATCH} route","timestamp":"2026-05-21T15:30:56.117Z"}
{"context":"RouterExplorer","level":"info","message":"Mapped {/api/v1/roles/:id, DELETE} route","timestamp":"2026-05-21T15:30:56.117Z"}
{"context":"RoutesResolver","level":"info","message":"PermissionsController {/api/v1/permissions}:","timestamp":"2026-05-21T15:30:56.117Z"}
{"context":"RouterExplorer","level":"info","message":"Mapped {/api/v1/permissions, POST} route","timestamp":"2026-05-21T15:30:56.117Z"}
{"context":"RouterExplorer","level":"info","message":"Mapped {/api/v1/permissions, GET} route","timestamp":"2026-05-21T15:30:56.118Z"}
{"context":"RouterExplorer","level":"info","message":"Mapped {/api/v1/permissions/:id, PATCH} route","timestamp":"2026-05-21T15:30:56.118Z"}
{"context":"RouterExplorer","level":"info","message":"Mapped {/api/v1/permissions/:id, DELETE} route","timestamp":"2026-05-21T15:30:56.118Z"}
{"context":"RoutesResolver","level":"info","message":"AuthController {/api/v1/auth}:","timestamp":"2026-05-21T15:30:56.118Z"}
{"context":"RouterExplorer","level":"info","message":"Mapped {/api/v1/auth/register, POST} route","timestamp":"2026-05-21T15:30:56.118Z"}
{"context":"RouterExplorer","level":"info","message":"Mapped {/api/v1/auth/login, POST} route","timestamp":"2026-05-21T15:30:56.118Z"}
{"context":"RouterExplorer","level":"info","message":"Mapped {/api/v1/auth/refresh, POST} route","timestamp":"2026-05-21T15:30:56.119Z"}
{"context":"RouterExplorer","level":"info","message":"Mapped {/api/v1/auth/logout, POST} route","timestamp":"2026-05-21T15:30:56.119Z"}
{"context":"RouterExplorer","level":"info","message":"Mapped {/api/v1/auth/me, GET} route","timestamp":"2026-05-21T15:30:56.119Z"}
{"context":"RouterExplorer","level":"info","message":"Mapped {/api/v1/auth/me/password, PATCH} route","timestamp":"2026-05-21T15:30:56.119Z"}
{"context":"RoutesResolver","level":"info","message":"AttributeController {/api/v1/attribute}:","timestamp":"2026-05-21T15:30:56.119Z"}
{"context":"RouterExplorer","level":"info","message":"Mapped {/api/v1/attribute, POST} route","timestamp":"2026-05-21T15:30:56.119Z"}
{"context":"RouterExplorer","level":"info","message":"Mapped {/api/v1/attribute, GET} route","timestamp":"2026-05-21T15:30:56.120Z"}
{"context":"RouterExplorer","level":"info","message":"Mapped {/api/v1/attribute/:id, GET} route","timestamp":"2026-05-21T15:30:56.120Z"}
{"context":"RouterExplorer","level":"info","message":"Mapped {/api/v1/attribute/:id, PATCH} route","timestamp":"2026-05-21T15:30:56.120Z"}
{"context":"RouterExplorer","level":"info","message":"Mapped {/api/v1/attribute/:id, DELETE} route","timestamp":"2026-05-21T15:30:56.120Z"}
{"context":"RoutesResolver","level":"info","message":"DepartmentsController {/api/v1/departments}:","timestamp":"2026-05-21T15:30:56.120Z"}
{"context":"RouterExplorer","level":"info","message":"Mapped {/api/v1/departments, POST} route","timestamp":"2026-05-21T15:30:56.121Z"}
{"context":"RouterExplorer","level":"info","message":"Mapped {/api/v1/departments, GET} route","timestamp":"2026-05-21T15:30:56.121Z"}
{"context":"RouterExplorer","level":"info","message":"Mapped {/api/v1/departments/:id, GET} route","timestamp":"2026-05-21T15:30:56.121Z"}
{"context":"RouterExplorer","level":"info","message":"Mapped {/api/v1/departments/:id, PATCH} route","timestamp":"2026-05-21T15:30:56.121Z"}
{"context":"RouterExplorer","level":"info","message":"Mapped {/api/v1/departments/:id, DELETE} route","timestamp":"2026-05-21T15:30:56.122Z"}
{"context":"RoutesResolver","level":"info","message":"PortsController {/api/v1/ports}:","timestamp":"2026-05-21T15:30:56.122Z"}
{"context":"RouterExplorer","level":"info","message":"Mapped {/api/v1/ports, POST} route","timestamp":"2026-05-21T15:30:56.122Z"}
{"context":"RouterExplorer","level":"info","message":"Mapped {/api/v1/ports, GET} route","timestamp":"2026-05-21T15:30:56.122Z"}
{"context":"RouterExplorer","level":"info","message":"Mapped {/api/v1/ports/:id, GET} route","timestamp":"2026-05-21T15:30:56.122Z"}
{"context":"RouterExplorer","level":"info","message":"Mapped {/api/v1/ports/:id, PATCH} route","timestamp":"2026-05-21T15:30:56.122Z"}
{"context":"RouterExplorer","level":"info","message":"Mapped {/api/v1/ports/:id, DELETE} route","timestamp":"2026-05-21T15:30:56.123Z"}
{"context":"RoutesResolver","level":"info","message":"FilesController {/api/v1/files}:","timestamp":"2026-05-21T15:30:56.123Z"}
{"context":"RouterExplorer","level":"info","message":"Mapped {/api/v1/files, POST} route","timestamp":"2026-05-21T15:30:56.123Z"}
{"context":"RouterExplorer","level":"info","message":"Mapped {/api/v1/files, GET} route","timestamp":"2026-05-21T15:30:56.123Z"}
{"context":"RouterExplorer","level":"info","message":"Mapped {/api/v1/files/:id, GET} route","timestamp":"2026-05-21T15:30:56.123Z"}
{"context":"RouterExplorer","level":"info","message":"Mapped {/api/v1/files/:id, PATCH} route","timestamp":"2026-05-21T15:30:56.123Z"}
{"context":"RouterExplorer","level":"info","message":"Mapped {/api/v1/files/:id, DELETE} route","timestamp":"2026-05-21T15:30:56.124Z"}
{"context":"PrismaService","level":"info","message":"Kết nối database thành công","timestamp":"2026-05-21T15:30:56.161Z"}
{"context":"GlobalPollingOutboxWorker","level":"info","message":"🚀 [GlobalWorker] Polling Worker đã kích hoạt (1s/lần)...","timestamp":"2026-05-21T15:30:56.161Z"}
{"context":"NestApplication","level":"info","message":"Nest application successfully started","timestamp":"2026-05-21T15:30:56.167Z"}
{"level":"info","message":"Khởi tạo ứng dụng...","timestamp":"2026-05-21T15:30:58.731Z"}
{"context":"NestFactory","level":"info","message":"Starting Nest application...","timestamp":"2026-05-21T15:30:58.801Z"}
{"context":"InstanceLoader","level":"info","message":"PassportModule dependencies initialized","timestamp":"2026-05-21T15:30:58.808Z"}
{"context":"InstanceLoader","level":"info","message":"ConfigHostModule dependencies initialized","timestamp":"2026-05-21T15:30:58.809Z"}
{"context":"InstanceLoader","level":"info","message":"AppModule dependencies initialized","timestamp":"2026-05-21T15:30:58.809Z"}
{"context":"InstanceLoader","level":"info","message":"DiscoveryModule dependencies initialized","timestamp":"2026-05-21T15:30:58.809Z"}
{"context":"PrismaService","level":"info","message":"🔌 Prisma Connection String: postgresql://admin:******@localhost:5433/kyc_asset_db?schema=public","timestamp":"2026-05-21T15:30:58.811Z"}
{"context":"InstanceLoader","level":"info","message":"PortsModule dependencies initialized","timestamp":"2026-05-21T15:30:58.812Z"}
{"context":"InstanceLoader","level":"info","message":"FilesModule dependencies initialized","timestamp":"2026-05-21T15:30:58.812Z"}
{"context":"InstanceLoader","level":"info","message":"ConfigModule dependencies initialized","timestamp":"2026-05-21T15:30:58.812Z"}
{"context":"InstanceLoader","level":"info","message":"EventEmitterModule dependencies initialized","timestamp":"2026-05-21T15:30:58.812Z"}
{"context":"InstanceLoader","level":"info","message":"CommonModule dependencies initialized","timestamp":"2026-05-21T15:30:58.812Z"}
{"context":"InstanceLoader","level":"info","message":"JwtModule dependencies initialized","timestamp":"2026-05-21T15:30:58.813Z"}
{"context":"InstanceLoader","level":"info","message":"PrismaModule dependencies initialized","timestamp":"2026-05-21T15:30:58.813Z"}
{"context":"InstanceLoader","level":"info","message":"OutboxModule dependencies initialized","timestamp":"2026-05-21T15:30:58.814Z"}
{"context":"InstanceLoader","level":"info","message":"WhitelistIpModule dependencies initialized","timestamp":"2026-05-21T15:30:58.815Z"}
{"context":"InstanceLoader","level":"info","message":"AttributeModule dependencies initialized","timestamp":"2026-05-21T15:30:58.815Z"}
{"context":"InstanceLoader","level":"info","message":"DepartmentsModule dependencies initialized","timestamp":"2026-05-21T15:30:58.816Z"}
{"context":"InstanceLoader","level":"info","message":"UsersModule dependencies initialized","timestamp":"2026-05-21T15:30:58.816Z"}
{"context":"InstanceLoader","level":"info","message":"RolesModule dependencies initialized","timestamp":"2026-05-21T15:30:58.816Z"}
{"context":"InstanceLoader","level":"info","message":"PermissionsModule dependencies initialized","timestamp":"2026-05-21T15:30:58.816Z"}
{"context":"InstanceLoader","level":"info","message":"AuthModule dependencies initialized","timestamp":"2026-05-21T15:30:58.816Z"}
{"context":"LegacyRouteConverter","level":"warn","message":"Unsupported route path: \"/api/v1/*\". In previous versions, the symbols ?, *, and + were used to denote optional or repeating path parameters. The latest version of \"path-to-regexp\" now requires the use of named parameters. For example, instead of using a route like /users/* to capture all routes starting with \"/users\", you should use /users/*path. For more details, refer to the migration guide. Attempting to auto-convert...","timestamp":"2026-05-21T15:30:58.840Z"}
{"context":"RoutesResolver","level":"info","message":"AppController {/api/v1/ping}:","timestamp":"2026-05-21T15:30:58.841Z"}
{"context":"RouterExplorer","level":"info","message":"Mapped {/api/v1/ping, GET} route","timestamp":"2026-05-21T15:30:58.842Z"}
{"context":"RoutesResolver","level":"info","message":"UsersController {/api/v1/users}:","timestamp":"2026-05-21T15:30:58.842Z"}
{"context":"RouterExplorer","level":"info","message":"Mapped {/api/v1/users, POST} route","timestamp":"2026-05-21T15:30:58.842Z"}
{"context":"RouterExplorer","level":"info","message":"Mapped {/api/v1/users, GET} route","timestamp":"2026-05-21T15:30:58.842Z"}
{"context":"RouterExplorer","level":"info","message":"Mapped {/api/v1/users/:id, GET} route","timestamp":"2026-05-21T15:30:58.843Z"}
{"context":"RouterExplorer","level":"info","message":"Mapped {/api/v1/users/:id, PATCH} route","timestamp":"2026-05-21T15:30:58.843Z"}
{"context":"RouterExplorer","level":"info","message":"Mapped {/api/v1/users/:id, DELETE} route","timestamp":"2026-05-21T15:30:58.843Z"}
{"context":"RoutesResolver","level":"info","message":"WhitelistIpController {/api/v1/whitelist-ip}:","timestamp":"2026-05-21T15:30:58.843Z"}
{"context":"RouterExplorer","level":"info","message":"Mapped {/api/v1/whitelist-ip, POST} route","timestamp":"2026-05-21T15:30:58.843Z"}
{"context":"RouterExplorer","level":"info","message":"Mapped {/api/v1/whitelist-ip, GET} route","timestamp":"2026-05-21T15:30:58.844Z"}
{"context":"RouterExplorer","level":"info","message":"Mapped {/api/v1/whitelist-ip/:id, GET} route","timestamp":"2026-05-21T15:30:58.844Z"}
{"context":"RouterExplorer","level":"info","message":"Mapped {/api/v1/whitelist-ip/:id, PATCH} route","timestamp":"2026-05-21T15:30:58.844Z"}
{"context":"RouterExplorer","level":"info","message":"Mapped {/api/v1/whitelist-ip/:id, DELETE} route","timestamp":"2026-05-21T15:30:58.844Z"}
{"context":"RoutesResolver","level":"info","message":"RolesController {/api/v1/roles}:","timestamp":"2026-05-21T15:30:58.844Z"}
{"context":"RouterExplorer","level":"info","message":"Mapped {/api/v1/roles, POST} route","timestamp":"2026-05-21T15:30:58.844Z"}
{"context":"RouterExplorer","level":"info","message":"Mapped {/api/v1/roles, GET} route","timestamp":"2026-05-21T15:30:58.845Z"}
{"context":"RouterExplorer","level":"info","message":"Mapped {/api/v1/roles/:id, GET} route","timestamp":"2026-05-21T15:30:58.845Z"}
{"context":"RouterExplorer","level":"info","message":"Mapped {/api/v1/roles/:id, PATCH} route","timestamp":"2026-05-21T15:30:58.845Z"}
{"context":"RouterExplorer","level":"info","message":"Mapped {/api/v1/roles/:id, DELETE} route","timestamp":"2026-05-21T15:30:58.845Z"}
{"context":"RoutesResolver","level":"info","message":"PermissionsController {/api/v1/permissions}:","timestamp":"2026-05-21T15:30:58.845Z"}
{"context":"RouterExplorer","level":"info","message":"Mapped {/api/v1/permissions, POST} route","timestamp":"2026-05-21T15:30:58.846Z"}
{"context":"RouterExplorer","level":"info","message":"Mapped {/api/v1/permissions, GET} route","timestamp":"2026-05-21T15:30:58.846Z"}
{"context":"RouterExplorer","level":"info","message":"Mapped {/api/v1/permissions/:id, PATCH} route","timestamp":"2026-05-21T15:30:58.846Z"}
{"context":"RouterExplorer","level":"info","message":"Mapped {/api/v1/permissions/:id, DELETE} route","timestamp":"2026-05-21T15:30:58.846Z"}
{"context":"RoutesResolver","level":"info","message":"AuthController {/api/v1/auth}:","timestamp":"2026-05-21T15:30:58.846Z"}
{"context":"RouterExplorer","level":"info","message":"Mapped {/api/v1/auth/register, POST} route","timestamp":"2026-05-21T15:30:58.847Z"}
{"context":"RouterExplorer","level":"info","message":"Mapped {/api/v1/auth/login, POST} route","timestamp":"2026-05-21T15:30:58.847Z"}
{"context":"RouterExplorer","level":"info","message":"Mapped {/api/v1/auth/refresh, POST} route","timestamp":"2026-05-21T15:30:58.847Z"}
{"context":"RouterExplorer","level":"info","message":"Mapped {/api/v1/auth/logout, POST} route","timestamp":"2026-05-21T15:30:58.847Z"}
{"context":"RouterExplorer","level":"info","message":"Mapped {/api/v1/auth/me, GET} route","timestamp":"2026-05-21T15:30:58.848Z"}
{"context":"RouterExplorer","level":"info","message":"Mapped {/api/v1/auth/me/password, PATCH} route","timestamp":"2026-05-21T15:30:58.848Z"}
{"context":"RoutesResolver","level":"info","message":"AttributeController {/api/v1/attribute}:","timestamp":"2026-05-21T15:30:58.848Z"}
{"context":"RouterExplorer","level":"info","message":"Mapped {/api/v1/attribute, POST} route","timestamp":"2026-05-21T15:30:58.848Z"}
{"context":"RouterExplorer","level":"info","message":"Mapped {/api/v1/attribute, GET} route","timestamp":"2026-05-21T15:30:58.848Z"}
{"context":"RouterExplorer","level":"info","message":"Mapped {/api/v1/attribute/:id, GET} route","timestamp":"2026-05-21T15:30:58.849Z"}
{"context":"RouterExplorer","level":"info","message":"Mapped {/api/v1/attribute/:id, PATCH} route","timestamp":"2026-05-21T15:30:58.849Z"}
{"context":"RouterExplorer","level":"info","message":"Mapped {/api/v1/attribute/:id, DELETE} route","timestamp":"2026-05-21T15:30:58.849Z"}
{"context":"RoutesResolver","level":"info","message":"DepartmentsController {/api/v1/departments}:","timestamp":"2026-05-21T15:30:58.849Z"}
{"context":"RouterExplorer","level":"info","message":"Mapped {/api/v1/departments, POST} route","timestamp":"2026-05-21T15:30:58.849Z"}
{"context":"RouterExplorer","level":"info","message":"Mapped {/api/v1/departments, GET} route","timestamp":"2026-05-21T15:30:58.849Z"}
{"context":"RouterExplorer","level":"info","message":"Mapped {/api/v1/departments/:id, GET} route","timestamp":"2026-05-21T15:30:58.850Z"}
{"context":"RouterExplorer","level":"info","message":"Mapped {/api/v1/departments/:id, PATCH} route","timestamp":"2026-05-21T15:30:58.850Z"}
{"context":"RouterExplorer","level":"info","message":"Mapped {/api/v1/departments/:id, DELETE} route","timestamp":"2026-05-21T15:30:58.850Z"}
{"context":"RoutesResolver","level":"info","message":"PortsController {/api/v1/ports}:","timestamp":"2026-05-21T15:30:58.850Z"}
{"context":"RouterExplorer","level":"info","message":"Mapped {/api/v1/ports, POST} route","timestamp":"2026-05-21T15:30:58.850Z"}
{"context":"RouterExplorer","level":"info","message":"Mapped {/api/v1/ports, GET} route","timestamp":"2026-05-21T15:30:58.851Z"}
{"context":"RouterExplorer","level":"info","message":"Mapped {/api/v1/ports/:id, GET} route","timestamp":"2026-05-21T15:30:58.851Z"}
{"context":"RouterExplorer","level":"info","message":"Mapped {/api/v1/ports/:id, PATCH} route","timestamp":"2026-05-21T15:30:58.851Z"}
{"context":"RouterExplorer","level":"info","message":"Mapped {/api/v1/ports/:id, DELETE} route","timestamp":"2026-05-21T15:30:58.851Z"}
{"context":"RoutesResolver","level":"info","message":"FilesController {/api/v1/files}:","timestamp":"2026-05-21T15:30:58.851Z"}
{"context":"RouterExplorer","level":"info","message":"Mapped {/api/v1/files, POST} route","timestamp":"2026-05-21T15:30:58.851Z"}
{"context":"RouterExplorer","level":"info","message":"Mapped {/api/v1/files, GET} route","timestamp":"2026-05-21T15:30:58.852Z"}
{"context":"RouterExplorer","level":"info","message":"Mapped {/api/v1/files/:id, GET} route","timestamp":"2026-05-21T15:30:58.852Z"}
{"context":"RouterExplorer","level":"info","message":"Mapped {/api/v1/files/:id, PATCH} route","timestamp":"2026-05-21T15:30:58.852Z"}
{"context":"RouterExplorer","level":"info","message":"Mapped {/api/v1/files/:id, DELETE} route","timestamp":"2026-05-21T15:30:58.852Z"}
{"context":"PrismaService","level":"info","message":"Kết nối database thành công","timestamp":"2026-05-21T15:30:58.890Z"}
{"context":"GlobalPollingOutboxWorker","level":"info","message":"🚀 [GlobalWorker] Polling Worker đã kích hoạt (1s/lần)...","timestamp":"2026-05-21T15:30:58.891Z"}
{"context":"NestApplication","level":"info","message":"Nest application successfully started","timestamp":"2026-05-21T15:30:58.896Z"}
{"level":"info","message":"Khởi tạo ứng dụng...","timestamp":"2026-05-21T15:31:10.311Z"}
{"context":"NestFactory","level":"info","message":"Starting Nest application...","timestamp":"2026-05-21T15:31:10.381Z"}
{"context":"InstanceLoader","level":"info","message":"PassportModule dependencies initialized","timestamp":"2026-05-21T15:31:10.388Z"}
{"context":"InstanceLoader","level":"info","message":"ConfigHostModule dependencies initialized","timestamp":"2026-05-21T15:31:10.389Z"}
{"context":"InstanceLoader","level":"info","message":"AppModule dependencies initialized","timestamp":"2026-05-21T15:31:10.389Z"}
{"context":"InstanceLoader","level":"info","message":"DiscoveryModule dependencies initialized","timestamp":"2026-05-21T15:31:10.389Z"}
{"context":"PrismaService","level":"info","message":"🔌 Prisma Connection String: postgresql://admin:******@localhost:5433/kyc_asset_db?schema=public","timestamp":"2026-05-21T15:31:10.392Z"}
{"context":"InstanceLoader","level":"info","message":"PortsModule dependencies initialized","timestamp":"2026-05-21T15:31:10.392Z"}
{"context":"InstanceLoader","level":"info","message":"FilesModule dependencies initialized","timestamp":"2026-05-21T15:31:10.392Z"}
{"context":"InstanceLoader","level":"info","message":"ConfigModule dependencies initialized","timestamp":"2026-05-21T15:31:10.392Z"}
{"context":"InstanceLoader","level":"info","message":"EventEmitterModule dependencies initialized","timestamp":"2026-05-21T15:31:10.393Z"}
{"context":"InstanceLoader","level":"info","message":"CommonModule dependencies initialized","timestamp":"2026-05-21T15:31:10.393Z"}
{"context":"InstanceLoader","level":"info","message":"JwtModule dependencies initialized","timestamp":"2026-05-21T15:31:10.393Z"}
{"context":"InstanceLoader","level":"info","message":"PrismaModule dependencies initialized","timestamp":"2026-05-21T15:31:10.394Z"}
{"context":"InstanceLoader","level":"info","message":"OutboxModule dependencies initialized","timestamp":"2026-05-21T15:31:10.394Z"}
{"context":"InstanceLoader","level":"info","message":"WhitelistIpModule dependencies initialized","timestamp":"2026-05-21T15:31:10.395Z"}
{"context":"InstanceLoader","level":"info","message":"AttributeModule dependencies initialized","timestamp":"2026-05-21T15:31:10.395Z"}
{"context":"InstanceLoader","level":"info","message":"DepartmentsModule dependencies initialized","timestamp":"2026-05-21T15:31:10.395Z"}
{"context":"InstanceLoader","level":"info","message":"UsersModule dependencies initialized","timestamp":"2026-05-21T15:31:10.395Z"}
{"context":"InstanceLoader","level":"info","message":"RolesModule dependencies initialized","timestamp":"2026-05-21T15:31:10.396Z"}
{"context":"InstanceLoader","level":"info","message":"PermissionsModule dependencies initialized","timestamp":"2026-05-21T15:31:10.396Z"}
{"context":"InstanceLoader","level":"info","message":"AuthModule dependencies initialized","timestamp":"2026-05-21T15:31:10.396Z"}
{"context":"LegacyRouteConverter","level":"warn","message":"Unsupported route path: \"/api/v1/*\". In previous versions, the symbols ?, *, and + were used to denote optional or repeating path parameters. The latest version of \"path-to-regexp\" now requires the use of named parameters. For example, instead of using a route like /users/* to capture all routes starting with \"/users\", you should use /users/*path. For more details, refer to the migration guide. Attempting to auto-convert...","timestamp":"2026-05-21T15:31:10.420Z"}
{"context":"RoutesResolver","level":"info","message":"AppController {/api/v1/ping}:","timestamp":"2026-05-21T15:31:10.421Z"}
{"context":"RouterExplorer","level":"info","message":"Mapped {/api/v1/ping, GET} route","timestamp":"2026-05-21T15:31:10.422Z"}
{"context":"RoutesResolver","level":"info","message":"UsersController {/api/v1/users}:","timestamp":"2026-05-21T15:31:10.422Z"}
{"context":"RouterExplorer","level":"info","message":"Mapped {/api/v1/users, POST} route","timestamp":"2026-05-21T15:31:10.423Z"}
{"context":"RouterExplorer","level":"info","message":"Mapped {/api/v1/users, GET} route","timestamp":"2026-05-21T15:31:10.423Z"}
{"context":"RouterExplorer","level":"info","message":"Mapped {/api/v1/users/:id, GET} route","timestamp":"2026-05-21T15:31:10.423Z"}
{"context":"RouterExplorer","level":"info","message":"Mapped {/api/v1/users/:id, PATCH} route","timestamp":"2026-05-21T15:31:10.423Z"}
{"context":"RouterExplorer","level":"info","message":"Mapped {/api/v1/users/:id, DELETE} route","timestamp":"2026-05-21T15:31:10.424Z"}
{"context":"RoutesResolver","level":"info","message":"WhitelistIpController {/api/v1/whitelist-ip}:","timestamp":"2026-05-21T15:31:10.424Z"}
{"context":"RouterExplorer","level":"info","message":"Mapped {/api/v1/whitelist-ip, POST} route","timestamp":"2026-05-21T15:31:10.424Z"}
{"context":"RouterExplorer","level":"info","message":"Mapped {/api/v1/whitelist-ip, GET} route","timestamp":"2026-05-21T15:31:10.424Z"}
{"context":"RouterExplorer","level":"info","message":"Mapped {/api/v1/whitelist-ip/:id, GET} route","timestamp":"2026-05-21T15:31:10.424Z"}
{"context":"RouterExplorer","level":"info","message":"Mapped {/api/v1/whitelist-ip/:id, PATCH} route","timestamp":"2026-05-21T15:31:10.425Z"}
{"context":"RouterExplorer","level":"info","message":"Mapped {/api/v1/whitelist-ip/:id, DELETE} route","timestamp":"2026-05-21T15:31:10.425Z"}
{"context":"RoutesResolver","level":"info","message":"RolesController {/api/v1/roles}:","timestamp":"2026-05-21T15:31:10.425Z"}
{"context":"RouterExplorer","level":"info","message":"Mapped {/api/v1/roles, POST} route","timestamp":"2026-05-21T15:31:10.425Z"}
{"context":"RouterExplorer","level":"info","message":"Mapped {/api/v1/roles, GET} route","timestamp":"2026-05-21T15:31:10.425Z"}
{"context":"RouterExplorer","level":"info","message":"Mapped {/api/v1/roles/:id, GET} route","timestamp":"2026-05-21T15:31:10.425Z"}
{"context":"RouterExplorer","level":"info","message":"Mapped {/api/v1/roles/:id, PATCH} route","timestamp":"2026-05-21T15:31:10.425Z"}
{"context":"RouterExplorer","level":"info","message":"Mapped {/api/v1/roles/:id, DELETE} route","timestamp":"2026-05-21T15:31:10.426Z"}
{"context":"RoutesResolver","level":"info","message":"PermissionsController {/api/v1/permissions}:","timestamp":"2026-05-21T15:31:10.426Z"}
{"context":"RouterExplorer","level":"info","message":"Mapped {/api/v1/permissions, POST} route","timestamp":"2026-05-21T15:31:10.426Z"}
{"context":"RouterExplorer","level":"info","message":"Mapped {/api/v1/permissions, GET} route","timestamp":"2026-05-21T15:31:10.426Z"}
{"context":"RouterExplorer","level":"info","message":"Mapped {/api/v1/permissions/:id, PATCH} route","timestamp":"2026-05-21T15:31:10.426Z"}
{"context":"RouterExplorer","level":"info","message":"Mapped {/api/v1/permissions/:id, DELETE} route","timestamp":"2026-05-21T15:31:10.427Z"}
{"context":"RoutesResolver","level":"info","message":"AuthController {/api/v1/auth}:","timestamp":"2026-05-21T15:31:10.427Z"}
{"context":"RouterExplorer","level":"info","message":"Mapped {/api/v1/auth/register, POST} route","timestamp":"2026-05-21T15:31:10.427Z"}
{"context":"RouterExplorer","level":"info","message":"Mapped {/api/v1/auth/login, POST} route","timestamp":"2026-05-21T15:31:10.427Z"}
{"context":"RouterExplorer","level":"info","message":"Mapped {/api/v1/auth/refresh, POST} route","timestamp":"2026-05-21T15:31:10.427Z"}
{"context":"RouterExplorer","level":"info","message":"Mapped {/api/v1/auth/logout, POST} route","timestamp":"2026-05-21T15:31:10.428Z"}
{"context":"RouterExplorer","level":"info","message":"Mapped {/api/v1/auth/me, GET} route","timestamp":"2026-05-21T15:31:10.428Z"}
{"context":"RouterExplorer","level":"info","message":"Mapped {/api/v1/auth/me/password, PATCH} route","timestamp":"2026-05-21T15:31:10.428Z"}
{"context":"RoutesResolver","level":"info","message":"AttributeController {/api/v1/attribute}:","timestamp":"2026-05-21T15:31:10.428Z"}
{"context":"RouterExplorer","level":"info","message":"Mapped {/api/v1/attribute, POST} route","timestamp":"2026-05-21T15:31:10.428Z"}
{"context":"RouterExplorer","level":"info","message":"Mapped {/api/v1/attribute, GET} route","timestamp":"2026-05-21T15:31:10.429Z"}
{"context":"RouterExplorer","level":"info","message":"Mapped {/api/v1/attribute/:id, GET} route","timestamp":"2026-05-21T15:31:10.429Z"}
{"context":"RouterExplorer","level":"info","message":"Mapped {/api/v1/attribute/:id, PATCH} route","timestamp":"2026-05-21T15:31:10.429Z"}
{"context":"RouterExplorer","level":"info","message":"Mapped {/api/v1/attribute/:id, DELETE} route","timestamp":"2026-05-21T15:31:10.429Z"}
{"context":"RoutesResolver","level":"info","message":"DepartmentsController {/api/v1/departments}:","timestamp":"2026-05-21T15:31:10.429Z"}
{"context":"RouterExplorer","level":"info","message":"Mapped {/api/v1/departments, POST} route","timestamp":"2026-05-21T15:31:10.430Z"}
{"context":"RouterExplorer","level":"info","message":"Mapped {/api/v1/departments, GET} route","timestamp":"2026-05-21T15:31:10.430Z"}
{"context":"RouterExplorer","level":"info","message":"Mapped {/api/v1/departments/:id, GET} route","timestamp":"2026-05-21T15:31:10.430Z"}
{"context":"RouterExplorer","level":"info","message":"Mapped {/api/v1/departments/:id, PATCH} route","timestamp":"2026-05-21T15:31:10.430Z"}
{"context":"RouterExplorer","level":"info","message":"Mapped {/api/v1/departments/:id, DELETE} route","timestamp":"2026-05-21T15:31:10.431Z"}
{"context":"RoutesResolver","level":"info","message":"PortsController {/api/v1/ports}:","timestamp":"2026-05-21T15:31:10.431Z"}
{"context":"RouterExplorer","level":"info","message":"Mapped {/api/v1/ports, POST} route","timestamp":"2026-05-21T15:31:10.431Z"}
{"context":"RouterExplorer","level":"info","message":"Mapped {/api/v1/ports, GET} route","timestamp":"2026-05-21T15:31:10.431Z"}
{"context":"RouterExplorer","level":"info","message":"Mapped {/api/v1/ports/:id, GET} route","timestamp":"2026-05-21T15:31:10.432Z"}
{"context":"RouterExplorer","level":"info","message":"Mapped {/api/v1/ports/:id, PATCH} route","timestamp":"2026-05-21T15:31:10.432Z"}
{"context":"RouterExplorer","level":"info","message":"Mapped {/api/v1/ports/:id, DELETE} route","timestamp":"2026-05-21T15:31:10.432Z"}
{"context":"RoutesResolver","level":"info","message":"FilesController {/api/v1/files}:","timestamp":"2026-05-21T15:31:10.432Z"}
{"context":"RouterExplorer","level":"info","message":"Mapped {/api/v1/files, POST} route","timestamp":"2026-05-21T15:31:10.433Z"}
{"context":"RouterExplorer","level":"info","message":"Mapped {/api/v1/files, GET} route","timestamp":"2026-05-21T15:31:10.433Z"}
{"context":"RouterExplorer","level":"info","message":"Mapped {/api/v1/files/:id, GET} route","timestamp":"2026-05-21T15:31:10.433Z"}
{"context":"RouterExplorer","level":"info","message":"Mapped {/api/v1/files/:id, PATCH} route","timestamp":"2026-05-21T15:31:10.433Z"}
{"context":"RouterExplorer","level":"info","message":"Mapped {/api/v1/files/:id, DELETE} route","timestamp":"2026-05-21T15:31:10.433Z"}
{"context":"PrismaService","level":"info","message":"Kết nối database thành công","timestamp":"2026-05-21T15:31:10.471Z"}
{"context":"GlobalPollingOutboxWorker","level":"info","message":"🚀 [GlobalWorker] Polling Worker đã kích hoạt (1s/lần)...","timestamp":"2026-05-21T15:31:10.472Z"}
{"context":"NestApplication","level":"info","message":"Nest application successfully started","timestamp":"2026-05-21T15:31:10.477Z"}
{"context":"AccessTokenGuard","level":"info","message":"isPublic: true","requestId":"6524695c-1586-4d05-8cc2-34c841e34e36","timestamp":"2026-05-21T15:31:25.478Z"}
{"context":"AccessTokenGuard","level":"info","message":"Public route, skipping authentication","requestId":"6524695c-1586-4d05-8cc2-34c841e34e36","timestamp":"2026-05-21T15:31:25.478Z"}
{"context":"LoggerMiddleware","level":"info","message":"[RequestID: 6524695c-1586-4d05-8cc2-34c841e34e36] POST /api/v1/auth/register | Status: 201 | Duration: 68ms | IP: ::1 | UserAgent: Mozilla/5.0 (Windows NT 10.0; Win64; x64) AppleWebKit/537.36 (KHTML, like Gecko) Chrome/148.0.0.0 Safari/537.36","requestId":"6524695c-1586-4d05-8cc2-34c841e34e36","timestamp":"2026-05-21T15:31:25.544Z"}
{"context":"AccessTokenGuard","level":"info","message":"isPublic: true","requestId":"0e350022-d8e6-4b45-ab40-bbd16b295375","timestamp":"2026-05-21T15:33:17.587Z"}
{"context":"AccessTokenGuard","level":"info","message":"Public route, skipping authentication","requestId":"0e350022-d8e6-4b45-ab40-bbd16b295375","timestamp":"2026-05-21T15:33:17.588Z"}
{"context":"LoggerMiddleware","level":"warn","message":"[RequestID: 0e350022-d8e6-4b45-ab40-bbd16b295375] POST /api/v1/auth/register | Status: 409 | Duration: 54ms | IP: ::1 | UserAgent: Mozilla/5.0 (Windows NT 10.0; Win64; x64) AppleWebKit/537.36 (KHTML, like Gecko) Chrome/148.0.0.0 Safari/537.36","requestId":"0e350022-d8e6-4b45-ab40-bbd16b295375","timestamp":"2026-05-21T15:33:17.641Z"}
{"level":"info","message":"Khởi tạo ứng dụng...","timestamp":"2026-05-21T16:52:41.277Z"}
{"context":"NestFactory","level":"info","message":"Starting Nest application...","timestamp":"2026-05-21T16:52:41.354Z"}
{"context":"InstanceLoader","level":"info","message":"PassportModule dependencies initialized","timestamp":"2026-05-21T16:52:41.362Z"}
{"context":"InstanceLoader","level":"info","message":"ConfigHostModule dependencies initialized","timestamp":"2026-05-21T16:52:41.362Z"}
{"context":"InstanceLoader","level":"info","message":"AppModule dependencies initialized","timestamp":"2026-05-21T16:52:41.362Z"}
{"context":"InstanceLoader","level":"info","message":"DiscoveryModule dependencies initialized","timestamp":"2026-05-21T16:52:41.363Z"}
{"context":"PrismaService","level":"info","message":"🔌 Prisma Connection String: postgresql://admin:******@localhost:5433/kyc_asset_db?schema=public","timestamp":"2026-05-21T16:52:41.365Z"}
{"context":"InstanceLoader","level":"info","message":"PortsModule dependencies initialized","timestamp":"2026-05-21T16:52:41.365Z"}
{"context":"InstanceLoader","level":"info","message":"FilesModule dependencies initialized","timestamp":"2026-05-21T16:52:41.366Z"}
{"context":"InstanceLoader","level":"info","message":"ConfigModule dependencies initialized","timestamp":"2026-05-21T16:52:41.366Z"}
{"context":"InstanceLoader","level":"info","message":"EventEmitterModule dependencies initialized","timestamp":"2026-05-21T16:52:41.366Z"}
{"context":"InstanceLoader","level":"info","message":"CommonModule dependencies initialized","timestamp":"2026-05-21T16:52:41.366Z"}
{"context":"InstanceLoader","level":"info","message":"JwtModule dependencies initialized","timestamp":"2026-05-21T16:52:41.366Z"}
{"context":"InstanceLoader","level":"info","message":"PrismaModule dependencies initialized","timestamp":"2026-05-21T16:52:41.367Z"}
{"context":"InstanceLoader","level":"info","message":"OutboxModule dependencies initialized","timestamp":"2026-05-21T16:52:41.367Z"}
{"context":"InstanceLoader","level":"info","message":"WhitelistIpModule dependencies initialized","timestamp":"2026-05-21T16:52:41.368Z"}
{"context":"InstanceLoader","level":"info","message":"AttributeModule dependencies initialized","timestamp":"2026-05-21T16:52:41.368Z"}
{"context":"InstanceLoader","level":"info","message":"DepartmentsModule dependencies initialized","timestamp":"2026-05-21T16:52:41.368Z"}
{"context":"InstanceLoader","level":"info","message":"UsersModule dependencies initialized","timestamp":"2026-05-21T16:52:41.368Z"}
{"context":"InstanceLoader","level":"info","message":"RolesModule dependencies initialized","timestamp":"2026-05-21T16:52:41.368Z"}
{"context":"InstanceLoader","level":"info","message":"PermissionsModule dependencies initialized","timestamp":"2026-05-21T16:52:41.368Z"}
{"context":"InstanceLoader","level":"info","message":"AuthModule dependencies initialized","timestamp":"2026-05-21T16:52:41.369Z"}
{"context":"LegacyRouteConverter","level":"warn","message":"Unsupported route path: \"/api/v1/*\". In previous versions, the symbols ?, *, and + were used to denote optional or repeating path parameters. The latest version of \"path-to-regexp\" now requires the use of named parameters. For example, instead of using a route like /users/* to capture all routes starting with \"/users\", you should use /users/*path. For more details, refer to the migration guide. Attempting to auto-convert...","timestamp":"2026-05-21T16:52:41.392Z"}
{"context":"RoutesResolver","level":"info","message":"AppController {/api/v1/ping}:","timestamp":"2026-05-21T16:52:41.393Z"}
{"context":"RouterExplorer","level":"info","message":"Mapped {/api/v1/ping, GET} route","timestamp":"2026-05-21T16:52:41.394Z"}
{"context":"RoutesResolver","level":"info","message":"UsersController {/api/v1/users}:","timestamp":"2026-05-21T16:52:41.394Z"}
{"context":"RouterExplorer","level":"info","message":"Mapped {/api/v1/users, POST} route","timestamp":"2026-05-21T16:52:41.395Z"}
{"context":"RouterExplorer","level":"info","message":"Mapped {/api/v1/users, GET} route","timestamp":"2026-05-21T16:52:41.395Z"}
{"context":"RouterExplorer","level":"info","message":"Mapped {/api/v1/users/:id, GET} route","timestamp":"2026-05-21T16:52:41.395Z"}
{"context":"RouterExplorer","level":"info","message":"Mapped {/api/v1/users/:id, PATCH} route","timestamp":"2026-05-21T16:52:41.396Z"}
{"context":"RouterExplorer","level":"info","message":"Mapped {/api/v1/users/:id, DELETE} route","timestamp":"2026-05-21T16:52:41.396Z"}
{"context":"RoutesResolver","level":"info","message":"WhitelistIpController {/api/v1/whitelist-ip}:","timestamp":"2026-05-21T16:52:41.396Z"}
{"context":"RouterExplorer","level":"info","message":"Mapped {/api/v1/whitelist-ip, POST} route","timestamp":"2026-05-21T16:52:41.397Z"}
{"context":"RouterExplorer","level":"info","message":"Mapped {/api/v1/whitelist-ip, GET} route","timestamp":"2026-05-21T16:52:41.397Z"}
{"context":"RouterExplorer","level":"info","message":"Mapped {/api/v1/whitelist-ip/:id, GET} route","timestamp":"2026-05-21T16:52:41.397Z"}
{"context":"RouterExplorer","level":"info","message":"Mapped {/api/v1/whitelist-ip/:id, PATCH} route","timestamp":"2026-05-21T16:52:41.397Z"}
{"context":"RouterExplorer","level":"info","message":"Mapped {/api/v1/whitelist-ip/:id, DELETE} route","timestamp":"2026-05-21T16:52:41.397Z"}
{"context":"RoutesResolver","level":"info","message":"RolesController {/api/v1/roles}:","timestamp":"2026-05-21T16:52:41.398Z"}
{"context":"RouterExplorer","level":"info","message":"Mapped {/api/v1/roles, POST} route","timestamp":"2026-05-21T16:52:41.398Z"}
{"context":"RouterExplorer","level":"info","message":"Mapped {/api/v1/roles, GET} route","timestamp":"2026-05-21T16:52:41.398Z"}
{"context":"RouterExplorer","level":"info","message":"Mapped {/api/v1/roles/:id, GET} route","timestamp":"2026-05-21T16:52:41.398Z"}
{"context":"RouterExplorer","level":"info","message":"Mapped {/api/v1/roles/:id, PATCH} route","timestamp":"2026-05-21T16:52:41.398Z"}
{"context":"RouterExplorer","level":"info","message":"Mapped {/api/v1/roles/:id, DELETE} route","timestamp":"2026-05-21T16:52:41.399Z"}
{"context":"RoutesResolver","level":"info","message":"PermissionsController {/api/v1/permissions}:","timestamp":"2026-05-21T16:52:41.399Z"}
{"context":"RouterExplorer","level":"info","message":"Mapped {/api/v1/permissions, POST} route","timestamp":"2026-05-21T16:52:41.399Z"}
{"context":"RouterExplorer","level":"info","message":"Mapped {/api/v1/permissions, GET} route","timestamp":"2026-05-21T16:52:41.399Z"}
{"context":"RouterExplorer","level":"info","message":"Mapped {/api/v1/permissions/:id, PATCH} route","timestamp":"2026-05-21T16:52:41.400Z"}
{"context":"RouterExplorer","level":"info","message":"Mapped {/api/v1/permissions/:id, DELETE} route","timestamp":"2026-05-21T16:52:41.400Z"}
{"context":"RoutesResolver","level":"info","message":"AuthController {/api/v1/auth}:","timestamp":"2026-05-21T16:52:41.400Z"}
{"context":"RouterExplorer","level":"info","message":"Mapped {/api/v1/auth/register, POST} route","timestamp":"2026-05-21T16:52:41.400Z"}
{"context":"RouterExplorer","level":"info","message":"Mapped {/api/v1/auth/login, POST} route","timestamp":"2026-05-21T16:52:41.401Z"}
{"context":"RouterExplorer","level":"info","message":"Mapped {/api/v1/auth/refresh, POST} route","timestamp":"2026-05-21T16:52:41.401Z"}
{"context":"RouterExplorer","level":"info","message":"Mapped {/api/v1/auth/logout, POST} route","timestamp":"2026-05-21T16:52:41.401Z"}
{"context":"RouterExplorer","level":"info","message":"Mapped {/api/v1/auth/me, GET} route","timestamp":"2026-05-21T16:52:41.401Z"}
{"context":"RouterExplorer","level":"info","message":"Mapped {/api/v1/auth/me/password, PATCH} route","timestamp":"2026-05-21T16:52:41.402Z"}
{"context":"RoutesResolver","level":"info","message":"AttributeController {/api/v1/attribute}:","timestamp":"2026-05-21T16:52:41.402Z"}
{"context":"RouterExplorer","level":"info","message":"Mapped {/api/v1/attribute, POST} route","timestamp":"2026-05-21T16:52:41.402Z"}
{"context":"RouterExplorer","level":"info","message":"Mapped {/api/v1/attribute, GET} route","timestamp":"2026-05-21T16:52:41.402Z"}
{"context":"RouterExplorer","level":"info","message":"Mapped {/api/v1/attribute/:id, GET} route","timestamp":"2026-05-21T16:52:41.402Z"}
{"context":"RouterExplorer","level":"info","message":"Mapped {/api/v1/attribute/:id, PATCH} route","timestamp":"2026-05-21T16:52:41.403Z"}
{"context":"RouterExplorer","level":"info","message":"Mapped {/api/v1/attribute/:id, DELETE} route","timestamp":"2026-05-21T16:52:41.403Z"}
{"context":"RoutesResolver","level":"info","message":"DepartmentsController {/api/v1/departments}:","timestamp":"2026-05-21T16:52:41.403Z"}
{"context":"RouterExplorer","level":"info","message":"Mapped {/api/v1/departments, POST} route","timestamp":"2026-05-21T16:52:41.403Z"}
{"context":"RouterExplorer","level":"info","message":"Mapped {/api/v1/departments, GET} route","timestamp":"2026-05-21T16:52:41.403Z"}
{"context":"RouterExplorer","level":"info","message":"Mapped {/api/v1/departments/:id, GET} route","timestamp":"2026-05-21T16:52:41.404Z"}
{"context":"RouterExplorer","level":"info","message":"Mapped {/api/v1/departments/:id, PATCH} route","timestamp":"2026-05-21T16:52:41.404Z"}
{"context":"RouterExplorer","level":"info","message":"Mapped {/api/v1/departments/:id, DELETE} route","timestamp":"2026-05-21T16:52:41.404Z"}
{"context":"RoutesResolver","level":"info","message":"PortsController {/api/v1/ports}:","timestamp":"2026-05-21T16:52:41.404Z"}
{"context":"RouterExplorer","level":"info","message":"Mapped {/api/v1/ports, POST} route","timestamp":"2026-05-21T16:52:41.404Z"}
{"context":"RouterExplorer","level":"info","message":"Mapped {/api/v1/ports, GET} route","timestamp":"2026-05-21T16:52:41.405Z"}
{"context":"RouterExplorer","level":"info","message":"Mapped {/api/v1/ports/:id, GET} route","timestamp":"2026-05-21T16:52:41.405Z"}
{"context":"RouterExplorer","level":"info","message":"Mapped {/api/v1/ports/:id, PATCH} route","timestamp":"2026-05-21T16:52:41.405Z"}
{"context":"RouterExplorer","level":"info","message":"Mapped {/api/v1/ports/:id, DELETE} route","timestamp":"2026-05-21T16:52:41.405Z"}
{"context":"RoutesResolver","level":"info","message":"FilesController {/api/v1/files}:","timestamp":"2026-05-21T16:52:41.405Z"}
{"context":"RouterExplorer","level":"info","message":"Mapped {/api/v1/files, POST} route","timestamp":"2026-05-21T16:52:41.406Z"}
{"context":"RouterExplorer","level":"info","message":"Mapped {/api/v1/files, GET} route","timestamp":"2026-05-21T16:52:41.406Z"}
{"context":"RouterExplorer","level":"info","message":"Mapped {/api/v1/files/:id, GET} route","timestamp":"2026-05-21T16:52:41.406Z"}
{"context":"RouterExplorer","level":"info","message":"Mapped {/api/v1/files/:id, PATCH} route","timestamp":"2026-05-21T16:52:41.406Z"}
{"context":"RouterExplorer","level":"info","message":"Mapped {/api/v1/files/:id, DELETE} route","timestamp":"2026-05-21T16:52:41.407Z"}
{"context":"PrismaService","level":"info","message":"Kết nối database thành công","timestamp":"2026-05-21T16:52:41.452Z"}
{"context":"GlobalPollingOutboxWorker","level":"info","message":"🚀 [GlobalWorker] Polling Worker đã kích hoạt (1s/lần)...","timestamp":"2026-05-21T16:52:41.453Z"}
{"context":"NestApplication","level":"info","message":"Nest application successfully started","timestamp":"2026-05-21T16:52:41.460Z"}
{"level":"info","message":"Khởi tạo ứng dụng...","timestamp":"2026-05-21T16:52:43.379Z"}
{"context":"NestFactory","level":"info","message":"Starting Nest application...","timestamp":"2026-05-21T16:52:43.454Z"}
{"context":"InstanceLoader","level":"info","message":"PassportModule dependencies initialized","timestamp":"2026-05-21T16:52:43.462Z"}
{"context":"InstanceLoader","level":"info","message":"ConfigHostModule dependencies initialized","timestamp":"2026-05-21T16:52:43.463Z"}
{"context":"InstanceLoader","level":"info","message":"AppModule dependencies initialized","timestamp":"2026-05-21T16:52:43.463Z"}
{"context":"InstanceLoader","level":"info","message":"DiscoveryModule dependencies initialized","timestamp":"2026-05-21T16:52:43.463Z"}
{"context":"PrismaService","level":"info","message":"🔌 Prisma Connection String: postgresql://admin:******@localhost:5433/kyc_asset_db?schema=public","timestamp":"2026-05-21T16:52:43.466Z"}
{"context":"InstanceLoader","level":"info","message":"PortsModule dependencies initialized","timestamp":"2026-05-21T16:52:43.466Z"}
{"context":"InstanceLoader","level":"info","message":"FilesModule dependencies initialized","timestamp":"2026-05-21T16:52:43.467Z"}
{"context":"InstanceLoader","level":"info","message":"ConfigModule dependencies initialized","timestamp":"2026-05-21T16:52:43.467Z"}
{"context":"InstanceLoader","level":"info","message":"EventEmitterModule dependencies initialized","timestamp":"2026-05-21T16:52:43.467Z"}
{"context":"InstanceLoader","level":"info","message":"CommonModule dependencies initialized","timestamp":"2026-05-21T16:52:43.468Z"}
{"context":"InstanceLoader","level":"info","message":"JwtModule dependencies initialized","timestamp":"2026-05-21T16:52:43.468Z"}
{"context":"InstanceLoader","level":"info","message":"PrismaModule dependencies initialized","timestamp":"2026-05-21T16:52:43.469Z"}
{"context":"InstanceLoader","level":"info","message":"OutboxModule dependencies initialized","timestamp":"2026-05-21T16:52:43.470Z"}
{"context":"InstanceLoader","level":"info","message":"WhitelistIpModule dependencies initialized","timestamp":"2026-05-21T16:52:43.472Z"}
{"context":"InstanceLoader","level":"info","message":"AttributeModule dependencies initialized","timestamp":"2026-05-21T16:52:43.472Z"}
{"context":"InstanceLoader","level":"info","message":"DepartmentsModule dependencies initialized","timestamp":"2026-05-21T16:52:43.472Z"}
{"context":"InstanceLoader","level":"info","message":"UsersModule dependencies initialized","timestamp":"2026-05-21T16:52:43.472Z"}
{"context":"InstanceLoader","level":"info","message":"RolesModule dependencies initialized","timestamp":"2026-05-21T16:52:43.473Z"}
{"context":"InstanceLoader","level":"info","message":"PermissionsModule dependencies initialized","timestamp":"2026-05-21T16:52:43.473Z"}
{"context":"InstanceLoader","level":"info","message":"AuthModule dependencies initialized","timestamp":"2026-05-21T16:52:43.473Z"}
{"context":"LegacyRouteConverter","level":"warn","message":"Unsupported route path: \"/api/v1/*\". In previous versions, the symbols ?, *, and + were used to denote optional or repeating path parameters. The latest version of \"path-to-regexp\" now requires the use of named parameters. For example, instead of using a route like /users/* to capture all routes starting with \"/users\", you should use /users/*path. For more details, refer to the migration guide. Attempting to auto-convert...","timestamp":"2026-05-21T16:52:43.504Z"}
{"context":"RoutesResolver","level":"info","message":"AppController {/api/v1/ping}:","timestamp":"2026-05-21T16:52:43.505Z"}
{"context":"RouterExplorer","level":"info","message":"Mapped {/api/v1/ping, GET} route","timestamp":"2026-05-21T16:52:43.506Z"}
{"context":"RoutesResolver","level":"info","message":"UsersController {/api/v1/users}:","timestamp":"2026-05-21T16:52:43.506Z"}
{"context":"RouterExplorer","level":"info","message":"Mapped {/api/v1/users, POST} route","timestamp":"2026-05-21T16:52:43.506Z"}
{"context":"RouterExplorer","level":"info","message":"Mapped {/api/v1/users, GET} route","timestamp":"2026-05-21T16:52:43.507Z"}
{"context":"RouterExplorer","level":"info","message":"Mapped {/api/v1/users/:id, GET} route","timestamp":"2026-05-21T16:52:43.507Z"}
{"context":"RouterExplorer","level":"info","message":"Mapped {/api/v1/users/:id, PATCH} route","timestamp":"2026-05-21T16:52:43.507Z"}
{"context":"RouterExplorer","level":"info","message":"Mapped {/api/v1/users/:id, DELETE} route","timestamp":"2026-05-21T16:52:43.507Z"}
{"context":"RoutesResolver","level":"info","message":"WhitelistIpController {/api/v1/whitelist-ip}:","timestamp":"2026-05-21T16:52:43.508Z"}
{"context":"RouterExplorer","level":"info","message":"Mapped {/api/v1/whitelist-ip, POST} route","timestamp":"2026-05-21T16:52:43.508Z"}
{"context":"RouterExplorer","level":"info","message":"Mapped {/api/v1/whitelist-ip, GET} route","timestamp":"2026-05-21T16:52:43.508Z"}
{"context":"RouterExplorer","level":"info","message":"Mapped {/api/v1/whitelist-ip/:id, GET} route","timestamp":"2026-05-21T16:52:43.508Z"}
{"context":"RouterExplorer","level":"info","message":"Mapped {/api/v1/whitelist-ip/:id, PATCH} route","timestamp":"2026-05-21T16:52:43.509Z"}
{"context":"RouterExplorer","level":"info","message":"Mapped {/api/v1/whitelist-ip/:id, DELETE} route","timestamp":"2026-05-21T16:52:43.509Z"}
{"context":"RoutesResolver","level":"info","message":"RolesController {/api/v1/roles}:","timestamp":"2026-05-21T16:52:43.509Z"}
{"context":"RouterExplorer","level":"info","message":"Mapped {/api/v1/roles, POST} route","timestamp":"2026-05-21T16:52:43.509Z"}
{"context":"RouterExplorer","level":"info","message":"Mapped {/api/v1/roles, GET} route","timestamp":"2026-05-21T16:52:43.509Z"}
{"context":"RouterExplorer","level":"info","message":"Mapped {/api/v1/roles/:id, GET} route","timestamp":"2026-05-21T16:52:43.510Z"}
{"context":"RouterExplorer","level":"info","message":"Mapped {/api/v1/roles/:id, PATCH} route","timestamp":"2026-05-21T16:52:43.510Z"}
{"context":"RouterExplorer","level":"info","message":"Mapped {/api/v1/roles/:id, DELETE} route","timestamp":"2026-05-21T16:52:43.510Z"}
{"context":"RoutesResolver","level":"info","message":"PermissionsController {/api/v1/permissions}:","timestamp":"2026-05-21T16:52:43.510Z"}
{"context":"RouterExplorer","level":"info","message":"Mapped {/api/v1/permissions, POST} route","timestamp":"2026-05-21T16:52:43.510Z"}
{"context":"RouterExplorer","level":"info","message":"Mapped {/api/v1/permissions, GET} route","timestamp":"2026-05-21T16:52:43.510Z"}
{"context":"RouterExplorer","level":"info","message":"Mapped {/api/v1/permissions/:id, PATCH} route","timestamp":"2026-05-21T16:52:43.511Z"}
{"context":"RouterExplorer","level":"info","message":"Mapped {/api/v1/permissions/:id, DELETE} route","timestamp":"2026-05-21T16:52:43.511Z"}
{"context":"RoutesResolver","level":"info","message":"AuthController {/api/v1/auth}:","timestamp":"2026-05-21T16:52:43.511Z"}
{"context":"RouterExplorer","level":"info","message":"Mapped {/api/v1/auth/register, POST} route","timestamp":"2026-05-21T16:52:43.511Z"}
{"context":"RouterExplorer","level":"info","message":"Mapped {/api/v1/auth/login, POST} route","timestamp":"2026-05-21T16:52:43.511Z"}
{"context":"RouterExplorer","level":"info","message":"Mapped {/api/v1/auth/refresh, POST} route","timestamp":"2026-05-21T16:52:43.512Z"}
{"context":"RouterExplorer","level":"info","message":"Mapped {/api/v1/auth/logout, POST} route","timestamp":"2026-05-21T16:52:43.512Z"}
{"context":"RouterExplorer","level":"info","message":"Mapped {/api/v1/auth/me, GET} route","timestamp":"2026-05-21T16:52:43.512Z"}
{"context":"RouterExplorer","level":"info","message":"Mapped {/api/v1/auth/me/password, PATCH} route","timestamp":"2026-05-21T16:52:43.512Z"}
{"context":"RoutesResolver","level":"info","message":"AttributeController {/api/v1/attribute}:","timestamp":"2026-05-21T16:52:43.512Z"}
{"context":"RouterExplorer","level":"info","message":"Mapped {/api/v1/attribute, POST} route","timestamp":"2026-05-21T16:52:43.512Z"}
{"context":"RouterExplorer","level":"info","message":"Mapped {/api/v1/attribute, GET} route","timestamp":"2026-05-21T16:52:43.512Z"}
{"context":"RouterExplorer","level":"info","message":"Mapped {/api/v1/attribute/:id, GET} route","timestamp":"2026-05-21T16:52:43.513Z"}
{"context":"RouterExplorer","level":"info","message":"Mapped {/api/v1/attribute/:id, PATCH} route","timestamp":"2026-05-21T16:52:43.513Z"}
{"context":"RouterExplorer","level":"info","message":"Mapped {/api/v1/attribute/:id, DELETE} route","timestamp":"2026-05-21T16:52:43.513Z"}
{"context":"RoutesResolver","level":"info","message":"DepartmentsController {/api/v1/departments}:","timestamp":"2026-05-21T16:52:43.513Z"}
{"context":"RouterExplorer","level":"info","message":"Mapped {/api/v1/departments, POST} route","timestamp":"2026-05-21T16:52:43.513Z"}
{"context":"RouterExplorer","level":"info","message":"Mapped {/api/v1/departments, GET} route","timestamp":"2026-05-21T16:52:43.513Z"}
{"context":"RouterExplorer","level":"info","message":"Mapped {/api/v1/departments/:id, GET} route","timestamp":"2026-05-21T16:52:43.514Z"}
{"context":"RouterExplorer","level":"info","message":"Mapped {/api/v1/departments/:id, PATCH} route","timestamp":"2026-05-21T16:52:43.514Z"}
{"context":"RouterExplorer","level":"info","message":"Mapped {/api/v1/departments/:id, DELETE} route","timestamp":"2026-05-21T16:52:43.514Z"}
{"context":"RoutesResolver","level":"info","message":"PortsController {/api/v1/ports}:","timestamp":"2026-05-21T16:52:43.514Z"}
{"context":"RouterExplorer","level":"info","message":"Mapped {/api/v1/ports, POST} route","timestamp":"2026-05-21T16:52:43.514Z"}
{"context":"RouterExplorer","level":"info","message":"Mapped {/api/v1/ports, GET} route","timestamp":"2026-05-21T16:52:43.515Z"}
{"context":"RouterExplorer","level":"info","message":"Mapped {/api/v1/ports/:id, GET} route","timestamp":"2026-05-21T16:52:43.515Z"}
{"context":"RouterExplorer","level":"info","message":"Mapped {/api/v1/ports/:id, PATCH} route","timestamp":"2026-05-21T16:52:43.515Z"}
{"context":"RouterExplorer","level":"info","message":"Mapped {/api/v1/ports/:id, DELETE} route","timestamp":"2026-05-21T16:52:43.515Z"}
{"context":"RoutesResolver","level":"info","message":"FilesController {/api/v1/files}:","timestamp":"2026-05-21T16:52:43.515Z"}
{"context":"RouterExplorer","level":"info","message":"Mapped {/api/v1/files, POST} route","timestamp":"2026-05-21T16:52:43.516Z"}
{"context":"RouterExplorer","level":"info","message":"Mapped {/api/v1/files, GET} route","timestamp":"2026-05-21T16:52:43.516Z"}
{"context":"RouterExplorer","level":"info","message":"Mapped {/api/v1/files/:id, GET} route","timestamp":"2026-05-21T16:52:43.516Z"}
{"context":"RouterExplorer","level":"info","message":"Mapped {/api/v1/files/:id, PATCH} route","timestamp":"2026-05-21T16:52:43.516Z"}
{"context":"RouterExplorer","level":"info","message":"Mapped {/api/v1/files/:id, DELETE} route","timestamp":"2026-05-21T16:52:43.517Z"}
{"context":"PrismaService","level":"info","message":"Kết nối database thành công","timestamp":"2026-05-21T16:52:43.555Z"}
{"context":"GlobalPollingOutboxWorker","level":"info","message":"🚀 [GlobalWorker] Polling Worker đã kích hoạt (1s/lần)...","timestamp":"2026-05-21T16:52:43.555Z"}
{"context":"NestApplication","level":"info","message":"Nest application successfully started","timestamp":"2026-05-21T16:52:43.561Z"}
{"level":"info","message":"Khởi tạo ứng dụng...","timestamp":"2026-05-21T18:14:29.904Z"}
{"context":"NestFactory","level":"info","message":"Starting Nest application...","timestamp":"2026-05-21T18:14:29.980Z"}
{"context":"InstanceLoader","level":"info","message":"PassportModule dependencies initialized","timestamp":"2026-05-21T18:14:29.988Z"}
{"context":"InstanceLoader","level":"info","message":"ConfigHostModule dependencies initialized","timestamp":"2026-05-21T18:14:29.988Z"}
{"context":"InstanceLoader","level":"info","message":"AppModule dependencies initialized","timestamp":"2026-05-21T18:14:29.988Z"}
{"context":"InstanceLoader","level":"info","message":"DiscoveryModule dependencies initialized","timestamp":"2026-05-21T18:14:29.989Z"}
{"context":"PrismaService","level":"info","message":"🔌 Prisma Connection String: postgresql://admin:******@localhost:5433/kyc_asset_db?schema=public","timestamp":"2026-05-21T18:14:29.991Z"}
{"context":"InstanceLoader","level":"info","message":"PortsModule dependencies initialized","timestamp":"2026-05-21T18:14:29.992Z"}
{"context":"InstanceLoader","level":"info","message":"FilesModule dependencies initialized","timestamp":"2026-05-21T18:14:29.992Z"}
{"context":"InstanceLoader","level":"info","message":"ConfigModule dependencies initialized","timestamp":"2026-05-21T18:14:29.992Z"}
{"context":"InstanceLoader","level":"info","message":"EventEmitterModule dependencies initialized","timestamp":"2026-05-21T18:14:29.992Z"}
{"context":"InstanceLoader","level":"info","message":"CommonModule dependencies initialized","timestamp":"2026-05-21T18:14:29.992Z"}
{"context":"InstanceLoader","level":"info","message":"JwtModule dependencies initialized","timestamp":"2026-05-21T18:14:29.993Z"}
{"context":"InstanceLoader","level":"info","message":"PrismaModule dependencies initialized","timestamp":"2026-05-21T18:14:29.993Z"}
{"context":"InstanceLoader","level":"info","message":"OutboxModule dependencies initialized","timestamp":"2026-05-21T18:14:29.993Z"}
{"context":"InstanceLoader","level":"info","message":"WhitelistIpModule dependencies initialized","timestamp":"2026-05-21T18:14:29.994Z"}
{"context":"InstanceLoader","level":"info","message":"AttributeModule dependencies initialized","timestamp":"2026-05-21T18:14:29.995Z"}
{"context":"InstanceLoader","level":"info","message":"DepartmentsModule dependencies initialized","timestamp":"2026-05-21T18:14:29.995Z"}
{"context":"InstanceLoader","level":"info","message":"UsersModule dependencies initialized","timestamp":"2026-05-21T18:14:29.995Z"}
{"context":"InstanceLoader","level":"info","message":"RolesModule dependencies initialized","timestamp":"2026-05-21T18:14:29.995Z"}
{"context":"InstanceLoader","level":"info","message":"PermissionsModule dependencies initialized","timestamp":"2026-05-21T18:14:29.995Z"}
{"context":"InstanceLoader","level":"info","message":"AuthModule dependencies initialized","timestamp":"2026-05-21T18:14:29.995Z"}
{"context":"LegacyRouteConverter","level":"warn","message":"Unsupported route path: \"/api/v1/*\". In previous versions, the symbols ?, *, and + were used to denote optional or repeating path parameters. The latest version of \"path-to-regexp\" now requires the use of named parameters. For example, instead of using a route like /users/* to capture all routes starting with \"/users\", you should use /users/*path. For more details, refer to the migration guide. Attempting to auto-convert...","timestamp":"2026-05-21T18:14:30.019Z"}
{"context":"RoutesResolver","level":"info","message":"AppController {/api/v1/ping}:","timestamp":"2026-05-21T18:14:30.020Z"}
{"context":"RouterExplorer","level":"info","message":"Mapped {/api/v1/ping, GET} route","timestamp":"2026-05-21T18:14:30.021Z"}
{"context":"RoutesResolver","level":"info","message":"UsersController {/api/v1/users}:","timestamp":"2026-05-21T18:14:30.021Z"}
{"context":"RouterExplorer","level":"info","message":"Mapped {/api/v1/users, POST} route","timestamp":"2026-05-21T18:14:30.021Z"}
{"context":"RouterExplorer","level":"info","message":"Mapped {/api/v1/users, GET} route","timestamp":"2026-05-21T18:14:30.022Z"}
{"context":"RouterExplorer","level":"info","message":"Mapped {/api/v1/users/:id, GET} route","timestamp":"2026-05-21T18:14:30.022Z"}
{"context":"RouterExplorer","level":"info","message":"Mapped {/api/v1/users/:id, PATCH} route","timestamp":"2026-05-21T18:14:30.022Z"}
{"context":"RouterExplorer","level":"info","message":"Mapped {/api/v1/users/:id, DELETE} route","timestamp":"2026-05-21T18:14:30.022Z"}
{"context":"RoutesResolver","level":"info","message":"WhitelistIpController {/api/v1/whitelist-ip}:","timestamp":"2026-05-21T18:14:30.022Z"}
{"context":"RouterExplorer","level":"info","message":"Mapped {/api/v1/whitelist-ip, POST} route","timestamp":"2026-05-21T18:14:30.023Z"}
{"context":"RouterExplorer","level":"info","message":"Mapped {/api/v1/whitelist-ip, GET} route","timestamp":"2026-05-21T18:14:30.023Z"}
{"context":"RouterExplorer","level":"info","message":"Mapped {/api/v1/whitelist-ip/:id, GET} route","timestamp":"2026-05-21T18:14:30.023Z"}
{"context":"RouterExplorer","level":"info","message":"Mapped {/api/v1/whitelist-ip/:id, PATCH} route","timestamp":"2026-05-21T18:14:30.023Z"}
{"context":"RouterExplorer","level":"info","message":"Mapped {/api/v1/whitelist-ip/:id, DELETE} route","timestamp":"2026-05-21T18:14:30.023Z"}
{"context":"RoutesResolver","level":"info","message":"RolesController {/api/v1/roles}:","timestamp":"2026-05-21T18:14:30.023Z"}
{"context":"RouterExplorer","level":"info","message":"Mapped {/api/v1/roles, POST} route","timestamp":"2026-05-21T18:14:30.024Z"}
{"context":"RouterExplorer","level":"info","message":"Mapped {/api/v1/roles, GET} route","timestamp":"2026-05-21T18:14:30.024Z"}
{"context":"RouterExplorer","level":"info","message":"Mapped {/api/v1/roles/:id, GET} route","timestamp":"2026-05-21T18:14:30.024Z"}
{"context":"RouterExplorer","level":"info","message":"Mapped {/api/v1/roles/:id, PATCH} route","timestamp":"2026-05-21T18:14:30.024Z"}
{"context":"RouterExplorer","level":"info","message":"Mapped {/api/v1/roles/:id, DELETE} route","timestamp":"2026-05-21T18:14:30.024Z"}
{"context":"RoutesResolver","level":"info","message":"PermissionsController {/api/v1/permissions}:","timestamp":"2026-05-21T18:14:30.024Z"}
{"context":"RouterExplorer","level":"info","message":"Mapped {/api/v1/permissions, POST} route","timestamp":"2026-05-21T18:14:30.024Z"}
{"context":"RouterExplorer","level":"info","message":"Mapped {/api/v1/permissions, GET} route","timestamp":"2026-05-21T18:14:30.025Z"}
{"context":"RouterExplorer","level":"info","message":"Mapped {/api/v1/permissions/:id, PATCH} route","timestamp":"2026-05-21T18:14:30.025Z"}
{"context":"RouterExplorer","level":"info","message":"Mapped {/api/v1/permissions/:id, DELETE} route","timestamp":"2026-05-21T18:14:30.025Z"}
{"context":"RoutesResolver","level":"info","message":"AuthController {/api/v1/auth}:","timestamp":"2026-05-21T18:14:30.025Z"}
{"context":"RouterExplorer","level":"info","message":"Mapped {/api/v1/auth/register, POST} route","timestamp":"2026-05-21T18:14:30.025Z"}
{"context":"RouterExplorer","level":"info","message":"Mapped {/api/v1/auth/login, POST} route","timestamp":"2026-05-21T18:14:30.025Z"}
{"context":"RouterExplorer","level":"info","message":"Mapped {/api/v1/auth/refresh, POST} route","timestamp":"2026-05-21T18:14:30.026Z"}
{"context":"RouterExplorer","level":"info","message":"Mapped {/api/v1/auth/logout, POST} route","timestamp":"2026-05-21T18:14:30.026Z"}
{"context":"RouterExplorer","level":"info","message":"Mapped {/api/v1/auth/me, GET} route","timestamp":"2026-05-21T18:14:30.026Z"}
{"context":"RouterExplorer","level":"info","message":"Mapped {/api/v1/auth/me/password, PATCH} route","timestamp":"2026-05-21T18:14:30.026Z"}
{"context":"RoutesResolver","level":"info","message":"AttributeController {/api/v1/attribute}:","timestamp":"2026-05-21T18:14:30.026Z"}
{"context":"RouterExplorer","level":"info","message":"Mapped {/api/v1/attribute, POST} route","timestamp":"2026-05-21T18:14:30.027Z"}
{"context":"RouterExplorer","level":"info","message":"Mapped {/api/v1/attribute, GET} route","timestamp":"2026-05-21T18:14:30.027Z"}
{"context":"RouterExplorer","level":"info","message":"Mapped {/api/v1/attribute/:id, GET} route","timestamp":"2026-05-21T18:14:30.027Z"}
{"context":"RouterExplorer","level":"info","message":"Mapped {/api/v1/attribute/:id, PATCH} route","timestamp":"2026-05-21T18:14:30.027Z"}
{"context":"RouterExplorer","level":"info","message":"Mapped {/api/v1/attribute/:id, DELETE} route","timestamp":"2026-05-21T18:14:30.027Z"}
{"context":"RoutesResolver","level":"info","message":"DepartmentsController {/api/v1/departments}:","timestamp":"2026-05-21T18:14:30.027Z"}
{"context":"RouterExplorer","level":"info","message":"Mapped {/api/v1/departments, POST} route","timestamp":"2026-05-21T18:14:30.027Z"}
{"context":"RouterExplorer","level":"info","message":"Mapped {/api/v1/departments, GET} route","timestamp":"2026-05-21T18:14:30.028Z"}
{"context":"RouterExplorer","level":"info","message":"Mapped {/api/v1/departments/:id, GET} route","timestamp":"2026-05-21T18:14:30.028Z"}
{"context":"RouterExplorer","level":"info","message":"Mapped {/api/v1/departments/:id, PATCH} route","timestamp":"2026-05-21T18:14:30.028Z"}
{"context":"RouterExplorer","level":"info","message":"Mapped {/api/v1/departments/:id, DELETE} route","timestamp":"2026-05-21T18:14:30.028Z"}
{"context":"RoutesResolver","level":"info","message":"PortsController {/api/v1/ports}:","timestamp":"2026-05-21T18:14:30.028Z"}
{"context":"RouterExplorer","level":"info","message":"Mapped {/api/v1/ports, POST} route","timestamp":"2026-05-21T18:14:30.028Z"}
{"context":"RouterExplorer","level":"info","message":"Mapped {/api/v1/ports, GET} route","timestamp":"2026-05-21T18:14:30.028Z"}
{"context":"RouterExplorer","level":"info","message":"Mapped {/api/v1/ports/:id, GET} route","timestamp":"2026-05-21T18:14:30.029Z"}
{"context":"RouterExplorer","level":"info","message":"Mapped {/api/v1/ports/:id, PATCH} route","timestamp":"2026-05-21T18:14:30.029Z"}
{"context":"RouterExplorer","level":"info","message":"Mapped {/api/v1/ports/:id, DELETE} route","timestamp":"2026-05-21T18:14:30.029Z"}
{"context":"RoutesResolver","level":"info","message":"FilesController {/api/v1/files}:","timestamp":"2026-05-21T18:14:30.029Z"}
{"context":"RouterExplorer","level":"info","message":"Mapped {/api/v1/files, POST} route","timestamp":"2026-05-21T18:14:30.029Z"}
{"context":"RouterExplorer","level":"info","message":"Mapped {/api/v1/files, GET} route","timestamp":"2026-05-21T18:14:30.029Z"}
{"context":"RouterExplorer","level":"info","message":"Mapped {/api/v1/files/:id, GET} route","timestamp":"2026-05-21T18:14:30.029Z"}
{"context":"RouterExplorer","level":"info","message":"Mapped {/api/v1/files/:id, PATCH} route","timestamp":"2026-05-21T18:14:30.030Z"}
{"context":"RouterExplorer","level":"info","message":"Mapped {/api/v1/files/:id, DELETE} route","timestamp":"2026-05-21T18:14:30.030Z"}
{"context":"PrismaService","level":"info","message":"Kết nối database thành công","timestamp":"2026-05-21T18:14:30.067Z"}
{"context":"GlobalPollingOutboxWorker","level":"info","message":"🚀 [GlobalWorker] Polling Worker đã kích hoạt (1s/lần)...","timestamp":"2026-05-21T18:14:30.067Z"}
{"context":"NestApplication","level":"info","message":"Nest application successfully started","timestamp":"2026-05-21T18:14:30.073Z"}
{"level":"info","message":"Khởi tạo ứng dụng...","timestamp":"2026-05-21T18:14:31.901Z"}
{"context":"NestFactory","level":"info","message":"Starting Nest application...","timestamp":"2026-05-21T18:14:31.971Z"}
{"context":"InstanceLoader","level":"info","message":"PassportModule dependencies initialized","timestamp":"2026-05-21T18:14:31.980Z"}
{"context":"InstanceLoader","level":"info","message":"ConfigHostModule dependencies initialized","timestamp":"2026-05-21T18:14:31.980Z"}
{"context":"InstanceLoader","level":"info","message":"AppModule dependencies initialized","timestamp":"2026-05-21T18:14:31.981Z"}
{"context":"InstanceLoader","level":"info","message":"DiscoveryModule dependencies initialized","timestamp":"2026-05-21T18:14:31.981Z"}
{"context":"PrismaService","level":"info","message":"🔌 Prisma Connection String: postgresql://admin:******@localhost:5433/kyc_asset_db?schema=public","timestamp":"2026-05-21T18:14:31.984Z"}
{"context":"InstanceLoader","level":"info","message":"PortsModule dependencies initialized","timestamp":"2026-05-21T18:14:31.984Z"}
{"context":"InstanceLoader","level":"info","message":"FilesModule dependencies initialized","timestamp":"2026-05-21T18:14:31.984Z"}
{"context":"InstanceLoader","level":"info","message":"ConfigModule dependencies initialized","timestamp":"2026-05-21T18:14:31.985Z"}
{"context":"InstanceLoader","level":"info","message":"EventEmitterModule dependencies initialized","timestamp":"2026-05-21T18:14:31.985Z"}
{"context":"InstanceLoader","level":"info","message":"CommonModule dependencies initialized","timestamp":"2026-05-21T18:14:31.985Z"}
{"context":"InstanceLoader","level":"info","message":"JwtModule dependencies initialized","timestamp":"2026-05-21T18:14:31.986Z"}
{"context":"InstanceLoader","level":"info","message":"PrismaModule dependencies initialized","timestamp":"2026-05-21T18:14:31.986Z"}
{"context":"InstanceLoader","level":"info","message":"OutboxModule dependencies initialized","timestamp":"2026-05-21T18:14:31.986Z"}
{"context":"InstanceLoader","level":"info","message":"WhitelistIpModule dependencies initialized","timestamp":"2026-05-21T18:14:31.988Z"}
{"context":"InstanceLoader","level":"info","message":"AttributeModule dependencies initialized","timestamp":"2026-05-21T18:14:31.988Z"}
{"context":"InstanceLoader","level":"info","message":"DepartmentsModule dependencies initialized","timestamp":"2026-05-21T18:14:31.988Z"}
{"context":"InstanceLoader","level":"info","message":"UsersModule dependencies initialized","timestamp":"2026-05-21T18:14:31.988Z"}
{"context":"InstanceLoader","level":"info","message":"RolesModule dependencies initialized","timestamp":"2026-05-21T18:14:31.988Z"}
{"context":"InstanceLoader","level":"info","message":"PermissionsModule dependencies initialized","timestamp":"2026-05-21T18:14:31.988Z"}
{"context":"InstanceLoader","level":"info","message":"AuthModule dependencies initialized","timestamp":"2026-05-21T18:14:31.989Z"}
{"context":"LegacyRouteConverter","level":"warn","message":"Unsupported route path: \"/api/v1/*\". In previous versions, the symbols ?, *, and + were used to denote optional or repeating path parameters. The latest version of \"path-to-regexp\" now requires the use of named parameters. For example, instead of using a route like /users/* to capture all routes starting with \"/users\", you should use /users/*path. For more details, refer to the migration guide. Attempting to auto-convert...","timestamp":"2026-05-21T18:14:32.017Z"}
{"context":"RoutesResolver","level":"info","message":"AppController {/api/v1/ping}:","timestamp":"2026-05-21T18:14:32.018Z"}
{"context":"RouterExplorer","level":"info","message":"Mapped {/api/v1/ping, GET} route","timestamp":"2026-05-21T18:14:32.019Z"}
{"context":"RoutesResolver","level":"info","message":"UsersController {/api/v1/users}:","timestamp":"2026-05-21T18:14:32.019Z"}
{"context":"RouterExplorer","level":"info","message":"Mapped {/api/v1/users, POST} route","timestamp":"2026-05-21T18:14:32.020Z"}
{"context":"RouterExplorer","level":"info","message":"Mapped {/api/v1/users, GET} route","timestamp":"2026-05-21T18:14:32.020Z"}
{"context":"RouterExplorer","level":"info","message":"Mapped {/api/v1/users/:id, GET} route","timestamp":"2026-05-21T18:14:32.020Z"}
{"context":"RouterExplorer","level":"info","message":"Mapped {/api/v1/users/:id, PATCH} route","timestamp":"2026-05-21T18:14:32.021Z"}
{"context":"RouterExplorer","level":"info","message":"Mapped {/api/v1/users/:id, DELETE} route","timestamp":"2026-05-21T18:14:32.021Z"}
{"context":"RoutesResolver","level":"info","message":"WhitelistIpController {/api/v1/whitelist-ip}:","timestamp":"2026-05-21T18:14:32.021Z"}
{"context":"RouterExplorer","level":"info","message":"Mapped {/api/v1/whitelist-ip, POST} route","timestamp":"2026-05-21T18:14:32.022Z"}
{"context":"RouterExplorer","level":"info","message":"Mapped {/api/v1/whitelist-ip, GET} route","timestamp":"2026-05-21T18:14:32.022Z"}
{"context":"RouterExplorer","level":"info","message":"Mapped {/api/v1/whitelist-ip/:id, GET} route","timestamp":"2026-05-21T18:14:32.022Z"}
{"context":"RouterExplorer","level":"info","message":"Mapped {/api/v1/whitelist-ip/:id, PATCH} route","timestamp":"2026-05-21T18:14:32.022Z"}
{"context":"RouterExplorer","level":"info","message":"Mapped {/api/v1/whitelist-ip/:id, DELETE} route","timestamp":"2026-05-21T18:14:32.023Z"}
{"context":"RoutesResolver","level":"info","message":"RolesController {/api/v1/roles}:","timestamp":"2026-05-21T18:14:32.023Z"}
{"context":"RouterExplorer","level":"info","message":"Mapped {/api/v1/roles, POST} route","timestamp":"2026-05-21T18:14:32.023Z"}
{"context":"RouterExplorer","level":"info","message":"Mapped {/api/v1/roles, GET} route","timestamp":"2026-05-21T18:14:32.023Z"}
{"context":"RouterExplorer","level":"info","message":"Mapped {/api/v1/roles/:id, GET} route","timestamp":"2026-05-21T18:14:32.024Z"}
{"context":"RouterExplorer","level":"info","message":"Mapped {/api/v1/roles/:id, PATCH} route","timestamp":"2026-05-21T18:14:32.024Z"}
{"context":"RouterExplorer","level":"info","message":"Mapped {/api/v1/roles/:id, DELETE} route","timestamp":"2026-05-21T18:14:32.024Z"}
{"context":"RoutesResolver","level":"info","message":"PermissionsController {/api/v1/permissions}:","timestamp":"2026-05-21T18:14:32.024Z"}
{"context":"RouterExplorer","level":"info","message":"Mapped {/api/v1/permissions, POST} route","timestamp":"2026-05-21T18:14:32.024Z"}
{"context":"RouterExplorer","level":"info","message":"Mapped {/api/v1/permissions, GET} route","timestamp":"2026-05-21T18:14:32.025Z"}
{"context":"RouterExplorer","level":"info","message":"Mapped {/api/v1/permissions/:id, PATCH} route","timestamp":"2026-05-21T18:14:32.025Z"}
{"context":"RouterExplorer","level":"info","message":"Mapped {/api/v1/permissions/:id, DELETE} route","timestamp":"2026-05-21T18:14:32.025Z"}
{"context":"RoutesResolver","level":"info","message":"AuthController {/api/v1/auth}:","timestamp":"2026-05-21T18:14:32.025Z"}
{"context":"RouterExplorer","level":"info","message":"Mapped {/api/v1/auth/register, POST} route","timestamp":"2026-05-21T18:14:32.025Z"}
{"context":"RouterExplorer","level":"info","message":"Mapped {/api/v1/auth/login, POST} route","timestamp":"2026-05-21T18:14:32.026Z"}
{"context":"RouterExplorer","level":"info","message":"Mapped {/api/v1/auth/refresh, POST} route","timestamp":"2026-05-21T18:14:32.026Z"}
{"context":"RouterExplorer","level":"info","message":"Mapped {/api/v1/auth/logout, POST} route","timestamp":"2026-05-21T18:14:32.026Z"}
{"context":"RouterExplorer","level":"info","message":"Mapped {/api/v1/auth/me, GET} route","timestamp":"2026-05-21T18:14:32.027Z"}
{"context":"RouterExplorer","level":"info","message":"Mapped {/api/v1/auth/me/password, PATCH} route","timestamp":"2026-05-21T18:14:32.027Z"}
{"context":"RoutesResolver","level":"info","message":"AttributeController {/api/v1/attribute}:","timestamp":"2026-05-21T18:14:32.027Z"}
{"context":"RouterExplorer","level":"info","message":"Mapped {/api/v1/attribute, POST} route","timestamp":"2026-05-21T18:14:32.027Z"}
{"context":"RouterExplorer","level":"info","message":"Mapped {/api/v1/attribute, GET} route","timestamp":"2026-05-21T18:14:32.027Z"}
{"context":"RouterExplorer","level":"info","message":"Mapped {/api/v1/attribute/:id, GET} route","timestamp":"2026-05-21T18:14:32.028Z"}
{"context":"RouterExplorer","level":"info","message":"Mapped {/api/v1/attribute/:id, PATCH} route","timestamp":"2026-05-21T18:14:32.028Z"}
{"context":"RouterExplorer","level":"info","message":"Mapped {/api/v1/attribute/:id, DELETE} route","timestamp":"2026-05-21T18:14:32.028Z"}
{"context":"RoutesResolver","level":"info","message":"DepartmentsController {/api/v1/departments}:","timestamp":"2026-05-21T18:14:32.028Z"}
{"context":"RouterExplorer","level":"info","message":"Mapped {/api/v1/departments, POST} route","timestamp":"2026-05-21T18:14:32.029Z"}
{"context":"RouterExplorer","level":"info","message":"Mapped {/api/v1/departments, GET} route","timestamp":"2026-05-21T18:14:32.029Z"}
{"context":"RouterExplorer","level":"info","message":"Mapped {/api/v1/departments/:id, GET} route","timestamp":"2026-05-21T18:14:32.029Z"}
{"context":"RouterExplorer","level":"info","message":"Mapped {/api/v1/departments/:id, PATCH} route","timestamp":"2026-05-21T18:14:32.029Z"}
{"context":"RouterExplorer","level":"info","message":"Mapped {/api/v1/departments/:id, DELETE} route","timestamp":"2026-05-21T18:14:32.029Z"}
{"context":"RoutesResolver","level":"info","message":"PortsController {/api/v1/ports}:","timestamp":"2026-05-21T18:14:32.030Z"}
{"context":"RouterExplorer","level":"info","message":"Mapped {/api/v1/ports, POST} route","timestamp":"2026-05-21T18:14:32.030Z"}
{"context":"RouterExplorer","level":"info","message":"Mapped {/api/v1/ports, GET} route","timestamp":"2026-05-21T18:14:32.030Z"}
{"context":"RouterExplorer","level":"info","message":"Mapped {/api/v1/ports/:id, GET} route","timestamp":"2026-05-21T18:14:32.030Z"}
{"context":"RouterExplorer","level":"info","message":"Mapped {/api/v1/ports/:id, PATCH} route","timestamp":"2026-05-21T18:14:32.030Z"}
{"context":"RouterExplorer","level":"info","message":"Mapped {/api/v1/ports/:id, DELETE} route","timestamp":"2026-05-21T18:14:32.031Z"}
{"context":"RoutesResolver","level":"info","message":"FilesController {/api/v1/files}:","timestamp":"2026-05-21T18:14:32.031Z"}
{"context":"RouterExplorer","level":"info","message":"Mapped {/api/v1/files, POST} route","timestamp":"2026-05-21T18:14:32.032Z"}
{"context":"RouterExplorer","level":"info","message":"Mapped {/api/v1/files, GET} route","timestamp":"2026-05-21T18:14:32.032Z"}
{"context":"RouterExplorer","level":"info","message":"Mapped {/api/v1/files/:id, GET} route","timestamp":"2026-05-21T18:14:32.032Z"}
{"context":"RouterExplorer","level":"info","message":"Mapped {/api/v1/files/:id, PATCH} route","timestamp":"2026-05-21T18:14:32.033Z"}
{"context":"RouterExplorer","level":"info","message":"Mapped {/api/v1/files/:id, DELETE} route","timestamp":"2026-05-21T18:14:32.033Z"}
{"context":"PrismaService","level":"info","message":"Kết nối database thành công","timestamp":"2026-05-21T18:14:32.075Z"}
{"context":"GlobalPollingOutboxWorker","level":"info","message":"🚀 [GlobalWorker] Polling Worker đã kích hoạt (1s/lần)...","timestamp":"2026-05-21T18:14:32.077Z"}
{"context":"NestApplication","level":"info","message":"Nest application successfully started","timestamp":"2026-05-21T18:14:32.083Z"}
