{"level":"info","message":"Khởi tạo ứng dụng...","timestamp":"2026-05-04T05:08:31.827Z"}
{"context":"NestFactory","level":"info","message":"Starting Nest application...","timestamp":"2026-05-04T05:08:31.908Z"}
{"context":"InstanceLoader","level":"info","message":"CommonModule dependencies initialized","timestamp":"2026-05-04T05:08:31.915Z"}
{"context":"InstanceLoader","level":"info","message":"ConfigHostModule dependencies initialized","timestamp":"2026-05-04T05:08:31.915Z"}
{"context":"PrismaService","level":"info","message":"🔌 Prisma Connection String: postgresql://admin:******@localhost:5433/kyc_asset_db?schema=public","timestamp":"2026-05-04T05:08:31.919Z"}
{"context":"InstanceLoader","level":"info","message":"AppModule dependencies initialized","timestamp":"2026-05-04T05:08:31.919Z"}
{"context":"InstanceLoader","level":"info","message":"ConfigModule dependencies initialized","timestamp":"2026-05-04T05:08:31.919Z"}
{"context":"InstanceLoader","level":"info","message":"JwtModule dependencies initialized","timestamp":"2026-05-04T05:08:31.920Z"}
{"context":"InstanceLoader","level":"info","message":"PrismaModule dependencies initialized","timestamp":"2026-05-04T05:08:31.920Z"}
{"context":"InstanceLoader","level":"info","message":"WhitelistIpModule dependencies initialized","timestamp":"2026-05-04T05:08:31.921Z"}
{"context":"InstanceLoader","level":"info","message":"AttributeModule dependencies initialized","timestamp":"2026-05-04T05:08:31.921Z"}
{"context":"InstanceLoader","level":"info","message":"UsersModule dependencies initialized","timestamp":"2026-05-04T05:08:31.922Z"}
{"context":"InstanceLoader","level":"info","message":"RolesModule dependencies initialized","timestamp":"2026-05-04T05:08:31.922Z"}
{"context":"InstanceLoader","level":"info","message":"PermissionsModule dependencies initialized","timestamp":"2026-05-04T05:08:31.922Z"}
{"context":"InstanceLoader","level":"info","message":"AuthModule dependencies initialized","timestamp":"2026-05-04T05:08:31.922Z"}
{"context":"RoutesResolver","level":"info","message":"AppController {/}:","timestamp":"2026-05-04T05:08:31.946Z"}
{"context":"RouterExplorer","level":"info","message":"Mapped {/, GET} route","timestamp":"2026-05-04T05:08:31.947Z"}
{"context":"RoutesResolver","level":"info","message":"UsersController {/users}:","timestamp":"2026-05-04T05:08:31.947Z"}
{"context":"RouterExplorer","level":"info","message":"Mapped {/users, POST} route","timestamp":"2026-05-04T05:08:31.948Z"}
{"context":"RouterExplorer","level":"info","message":"Mapped {/users, GET} route","timestamp":"2026-05-04T05:08:31.948Z"}
{"context":"RouterExplorer","level":"info","message":"Mapped {/users/:id, GET} route","timestamp":"2026-05-04T05:08:31.948Z"}
{"context":"RouterExplorer","level":"info","message":"Mapped {/users/:id, PATCH} route","timestamp":"2026-05-04T05:08:31.949Z"}
{"context":"RouterExplorer","level":"info","message":"Mapped {/users/:id, DELETE} route","timestamp":"2026-05-04T05:08:31.949Z"}
{"context":"RoutesResolver","level":"info","message":"WhitelistIpController {/whitelist-ip}:","timestamp":"2026-05-04T05:08:31.949Z"}
{"context":"RouterExplorer","level":"info","message":"Mapped {/whitelist-ip, POST} route","timestamp":"2026-05-04T05:08:31.949Z"}
{"context":"RouterExplorer","level":"info","message":"Mapped {/whitelist-ip, GET} route","timestamp":"2026-05-04T05:08:31.949Z"}
{"context":"RouterExplorer","level":"info","message":"Mapped {/whitelist-ip/:id, GET} route","timestamp":"2026-05-04T05:08:31.950Z"}
{"context":"RouterExplorer","level":"info","message":"Mapped {/whitelist-ip/:id, PATCH} route","timestamp":"2026-05-04T05:08:31.950Z"}
{"context":"RouterExplorer","level":"info","message":"Mapped {/whitelist-ip/:id, DELETE} route","timestamp":"2026-05-04T05:08:31.950Z"}
{"context":"RoutesResolver","level":"info","message":"RolesController {/roles}:","timestamp":"2026-05-04T05:08:31.950Z"}
{"context":"RouterExplorer","level":"info","message":"Mapped {/roles, POST} route","timestamp":"2026-05-04T05:08:31.950Z"}
{"context":"RouterExplorer","level":"info","message":"Mapped {/roles, GET} route","timestamp":"2026-05-04T05:08:31.951Z"}
{"context":"RouterExplorer","level":"info","message":"Mapped {/roles/:id, GET} route","timestamp":"2026-05-04T05:08:31.951Z"}
{"context":"RouterExplorer","level":"info","message":"Mapped {/roles/:id, PATCH} route","timestamp":"2026-05-04T05:08:31.951Z"}
{"context":"RouterExplorer","level":"info","message":"Mapped {/roles/:id, DELETE} route","timestamp":"2026-05-04T05:08:31.951Z"}
{"context":"RoutesResolver","level":"info","message":"PermissionsController {/permissions}:","timestamp":"2026-05-04T05:08:31.951Z"}
{"context":"RouterExplorer","level":"info","message":"Mapped {/permissions, POST} route","timestamp":"2026-05-04T05:08:31.951Z"}
{"context":"RouterExplorer","level":"info","message":"Mapped {/permissions, GET} route","timestamp":"2026-05-04T05:08:31.951Z"}
{"context":"RouterExplorer","level":"info","message":"Mapped {/permissions/:id, PATCH} route","timestamp":"2026-05-04T05:08:31.951Z"}
{"context":"RouterExplorer","level":"info","message":"Mapped {/permissions/:id, DELETE} route","timestamp":"2026-05-04T05:08:31.952Z"}
{"context":"RoutesResolver","level":"info","message":"AuthController {/auth}:","timestamp":"2026-05-04T05:08:31.952Z"}
{"context":"RouterExplorer","level":"info","message":"Mapped {/auth/register, POST} route","timestamp":"2026-05-04T05:08:31.952Z"}
{"context":"RouterExplorer","level":"info","message":"Mapped {/auth/login, POST} route","timestamp":"2026-05-04T05:08:31.952Z"}
{"context":"RouterExplorer","level":"info","message":"Mapped {/auth/refresh, POST} route","timestamp":"2026-05-04T05:08:31.952Z"}
{"context":"RouterExplorer","level":"info","message":"Mapped {/auth/logout, POST} route","timestamp":"2026-05-04T05:08:31.952Z"}
{"context":"RouterExplorer","level":"info","message":"Mapped {/auth/me, GET} route","timestamp":"2026-05-04T05:08:31.953Z"}
{"context":"RouterExplorer","level":"info","message":"Mapped {/auth/me/password, PATCH} route","timestamp":"2026-05-04T05:08:31.953Z"}
{"context":"RoutesResolver","level":"info","message":"AttributeController {/attribute}:","timestamp":"2026-05-04T05:08:31.953Z"}
{"context":"RouterExplorer","level":"info","message":"Mapped {/attribute, POST} route","timestamp":"2026-05-04T05:08:31.953Z"}
{"context":"RouterExplorer","level":"info","message":"Mapped {/attribute, GET} route","timestamp":"2026-05-04T05:08:31.954Z"}
{"context":"RouterExplorer","level":"info","message":"Mapped {/attribute/:id, GET} route","timestamp":"2026-05-04T05:08:31.954Z"}
{"context":"RouterExplorer","level":"info","message":"Mapped {/attribute/:id, PATCH} route","timestamp":"2026-05-04T05:08:31.954Z"}
{"context":"RouterExplorer","level":"info","message":"Mapped {/attribute/:id, DELETE} route","timestamp":"2026-05-04T05:08:31.954Z"}
{"context":"PrismaService","level":"info","message":"Kết nối database thành công","timestamp":"2026-05-04T05:08:31.994Z"}
{"context":"NestApplication","level":"info","message":"Nest application successfully started","timestamp":"2026-05-04T05:08:31.998Z"}
{"level":"info","message":"Khởi tạo ứng dụng...","timestamp":"2026-05-04T05:08:32.806Z"}
{"context":"NestFactory","level":"info","message":"Starting Nest application...","timestamp":"2026-05-04T05:08:32.881Z"}
{"context":"InstanceLoader","level":"info","message":"CommonModule dependencies initialized","timestamp":"2026-05-04T05:08:32.890Z"}
{"context":"InstanceLoader","level":"info","message":"ConfigHostModule dependencies initialized","timestamp":"2026-05-04T05:08:32.890Z"}
{"context":"PrismaService","level":"info","message":"🔌 Prisma Connection String: postgresql://admin:******@localhost:5433/kyc_asset_db?schema=public","timestamp":"2026-05-04T05:08:32.894Z"}
{"context":"InstanceLoader","level":"info","message":"AppModule dependencies initialized","timestamp":"2026-05-04T05:08:32.895Z"}
{"context":"InstanceLoader","level":"info","message":"ConfigModule dependencies initialized","timestamp":"2026-05-04T05:08:32.895Z"}
{"context":"InstanceLoader","level":"info","message":"JwtModule dependencies initialized","timestamp":"2026-05-04T05:08:32.895Z"}
{"context":"InstanceLoader","level":"info","message":"PrismaModule dependencies initialized","timestamp":"2026-05-04T05:08:32.896Z"}
{"context":"InstanceLoader","level":"info","message":"WhitelistIpModule dependencies initialized","timestamp":"2026-05-04T05:08:32.897Z"}
{"context":"InstanceLoader","level":"info","message":"AttributeModule dependencies initialized","timestamp":"2026-05-04T05:08:32.897Z"}
{"context":"InstanceLoader","level":"info","message":"UsersModule dependencies initialized","timestamp":"2026-05-04T05:08:32.897Z"}
{"context":"InstanceLoader","level":"info","message":"RolesModule dependencies initialized","timestamp":"2026-05-04T05:08:32.897Z"}
{"context":"InstanceLoader","level":"info","message":"PermissionsModule dependencies initialized","timestamp":"2026-05-04T05:08:32.898Z"}
{"context":"InstanceLoader","level":"info","message":"AuthModule dependencies initialized","timestamp":"2026-05-04T05:08:32.898Z"}
{"context":"RoutesResolver","level":"info","message":"AppController {/}:","timestamp":"2026-05-04T05:08:32.921Z"}
{"context":"RouterExplorer","level":"info","message":"Mapped {/, GET} route","timestamp":"2026-05-04T05:08:32.923Z"}
{"context":"RoutesResolver","level":"info","message":"UsersController {/users}:","timestamp":"2026-05-04T05:08:32.923Z"}
{"context":"RouterExplorer","level":"info","message":"Mapped {/users, POST} route","timestamp":"2026-05-04T05:08:32.924Z"}
{"context":"RouterExplorer","level":"info","message":"Mapped {/users, GET} route","timestamp":"2026-05-04T05:08:32.924Z"}
{"context":"RouterExplorer","level":"info","message":"Mapped {/users/:id, GET} route","timestamp":"2026-05-04T05:08:32.925Z"}
{"context":"RouterExplorer","level":"info","message":"Mapped {/users/:id, PATCH} route","timestamp":"2026-05-04T05:08:32.925Z"}
{"context":"RouterExplorer","level":"info","message":"Mapped {/users/:id, DELETE} route","timestamp":"2026-05-04T05:08:32.926Z"}
{"context":"RoutesResolver","level":"info","message":"WhitelistIpController {/whitelist-ip}:","timestamp":"2026-05-04T05:08:32.926Z"}
{"context":"RouterExplorer","level":"info","message":"Mapped {/whitelist-ip, POST} route","timestamp":"2026-05-04T05:08:32.926Z"}
{"context":"RouterExplorer","level":"info","message":"Mapped {/whitelist-ip, GET} route","timestamp":"2026-05-04T05:08:32.927Z"}
{"context":"RouterExplorer","level":"info","message":"Mapped {/whitelist-ip/:id, GET} route","timestamp":"2026-05-04T05:08:32.928Z"}
{"context":"RouterExplorer","level":"info","message":"Mapped {/whitelist-ip/:id, PATCH} route","timestamp":"2026-05-04T05:08:32.928Z"}
{"context":"RouterExplorer","level":"info","message":"Mapped {/whitelist-ip/:id, DELETE} route","timestamp":"2026-05-04T05:08:32.928Z"}
{"context":"RoutesResolver","level":"info","message":"RolesController {/roles}:","timestamp":"2026-05-04T05:08:32.928Z"}
{"context":"RouterExplorer","level":"info","message":"Mapped {/roles, POST} route","timestamp":"2026-05-04T05:08:32.929Z"}
{"context":"RouterExplorer","level":"info","message":"Mapped {/roles, GET} route","timestamp":"2026-05-04T05:08:32.929Z"}
{"context":"RouterExplorer","level":"info","message":"Mapped {/roles/:id, GET} route","timestamp":"2026-05-04T05:08:32.929Z"}
{"context":"RouterExplorer","level":"info","message":"Mapped {/roles/:id, PATCH} route","timestamp":"2026-05-04T05:08:32.929Z"}
{"context":"RouterExplorer","level":"info","message":"Mapped {/roles/:id, DELETE} route","timestamp":"2026-05-04T05:08:32.929Z"}
{"context":"RoutesResolver","level":"info","message":"PermissionsController {/permissions}:","timestamp":"2026-05-04T05:08:32.929Z"}
{"context":"RouterExplorer","level":"info","message":"Mapped {/permissions, POST} route","timestamp":"2026-05-04T05:08:32.930Z"}
{"context":"RouterExplorer","level":"info","message":"Mapped {/permissions, GET} route","timestamp":"2026-05-04T05:08:32.930Z"}
{"context":"RouterExplorer","level":"info","message":"Mapped {/permissions/:id, PATCH} route","timestamp":"2026-05-04T05:08:32.930Z"}
{"context":"RouterExplorer","level":"info","message":"Mapped {/permissions/:id, DELETE} route","timestamp":"2026-05-04T05:08:32.930Z"}
{"context":"RoutesResolver","level":"info","message":"AuthController {/auth}:","timestamp":"2026-05-04T05:08:32.930Z"}
{"context":"RouterExplorer","level":"info","message":"Mapped {/auth/register, POST} route","timestamp":"2026-05-04T05:08:32.931Z"}
{"context":"RouterExplorer","level":"info","message":"Mapped {/auth/login, POST} route","timestamp":"2026-05-04T05:08:32.931Z"}
{"context":"RouterExplorer","level":"info","message":"Mapped {/auth/refresh, POST} route","timestamp":"2026-05-04T05:08:32.931Z"}
{"context":"RouterExplorer","level":"info","message":"Mapped {/auth/logout, POST} route","timestamp":"2026-05-04T05:08:32.931Z"}
{"context":"RouterExplorer","level":"info","message":"Mapped {/auth/me, GET} route","timestamp":"2026-05-04T05:08:32.932Z"}
{"context":"RouterExplorer","level":"info","message":"Mapped {/auth/me/password, PATCH} route","timestamp":"2026-05-04T05:08:32.932Z"}
{"context":"RoutesResolver","level":"info","message":"AttributeController {/attribute}:","timestamp":"2026-05-04T05:08:32.932Z"}
{"context":"RouterExplorer","level":"info","message":"Mapped {/attribute, POST} route","timestamp":"2026-05-04T05:08:32.932Z"}
{"context":"RouterExplorer","level":"info","message":"Mapped {/attribute, GET} route","timestamp":"2026-05-04T05:08:32.932Z"}
{"context":"RouterExplorer","level":"info","message":"Mapped {/attribute/:id, GET} route","timestamp":"2026-05-04T05:08:32.933Z"}
{"context":"RouterExplorer","level":"info","message":"Mapped {/attribute/:id, PATCH} route","timestamp":"2026-05-04T05:08:32.933Z"}
{"context":"RouterExplorer","level":"info","message":"Mapped {/attribute/:id, DELETE} route","timestamp":"2026-05-04T05:08:32.933Z"}
{"context":"PrismaService","level":"info","message":"Kết nối database thành công","timestamp":"2026-05-04T05:08:32.977Z"}
{"context":"NestApplication","level":"info","message":"Nest application successfully started","timestamp":"2026-05-04T05:08:32.978Z"}
{"level":"info","message":"Khởi tạo ứng dụng...","timestamp":"2026-05-04T05:08:34.016Z"}
{"context":"NestFactory","level":"info","message":"Starting Nest application...","timestamp":"2026-05-04T05:08:34.085Z"}
{"context":"InstanceLoader","level":"info","message":"CommonModule dependencies initialized","timestamp":"2026-05-04T05:08:34.091Z"}
{"context":"InstanceLoader","level":"info","message":"ConfigHostModule dependencies initialized","timestamp":"2026-05-04T05:08:34.092Z"}
{"context":"PrismaService","level":"info","message":"🔌 Prisma Connection String: postgresql://admin:******@localhost:5433/kyc_asset_db?schema=public","timestamp":"2026-05-04T05:08:34.094Z"}
{"context":"InstanceLoader","level":"info","message":"AppModule dependencies initialized","timestamp":"2026-05-04T05:08:34.094Z"}
{"context":"InstanceLoader","level":"info","message":"ConfigModule dependencies initialized","timestamp":"2026-05-04T05:08:34.095Z"}
{"context":"InstanceLoader","level":"info","message":"JwtModule dependencies initialized","timestamp":"2026-05-04T05:08:34.096Z"}
{"context":"InstanceLoader","level":"info","message":"PrismaModule dependencies initialized","timestamp":"2026-05-04T05:08:34.097Z"}
{"context":"InstanceLoader","level":"info","message":"WhitelistIpModule dependencies initialized","timestamp":"2026-05-04T05:08:34.098Z"}
{"context":"InstanceLoader","level":"info","message":"AttributeModule dependencies initialized","timestamp":"2026-05-04T05:08:34.098Z"}
{"context":"InstanceLoader","level":"info","message":"UsersModule dependencies initialized","timestamp":"2026-05-04T05:08:34.098Z"}
{"context":"InstanceLoader","level":"info","message":"RolesModule dependencies initialized","timestamp":"2026-05-04T05:08:34.098Z"}
{"context":"InstanceLoader","level":"info","message":"PermissionsModule dependencies initialized","timestamp":"2026-05-04T05:08:34.099Z"}
{"context":"InstanceLoader","level":"info","message":"AuthModule dependencies initialized","timestamp":"2026-05-04T05:08:34.099Z"}
{"context":"RoutesResolver","level":"info","message":"AppController {/}:","timestamp":"2026-05-04T05:08:34.122Z"}
{"context":"RouterExplorer","level":"info","message":"Mapped {/, GET} route","timestamp":"2026-05-04T05:08:34.124Z"}
{"context":"RoutesResolver","level":"info","message":"UsersController {/users}:","timestamp":"2026-05-04T05:08:34.124Z"}
{"context":"RouterExplorer","level":"info","message":"Mapped {/users, POST} route","timestamp":"2026-05-04T05:08:34.124Z"}
{"context":"RouterExplorer","level":"info","message":"Mapped {/users, GET} route","timestamp":"2026-05-04T05:08:34.125Z"}
{"context":"RouterExplorer","level":"info","message":"Mapped {/users/:id, GET} route","timestamp":"2026-05-04T05:08:34.125Z"}
{"context":"RouterExplorer","level":"info","message":"Mapped {/users/:id, PATCH} route","timestamp":"2026-05-04T05:08:34.125Z"}
{"context":"RouterExplorer","level":"info","message":"Mapped {/users/:id, DELETE} route","timestamp":"2026-05-04T05:08:34.126Z"}
{"context":"RoutesResolver","level":"info","message":"WhitelistIpController {/whitelist-ip}:","timestamp":"2026-05-04T05:08:34.126Z"}
{"context":"RouterExplorer","level":"info","message":"Mapped {/whitelist-ip, POST} route","timestamp":"2026-05-04T05:08:34.126Z"}
{"context":"RouterExplorer","level":"info","message":"Mapped {/whitelist-ip, GET} route","timestamp":"2026-05-04T05:08:34.126Z"}
{"context":"RouterExplorer","level":"info","message":"Mapped {/whitelist-ip/:id, GET} route","timestamp":"2026-05-04T05:08:34.126Z"}
{"context":"RouterExplorer","level":"info","message":"Mapped {/whitelist-ip/:id, PATCH} route","timestamp":"2026-05-04T05:08:34.126Z"}
{"context":"RouterExplorer","level":"info","message":"Mapped {/whitelist-ip/:id, DELETE} route","timestamp":"2026-05-04T05:08:34.127Z"}
{"context":"RoutesResolver","level":"info","message":"RolesController {/roles}:","timestamp":"2026-05-04T05:08:34.127Z"}
{"context":"RouterExplorer","level":"info","message":"Mapped {/roles, POST} route","timestamp":"2026-05-04T05:08:34.127Z"}
{"context":"RouterExplorer","level":"info","message":"Mapped {/roles, GET} route","timestamp":"2026-05-04T05:08:34.127Z"}
{"context":"RouterExplorer","level":"info","message":"Mapped {/roles/:id, GET} route","timestamp":"2026-05-04T05:08:34.127Z"}
{"context":"RouterExplorer","level":"info","message":"Mapped {/roles/:id, PATCH} route","timestamp":"2026-05-04T05:08:34.127Z"}
{"context":"RouterExplorer","level":"info","message":"Mapped {/roles/:id, DELETE} route","timestamp":"2026-05-04T05:08:34.128Z"}
{"context":"RoutesResolver","level":"info","message":"PermissionsController {/permissions}:","timestamp":"2026-05-04T05:08:34.128Z"}
{"context":"RouterExplorer","level":"info","message":"Mapped {/permissions, POST} route","timestamp":"2026-05-04T05:08:34.128Z"}
{"context":"RouterExplorer","level":"info","message":"Mapped {/permissions, GET} route","timestamp":"2026-05-04T05:08:34.128Z"}
{"context":"RouterExplorer","level":"info","message":"Mapped {/permissions/:id, PATCH} route","timestamp":"2026-05-04T05:08:34.128Z"}
{"context":"RouterExplorer","level":"info","message":"Mapped {/permissions/:id, DELETE} route","timestamp":"2026-05-04T05:08:34.129Z"}
{"context":"RoutesResolver","level":"info","message":"AuthController {/auth}:","timestamp":"2026-05-04T05:08:34.129Z"}
{"context":"RouterExplorer","level":"info","message":"Mapped {/auth/register, POST} route","timestamp":"2026-05-04T05:08:34.129Z"}
{"context":"RouterExplorer","level":"info","message":"Mapped {/auth/login, POST} route","timestamp":"2026-05-04T05:08:34.129Z"}
{"context":"RouterExplorer","level":"info","message":"Mapped {/auth/refresh, POST} route","timestamp":"2026-05-04T05:08:34.129Z"}
{"context":"RouterExplorer","level":"info","message":"Mapped {/auth/logout, POST} route","timestamp":"2026-05-04T05:08:34.129Z"}
{"context":"RouterExplorer","level":"info","message":"Mapped {/auth/me, GET} route","timestamp":"2026-05-04T05:08:34.130Z"}
{"context":"RouterExplorer","level":"info","message":"Mapped {/auth/me/password, PATCH} route","timestamp":"2026-05-04T05:08:34.130Z"}
{"context":"RoutesResolver","level":"info","message":"AttributeController {/attribute}:","timestamp":"2026-05-04T05:08:34.130Z"}
{"context":"RouterExplorer","level":"info","message":"Mapped {/attribute, POST} route","timestamp":"2026-05-04T05:08:34.130Z"}
{"context":"RouterExplorer","level":"info","message":"Mapped {/attribute, GET} route","timestamp":"2026-05-04T05:08:34.130Z"}
{"context":"RouterExplorer","level":"info","message":"Mapped {/attribute/:id, GET} route","timestamp":"2026-05-04T05:08:34.130Z"}
{"context":"RouterExplorer","level":"info","message":"Mapped {/attribute/:id, PATCH} route","timestamp":"2026-05-04T05:08:34.131Z"}
{"context":"RouterExplorer","level":"info","message":"Mapped {/attribute/:id, DELETE} route","timestamp":"2026-05-04T05:08:34.131Z"}
{"context":"PrismaService","level":"info","message":"Kết nối database thành công","timestamp":"2026-05-04T05:08:34.170Z"}
{"context":"NestApplication","level":"info","message":"Nest application successfully started","timestamp":"2026-05-04T05:08:34.174Z"}
{"level":"info","message":"Khởi tạo ứng dụng...","timestamp":"2026-05-04T06:23:09.154Z"}
{"context":"NestFactory","level":"info","message":"Starting Nest application...","timestamp":"2026-05-04T06:23:09.244Z"}
{"context":"InstanceLoader","level":"info","message":"CommonModule dependencies initialized","timestamp":"2026-05-04T06:23:09.251Z"}
{"context":"InstanceLoader","level":"info","message":"ConfigHostModule dependencies initialized","timestamp":"2026-05-04T06:23:09.251Z"}
{"context":"PrismaService","level":"info","message":"🔌 Prisma Connection String: postgresql://admin:******@localhost:5433/kyc_asset_db?schema=public","timestamp":"2026-05-04T06:23:09.253Z"}
{"context":"InstanceLoader","level":"info","message":"AppModule dependencies initialized","timestamp":"2026-05-04T06:23:09.254Z"}
{"context":"InstanceLoader","level":"info","message":"ConfigModule dependencies initialized","timestamp":"2026-05-04T06:23:09.254Z"}
{"context":"InstanceLoader","level":"info","message":"JwtModule dependencies initialized","timestamp":"2026-05-04T06:23:09.254Z"}
{"context":"InstanceLoader","level":"info","message":"PrismaModule dependencies initialized","timestamp":"2026-05-04T06:23:09.255Z"}
{"context":"InstanceLoader","level":"info","message":"WhitelistIpModule dependencies initialized","timestamp":"2026-05-04T06:23:09.256Z"}
{"context":"InstanceLoader","level":"info","message":"AttributeModule dependencies initialized","timestamp":"2026-05-04T06:23:09.256Z"}
{"context":"InstanceLoader","level":"info","message":"UsersModule dependencies initialized","timestamp":"2026-05-04T06:23:09.256Z"}
{"context":"InstanceLoader","level":"info","message":"RolesModule dependencies initialized","timestamp":"2026-05-04T06:23:09.256Z"}
{"context":"InstanceLoader","level":"info","message":"PermissionsModule dependencies initialized","timestamp":"2026-05-04T06:23:09.256Z"}
{"context":"InstanceLoader","level":"info","message":"AuthModule dependencies initialized","timestamp":"2026-05-04T06:23:09.257Z"}
{"context":"RoutesResolver","level":"info","message":"AppController {/}:","timestamp":"2026-05-04T06:23:09.280Z"}
{"context":"RouterExplorer","level":"info","message":"Mapped {/, GET} route","timestamp":"2026-05-04T06:23:09.281Z"}
{"context":"RoutesResolver","level":"info","message":"UsersController {/users}:","timestamp":"2026-05-04T06:23:09.281Z"}
{"context":"RouterExplorer","level":"info","message":"Mapped {/users, POST} route","timestamp":"2026-05-04T06:23:09.282Z"}
{"context":"RouterExplorer","level":"info","message":"Mapped {/users, GET} route","timestamp":"2026-05-04T06:23:09.282Z"}
{"context":"RouterExplorer","level":"info","message":"Mapped {/users/:id, GET} route","timestamp":"2026-05-04T06:23:09.282Z"}
{"context":"RouterExplorer","level":"info","message":"Mapped {/users/:id, PATCH} route","timestamp":"2026-05-04T06:23:09.282Z"}
{"context":"RouterExplorer","level":"info","message":"Mapped {/users/:id, DELETE} route","timestamp":"2026-05-04T06:23:09.283Z"}
{"context":"RoutesResolver","level":"info","message":"WhitelistIpController {/whitelist-ip}:","timestamp":"2026-05-04T06:23:09.283Z"}
{"context":"RouterExplorer","level":"info","message":"Mapped {/whitelist-ip, POST} route","timestamp":"2026-05-04T06:23:09.283Z"}
{"context":"RouterExplorer","level":"info","message":"Mapped {/whitelist-ip, GET} route","timestamp":"2026-05-04T06:23:09.283Z"}
{"context":"RouterExplorer","level":"info","message":"Mapped {/whitelist-ip/:id, GET} route","timestamp":"2026-05-04T06:23:09.284Z"}
{"context":"RouterExplorer","level":"info","message":"Mapped {/whitelist-ip/:id, PATCH} route","timestamp":"2026-05-04T06:23:09.284Z"}
{"context":"RouterExplorer","level":"info","message":"Mapped {/whitelist-ip/:id, DELETE} route","timestamp":"2026-05-04T06:23:09.284Z"}
{"context":"RoutesResolver","level":"info","message":"RolesController {/roles}:","timestamp":"2026-05-04T06:23:09.284Z"}
{"context":"RouterExplorer","level":"info","message":"Mapped {/roles, POST} route","timestamp":"2026-05-04T06:23:09.284Z"}
{"context":"RouterExplorer","level":"info","message":"Mapped {/roles, GET} route","timestamp":"2026-05-04T06:23:09.284Z"}
{"context":"RouterExplorer","level":"info","message":"Mapped {/roles/:id, GET} route","timestamp":"2026-05-04T06:23:09.285Z"}
{"context":"RouterExplorer","level":"info","message":"Mapped {/roles/:id, PATCH} route","timestamp":"2026-05-04T06:23:09.285Z"}
{"context":"RouterExplorer","level":"info","message":"Mapped {/roles/:id, DELETE} route","timestamp":"2026-05-04T06:23:09.285Z"}
{"context":"RoutesResolver","level":"info","message":"PermissionsController {/permissions}:","timestamp":"2026-05-04T06:23:09.285Z"}
{"context":"RouterExplorer","level":"info","message":"Mapped {/permissions, POST} route","timestamp":"2026-05-04T06:23:09.285Z"}
{"context":"RouterExplorer","level":"info","message":"Mapped {/permissions, GET} route","timestamp":"2026-05-04T06:23:09.285Z"}
{"context":"RouterExplorer","level":"info","message":"Mapped {/permissions/:id, PATCH} route","timestamp":"2026-05-04T06:23:09.285Z"}
{"context":"RouterExplorer","level":"info","message":"Mapped {/permissions/:id, DELETE} route","timestamp":"2026-05-04T06:23:09.286Z"}
{"context":"RoutesResolver","level":"info","message":"AuthController {/auth}:","timestamp":"2026-05-04T06:23:09.286Z"}
{"context":"RouterExplorer","level":"info","message":"Mapped {/auth/register, POST} route","timestamp":"2026-05-04T06:23:09.286Z"}
{"context":"RouterExplorer","level":"info","message":"Mapped {/auth/login, POST} route","timestamp":"2026-05-04T06:23:09.286Z"}
{"context":"RouterExplorer","level":"info","message":"Mapped {/auth/refresh, POST} route","timestamp":"2026-05-04T06:23:09.286Z"}
{"context":"RouterExplorer","level":"info","message":"Mapped {/auth/logout, POST} route","timestamp":"2026-05-04T06:23:09.286Z"}
{"context":"RouterExplorer","level":"info","message":"Mapped {/auth/me, GET} route","timestamp":"2026-05-04T06:23:09.287Z"}
{"context":"RouterExplorer","level":"info","message":"Mapped {/auth/me/password, PATCH} route","timestamp":"2026-05-04T06:23:09.287Z"}
{"context":"RoutesResolver","level":"info","message":"AttributeController {/attribute}:","timestamp":"2026-05-04T06:23:09.287Z"}
{"context":"RouterExplorer","level":"info","message":"Mapped {/attribute, POST} route","timestamp":"2026-05-04T06:23:09.287Z"}
{"context":"RouterExplorer","level":"info","message":"Mapped {/attribute, GET} route","timestamp":"2026-05-04T06:23:09.287Z"}
{"context":"RouterExplorer","level":"info","message":"Mapped {/attribute/:id, GET} route","timestamp":"2026-05-04T06:23:09.288Z"}
{"context":"RouterExplorer","level":"info","message":"Mapped {/attribute/:id, PATCH} route","timestamp":"2026-05-04T06:23:09.288Z"}
{"context":"RouterExplorer","level":"info","message":"Mapped {/attribute/:id, DELETE} route","timestamp":"2026-05-04T06:23:09.288Z"}
{"context":"PrismaService","level":"info","message":"Kết nối database thành công","timestamp":"2026-05-04T06:23:09.331Z"}
{"context":"NestApplication","level":"info","message":"Nest application successfully started","timestamp":"2026-05-04T06:23:09.332Z"}
{"level":"info","message":"Khởi tạo ứng dụng...","timestamp":"2026-05-04T06:23:11.392Z"}
{"context":"NestFactory","level":"info","message":"Starting Nest application...","timestamp":"2026-05-04T06:23:11.462Z"}
{"context":"InstanceLoader","level":"info","message":"CommonModule dependencies initialized","timestamp":"2026-05-04T06:23:11.470Z"}
{"context":"InstanceLoader","level":"info","message":"ConfigHostModule dependencies initialized","timestamp":"2026-05-04T06:23:11.470Z"}
{"context":"PrismaService","level":"info","message":"🔌 Prisma Connection String: postgresql://admin:******@localhost:5433/kyc_asset_db?schema=public","timestamp":"2026-05-04T06:23:11.473Z"}
{"context":"InstanceLoader","level":"info","message":"AppModule dependencies initialized","timestamp":"2026-05-04T06:23:11.473Z"}
{"context":"InstanceLoader","level":"info","message":"ConfigModule dependencies initialized","timestamp":"2026-05-04T06:23:11.473Z"}
{"context":"InstanceLoader","level":"info","message":"JwtModule dependencies initialized","timestamp":"2026-05-04T06:23:11.473Z"}
{"context":"InstanceLoader","level":"info","message":"PrismaModule dependencies initialized","timestamp":"2026-05-04T06:23:11.474Z"}
{"context":"InstanceLoader","level":"info","message":"WhitelistIpModule dependencies initialized","timestamp":"2026-05-04T06:23:11.475Z"}
{"context":"InstanceLoader","level":"info","message":"AttributeModule dependencies initialized","timestamp":"2026-05-04T06:23:11.475Z"}
{"context":"InstanceLoader","level":"info","message":"UsersModule dependencies initialized","timestamp":"2026-05-04T06:23:11.475Z"}
{"context":"InstanceLoader","level":"info","message":"RolesModule dependencies initialized","timestamp":"2026-05-04T06:23:11.475Z"}
{"context":"InstanceLoader","level":"info","message":"PermissionsModule dependencies initialized","timestamp":"2026-05-04T06:23:11.475Z"}
{"context":"InstanceLoader","level":"info","message":"AuthModule dependencies initialized","timestamp":"2026-05-04T06:23:11.475Z"}
{"context":"RoutesResolver","level":"info","message":"AppController {/}:","timestamp":"2026-05-04T06:23:11.497Z"}
{"context":"RouterExplorer","level":"info","message":"Mapped {/, GET} route","timestamp":"2026-05-04T06:23:11.499Z"}
{"context":"RoutesResolver","level":"info","message":"UsersController {/users}:","timestamp":"2026-05-04T06:23:11.499Z"}
{"context":"RouterExplorer","level":"info","message":"Mapped {/users, POST} route","timestamp":"2026-05-04T06:23:11.499Z"}
{"context":"RouterExplorer","level":"info","message":"Mapped {/users, GET} route","timestamp":"2026-05-04T06:23:11.499Z"}
{"context":"RouterExplorer","level":"info","message":"Mapped {/users/:id, GET} route","timestamp":"2026-05-04T06:23:11.500Z"}
{"context":"RouterExplorer","level":"info","message":"Mapped {/users/:id, PATCH} route","timestamp":"2026-05-04T06:23:11.500Z"}
{"context":"RouterExplorer","level":"info","message":"Mapped {/users/:id, DELETE} route","timestamp":"2026-05-04T06:23:11.500Z"}
{"context":"RoutesResolver","level":"info","message":"WhitelistIpController {/whitelist-ip}:","timestamp":"2026-05-04T06:23:11.500Z"}
{"context":"RouterExplorer","level":"info","message":"Mapped {/whitelist-ip, POST} route","timestamp":"2026-05-04T06:23:11.500Z"}
{"context":"RouterExplorer","level":"info","message":"Mapped {/whitelist-ip, GET} route","timestamp":"2026-05-04T06:23:11.500Z"}
{"context":"RouterExplorer","level":"info","message":"Mapped {/whitelist-ip/:id, GET} route","timestamp":"2026-05-04T06:23:11.501Z"}
{"context":"RouterExplorer","level":"info","message":"Mapped {/whitelist-ip/:id, PATCH} route","timestamp":"2026-05-04T06:23:11.501Z"}
{"context":"RouterExplorer","level":"info","message":"Mapped {/whitelist-ip/:id, DELETE} route","timestamp":"2026-05-04T06:23:11.501Z"}
{"context":"RoutesResolver","level":"info","message":"RolesController {/roles}:","timestamp":"2026-05-04T06:23:11.501Z"}
{"context":"RouterExplorer","level":"info","message":"Mapped {/roles, POST} route","timestamp":"2026-05-04T06:23:11.501Z"}
{"context":"RouterExplorer","level":"info","message":"Mapped {/roles, GET} route","timestamp":"2026-05-04T06:23:11.501Z"}
{"context":"RouterExplorer","level":"info","message":"Mapped {/roles/:id, GET} route","timestamp":"2026-05-04T06:23:11.502Z"}
{"context":"RouterExplorer","level":"info","message":"Mapped {/roles/:id, PATCH} route","timestamp":"2026-05-04T06:23:11.502Z"}
{"context":"RouterExplorer","level":"info","message":"Mapped {/roles/:id, DELETE} route","timestamp":"2026-05-04T06:23:11.502Z"}
{"context":"RoutesResolver","level":"info","message":"PermissionsController {/permissions}:","timestamp":"2026-05-04T06:23:11.502Z"}
{"context":"RouterExplorer","level":"info","message":"Mapped {/permissions, POST} route","timestamp":"2026-05-04T06:23:11.502Z"}
{"context":"RouterExplorer","level":"info","message":"Mapped {/permissions, GET} route","timestamp":"2026-05-04T06:23:11.502Z"}
{"context":"RouterExplorer","level":"info","message":"Mapped {/permissions/:id, PATCH} route","timestamp":"2026-05-04T06:23:11.502Z"}
{"context":"RouterExplorer","level":"info","message":"Mapped {/permissions/:id, DELETE} route","timestamp":"2026-05-04T06:23:11.503Z"}
{"context":"RoutesResolver","level":"info","message":"AuthController {/auth}:","timestamp":"2026-05-04T06:23:11.503Z"}
{"context":"RouterExplorer","level":"info","message":"Mapped {/auth/register, POST} route","timestamp":"2026-05-04T06:23:11.503Z"}
{"context":"RouterExplorer","level":"info","message":"Mapped {/auth/login, POST} route","timestamp":"2026-05-04T06:23:11.503Z"}
{"context":"RouterExplorer","level":"info","message":"Mapped {/auth/refresh, POST} route","timestamp":"2026-05-04T06:23:11.503Z"}
{"context":"RouterExplorer","level":"info","message":"Mapped {/auth/logout, POST} route","timestamp":"2026-05-04T06:23:11.503Z"}
{"context":"RouterExplorer","level":"info","message":"Mapped {/auth/me, GET} route","timestamp":"2026-05-04T06:23:11.504Z"}
{"context":"RouterExplorer","level":"info","message":"Mapped {/auth/me/password, PATCH} route","timestamp":"2026-05-04T06:23:11.504Z"}
{"context":"RoutesResolver","level":"info","message":"AttributeController {/attribute}:","timestamp":"2026-05-04T06:23:11.504Z"}
{"context":"RouterExplorer","level":"info","message":"Mapped {/attribute, POST} route","timestamp":"2026-05-04T06:23:11.504Z"}
{"context":"RouterExplorer","level":"info","message":"Mapped {/attribute, GET} route","timestamp":"2026-05-04T06:23:11.504Z"}
{"context":"RouterExplorer","level":"info","message":"Mapped {/attribute/:id, GET} route","timestamp":"2026-05-04T06:23:11.504Z"}
{"context":"RouterExplorer","level":"info","message":"Mapped {/attribute/:id, PATCH} route","timestamp":"2026-05-04T06:23:11.505Z"}
{"context":"RouterExplorer","level":"info","message":"Mapped {/attribute/:id, DELETE} route","timestamp":"2026-05-04T06:23:11.505Z"}
{"context":"PrismaService","level":"info","message":"Kết nối database thành công","timestamp":"2026-05-04T06:23:11.546Z"}
{"context":"NestApplication","level":"info","message":"Nest application successfully started","timestamp":"2026-05-04T06:23:11.549Z"}
{"level":"info","message":"Khởi tạo ứng dụng...","timestamp":"2026-05-04T06:34:03.171Z"}
{"context":"NestFactory","level":"info","message":"Starting Nest application...","timestamp":"2026-05-04T06:34:03.247Z"}
{"context":"InstanceLoader","level":"info","message":"CommonModule dependencies initialized","timestamp":"2026-05-04T06:34:03.256Z"}
{"context":"InstanceLoader","level":"info","message":"ConfigHostModule dependencies initialized","timestamp":"2026-05-04T06:34:03.256Z"}
{"context":"PrismaService","level":"info","message":"🔌 Prisma Connection String: postgresql://admin:******@localhost:5433/kyc_asset_db?schema=public","timestamp":"2026-05-04T06:34:03.258Z"}
{"context":"InstanceLoader","level":"info","message":"AppModule dependencies initialized","timestamp":"2026-05-04T06:34:03.258Z"}
{"context":"InstanceLoader","level":"info","message":"ConfigModule dependencies initialized","timestamp":"2026-05-04T06:34:03.259Z"}
{"context":"InstanceLoader","level":"info","message":"JwtModule dependencies initialized","timestamp":"2026-05-04T06:34:03.259Z"}
{"context":"InstanceLoader","level":"info","message":"PrismaModule dependencies initialized","timestamp":"2026-05-04T06:34:03.259Z"}
{"context":"InstanceLoader","level":"info","message":"WhitelistIpModule dependencies initialized","timestamp":"2026-05-04T06:34:03.261Z"}
{"context":"InstanceLoader","level":"info","message":"AttributeModule dependencies initialized","timestamp":"2026-05-04T06:34:03.261Z"}
{"context":"InstanceLoader","level":"info","message":"UsersModule dependencies initialized","timestamp":"2026-05-04T06:34:03.261Z"}
{"context":"InstanceLoader","level":"info","message":"RolesModule dependencies initialized","timestamp":"2026-05-04T06:34:03.261Z"}
{"context":"InstanceLoader","level":"info","message":"PermissionsModule dependencies initialized","timestamp":"2026-05-04T06:34:03.261Z"}
{"context":"InstanceLoader","level":"info","message":"AuthModule dependencies initialized","timestamp":"2026-05-04T06:34:03.261Z"}
{"context":"RoutesResolver","level":"info","message":"AppController {/}:","timestamp":"2026-05-04T06:34:03.285Z"}
{"context":"RouterExplorer","level":"info","message":"Mapped {/, GET} route","timestamp":"2026-05-04T06:34:03.286Z"}
{"context":"RoutesResolver","level":"info","message":"UsersController {/users}:","timestamp":"2026-05-04T06:34:03.286Z"}
{"context":"RouterExplorer","level":"info","message":"Mapped {/users, POST} route","timestamp":"2026-05-04T06:34:03.287Z"}
{"context":"RouterExplorer","level":"info","message":"Mapped {/users, GET} route","timestamp":"2026-05-04T06:34:03.287Z"}
{"context":"RouterExplorer","level":"info","message":"Mapped {/users/:id, GET} route","timestamp":"2026-05-04T06:34:03.287Z"}
{"context":"RouterExplorer","level":"info","message":"Mapped {/users/:id, PATCH} route","timestamp":"2026-05-04T06:34:03.288Z"}
{"context":"RouterExplorer","level":"info","message":"Mapped {/users/:id, DELETE} route","timestamp":"2026-05-04T06:34:03.288Z"}
{"context":"RoutesResolver","level":"info","message":"WhitelistIpController {/whitelist-ip}:","timestamp":"2026-05-04T06:34:03.288Z"}
{"context":"RouterExplorer","level":"info","message":"Mapped {/whitelist-ip, POST} route","timestamp":"2026-05-04T06:34:03.288Z"}
{"context":"RouterExplorer","level":"info","message":"Mapped {/whitelist-ip, GET} route","timestamp":"2026-05-04T06:34:03.288Z"}
{"context":"RouterExplorer","level":"info","message":"Mapped {/whitelist-ip/:id, GET} route","timestamp":"2026-05-04T06:34:03.289Z"}
{"context":"RouterExplorer","level":"info","message":"Mapped {/whitelist-ip/:id, PATCH} route","timestamp":"2026-05-04T06:34:03.289Z"}
{"context":"RouterExplorer","level":"info","message":"Mapped {/whitelist-ip/:id, DELETE} route","timestamp":"2026-05-04T06:34:03.289Z"}
{"context":"RoutesResolver","level":"info","message":"RolesController {/roles}:","timestamp":"2026-05-04T06:34:03.289Z"}
{"context":"RouterExplorer","level":"info","message":"Mapped {/roles, POST} route","timestamp":"2026-05-04T06:34:03.289Z"}
{"context":"RouterExplorer","level":"info","message":"Mapped {/roles, GET} route","timestamp":"2026-05-04T06:34:03.290Z"}
{"context":"RouterExplorer","level":"info","message":"Mapped {/roles/:id, GET} route","timestamp":"2026-05-04T06:34:03.290Z"}
{"context":"RouterExplorer","level":"info","message":"Mapped {/roles/:id, PATCH} route","timestamp":"2026-05-04T06:34:03.290Z"}
{"context":"RouterExplorer","level":"info","message":"Mapped {/roles/:id, DELETE} route","timestamp":"2026-05-04T06:34:03.291Z"}
{"context":"RoutesResolver","level":"info","message":"PermissionsController {/permissions}:","timestamp":"2026-05-04T06:34:03.291Z"}
{"context":"RouterExplorer","level":"info","message":"Mapped {/permissions, POST} route","timestamp":"2026-05-04T06:34:03.291Z"}
{"context":"RouterExplorer","level":"info","message":"Mapped {/permissions, GET} route","timestamp":"2026-05-04T06:34:03.291Z"}
{"context":"RouterExplorer","level":"info","message":"Mapped {/permissions/:id, PATCH} route","timestamp":"2026-05-04T06:34:03.291Z"}
{"context":"RouterExplorer","level":"info","message":"Mapped {/permissions/:id, DELETE} route","timestamp":"2026-05-04T06:34:03.291Z"}
{"context":"RoutesResolver","level":"info","message":"AuthController {/auth}:","timestamp":"2026-05-04T06:34:03.291Z"}
{"context":"RouterExplorer","level":"info","message":"Mapped {/auth/register, POST} route","timestamp":"2026-05-04T06:34:03.292Z"}
{"context":"RouterExplorer","level":"info","message":"Mapped {/auth/login, POST} route","timestamp":"2026-05-04T06:34:03.292Z"}
{"context":"RouterExplorer","level":"info","message":"Mapped {/auth/refresh, POST} route","timestamp":"2026-05-04T06:34:03.292Z"}
{"context":"RouterExplorer","level":"info","message":"Mapped {/auth/logout, POST} route","timestamp":"2026-05-04T06:34:03.292Z"}
{"context":"RouterExplorer","level":"info","message":"Mapped {/auth/me, GET} route","timestamp":"2026-05-04T06:34:03.292Z"}
{"context":"RouterExplorer","level":"info","message":"Mapped {/auth/me/password, PATCH} route","timestamp":"2026-05-04T06:34:03.292Z"}
{"context":"RoutesResolver","level":"info","message":"AttributeController {/attribute}:","timestamp":"2026-05-04T06:34:03.293Z"}
{"context":"RouterExplorer","level":"info","message":"Mapped {/attribute, POST} route","timestamp":"2026-05-04T06:34:03.293Z"}
{"context":"RouterExplorer","level":"info","message":"Mapped {/attribute, GET} route","timestamp":"2026-05-04T06:34:03.293Z"}
{"context":"RouterExplorer","level":"info","message":"Mapped {/attribute/:id, GET} route","timestamp":"2026-05-04T06:34:03.293Z"}
{"context":"RouterExplorer","level":"info","message":"Mapped {/attribute/:id, PATCH} route","timestamp":"2026-05-04T06:34:03.293Z"}
{"context":"RouterExplorer","level":"info","message":"Mapped {/attribute/:id, DELETE} route","timestamp":"2026-05-04T06:34:03.294Z"}
{"context":"PrismaService","level":"info","message":"Kết nối database thành công","timestamp":"2026-05-04T06:34:03.333Z"}
{"context":"NestApplication","level":"info","message":"Nest application successfully started","timestamp":"2026-05-04T06:34:03.337Z"}
{"level":"info","message":"Khởi tạo ứng dụng...","timestamp":"2026-05-04T06:36:40.878Z"}
{"context":"NestFactory","level":"info","message":"Starting Nest application...","timestamp":"2026-05-04T06:36:40.948Z"}
{"context":"InstanceLoader","level":"info","message":"CommonModule dependencies initialized","timestamp":"2026-05-04T06:36:40.957Z"}
{"context":"InstanceLoader","level":"info","message":"ConfigHostModule dependencies initialized","timestamp":"2026-05-04T06:36:40.957Z"}
{"context":"PrismaService","level":"info","message":"🔌 Prisma Connection String: postgresql://admin:******@localhost:5433/kyc_asset_db?schema=public","timestamp":"2026-05-04T06:36:40.959Z"}
{"context":"InstanceLoader","level":"info","message":"AppModule dependencies initialized","timestamp":"2026-05-04T06:36:40.959Z"}
{"context":"InstanceLoader","level":"info","message":"ConfigModule dependencies initialized","timestamp":"2026-05-04T06:36:40.959Z"}
{"context":"InstanceLoader","level":"info","message":"JwtModule dependencies initialized","timestamp":"2026-05-04T06:36:40.960Z"}
{"context":"InstanceLoader","level":"info","message":"PrismaModule dependencies initialized","timestamp":"2026-05-04T06:36:40.960Z"}
{"context":"InstanceLoader","level":"info","message":"WhitelistIpModule dependencies initialized","timestamp":"2026-05-04T06:36:40.961Z"}
{"context":"InstanceLoader","level":"info","message":"AttributeModule dependencies initialized","timestamp":"2026-05-04T06:36:40.962Z"}
{"context":"InstanceLoader","level":"info","message":"UsersModule dependencies initialized","timestamp":"2026-05-04T06:36:40.962Z"}
{"context":"InstanceLoader","level":"info","message":"RolesModule dependencies initialized","timestamp":"2026-05-04T06:36:40.962Z"}
{"context":"InstanceLoader","level":"info","message":"PermissionsModule dependencies initialized","timestamp":"2026-05-04T06:36:40.962Z"}
{"context":"InstanceLoader","level":"info","message":"AuthModule dependencies initialized","timestamp":"2026-05-04T06:36:40.962Z"}
{"context":"RoutesResolver","level":"info","message":"AppController {/}:","timestamp":"2026-05-04T06:36:40.984Z"}
{"context":"RouterExplorer","level":"info","message":"Mapped {/, GET} route","timestamp":"2026-05-04T06:36:40.986Z"}
{"context":"RoutesResolver","level":"info","message":"UsersController {/users}:","timestamp":"2026-05-04T06:36:40.986Z"}
{"context":"RouterExplorer","level":"info","message":"Mapped {/users, POST} route","timestamp":"2026-05-04T06:36:40.986Z"}
{"context":"RouterExplorer","level":"info","message":"Mapped {/users, GET} route","timestamp":"2026-05-04T06:36:40.986Z"}
{"context":"RouterExplorer","level":"info","message":"Mapped {/users/:id, GET} route","timestamp":"2026-05-04T06:36:40.987Z"}
{"context":"RouterExplorer","level":"info","message":"Mapped {/users/:id, PATCH} route","timestamp":"2026-05-04T06:36:40.987Z"}
{"context":"RouterExplorer","level":"info","message":"Mapped {/users/:id, DELETE} route","timestamp":"2026-05-04T06:36:40.987Z"}
{"context":"RoutesResolver","level":"info","message":"WhitelistIpController {/whitelist-ip}:","timestamp":"2026-05-04T06:36:40.987Z"}
{"context":"RouterExplorer","level":"info","message":"Mapped {/whitelist-ip, POST} route","timestamp":"2026-05-04T06:36:40.987Z"}
{"context":"RouterExplorer","level":"info","message":"Mapped {/whitelist-ip, GET} route","timestamp":"2026-05-04T06:36:40.987Z"}
{"context":"RouterExplorer","level":"info","message":"Mapped {/whitelist-ip/:id, GET} route","timestamp":"2026-05-04T06:36:40.988Z"}
{"context":"RouterExplorer","level":"info","message":"Mapped {/whitelist-ip/:id, PATCH} route","timestamp":"2026-05-04T06:36:40.988Z"}
{"context":"RouterExplorer","level":"info","message":"Mapped {/whitelist-ip/:id, DELETE} route","timestamp":"2026-05-04T06:36:40.988Z"}
{"context":"RoutesResolver","level":"info","message":"RolesController {/roles}:","timestamp":"2026-05-04T06:36:40.988Z"}
{"context":"RouterExplorer","level":"info","message":"Mapped {/roles, POST} route","timestamp":"2026-05-04T06:36:40.988Z"}
{"context":"RouterExplorer","level":"info","message":"Mapped {/roles, GET} route","timestamp":"2026-05-04T06:36:40.989Z"}
{"context":"RouterExplorer","level":"info","message":"Mapped {/roles/:id, GET} route","timestamp":"2026-05-04T06:36:40.989Z"}
{"context":"RouterExplorer","level":"info","message":"Mapped {/roles/:id, PATCH} route","timestamp":"2026-05-04T06:36:40.989Z"}
{"context":"RouterExplorer","level":"info","message":"Mapped {/roles/:id, DELETE} route","timestamp":"2026-05-04T06:36:40.989Z"}
{"context":"RoutesResolver","level":"info","message":"PermissionsController {/permissions}:","timestamp":"2026-05-04T06:36:40.989Z"}
{"context":"RouterExplorer","level":"info","message":"Mapped {/permissions, POST} route","timestamp":"2026-05-04T06:36:40.989Z"}
{"context":"RouterExplorer","level":"info","message":"Mapped {/permissions, GET} route","timestamp":"2026-05-04T06:36:40.989Z"}
{"context":"RouterExplorer","level":"info","message":"Mapped {/permissions/:id, PATCH} route","timestamp":"2026-05-04T06:36:40.989Z"}
{"context":"RouterExplorer","level":"info","message":"Mapped {/permissions/:id, DELETE} route","timestamp":"2026-05-04T06:36:40.990Z"}
{"context":"RoutesResolver","level":"info","message":"AuthController {/auth}:","timestamp":"2026-05-04T06:36:40.990Z"}
{"context":"RouterExplorer","level":"info","message":"Mapped {/auth/register, POST} route","timestamp":"2026-05-04T06:36:40.990Z"}
{"context":"RouterExplorer","level":"info","message":"Mapped {/auth/login, POST} route","timestamp":"2026-05-04T06:36:40.990Z"}
{"context":"RouterExplorer","level":"info","message":"Mapped {/auth/refresh, POST} route","timestamp":"2026-05-04T06:36:40.990Z"}
{"context":"RouterExplorer","level":"info","message":"Mapped {/auth/logout, POST} route","timestamp":"2026-05-04T06:36:40.991Z"}
{"context":"RouterExplorer","level":"info","message":"Mapped {/auth/me, GET} route","timestamp":"2026-05-04T06:36:40.991Z"}
{"context":"RouterExplorer","level":"info","message":"Mapped {/auth/me/password, PATCH} route","timestamp":"2026-05-04T06:36:40.991Z"}
{"context":"RoutesResolver","level":"info","message":"AttributeController {/attribute}:","timestamp":"2026-05-04T06:36:40.991Z"}
{"context":"RouterExplorer","level":"info","message":"Mapped {/attribute, POST} route","timestamp":"2026-05-04T06:36:40.991Z"}
{"context":"RouterExplorer","level":"info","message":"Mapped {/attribute, GET} route","timestamp":"2026-05-04T06:36:40.992Z"}
{"context":"RouterExplorer","level":"info","message":"Mapped {/attribute/:id, GET} route","timestamp":"2026-05-04T06:36:40.992Z"}
{"context":"RouterExplorer","level":"info","message":"Mapped {/attribute/:id, PATCH} route","timestamp":"2026-05-04T06:36:40.992Z"}
{"context":"RouterExplorer","level":"info","message":"Mapped {/attribute/:id, DELETE} route","timestamp":"2026-05-04T06:36:40.992Z"}
{"context":"PrismaService","level":"info","message":"Kết nối database thành công","timestamp":"2026-05-04T06:36:41.030Z"}
{"context":"NestApplication","level":"info","message":"Nest application successfully started","timestamp":"2026-05-04T06:36:41.033Z"}
{"level":"info","message":"Khởi tạo ứng dụng...","timestamp":"2026-05-04T06:41:16.073Z"}
{"context":"NestFactory","level":"info","message":"Starting Nest application...","timestamp":"2026-05-04T06:41:16.143Z"}
{"context":"InstanceLoader","level":"info","message":"CommonModule dependencies initialized","timestamp":"2026-05-04T06:41:16.150Z"}
{"context":"InstanceLoader","level":"info","message":"ConfigHostModule dependencies initialized","timestamp":"2026-05-04T06:41:16.150Z"}
{"context":"PrismaService","level":"info","message":"🔌 Prisma Connection String: postgresql://admin:******@localhost:5433/kyc_asset_db?schema=public","timestamp":"2026-05-04T06:41:16.152Z"}
{"context":"InstanceLoader","level":"info","message":"AppModule dependencies initialized","timestamp":"2026-05-04T06:41:16.154Z"}
{"context":"InstanceLoader","level":"info","message":"ConfigModule dependencies initialized","timestamp":"2026-05-04T06:41:16.154Z"}
{"context":"InstanceLoader","level":"info","message":"JwtModule dependencies initialized","timestamp":"2026-05-04T06:41:16.154Z"}
{"context":"InstanceLoader","level":"info","message":"PrismaModule dependencies initialized","timestamp":"2026-05-04T06:41:16.155Z"}
{"context":"InstanceLoader","level":"info","message":"WhitelistIpModule dependencies initialized","timestamp":"2026-05-04T06:41:16.156Z"}
{"context":"InstanceLoader","level":"info","message":"AttributeModule dependencies initialized","timestamp":"2026-05-04T06:41:16.156Z"}
{"context":"InstanceLoader","level":"info","message":"UsersModule dependencies initialized","timestamp":"2026-05-04T06:41:16.156Z"}
{"context":"InstanceLoader","level":"info","message":"RolesModule dependencies initialized","timestamp":"2026-05-04T06:41:16.156Z"}
{"context":"InstanceLoader","level":"info","message":"PermissionsModule dependencies initialized","timestamp":"2026-05-04T06:41:16.157Z"}
{"context":"InstanceLoader","level":"info","message":"AuthModule dependencies initialized","timestamp":"2026-05-04T06:41:16.157Z"}
{"context":"RoutesResolver","level":"info","message":"AppController {/}:","timestamp":"2026-05-04T06:41:16.179Z"}
{"context":"RouterExplorer","level":"info","message":"Mapped {/, GET} route","timestamp":"2026-05-04T06:41:16.180Z"}
{"context":"RoutesResolver","level":"info","message":"UsersController {/users}:","timestamp":"2026-05-04T06:41:16.180Z"}
{"context":"RouterExplorer","level":"info","message":"Mapped {/users, POST} route","timestamp":"2026-05-04T06:41:16.180Z"}
{"context":"RouterExplorer","level":"info","message":"Mapped {/users, GET} route","timestamp":"2026-05-04T06:41:16.181Z"}
{"context":"RouterExplorer","level":"info","message":"Mapped {/users/:id, GET} route","timestamp":"2026-05-04T06:41:16.181Z"}
{"context":"RouterExplorer","level":"info","message":"Mapped {/users/:id, PATCH} route","timestamp":"2026-05-04T06:41:16.181Z"}
{"context":"RouterExplorer","level":"info","message":"Mapped {/users/:id, DELETE} route","timestamp":"2026-05-04T06:41:16.181Z"}
{"context":"RoutesResolver","level":"info","message":"WhitelistIpController {/whitelist-ip}:","timestamp":"2026-05-04T06:41:16.181Z"}
{"context":"RouterExplorer","level":"info","message":"Mapped {/whitelist-ip, POST} route","timestamp":"2026-05-04T06:41:16.182Z"}
{"context":"RouterExplorer","level":"info","message":"Mapped {/whitelist-ip, GET} route","timestamp":"2026-05-04T06:41:16.182Z"}
{"context":"RouterExplorer","level":"info","message":"Mapped {/whitelist-ip/:id, GET} route","timestamp":"2026-05-04T06:41:16.182Z"}
{"context":"RouterExplorer","level":"info","message":"Mapped {/whitelist-ip/:id, PATCH} route","timestamp":"2026-05-04T06:41:16.182Z"}
{"context":"RouterExplorer","level":"info","message":"Mapped {/whitelist-ip/:id, DELETE} route","timestamp":"2026-05-04T06:41:16.182Z"}
{"context":"RoutesResolver","level":"info","message":"RolesController {/roles}:","timestamp":"2026-05-04T06:41:16.182Z"}
{"context":"RouterExplorer","level":"info","message":"Mapped {/roles, POST} route","timestamp":"2026-05-04T06:41:16.182Z"}
{"context":"RouterExplorer","level":"info","message":"Mapped {/roles, GET} route","timestamp":"2026-05-04T06:41:16.183Z"}
{"context":"RouterExplorer","level":"info","message":"Mapped {/roles/:id, GET} route","timestamp":"2026-05-04T06:41:16.183Z"}
{"context":"RouterExplorer","level":"info","message":"Mapped {/roles/:id, PATCH} route","timestamp":"2026-05-04T06:41:16.183Z"}
{"context":"RouterExplorer","level":"info","message":"Mapped {/roles/:id, DELETE} route","timestamp":"2026-05-04T06:41:16.183Z"}
{"context":"RoutesResolver","level":"info","message":"PermissionsController {/permissions}:","timestamp":"2026-05-04T06:41:16.183Z"}
{"context":"RouterExplorer","level":"info","message":"Mapped {/permissions, POST} route","timestamp":"2026-05-04T06:41:16.184Z"}
{"context":"RouterExplorer","level":"info","message":"Mapped {/permissions, GET} route","timestamp":"2026-05-04T06:41:16.184Z"}
{"context":"RouterExplorer","level":"info","message":"Mapped {/permissions/:id, PATCH} route","timestamp":"2026-05-04T06:41:16.184Z"}
{"context":"RouterExplorer","level":"info","message":"Mapped {/permissions/:id, DELETE} route","timestamp":"2026-05-04T06:41:16.184Z"}
{"context":"RoutesResolver","level":"info","message":"AuthController {/auth}:","timestamp":"2026-05-04T06:41:16.184Z"}
{"context":"RouterExplorer","level":"info","message":"Mapped {/auth/register, POST} route","timestamp":"2026-05-04T06:41:16.185Z"}
{"context":"RouterExplorer","level":"info","message":"Mapped {/auth/login, POST} route","timestamp":"2026-05-04T06:41:16.185Z"}
{"context":"RouterExplorer","level":"info","message":"Mapped {/auth/refresh, POST} route","timestamp":"2026-05-04T06:41:16.185Z"}
{"context":"RouterExplorer","level":"info","message":"Mapped {/auth/logout, POST} route","timestamp":"2026-05-04T06:41:16.185Z"}
{"context":"RouterExplorer","level":"info","message":"Mapped {/auth/me, GET} route","timestamp":"2026-05-04T06:41:16.185Z"}
{"context":"RouterExplorer","level":"info","message":"Mapped {/auth/me/password, PATCH} route","timestamp":"2026-05-04T06:41:16.186Z"}
{"context":"RoutesResolver","level":"info","message":"AttributeController {/attribute}:","timestamp":"2026-05-04T06:41:16.186Z"}
{"context":"RouterExplorer","level":"info","message":"Mapped {/attribute, POST} route","timestamp":"2026-05-04T06:41:16.186Z"}
{"context":"RouterExplorer","level":"info","message":"Mapped {/attribute, GET} route","timestamp":"2026-05-04T06:41:16.186Z"}
{"context":"RouterExplorer","level":"info","message":"Mapped {/attribute/:id, GET} route","timestamp":"2026-05-04T06:41:16.186Z"}
{"context":"RouterExplorer","level":"info","message":"Mapped {/attribute/:id, PATCH} route","timestamp":"2026-05-04T06:41:16.186Z"}
{"context":"RouterExplorer","level":"info","message":"Mapped {/attribute/:id, DELETE} route","timestamp":"2026-05-04T06:41:16.187Z"}
{"context":"PrismaService","level":"info","message":"Kết nối database thành công","timestamp":"2026-05-04T06:41:16.225Z"}
{"context":"NestApplication","level":"info","message":"Nest application successfully started","timestamp":"2026-05-04T06:41:16.228Z"}
{"level":"info","message":"Khởi tạo ứng dụng...","timestamp":"2026-05-04T06:41:21.282Z"}
{"context":"NestFactory","level":"info","message":"Starting Nest application...","timestamp":"2026-05-04T06:41:21.352Z"}
{"context":"InstanceLoader","level":"info","message":"CommonModule dependencies initialized","timestamp":"2026-05-04T06:41:21.359Z"}
{"context":"InstanceLoader","level":"info","message":"ConfigHostModule dependencies initialized","timestamp":"2026-05-04T06:41:21.359Z"}
{"context":"PrismaService","level":"info","message":"🔌 Prisma Connection String: postgresql://admin:******@localhost:5433/kyc_asset_db?schema=public","timestamp":"2026-05-04T06:41:21.361Z"}
{"context":"InstanceLoader","level":"info","message":"AppModule dependencies initialized","timestamp":"2026-05-04T06:41:21.361Z"}
{"context":"InstanceLoader","level":"info","message":"ConfigModule dependencies initialized","timestamp":"2026-05-04T06:41:21.362Z"}
{"context":"InstanceLoader","level":"info","message":"JwtModule dependencies initialized","timestamp":"2026-05-04T06:41:21.363Z"}
{"context":"InstanceLoader","level":"info","message":"PrismaModule dependencies initialized","timestamp":"2026-05-04T06:41:21.364Z"}
{"context":"InstanceLoader","level":"info","message":"WhitelistIpModule dependencies initialized","timestamp":"2026-05-04T06:41:21.365Z"}
{"context":"InstanceLoader","level":"info","message":"AttributeModule dependencies initialized","timestamp":"2026-05-04T06:41:21.365Z"}
{"context":"InstanceLoader","level":"info","message":"UsersModule dependencies initialized","timestamp":"2026-05-04T06:41:21.365Z"}
{"context":"InstanceLoader","level":"info","message":"RolesModule dependencies initialized","timestamp":"2026-05-04T06:41:21.365Z"}
{"context":"InstanceLoader","level":"info","message":"PermissionsModule dependencies initialized","timestamp":"2026-05-04T06:41:21.365Z"}
{"context":"InstanceLoader","level":"info","message":"AuthModule dependencies initialized","timestamp":"2026-05-04T06:41:21.365Z"}
{"context":"RoutesResolver","level":"info","message":"AppController {/}:","timestamp":"2026-05-04T06:41:21.388Z"}
{"context":"RouterExplorer","level":"info","message":"Mapped {/, GET} route","timestamp":"2026-05-04T06:41:21.389Z"}
{"context":"RoutesResolver","level":"info","message":"UsersController {/users}:","timestamp":"2026-05-04T06:41:21.389Z"}
{"context":"RouterExplorer","level":"info","message":"Mapped {/users, POST} route","timestamp":"2026-05-04T06:41:21.390Z"}
{"context":"RouterExplorer","level":"info","message":"Mapped {/users, GET} route","timestamp":"2026-05-04T06:41:21.390Z"}
{"context":"RouterExplorer","level":"info","message":"Mapped {/users/:id, GET} route","timestamp":"2026-05-04T06:41:21.390Z"}
{"context":"RouterExplorer","level":"info","message":"Mapped {/users/:id, PATCH} route","timestamp":"2026-05-04T06:41:21.391Z"}
{"context":"RouterExplorer","level":"info","message":"Mapped {/users/:id, DELETE} route","timestamp":"2026-05-04T06:41:21.391Z"}
{"context":"RoutesResolver","level":"info","message":"WhitelistIpController {/whitelist-ip}:","timestamp":"2026-05-04T06:41:21.391Z"}
{"context":"RouterExplorer","level":"info","message":"Mapped {/whitelist-ip, POST} route","timestamp":"2026-05-04T06:41:21.391Z"}
{"context":"RouterExplorer","level":"info","message":"Mapped {/whitelist-ip, GET} route","timestamp":"2026-05-04T06:41:21.391Z"}
{"context":"RouterExplorer","level":"info","message":"Mapped {/whitelist-ip/:id, GET} route","timestamp":"2026-05-04T06:41:21.391Z"}
{"context":"RouterExplorer","level":"info","message":"Mapped {/whitelist-ip/:id, PATCH} route","timestamp":"2026-05-04T06:41:21.392Z"}
{"context":"RouterExplorer","level":"info","message":"Mapped {/whitelist-ip/:id, DELETE} route","timestamp":"2026-05-04T06:41:21.392Z"}
{"context":"RoutesResolver","level":"info","message":"RolesController {/roles}:","timestamp":"2026-05-04T06:41:21.392Z"}
{"context":"RouterExplorer","level":"info","message":"Mapped {/roles, POST} route","timestamp":"2026-05-04T06:41:21.392Z"}
{"context":"RouterExplorer","level":"info","message":"Mapped {/roles, GET} route","timestamp":"2026-05-04T06:41:21.392Z"}
{"context":"RouterExplorer","level":"info","message":"Mapped {/roles/:id, GET} route","timestamp":"2026-05-04T06:41:21.392Z"}
{"context":"RouterExplorer","level":"info","message":"Mapped {/roles/:id, PATCH} route","timestamp":"2026-05-04T06:41:21.392Z"}
{"context":"RouterExplorer","level":"info","message":"Mapped {/roles/:id, DELETE} route","timestamp":"2026-05-04T06:41:21.393Z"}
{"context":"RoutesResolver","level":"info","message":"PermissionsController {/permissions}:","timestamp":"2026-05-04T06:41:21.393Z"}
{"context":"RouterExplorer","level":"info","message":"Mapped {/permissions, POST} route","timestamp":"2026-05-04T06:41:21.393Z"}
{"context":"RouterExplorer","level":"info","message":"Mapped {/permissions, GET} route","timestamp":"2026-05-04T06:41:21.393Z"}
{"context":"RouterExplorer","level":"info","message":"Mapped {/permissions/:id, PATCH} route","timestamp":"2026-05-04T06:41:21.393Z"}
{"context":"RouterExplorer","level":"info","message":"Mapped {/permissions/:id, DELETE} route","timestamp":"2026-05-04T06:41:21.393Z"}
{"context":"RoutesResolver","level":"info","message":"AuthController {/auth}:","timestamp":"2026-05-04T06:41:21.393Z"}
{"context":"RouterExplorer","level":"info","message":"Mapped {/auth/register, POST} route","timestamp":"2026-05-04T06:41:21.394Z"}
{"context":"RouterExplorer","level":"info","message":"Mapped {/auth/login, POST} route","timestamp":"2026-05-04T06:41:21.394Z"}
{"context":"RouterExplorer","level":"info","message":"Mapped {/auth/refresh, POST} route","timestamp":"2026-05-04T06:41:21.394Z"}
{"context":"RouterExplorer","level":"info","message":"Mapped {/auth/logout, POST} route","timestamp":"2026-05-04T06:41:21.394Z"}
{"context":"RouterExplorer","level":"info","message":"Mapped {/auth/me, GET} route","timestamp":"2026-05-04T06:41:21.394Z"}
{"context":"RouterExplorer","level":"info","message":"Mapped {/auth/me/password, PATCH} route","timestamp":"2026-05-04T06:41:21.395Z"}
{"context":"RoutesResolver","level":"info","message":"AttributeController {/attribute}:","timestamp":"2026-05-04T06:41:21.395Z"}
{"context":"RouterExplorer","level":"info","message":"Mapped {/attribute, POST} route","timestamp":"2026-05-04T06:41:21.395Z"}
{"context":"RouterExplorer","level":"info","message":"Mapped {/attribute, GET} route","timestamp":"2026-05-04T06:41:21.395Z"}
{"context":"RouterExplorer","level":"info","message":"Mapped {/attribute/:id, GET} route","timestamp":"2026-05-04T06:41:21.395Z"}
{"context":"RouterExplorer","level":"info","message":"Mapped {/attribute/:id, PATCH} route","timestamp":"2026-05-04T06:41:21.395Z"}
{"context":"RouterExplorer","level":"info","message":"Mapped {/attribute/:id, DELETE} route","timestamp":"2026-05-04T06:41:21.395Z"}
{"context":"PrismaService","level":"info","message":"Kết nối database thành công","timestamp":"2026-05-04T06:41:21.434Z"}
{"context":"NestApplication","level":"info","message":"Nest application successfully started","timestamp":"2026-05-04T06:41:21.437Z"}
{"level":"info","message":"Khởi tạo ứng dụng...","timestamp":"2026-05-04T06:41:22.299Z"}
{"context":"NestFactory","level":"info","message":"Starting Nest application...","timestamp":"2026-05-04T06:41:22.372Z"}
{"context":"InstanceLoader","level":"info","message":"CommonModule dependencies initialized","timestamp":"2026-05-04T06:41:22.380Z"}
{"context":"InstanceLoader","level":"info","message":"ConfigHostModule dependencies initialized","timestamp":"2026-05-04T06:41:22.380Z"}
{"context":"PrismaService","level":"info","message":"🔌 Prisma Connection String: postgresql://admin:******@localhost:5433/kyc_asset_db?schema=public","timestamp":"2026-05-04T06:41:22.383Z"}
{"context":"InstanceLoader","level":"info","message":"AppModule dependencies initialized","timestamp":"2026-05-04T06:41:22.383Z"}
{"context":"InstanceLoader","level":"info","message":"ConfigModule dependencies initialized","timestamp":"2026-05-04T06:41:22.385Z"}
{"context":"InstanceLoader","level":"info","message":"JwtModule dependencies initialized","timestamp":"2026-05-04T06:41:22.385Z"}
{"context":"InstanceLoader","level":"info","message":"PrismaModule dependencies initialized","timestamp":"2026-05-04T06:41:22.386Z"}
{"context":"InstanceLoader","level":"info","message":"WhitelistIpModule dependencies initialized","timestamp":"2026-05-04T06:41:22.388Z"}
{"context":"InstanceLoader","level":"info","message":"AttributeModule dependencies initialized","timestamp":"2026-05-04T06:41:22.388Z"}
{"context":"InstanceLoader","level":"info","message":"UsersModule dependencies initialized","timestamp":"2026-05-04T06:41:22.388Z"}
{"context":"InstanceLoader","level":"info","message":"RolesModule dependencies initialized","timestamp":"2026-05-04T06:41:22.388Z"}
{"context":"InstanceLoader","level":"info","message":"PermissionsModule dependencies initialized","timestamp":"2026-05-04T06:41:22.389Z"}
{"context":"InstanceLoader","level":"info","message":"AuthModule dependencies initialized","timestamp":"2026-05-04T06:41:22.389Z"}
{"context":"RoutesResolver","level":"info","message":"AppController {/}:","timestamp":"2026-05-04T06:41:22.412Z"}
{"context":"RouterExplorer","level":"info","message":"Mapped {/, GET} route","timestamp":"2026-05-04T06:41:22.413Z"}
{"context":"RoutesResolver","level":"info","message":"UsersController {/users}:","timestamp":"2026-05-04T06:41:22.413Z"}
{"context":"RouterExplorer","level":"info","message":"Mapped {/users, POST} route","timestamp":"2026-05-04T06:41:22.414Z"}
{"context":"RouterExplorer","level":"info","message":"Mapped {/users, GET} route","timestamp":"2026-05-04T06:41:22.414Z"}
{"context":"RouterExplorer","level":"info","message":"Mapped {/users/:id, GET} route","timestamp":"2026-05-04T06:41:22.414Z"}
{"context":"RouterExplorer","level":"info","message":"Mapped {/users/:id, PATCH} route","timestamp":"2026-05-04T06:41:22.415Z"}
{"context":"RouterExplorer","level":"info","message":"Mapped {/users/:id, DELETE} route","timestamp":"2026-05-04T06:41:22.415Z"}
{"context":"RoutesResolver","level":"info","message":"WhitelistIpController {/whitelist-ip}:","timestamp":"2026-05-04T06:41:22.415Z"}
{"context":"RouterExplorer","level":"info","message":"Mapped {/whitelist-ip, POST} route","timestamp":"2026-05-04T06:41:22.415Z"}
{"context":"RouterExplorer","level":"info","message":"Mapped {/whitelist-ip, GET} route","timestamp":"2026-05-04T06:41:22.415Z"}
{"context":"RouterExplorer","level":"info","message":"Mapped {/whitelist-ip/:id, GET} route","timestamp":"2026-05-04T06:41:22.415Z"}
{"context":"RouterExplorer","level":"info","message":"Mapped {/whitelist-ip/:id, PATCH} route","timestamp":"2026-05-04T06:41:22.416Z"}
{"context":"RouterExplorer","level":"info","message":"Mapped {/whitelist-ip/:id, DELETE} route","timestamp":"2026-05-04T06:41:22.416Z"}
{"context":"RoutesResolver","level":"info","message":"RolesController {/roles}:","timestamp":"2026-05-04T06:41:22.416Z"}
{"context":"RouterExplorer","level":"info","message":"Mapped {/roles, POST} route","timestamp":"2026-05-04T06:41:22.416Z"}
{"context":"RouterExplorer","level":"info","message":"Mapped {/roles, GET} route","timestamp":"2026-05-04T06:41:22.417Z"}
{"context":"RouterExplorer","level":"info","message":"Mapped {/roles/:id, GET} route","timestamp":"2026-05-04T06:41:22.417Z"}
{"context":"RouterExplorer","level":"info","message":"Mapped {/roles/:id, PATCH} route","timestamp":"2026-05-04T06:41:22.417Z"}
{"context":"RouterExplorer","level":"info","message":"Mapped {/roles/:id, DELETE} route","timestamp":"2026-05-04T06:41:22.418Z"}
{"context":"RoutesResolver","level":"info","message":"PermissionsController {/permissions}:","timestamp":"2026-05-04T06:41:22.418Z"}
{"context":"RouterExplorer","level":"info","message":"Mapped {/permissions, POST} route","timestamp":"2026-05-04T06:41:22.418Z"}
{"context":"RouterExplorer","level":"info","message":"Mapped {/permissions, GET} route","timestamp":"2026-05-04T06:41:22.418Z"}
{"context":"RouterExplorer","level":"info","message":"Mapped {/permissions/:id, PATCH} route","timestamp":"2026-05-04T06:41:22.418Z"}
{"context":"RouterExplorer","level":"info","message":"Mapped {/permissions/:id, DELETE} route","timestamp":"2026-05-04T06:41:22.419Z"}
{"context":"RoutesResolver","level":"info","message":"AuthController {/auth}:","timestamp":"2026-05-04T06:41:22.419Z"}
{"context":"RouterExplorer","level":"info","message":"Mapped {/auth/register, POST} route","timestamp":"2026-05-04T06:41:22.419Z"}
{"context":"RouterExplorer","level":"info","message":"Mapped {/auth/login, POST} route","timestamp":"2026-05-04T06:41:22.419Z"}
{"context":"RouterExplorer","level":"info","message":"Mapped {/auth/refresh, POST} route","timestamp":"2026-05-04T06:41:22.419Z"}
{"context":"RouterExplorer","level":"info","message":"Mapped {/auth/logout, POST} route","timestamp":"2026-05-04T06:41:22.420Z"}
{"context":"RouterExplorer","level":"info","message":"Mapped {/auth/me, GET} route","timestamp":"2026-05-04T06:41:22.420Z"}
{"context":"RouterExplorer","level":"info","message":"Mapped {/auth/me/password, PATCH} route","timestamp":"2026-05-04T06:41:22.420Z"}
{"context":"RoutesResolver","level":"info","message":"AttributeController {/attribute}:","timestamp":"2026-05-04T06:41:22.421Z"}
{"context":"RouterExplorer","level":"info","message":"Mapped {/attribute, POST} route","timestamp":"2026-05-04T06:41:22.421Z"}
{"context":"RouterExplorer","level":"info","message":"Mapped {/attribute, GET} route","timestamp":"2026-05-04T06:41:22.421Z"}
{"context":"RouterExplorer","level":"info","message":"Mapped {/attribute/:id, GET} route","timestamp":"2026-05-04T06:41:22.421Z"}
{"context":"RouterExplorer","level":"info","message":"Mapped {/attribute/:id, PATCH} route","timestamp":"2026-05-04T06:41:22.422Z"}
{"context":"RouterExplorer","level":"info","message":"Mapped {/attribute/:id, DELETE} route","timestamp":"2026-05-04T06:41:22.422Z"}
{"context":"PrismaService","level":"info","message":"Kết nối database thành công","timestamp":"2026-05-04T06:41:22.461Z"}
{"context":"NestApplication","level":"info","message":"Nest application successfully started","timestamp":"2026-05-04T06:41:22.464Z"}
{"level":"info","message":"Khởi tạo ứng dụng...","timestamp":"2026-05-04T06:44:05.643Z"}
{"context":"NestFactory","level":"info","message":"Starting Nest application...","timestamp":"2026-05-04T06:44:05.712Z"}
{"context":"InstanceLoader","level":"info","message":"CommonModule dependencies initialized","timestamp":"2026-05-04T06:44:05.719Z"}
{"context":"InstanceLoader","level":"info","message":"ConfigHostModule dependencies initialized","timestamp":"2026-05-04T06:44:05.719Z"}
{"context":"PrismaService","level":"info","message":"🔌 Prisma Connection String: postgresql://admin:******@localhost:5433/kyc_asset_db?schema=public","timestamp":"2026-05-04T06:44:05.722Z"}
{"context":"InstanceLoader","level":"info","message":"AppModule dependencies initialized","timestamp":"2026-05-04T06:44:05.722Z"}
{"context":"InstanceLoader","level":"info","message":"ConfigModule dependencies initialized","timestamp":"2026-05-04T06:44:05.723Z"}
{"context":"InstanceLoader","level":"info","message":"JwtModule dependencies initialized","timestamp":"2026-05-04T06:44:05.723Z"}
{"context":"InstanceLoader","level":"info","message":"PrismaModule dependencies initialized","timestamp":"2026-05-04T06:44:05.724Z"}
{"context":"InstanceLoader","level":"info","message":"WhitelistIpModule dependencies initialized","timestamp":"2026-05-04T06:44:05.725Z"}
{"context":"InstanceLoader","level":"info","message":"AttributeModule dependencies initialized","timestamp":"2026-05-04T06:44:05.725Z"}
{"context":"InstanceLoader","level":"info","message":"UsersModule dependencies initialized","timestamp":"2026-05-04T06:44:05.725Z"}
{"context":"InstanceLoader","level":"info","message":"RolesModule dependencies initialized","timestamp":"2026-05-04T06:44:05.725Z"}
{"context":"InstanceLoader","level":"info","message":"PermissionsModule dependencies initialized","timestamp":"2026-05-04T06:44:05.725Z"}
{"context":"InstanceLoader","level":"info","message":"AuthModule dependencies initialized","timestamp":"2026-05-04T06:44:05.725Z"}
{"context":"RoutesResolver","level":"info","message":"AppController {/}:","timestamp":"2026-05-04T06:44:05.749Z"}
{"context":"RouterExplorer","level":"info","message":"Mapped {/, GET} route","timestamp":"2026-05-04T06:44:05.750Z"}
{"context":"RoutesResolver","level":"info","message":"UsersController {/users}:","timestamp":"2026-05-04T06:44:05.750Z"}
{"context":"RouterExplorer","level":"info","message":"Mapped {/users, POST} route","timestamp":"2026-05-04T06:44:05.750Z"}
{"context":"RouterExplorer","level":"info","message":"Mapped {/users, GET} route","timestamp":"2026-05-04T06:44:05.750Z"}
{"context":"RouterExplorer","level":"info","message":"Mapped {/users/:id, GET} route","timestamp":"2026-05-04T06:44:05.751Z"}
{"context":"RouterExplorer","level":"info","message":"Mapped {/users/:id, PATCH} route","timestamp":"2026-05-04T06:44:05.751Z"}
{"context":"RouterExplorer","level":"info","message":"Mapped {/users/:id, DELETE} route","timestamp":"2026-05-04T06:44:05.751Z"}
{"context":"RoutesResolver","level":"info","message":"WhitelistIpController {/whitelist-ip}:","timestamp":"2026-05-04T06:44:05.752Z"}
{"context":"RouterExplorer","level":"info","message":"Mapped {/whitelist-ip, POST} route","timestamp":"2026-05-04T06:44:05.752Z"}
{"context":"RouterExplorer","level":"info","message":"Mapped {/whitelist-ip, GET} route","timestamp":"2026-05-04T06:44:05.752Z"}
{"context":"RouterExplorer","level":"info","message":"Mapped {/whitelist-ip/:id, GET} route","timestamp":"2026-05-04T06:44:05.752Z"}
{"context":"RouterExplorer","level":"info","message":"Mapped {/whitelist-ip/:id, PATCH} route","timestamp":"2026-05-04T06:44:05.752Z"}
{"context":"RouterExplorer","level":"info","message":"Mapped {/whitelist-ip/:id, DELETE} route","timestamp":"2026-05-04T06:44:05.752Z"}
{"context":"RoutesResolver","level":"info","message":"RolesController {/roles}:","timestamp":"2026-05-04T06:44:05.753Z"}
{"context":"RouterExplorer","level":"info","message":"Mapped {/roles, POST} route","timestamp":"2026-05-04T06:44:05.753Z"}
{"context":"RouterExplorer","level":"info","message":"Mapped {/roles, GET} route","timestamp":"2026-05-04T06:44:05.753Z"}
{"context":"RouterExplorer","level":"info","message":"Mapped {/roles/:id, GET} route","timestamp":"2026-05-04T06:44:05.753Z"}
{"context":"RouterExplorer","level":"info","message":"Mapped {/roles/:id, PATCH} route","timestamp":"2026-05-04T06:44:05.753Z"}
{"context":"RouterExplorer","level":"info","message":"Mapped {/roles/:id, DELETE} route","timestamp":"2026-05-04T06:44:05.753Z"}
{"context":"RoutesResolver","level":"info","message":"PermissionsController {/permissions}:","timestamp":"2026-05-04T06:44:05.753Z"}
{"context":"RouterExplorer","level":"info","message":"Mapped {/permissions, POST} route","timestamp":"2026-05-04T06:44:05.753Z"}
{"context":"RouterExplorer","level":"info","message":"Mapped {/permissions, GET} route","timestamp":"2026-05-04T06:44:05.754Z"}
{"context":"RouterExplorer","level":"info","message":"Mapped {/permissions/:id, PATCH} route","timestamp":"2026-05-04T06:44:05.754Z"}
{"context":"RouterExplorer","level":"info","message":"Mapped {/permissions/:id, DELETE} route","timestamp":"2026-05-04T06:44:05.754Z"}
{"context":"RoutesResolver","level":"info","message":"AuthController {/auth}:","timestamp":"2026-05-04T06:44:05.754Z"}
{"context":"RouterExplorer","level":"info","message":"Mapped {/auth/register, POST} route","timestamp":"2026-05-04T06:44:05.754Z"}
{"context":"RouterExplorer","level":"info","message":"Mapped {/auth/login, POST} route","timestamp":"2026-05-04T06:44:05.754Z"}
{"context":"RouterExplorer","level":"info","message":"Mapped {/auth/refresh, POST} route","timestamp":"2026-05-04T06:44:05.754Z"}
{"context":"RouterExplorer","level":"info","message":"Mapped {/auth/logout, POST} route","timestamp":"2026-05-04T06:44:05.754Z"}
{"context":"RouterExplorer","level":"info","message":"Mapped {/auth/me, GET} route","timestamp":"2026-05-04T06:44:05.755Z"}
{"context":"RouterExplorer","level":"info","message":"Mapped {/auth/me/password, PATCH} route","timestamp":"2026-05-04T06:44:05.755Z"}
{"context":"RoutesResolver","level":"info","message":"AttributeController {/attribute}:","timestamp":"2026-05-04T06:44:05.755Z"}
{"context":"RouterExplorer","level":"info","message":"Mapped {/attribute, POST} route","timestamp":"2026-05-04T06:44:05.755Z"}
{"context":"RouterExplorer","level":"info","message":"Mapped {/attribute, GET} route","timestamp":"2026-05-04T06:44:05.756Z"}
{"context":"RouterExplorer","level":"info","message":"Mapped {/attribute/:id, GET} route","timestamp":"2026-05-04T06:44:05.756Z"}
{"context":"RouterExplorer","level":"info","message":"Mapped {/attribute/:id, PATCH} route","timestamp":"2026-05-04T06:44:05.756Z"}
{"context":"RouterExplorer","level":"info","message":"Mapped {/attribute/:id, DELETE} route","timestamp":"2026-05-04T06:44:05.756Z"}
{"context":"PrismaService","level":"info","message":"Kết nối database thành công","timestamp":"2026-05-04T06:44:05.795Z"}
{"context":"NestApplication","level":"info","message":"Nest application successfully started","timestamp":"2026-05-04T06:44:05.798Z"}
{"level":"info","message":"Khởi tạo ứng dụng...","timestamp":"2026-05-04T06:44:11.723Z"}
{"context":"NestFactory","level":"info","message":"Starting Nest application...","timestamp":"2026-05-04T06:44:11.796Z"}
{"context":"InstanceLoader","level":"info","message":"CommonModule dependencies initialized","timestamp":"2026-05-04T06:44:11.803Z"}
{"context":"InstanceLoader","level":"info","message":"ConfigHostModule dependencies initialized","timestamp":"2026-05-04T06:44:11.803Z"}
{"context":"PrismaService","level":"info","message":"🔌 Prisma Connection String: postgresql://admin:******@localhost:5433/kyc_asset_db?schema=public","timestamp":"2026-05-04T06:44:11.805Z"}
{"context":"InstanceLoader","level":"info","message":"AppModule dependencies initialized","timestamp":"2026-05-04T06:44:11.806Z"}
{"context":"InstanceLoader","level":"info","message":"ConfigModule dependencies initialized","timestamp":"2026-05-04T06:44:11.806Z"}
{"context":"InstanceLoader","level":"info","message":"JwtModule dependencies initialized","timestamp":"2026-05-04T06:44:11.808Z"}
{"context":"InstanceLoader","level":"info","message":"PrismaModule dependencies initialized","timestamp":"2026-05-04T06:44:11.808Z"}
{"context":"InstanceLoader","level":"info","message":"WhitelistIpModule dependencies initialized","timestamp":"2026-05-04T06:44:11.809Z"}
{"context":"InstanceLoader","level":"info","message":"AttributeModule dependencies initialized","timestamp":"2026-05-04T06:44:11.810Z"}
{"context":"InstanceLoader","level":"info","message":"UsersModule dependencies initialized","timestamp":"2026-05-04T06:44:11.810Z"}
{"context":"InstanceLoader","level":"info","message":"RolesModule dependencies initialized","timestamp":"2026-05-04T06:44:11.810Z"}
{"context":"InstanceLoader","level":"info","message":"PermissionsModule dependencies initialized","timestamp":"2026-05-04T06:44:11.810Z"}
{"context":"InstanceLoader","level":"info","message":"AuthModule dependencies initialized","timestamp":"2026-05-04T06:44:11.810Z"}
{"context":"RoutesResolver","level":"info","message":"AppController {/}:","timestamp":"2026-05-04T06:44:11.833Z"}
{"context":"RouterExplorer","level":"info","message":"Mapped {/, GET} route","timestamp":"2026-05-04T06:44:11.834Z"}
{"context":"RoutesResolver","level":"info","message":"UsersController {/users}:","timestamp":"2026-05-04T06:44:11.834Z"}
{"context":"RouterExplorer","level":"info","message":"Mapped {/users, POST} route","timestamp":"2026-05-04T06:44:11.835Z"}
{"context":"RouterExplorer","level":"info","message":"Mapped {/users, GET} route","timestamp":"2026-05-04T06:44:11.835Z"}
{"context":"RouterExplorer","level":"info","message":"Mapped {/users/:id, GET} route","timestamp":"2026-05-04T06:44:11.836Z"}
{"context":"RouterExplorer","level":"info","message":"Mapped {/users/:id, PATCH} route","timestamp":"2026-05-04T06:44:11.836Z"}
{"context":"RouterExplorer","level":"info","message":"Mapped {/users/:id, DELETE} route","timestamp":"2026-05-04T06:44:11.836Z"}
{"context":"RoutesResolver","level":"info","message":"WhitelistIpController {/whitelist-ip}:","timestamp":"2026-05-04T06:44:11.836Z"}
{"context":"RouterExplorer","level":"info","message":"Mapped {/whitelist-ip, POST} route","timestamp":"2026-05-04T06:44:11.836Z"}
{"context":"RouterExplorer","level":"info","message":"Mapped {/whitelist-ip, GET} route","timestamp":"2026-05-04T06:44:11.836Z"}
{"context":"RouterExplorer","level":"info","message":"Mapped {/whitelist-ip/:id, GET} route","timestamp":"2026-05-04T06:44:11.837Z"}
{"context":"RouterExplorer","level":"info","message":"Mapped {/whitelist-ip/:id, PATCH} route","timestamp":"2026-05-04T06:44:11.837Z"}
{"context":"RouterExplorer","level":"info","message":"Mapped {/whitelist-ip/:id, DELETE} route","timestamp":"2026-05-04T06:44:11.837Z"}
{"context":"RoutesResolver","level":"info","message":"RolesController {/roles}:","timestamp":"2026-05-04T06:44:11.837Z"}
{"context":"RouterExplorer","level":"info","message":"Mapped {/roles, POST} route","timestamp":"2026-05-04T06:44:11.837Z"}
{"context":"RouterExplorer","level":"info","message":"Mapped {/roles, GET} route","timestamp":"2026-05-04T06:44:11.837Z"}
{"context":"RouterExplorer","level":"info","message":"Mapped {/roles/:id, GET} route","timestamp":"2026-05-04T06:44:11.838Z"}
{"context":"RouterExplorer","level":"info","message":"Mapped {/roles/:id, PATCH} route","timestamp":"2026-05-04T06:44:11.838Z"}
{"context":"RouterExplorer","level":"info","message":"Mapped {/roles/:id, DELETE} route","timestamp":"2026-05-04T06:44:11.838Z"}
{"context":"RoutesResolver","level":"info","message":"PermissionsController {/permissions}:","timestamp":"2026-05-04T06:44:11.838Z"}
{"context":"RouterExplorer","level":"info","message":"Mapped {/permissions, POST} route","timestamp":"2026-05-04T06:44:11.838Z"}
{"context":"RouterExplorer","level":"info","message":"Mapped {/permissions, GET} route","timestamp":"2026-05-04T06:44:11.838Z"}
{"context":"RouterExplorer","level":"info","message":"Mapped {/permissions/:id, PATCH} route","timestamp":"2026-05-04T06:44:11.839Z"}
{"context":"RouterExplorer","level":"info","message":"Mapped {/permissions/:id, DELETE} route","timestamp":"2026-05-04T06:44:11.839Z"}
{"context":"RoutesResolver","level":"info","message":"AuthController {/auth}:","timestamp":"2026-05-04T06:44:11.839Z"}
{"context":"RouterExplorer","level":"info","message":"Mapped {/auth/register, POST} route","timestamp":"2026-05-04T06:44:11.839Z"}
{"context":"RouterExplorer","level":"info","message":"Mapped {/auth/login, POST} route","timestamp":"2026-05-04T06:44:11.839Z"}
{"context":"RouterExplorer","level":"info","message":"Mapped {/auth/refresh, POST} route","timestamp":"2026-05-04T06:44:11.839Z"}
{"context":"RouterExplorer","level":"info","message":"Mapped {/auth/logout, POST} route","timestamp":"2026-05-04T06:44:11.840Z"}
{"context":"RouterExplorer","level":"info","message":"Mapped {/auth/me, GET} route","timestamp":"2026-05-04T06:44:11.840Z"}
{"context":"RouterExplorer","level":"info","message":"Mapped {/auth/me/password, PATCH} route","timestamp":"2026-05-04T06:44:11.840Z"}
{"context":"RoutesResolver","level":"info","message":"AttributeController {/attribute}:","timestamp":"2026-05-04T06:44:11.840Z"}
{"context":"RouterExplorer","level":"info","message":"Mapped {/attribute, POST} route","timestamp":"2026-05-04T06:44:11.840Z"}
{"context":"RouterExplorer","level":"info","message":"Mapped {/attribute, GET} route","timestamp":"2026-05-04T06:44:11.840Z"}
{"context":"RouterExplorer","level":"info","message":"Mapped {/attribute/:id, GET} route","timestamp":"2026-05-04T06:44:11.841Z"}
{"context":"RouterExplorer","level":"info","message":"Mapped {/attribute/:id, PATCH} route","timestamp":"2026-05-04T06:44:11.841Z"}
{"context":"RouterExplorer","level":"info","message":"Mapped {/attribute/:id, DELETE} route","timestamp":"2026-05-04T06:44:11.841Z"}
{"context":"PrismaService","level":"info","message":"Kết nối database thành công","timestamp":"2026-05-04T06:44:11.880Z"}
{"context":"NestApplication","level":"info","message":"Nest application successfully started","timestamp":"2026-05-04T06:44:11.883Z"}
{"level":"info","message":"Khởi tạo ứng dụng...","timestamp":"2026-05-04T06:45:10.282Z"}
{"context":"NestFactory","level":"info","message":"Starting Nest application...","timestamp":"2026-05-04T06:45:10.351Z"}
{"context":"InstanceLoader","level":"info","message":"CommonModule dependencies initialized","timestamp":"2026-05-04T06:45:10.358Z"}
{"context":"InstanceLoader","level":"info","message":"ConfigHostModule dependencies initialized","timestamp":"2026-05-04T06:45:10.358Z"}
{"context":"PrismaService","level":"info","message":"🔌 Prisma Connection String: postgresql://admin:******@localhost:5433/kyc_asset_db?schema=public","timestamp":"2026-05-04T06:45:10.361Z"}
{"context":"InstanceLoader","level":"info","message":"AppModule dependencies initialized","timestamp":"2026-05-04T06:45:10.361Z"}
{"context":"InstanceLoader","level":"info","message":"ConfigModule dependencies initialized","timestamp":"2026-05-04T06:45:10.361Z"}
{"context":"InstanceLoader","level":"info","message":"JwtModule dependencies initialized","timestamp":"2026-05-04T06:45:10.363Z"}
{"context":"InstanceLoader","level":"info","message":"PrismaModule dependencies initialized","timestamp":"2026-05-04T06:45:10.363Z"}
{"context":"InstanceLoader","level":"info","message":"WhitelistIpModule dependencies initialized","timestamp":"2026-05-04T06:45:10.365Z"}
{"context":"InstanceLoader","level":"info","message":"AttributeModule dependencies initialized","timestamp":"2026-05-04T06:45:10.365Z"}
{"context":"InstanceLoader","level":"info","message":"UsersModule dependencies initialized","timestamp":"2026-05-04T06:45:10.365Z"}
{"context":"InstanceLoader","level":"info","message":"RolesModule dependencies initialized","timestamp":"2026-05-04T06:45:10.365Z"}
{"context":"InstanceLoader","level":"info","message":"PermissionsModule dependencies initialized","timestamp":"2026-05-04T06:45:10.365Z"}
{"context":"InstanceLoader","level":"info","message":"AuthModule dependencies initialized","timestamp":"2026-05-04T06:45:10.365Z"}
{"context":"RoutesResolver","level":"info","message":"AppController {/}:","timestamp":"2026-05-04T06:45:10.388Z"}
{"context":"RouterExplorer","level":"info","message":"Mapped {/, GET} route","timestamp":"2026-05-04T06:45:10.389Z"}
{"context":"RoutesResolver","level":"info","message":"UsersController {/users}:","timestamp":"2026-05-04T06:45:10.389Z"}
{"context":"RouterExplorer","level":"info","message":"Mapped {/users, POST} route","timestamp":"2026-05-04T06:45:10.390Z"}
{"context":"RouterExplorer","level":"info","message":"Mapped {/users, GET} route","timestamp":"2026-05-04T06:45:10.390Z"}
{"context":"RouterExplorer","level":"info","message":"Mapped {/users/:id, GET} route","timestamp":"2026-05-04T06:45:10.390Z"}
{"context":"RouterExplorer","level":"info","message":"Mapped {/users/:id, PATCH} route","timestamp":"2026-05-04T06:45:10.390Z"}
{"context":"RouterExplorer","level":"info","message":"Mapped {/users/:id, DELETE} route","timestamp":"2026-05-04T06:45:10.391Z"}
{"context":"RoutesResolver","level":"info","message":"WhitelistIpController {/whitelist-ip}:","timestamp":"2026-05-04T06:45:10.391Z"}
{"context":"RouterExplorer","level":"info","message":"Mapped {/whitelist-ip, POST} route","timestamp":"2026-05-04T06:45:10.392Z"}
{"context":"RouterExplorer","level":"info","message":"Mapped {/whitelist-ip, GET} route","timestamp":"2026-05-04T06:45:10.392Z"}
{"context":"RouterExplorer","level":"info","message":"Mapped {/whitelist-ip/:id, GET} route","timestamp":"2026-05-04T06:45:10.392Z"}
{"context":"RouterExplorer","level":"info","message":"Mapped {/whitelist-ip/:id, PATCH} route","timestamp":"2026-05-04T06:45:10.392Z"}
{"context":"RouterExplorer","level":"info","message":"Mapped {/whitelist-ip/:id, DELETE} route","timestamp":"2026-05-04T06:45:10.393Z"}
{"context":"RoutesResolver","level":"info","message":"RolesController {/roles}:","timestamp":"2026-05-04T06:45:10.393Z"}
{"context":"RouterExplorer","level":"info","message":"Mapped {/roles, POST} route","timestamp":"2026-05-04T06:45:10.393Z"}
{"context":"RouterExplorer","level":"info","message":"Mapped {/roles, GET} route","timestamp":"2026-05-04T06:45:10.393Z"}
{"context":"RouterExplorer","level":"info","message":"Mapped {/roles/:id, GET} route","timestamp":"2026-05-04T06:45:10.393Z"}
{"context":"RouterExplorer","level":"info","message":"Mapped {/roles/:id, PATCH} route","timestamp":"2026-05-04T06:45:10.393Z"}
{"context":"RouterExplorer","level":"info","message":"Mapped {/roles/:id, DELETE} route","timestamp":"2026-05-04T06:45:10.393Z"}
{"context":"RoutesResolver","level":"info","message":"PermissionsController {/permissions}:","timestamp":"2026-05-04T06:45:10.394Z"}
{"context":"RouterExplorer","level":"info","message":"Mapped {/permissions, POST} route","timestamp":"2026-05-04T06:45:10.394Z"}
{"context":"RouterExplorer","level":"info","message":"Mapped {/permissions, GET} route","timestamp":"2026-05-04T06:45:10.394Z"}
{"context":"RouterExplorer","level":"info","message":"Mapped {/permissions/:id, PATCH} route","timestamp":"2026-05-04T06:45:10.394Z"}
{"context":"RouterExplorer","level":"info","message":"Mapped {/permissions/:id, DELETE} route","timestamp":"2026-05-04T06:45:10.394Z"}
{"context":"RoutesResolver","level":"info","message":"AuthController {/auth}:","timestamp":"2026-05-04T06:45:10.394Z"}
{"context":"RouterExplorer","level":"info","message":"Mapped {/auth/register, POST} route","timestamp":"2026-05-04T06:45:10.395Z"}
{"context":"RouterExplorer","level":"info","message":"Mapped {/auth/login, POST} route","timestamp":"2026-05-04T06:45:10.395Z"}
{"context":"RouterExplorer","level":"info","message":"Mapped {/auth/refresh, POST} route","timestamp":"2026-05-04T06:45:10.395Z"}
{"context":"RouterExplorer","level":"info","message":"Mapped {/auth/logout, POST} route","timestamp":"2026-05-04T06:45:10.395Z"}
{"context":"RouterExplorer","level":"info","message":"Mapped {/auth/me, GET} route","timestamp":"2026-05-04T06:45:10.395Z"}
{"context":"RouterExplorer","level":"info","message":"Mapped {/auth/me/password, PATCH} route","timestamp":"2026-05-04T06:45:10.395Z"}
{"context":"RoutesResolver","level":"info","message":"AttributeController {/attribute}:","timestamp":"2026-05-04T06:45:10.396Z"}
{"context":"RouterExplorer","level":"info","message":"Mapped {/attribute, POST} route","timestamp":"2026-05-04T06:45:10.396Z"}
{"context":"RouterExplorer","level":"info","message":"Mapped {/attribute, GET} route","timestamp":"2026-05-04T06:45:10.396Z"}
{"context":"RouterExplorer","level":"info","message":"Mapped {/attribute/:id, GET} route","timestamp":"2026-05-04T06:45:10.396Z"}
{"context":"RouterExplorer","level":"info","message":"Mapped {/attribute/:id, PATCH} route","timestamp":"2026-05-04T06:45:10.396Z"}
{"context":"RouterExplorer","level":"info","message":"Mapped {/attribute/:id, DELETE} route","timestamp":"2026-05-04T06:45:10.396Z"}
{"context":"PrismaService","level":"info","message":"Kết nối database thành công","timestamp":"2026-05-04T06:45:10.434Z"}
{"context":"NestApplication","level":"info","message":"Nest application successfully started","timestamp":"2026-05-04T06:45:10.437Z"}
{"level":"info","message":"Khởi tạo ứng dụng...","timestamp":"2026-05-04T06:54:38.099Z"}
{"context":"NestFactory","level":"info","message":"Starting Nest application...","timestamp":"2026-05-04T06:54:38.169Z"}
{"context":"InstanceLoader","level":"info","message":"CommonModule dependencies initialized","timestamp":"2026-05-04T06:54:38.176Z"}
{"context":"InstanceLoader","level":"info","message":"ConfigHostModule dependencies initialized","timestamp":"2026-05-04T06:54:38.176Z"}
{"context":"PrismaService","level":"info","message":"🔌 Prisma Connection String: postgresql://admin:******@localhost:5433/kyc_asset_db?schema=public","timestamp":"2026-05-04T06:54:38.179Z"}
{"context":"InstanceLoader","level":"info","message":"AppModule dependencies initialized","timestamp":"2026-05-04T06:54:38.179Z"}
{"context":"InstanceLoader","level":"info","message":"ConfigModule dependencies initialized","timestamp":"2026-05-04T06:54:38.179Z"}
{"context":"InstanceLoader","level":"info","message":"JwtModule dependencies initialized","timestamp":"2026-05-04T06:54:38.181Z"}
{"context":"InstanceLoader","level":"info","message":"PrismaModule dependencies initialized","timestamp":"2026-05-04T06:54:38.181Z"}
{"context":"InstanceLoader","level":"info","message":"WhitelistIpModule dependencies initialized","timestamp":"2026-05-04T06:54:38.183Z"}
{"context":"InstanceLoader","level":"info","message":"AttributeModule dependencies initialized","timestamp":"2026-05-04T06:54:38.183Z"}
{"context":"InstanceLoader","level":"info","message":"UsersModule dependencies initialized","timestamp":"2026-05-04T06:54:38.183Z"}
{"context":"InstanceLoader","level":"info","message":"RolesModule dependencies initialized","timestamp":"2026-05-04T06:54:38.183Z"}
{"context":"InstanceLoader","level":"info","message":"PermissionsModule dependencies initialized","timestamp":"2026-05-04T06:54:38.183Z"}
{"context":"InstanceLoader","level":"info","message":"AuthModule dependencies initialized","timestamp":"2026-05-04T06:54:38.183Z"}
{"context":"RoutesResolver","level":"info","message":"AppController {/}:","timestamp":"2026-05-04T06:54:38.207Z"}
{"context":"RouterExplorer","level":"info","message":"Mapped {/, GET} route","timestamp":"2026-05-04T06:54:38.208Z"}
{"context":"RoutesResolver","level":"info","message":"UsersController {/users}:","timestamp":"2026-05-04T06:54:38.208Z"}
{"context":"RouterExplorer","level":"info","message":"Mapped {/users, POST} route","timestamp":"2026-05-04T06:54:38.209Z"}
{"context":"RouterExplorer","level":"info","message":"Mapped {/users, GET} route","timestamp":"2026-05-04T06:54:38.209Z"}
{"context":"RouterExplorer","level":"info","message":"Mapped {/users/:id, GET} route","timestamp":"2026-05-04T06:54:38.209Z"}
{"context":"RouterExplorer","level":"info","message":"Mapped {/users/:id, PATCH} route","timestamp":"2026-05-04T06:54:38.209Z"}
{"context":"RouterExplorer","level":"info","message":"Mapped {/users/:id, DELETE} route","timestamp":"2026-05-04T06:54:38.210Z"}
{"context":"RoutesResolver","level":"info","message":"WhitelistIpController {/whitelist-ip}:","timestamp":"2026-05-04T06:54:38.210Z"}
{"context":"RouterExplorer","level":"info","message":"Mapped {/whitelist-ip, POST} route","timestamp":"2026-05-04T06:54:38.210Z"}
{"context":"RouterExplorer","level":"info","message":"Mapped {/whitelist-ip, GET} route","timestamp":"2026-05-04T06:54:38.210Z"}
{"context":"RouterExplorer","level":"info","message":"Mapped {/whitelist-ip/:id, GET} route","timestamp":"2026-05-04T06:54:38.210Z"}
{"context":"RouterExplorer","level":"info","message":"Mapped {/whitelist-ip/:id, PATCH} route","timestamp":"2026-05-04T06:54:38.211Z"}
{"context":"RouterExplorer","level":"info","message":"Mapped {/whitelist-ip/:id, DELETE} route","timestamp":"2026-05-04T06:54:38.211Z"}
{"context":"RoutesResolver","level":"info","message":"RolesController {/roles}:","timestamp":"2026-05-04T06:54:38.211Z"}
{"context":"RouterExplorer","level":"info","message":"Mapped {/roles, POST} route","timestamp":"2026-05-04T06:54:38.211Z"}
{"context":"RouterExplorer","level":"info","message":"Mapped {/roles, GET} route","timestamp":"2026-05-04T06:54:38.211Z"}
{"context":"RouterExplorer","level":"info","message":"Mapped {/roles/:id, GET} route","timestamp":"2026-05-04T06:54:38.211Z"}
{"context":"RouterExplorer","level":"info","message":"Mapped {/roles/:id, PATCH} route","timestamp":"2026-05-04T06:54:38.211Z"}
{"context":"RouterExplorer","level":"info","message":"Mapped {/roles/:id, DELETE} route","timestamp":"2026-05-04T06:54:38.211Z"}
{"context":"RoutesResolver","level":"info","message":"PermissionsController {/permissions}:","timestamp":"2026-05-04T06:54:38.212Z"}
{"context":"RouterExplorer","level":"info","message":"Mapped {/permissions, POST} route","timestamp":"2026-05-04T06:54:38.212Z"}
{"context":"RouterExplorer","level":"info","message":"Mapped {/permissions, GET} route","timestamp":"2026-05-04T06:54:38.212Z"}
{"context":"RouterExplorer","level":"info","message":"Mapped {/permissions/:id, PATCH} route","timestamp":"2026-05-04T06:54:38.212Z"}
{"context":"RouterExplorer","level":"info","message":"Mapped {/permissions/:id, DELETE} route","timestamp":"2026-05-04T06:54:38.212Z"}
{"context":"RoutesResolver","level":"info","message":"AuthController {/auth}:","timestamp":"2026-05-04T06:54:38.212Z"}
{"context":"RouterExplorer","level":"info","message":"Mapped {/auth/register, POST} route","timestamp":"2026-05-04T06:54:38.213Z"}
{"context":"RouterExplorer","level":"info","message":"Mapped {/auth/login, POST} route","timestamp":"2026-05-04T06:54:38.213Z"}
{"context":"RouterExplorer","level":"info","message":"Mapped {/auth/refresh, POST} route","timestamp":"2026-05-04T06:54:38.213Z"}
{"context":"RouterExplorer","level":"info","message":"Mapped {/auth/logout, POST} route","timestamp":"2026-05-04T06:54:38.213Z"}
{"context":"RouterExplorer","level":"info","message":"Mapped {/auth/me, GET} route","timestamp":"2026-05-04T06:54:38.213Z"}
{"context":"RouterExplorer","level":"info","message":"Mapped {/auth/me/password, PATCH} route","timestamp":"2026-05-04T06:54:38.214Z"}
{"context":"RoutesResolver","level":"info","message":"AttributeController {/attribute}:","timestamp":"2026-05-04T06:54:38.214Z"}
{"context":"RouterExplorer","level":"info","message":"Mapped {/attribute, POST} route","timestamp":"2026-05-04T06:54:38.214Z"}
{"context":"RouterExplorer","level":"info","message":"Mapped {/attribute, GET} route","timestamp":"2026-05-04T06:54:38.214Z"}
{"context":"RouterExplorer","level":"info","message":"Mapped {/attribute/:id, GET} route","timestamp":"2026-05-04T06:54:38.214Z"}
{"context":"RouterExplorer","level":"info","message":"Mapped {/attribute/:id, PATCH} route","timestamp":"2026-05-04T06:54:38.214Z"}
{"context":"RouterExplorer","level":"info","message":"Mapped {/attribute/:id, DELETE} route","timestamp":"2026-05-04T06:54:38.215Z"}
{"context":"PrismaService","level":"info","message":"Kết nối database thành công","timestamp":"2026-05-04T06:54:38.253Z"}
{"context":"NestApplication","level":"info","message":"Nest application successfully started","timestamp":"2026-05-04T06:54:38.257Z"}
{"level":"info","message":"Khởi tạo ứng dụng...","timestamp":"2026-05-04T06:54:42.905Z"}
{"context":"NestFactory","level":"info","message":"Starting Nest application...","timestamp":"2026-05-04T06:54:42.975Z"}
{"context":"InstanceLoader","level":"info","message":"CommonModule dependencies initialized","timestamp":"2026-05-04T06:54:42.981Z"}
{"context":"InstanceLoader","level":"info","message":"ConfigHostModule dependencies initialized","timestamp":"2026-05-04T06:54:42.981Z"}
{"context":"PrismaService","level":"info","message":"🔌 Prisma Connection String: postgresql://admin:******@localhost:5433/kyc_asset_db?schema=public","timestamp":"2026-05-04T06:54:42.985Z"}
{"context":"InstanceLoader","level":"info","message":"AppModule dependencies initialized","timestamp":"2026-05-04T06:54:42.985Z"}
{"context":"InstanceLoader","level":"info","message":"ConfigModule dependencies initialized","timestamp":"2026-05-04T06:54:42.985Z"}
{"context":"InstanceLoader","level":"info","message":"JwtModule dependencies initialized","timestamp":"2026-05-04T06:54:42.986Z"}
{"context":"InstanceLoader","level":"info","message":"PrismaModule dependencies initialized","timestamp":"2026-05-04T06:54:42.986Z"}
{"context":"InstanceLoader","level":"info","message":"WhitelistIpModule dependencies initialized","timestamp":"2026-05-04T06:54:42.987Z"}
{"context":"InstanceLoader","level":"info","message":"AttributeModule dependencies initialized","timestamp":"2026-05-04T06:54:42.987Z"}
{"context":"InstanceLoader","level":"info","message":"UsersModule dependencies initialized","timestamp":"2026-05-04T06:54:42.987Z"}
{"context":"InstanceLoader","level":"info","message":"RolesModule dependencies initialized","timestamp":"2026-05-04T06:54:42.988Z"}
{"context":"InstanceLoader","level":"info","message":"PermissionsModule dependencies initialized","timestamp":"2026-05-04T06:54:42.988Z"}
{"context":"InstanceLoader","level":"info","message":"AuthModule dependencies initialized","timestamp":"2026-05-04T06:54:42.988Z"}
{"context":"RoutesResolver","level":"info","message":"AppController {/}:","timestamp":"2026-05-04T06:54:43.009Z"}
{"context":"RouterExplorer","level":"info","message":"Mapped {/, GET} route","timestamp":"2026-05-04T06:54:43.011Z"}
{"context":"RoutesResolver","level":"info","message":"UsersController {/users}:","timestamp":"2026-05-04T06:54:43.011Z"}
{"context":"RouterExplorer","level":"info","message":"Mapped {/users, POST} route","timestamp":"2026-05-04T06:54:43.011Z"}
{"context":"RouterExplorer","level":"info","message":"Mapped {/users, GET} route","timestamp":"2026-05-04T06:54:43.011Z"}
{"context":"RouterExplorer","level":"info","message":"Mapped {/users/:id, GET} route","timestamp":"2026-05-04T06:54:43.012Z"}
{"context":"RouterExplorer","level":"info","message":"Mapped {/users/:id, PATCH} route","timestamp":"2026-05-04T06:54:43.012Z"}
{"context":"RouterExplorer","level":"info","message":"Mapped {/users/:id, DELETE} route","timestamp":"2026-05-04T06:54:43.012Z"}
{"context":"RoutesResolver","level":"info","message":"WhitelistIpController {/whitelist-ip}:","timestamp":"2026-05-04T06:54:43.012Z"}
{"context":"RouterExplorer","level":"info","message":"Mapped {/whitelist-ip, POST} route","timestamp":"2026-05-04T06:54:43.012Z"}
{"context":"RouterExplorer","level":"info","message":"Mapped {/whitelist-ip, GET} route","timestamp":"2026-05-04T06:54:43.012Z"}
{"context":"RouterExplorer","level":"info","message":"Mapped {/whitelist-ip/:id, GET} route","timestamp":"2026-05-04T06:54:43.013Z"}
{"context":"RouterExplorer","level":"info","message":"Mapped {/whitelist-ip/:id, PATCH} route","timestamp":"2026-05-04T06:54:43.013Z"}
{"context":"RouterExplorer","level":"info","message":"Mapped {/whitelist-ip/:id, DELETE} route","timestamp":"2026-05-04T06:54:43.013Z"}
{"context":"RoutesResolver","level":"info","message":"RolesController {/roles}:","timestamp":"2026-05-04T06:54:43.013Z"}
{"context":"RouterExplorer","level":"info","message":"Mapped {/roles, POST} route","timestamp":"2026-05-04T06:54:43.013Z"}
{"context":"RouterExplorer","level":"info","message":"Mapped {/roles, GET} route","timestamp":"2026-05-04T06:54:43.013Z"}
{"context":"RouterExplorer","level":"info","message":"Mapped {/roles/:id, GET} route","timestamp":"2026-05-04T06:54:43.014Z"}
{"context":"RouterExplorer","level":"info","message":"Mapped {/roles/:id, PATCH} route","timestamp":"2026-05-04T06:54:43.014Z"}
{"context":"RouterExplorer","level":"info","message":"Mapped {/roles/:id, DELETE} route","timestamp":"2026-05-04T06:54:43.014Z"}
{"context":"RoutesResolver","level":"info","message":"PermissionsController {/permissions}:","timestamp":"2026-05-04T06:54:43.014Z"}
{"context":"RouterExplorer","level":"info","message":"Mapped {/permissions, POST} route","timestamp":"2026-05-04T06:54:43.014Z"}
{"context":"RouterExplorer","level":"info","message":"Mapped {/permissions, GET} route","timestamp":"2026-05-04T06:54:43.014Z"}
{"context":"RouterExplorer","level":"info","message":"Mapped {/permissions/:id, PATCH} route","timestamp":"2026-05-04T06:54:43.014Z"}
{"context":"RouterExplorer","level":"info","message":"Mapped {/permissions/:id, DELETE} route","timestamp":"2026-05-04T06:54:43.015Z"}
{"context":"RoutesResolver","level":"info","message":"AuthController {/auth}:","timestamp":"2026-05-04T06:54:43.015Z"}
{"context":"RouterExplorer","level":"info","message":"Mapped {/auth/register, POST} route","timestamp":"2026-05-04T06:54:43.015Z"}
{"context":"RouterExplorer","level":"info","message":"Mapped {/auth/login, POST} route","timestamp":"2026-05-04T06:54:43.015Z"}
{"context":"RouterExplorer","level":"info","message":"Mapped {/auth/refresh, POST} route","timestamp":"2026-05-04T06:54:43.015Z"}
{"context":"RouterExplorer","level":"info","message":"Mapped {/auth/logout, POST} route","timestamp":"2026-05-04T06:54:43.016Z"}
{"context":"RouterExplorer","level":"info","message":"Mapped {/auth/me, GET} route","timestamp":"2026-05-04T06:54:43.016Z"}
{"context":"RouterExplorer","level":"info","message":"Mapped {/auth/me/password, PATCH} route","timestamp":"2026-05-04T06:54:43.016Z"}
{"context":"RoutesResolver","level":"info","message":"AttributeController {/attribute}:","timestamp":"2026-05-04T06:54:43.016Z"}
{"context":"RouterExplorer","level":"info","message":"Mapped {/attribute, POST} route","timestamp":"2026-05-04T06:54:43.016Z"}
{"context":"RouterExplorer","level":"info","message":"Mapped {/attribute, GET} route","timestamp":"2026-05-04T06:54:43.016Z"}
{"context":"RouterExplorer","level":"info","message":"Mapped {/attribute/:id, GET} route","timestamp":"2026-05-04T06:54:43.017Z"}
{"context":"RouterExplorer","level":"info","message":"Mapped {/attribute/:id, PATCH} route","timestamp":"2026-05-04T06:54:43.017Z"}
{"context":"RouterExplorer","level":"info","message":"Mapped {/attribute/:id, DELETE} route","timestamp":"2026-05-04T06:54:43.017Z"}
{"context":"PrismaService","level":"info","message":"Kết nối database thành công","timestamp":"2026-05-04T06:54:43.053Z"}
{"context":"NestApplication","level":"info","message":"Nest application successfully started","timestamp":"2026-05-04T06:54:43.057Z"}
{"level":"info","message":"Khởi tạo ứng dụng...","timestamp":"2026-05-04T06:58:02.052Z"}
{"context":"NestFactory","level":"info","message":"Starting Nest application...","timestamp":"2026-05-04T06:58:02.126Z"}
{"context":"InstanceLoader","level":"info","message":"CommonModule dependencies initialized","timestamp":"2026-05-04T06:58:02.132Z"}
{"context":"InstanceLoader","level":"info","message":"ConfigHostModule dependencies initialized","timestamp":"2026-05-04T06:58:02.132Z"}
{"context":"PrismaService","level":"info","message":"🔌 Prisma Connection String: postgresql://admin:******@localhost:5433/kyc_asset_db?schema=public","timestamp":"2026-05-04T06:58:02.137Z"}
{"context":"InstanceLoader","level":"info","message":"AppModule dependencies initialized","timestamp":"2026-05-04T06:58:02.137Z"}
{"context":"InstanceLoader","level":"info","message":"ConfigModule dependencies initialized","timestamp":"2026-05-04T06:58:02.138Z"}
{"context":"InstanceLoader","level":"info","message":"JwtModule dependencies initialized","timestamp":"2026-05-04T06:58:02.138Z"}
{"context":"InstanceLoader","level":"info","message":"PrismaModule dependencies initialized","timestamp":"2026-05-04T06:58:02.139Z"}
{"context":"InstanceLoader","level":"info","message":"WhitelistIpModule dependencies initialized","timestamp":"2026-05-04T06:58:02.140Z"}
{"context":"InstanceLoader","level":"info","message":"AttributeModule dependencies initialized","timestamp":"2026-05-04T06:58:02.140Z"}
{"context":"InstanceLoader","level":"info","message":"UsersModule dependencies initialized","timestamp":"2026-05-04T06:58:02.140Z"}
{"context":"InstanceLoader","level":"info","message":"RolesModule dependencies initialized","timestamp":"2026-05-04T06:58:02.140Z"}
{"context":"InstanceLoader","level":"info","message":"PermissionsModule dependencies initialized","timestamp":"2026-05-04T06:58:02.140Z"}
{"context":"InstanceLoader","level":"info","message":"AuthModule dependencies initialized","timestamp":"2026-05-04T06:58:02.140Z"}
{"context":"RoutesResolver","level":"info","message":"AppController {/}:","timestamp":"2026-05-04T06:58:02.164Z"}
{"context":"RouterExplorer","level":"info","message":"Mapped {/, GET} route","timestamp":"2026-05-04T06:58:02.166Z"}
{"context":"RoutesResolver","level":"info","message":"UsersController {/users}:","timestamp":"2026-05-04T06:58:02.166Z"}
{"context":"RouterExplorer","level":"info","message":"Mapped {/users, POST} route","timestamp":"2026-05-04T06:58:02.166Z"}
{"context":"RouterExplorer","level":"info","message":"Mapped {/users, GET} route","timestamp":"2026-05-04T06:58:02.167Z"}
{"context":"RouterExplorer","level":"info","message":"Mapped {/users/:id, GET} route","timestamp":"2026-05-04T06:58:02.167Z"}
{"context":"RouterExplorer","level":"info","message":"Mapped {/users/:id, PATCH} route","timestamp":"2026-05-04T06:58:02.167Z"}
{"context":"RouterExplorer","level":"info","message":"Mapped {/users/:id, DELETE} route","timestamp":"2026-05-04T06:58:02.167Z"}
{"context":"RoutesResolver","level":"info","message":"WhitelistIpController {/whitelist-ip}:","timestamp":"2026-05-04T06:58:02.168Z"}
{"context":"RouterExplorer","level":"info","message":"Mapped {/whitelist-ip, POST} route","timestamp":"2026-05-04T06:58:02.168Z"}
{"context":"RouterExplorer","level":"info","message":"Mapped {/whitelist-ip, GET} route","timestamp":"2026-05-04T06:58:02.168Z"}
{"context":"RouterExplorer","level":"info","message":"Mapped {/whitelist-ip/:id, GET} route","timestamp":"2026-05-04T06:58:02.168Z"}
{"context":"RouterExplorer","level":"info","message":"Mapped {/whitelist-ip/:id, PATCH} route","timestamp":"2026-05-04T06:58:02.168Z"}
{"context":"RouterExplorer","level":"info","message":"Mapped {/whitelist-ip/:id, DELETE} route","timestamp":"2026-05-04T06:58:02.169Z"}
{"context":"RoutesResolver","level":"info","message":"RolesController {/roles}:","timestamp":"2026-05-04T06:58:02.169Z"}
{"context":"RouterExplorer","level":"info","message":"Mapped {/roles, POST} route","timestamp":"2026-05-04T06:58:02.169Z"}
{"context":"RouterExplorer","level":"info","message":"Mapped {/roles, GET} route","timestamp":"2026-05-04T06:58:02.169Z"}
{"context":"RouterExplorer","level":"info","message":"Mapped {/roles/:id, GET} route","timestamp":"2026-05-04T06:58:02.169Z"}
{"context":"RouterExplorer","level":"info","message":"Mapped {/roles/:id, PATCH} route","timestamp":"2026-05-04T06:58:02.170Z"}
{"context":"RouterExplorer","level":"info","message":"Mapped {/roles/:id, DELETE} route","timestamp":"2026-05-04T06:58:02.170Z"}
{"context":"RoutesResolver","level":"info","message":"PermissionsController {/permissions}:","timestamp":"2026-05-04T06:58:02.170Z"}
{"context":"RouterExplorer","level":"info","message":"Mapped {/permissions, POST} route","timestamp":"2026-05-04T06:58:02.171Z"}
{"context":"RouterExplorer","level":"info","message":"Mapped {/permissions, GET} route","timestamp":"2026-05-04T06:58:02.171Z"}
{"context":"RouterExplorer","level":"info","message":"Mapped {/permissions/:id, PATCH} route","timestamp":"2026-05-04T06:58:02.171Z"}
{"context":"RouterExplorer","level":"info","message":"Mapped {/permissions/:id, DELETE} route","timestamp":"2026-05-04T06:58:02.171Z"}
{"context":"RoutesResolver","level":"info","message":"AuthController {/auth}:","timestamp":"2026-05-04T06:58:02.171Z"}
{"context":"RouterExplorer","level":"info","message":"Mapped {/auth/register, POST} route","timestamp":"2026-05-04T06:58:02.172Z"}
{"context":"RouterExplorer","level":"info","message":"Mapped {/auth/login, POST} route","timestamp":"2026-05-04T06:58:02.172Z"}
{"context":"RouterExplorer","level":"info","message":"Mapped {/auth/refresh, POST} route","timestamp":"2026-05-04T06:58:02.172Z"}
{"context":"RouterExplorer","level":"info","message":"Mapped {/auth/logout, POST} route","timestamp":"2026-05-04T06:58:02.172Z"}
{"context":"RouterExplorer","level":"info","message":"Mapped {/auth/me, GET} route","timestamp":"2026-05-04T06:58:02.172Z"}
{"context":"RouterExplorer","level":"info","message":"Mapped {/auth/me/password, PATCH} route","timestamp":"2026-05-04T06:58:02.173Z"}
{"context":"RoutesResolver","level":"info","message":"AttributeController {/attribute}:","timestamp":"2026-05-04T06:58:02.173Z"}
{"context":"RouterExplorer","level":"info","message":"Mapped {/attribute, POST} route","timestamp":"2026-05-04T06:58:02.173Z"}
{"context":"RouterExplorer","level":"info","message":"Mapped {/attribute, GET} route","timestamp":"2026-05-04T06:58:02.173Z"}
{"context":"RouterExplorer","level":"info","message":"Mapped {/attribute/:id, GET} route","timestamp":"2026-05-04T06:58:02.173Z"}
{"context":"RouterExplorer","level":"info","message":"Mapped {/attribute/:id, PATCH} route","timestamp":"2026-05-04T06:58:02.173Z"}
{"context":"RouterExplorer","level":"info","message":"Mapped {/attribute/:id, DELETE} route","timestamp":"2026-05-04T06:58:02.174Z"}
{"context":"PrismaService","level":"info","message":"Kết nối database thành công","timestamp":"2026-05-04T06:58:02.211Z"}
{"context":"NestApplication","level":"info","message":"Nest application successfully started","timestamp":"2026-05-04T06:58:02.215Z"}
{"level":"info","message":"Khởi tạo ứng dụng...","timestamp":"2026-05-04T06:58:03.759Z"}
{"context":"NestFactory","level":"info","message":"Starting Nest application...","timestamp":"2026-05-04T06:58:03.843Z"}
{"context":"InstanceLoader","level":"info","message":"CommonModule dependencies initialized","timestamp":"2026-05-04T06:58:03.850Z"}
{"context":"InstanceLoader","level":"info","message":"ConfigHostModule dependencies initialized","timestamp":"2026-05-04T06:58:03.850Z"}
{"context":"PrismaService","level":"info","message":"🔌 Prisma Connection String: postgresql://admin:******@localhost:5433/kyc_asset_db?schema=public","timestamp":"2026-05-04T06:58:03.853Z"}
{"context":"InstanceLoader","level":"info","message":"AppModule dependencies initialized","timestamp":"2026-05-04T06:58:03.853Z"}
{"context":"InstanceLoader","level":"info","message":"ConfigModule dependencies initialized","timestamp":"2026-05-04T06:58:03.853Z"}
{"context":"InstanceLoader","level":"info","message":"JwtModule dependencies initialized","timestamp":"2026-05-04T06:58:03.855Z"}
{"context":"InstanceLoader","level":"info","message":"PrismaModule dependencies initialized","timestamp":"2026-05-04T06:58:03.855Z"}
{"context":"InstanceLoader","level":"info","message":"WhitelistIpModule dependencies initialized","timestamp":"2026-05-04T06:58:03.857Z"}
{"context":"InstanceLoader","level":"info","message":"AttributeModule dependencies initialized","timestamp":"2026-05-04T06:58:03.857Z"}
{"context":"InstanceLoader","level":"info","message":"UsersModule dependencies initialized","timestamp":"2026-05-04T06:58:03.857Z"}
{"context":"InstanceLoader","level":"info","message":"RolesModule dependencies initialized","timestamp":"2026-05-04T06:58:03.857Z"}
{"context":"InstanceLoader","level":"info","message":"PermissionsModule dependencies initialized","timestamp":"2026-05-04T06:58:03.857Z"}
{"context":"InstanceLoader","level":"info","message":"AuthModule dependencies initialized","timestamp":"2026-05-04T06:58:03.857Z"}
{"context":"RoutesResolver","level":"info","message":"AppController {/}:","timestamp":"2026-05-04T06:58:03.880Z"}
{"context":"RouterExplorer","level":"info","message":"Mapped {/, GET} route","timestamp":"2026-05-04T06:58:03.882Z"}
{"context":"RoutesResolver","level":"info","message":"UsersController {/users}:","timestamp":"2026-05-04T06:58:03.882Z"}
{"context":"RouterExplorer","level":"info","message":"Mapped {/users, POST} route","timestamp":"2026-05-04T06:58:03.882Z"}
{"context":"RouterExplorer","level":"info","message":"Mapped {/users, GET} route","timestamp":"2026-05-04T06:58:03.882Z"}
{"context":"RouterExplorer","level":"info","message":"Mapped {/users/:id, GET} route","timestamp":"2026-05-04T06:58:03.883Z"}
{"context":"RouterExplorer","level":"info","message":"Mapped {/users/:id, PATCH} route","timestamp":"2026-05-04T06:58:03.883Z"}
{"context":"RouterExplorer","level":"info","message":"Mapped {/users/:id, DELETE} route","timestamp":"2026-05-04T06:58:03.883Z"}
{"context":"RoutesResolver","level":"info","message":"WhitelistIpController {/whitelist-ip}:","timestamp":"2026-05-04T06:58:03.883Z"}
{"context":"RouterExplorer","level":"info","message":"Mapped {/whitelist-ip, POST} route","timestamp":"2026-05-04T06:58:03.883Z"}
{"context":"RouterExplorer","level":"info","message":"Mapped {/whitelist-ip, GET} route","timestamp":"2026-05-04T06:58:03.884Z"}
{"context":"RouterExplorer","level":"info","message":"Mapped {/whitelist-ip/:id, GET} route","timestamp":"2026-05-04T06:58:03.884Z"}
{"context":"RouterExplorer","level":"info","message":"Mapped {/whitelist-ip/:id, PATCH} route","timestamp":"2026-05-04T06:58:03.884Z"}
{"context":"RouterExplorer","level":"info","message":"Mapped {/whitelist-ip/:id, DELETE} route","timestamp":"2026-05-04T06:58:03.884Z"}
{"context":"RoutesResolver","level":"info","message":"RolesController {/roles}:","timestamp":"2026-05-04T06:58:03.884Z"}
{"context":"RouterExplorer","level":"info","message":"Mapped {/roles, POST} route","timestamp":"2026-05-04T06:58:03.884Z"}
{"context":"RouterExplorer","level":"info","message":"Mapped {/roles, GET} route","timestamp":"2026-05-04T06:58:03.884Z"}
{"context":"RouterExplorer","level":"info","message":"Mapped {/roles/:id, GET} route","timestamp":"2026-05-04T06:58:03.885Z"}
{"context":"RouterExplorer","level":"info","message":"Mapped {/roles/:id, PATCH} route","timestamp":"2026-05-04T06:58:03.885Z"}
{"context":"RouterExplorer","level":"info","message":"Mapped {/roles/:id, DELETE} route","timestamp":"2026-05-04T06:58:03.885Z"}
{"context":"RoutesResolver","level":"info","message":"PermissionsController {/permissions}:","timestamp":"2026-05-04T06:58:03.885Z"}
{"context":"RouterExplorer","level":"info","message":"Mapped {/permissions, POST} route","timestamp":"2026-05-04T06:58:03.885Z"}
{"context":"RouterExplorer","level":"info","message":"Mapped {/permissions, GET} route","timestamp":"2026-05-04T06:58:03.885Z"}
{"context":"RouterExplorer","level":"info","message":"Mapped {/permissions/:id, PATCH} route","timestamp":"2026-05-04T06:58:03.885Z"}
{"context":"RouterExplorer","level":"info","message":"Mapped {/permissions/:id, DELETE} route","timestamp":"2026-05-04T06:58:03.886Z"}
{"context":"RoutesResolver","level":"info","message":"AuthController {/auth}:","timestamp":"2026-05-04T06:58:03.886Z"}
{"context":"RouterExplorer","level":"info","message":"Mapped {/auth/register, POST} route","timestamp":"2026-05-04T06:58:03.886Z"}
{"context":"RouterExplorer","level":"info","message":"Mapped {/auth/login, POST} route","timestamp":"2026-05-04T06:58:03.887Z"}
{"context":"RouterExplorer","level":"info","message":"Mapped {/auth/refresh, POST} route","timestamp":"2026-05-04T06:58:03.887Z"}
{"context":"RouterExplorer","level":"info","message":"Mapped {/auth/logout, POST} route","timestamp":"2026-05-04T06:58:03.887Z"}
{"context":"RouterExplorer","level":"info","message":"Mapped {/auth/me, GET} route","timestamp":"2026-05-04T06:58:03.887Z"}
{"context":"RouterExplorer","level":"info","message":"Mapped {/auth/me/password, PATCH} route","timestamp":"2026-05-04T06:58:03.888Z"}
{"context":"RoutesResolver","level":"info","message":"AttributeController {/attribute}:","timestamp":"2026-05-04T06:58:03.888Z"}
{"context":"RouterExplorer","level":"info","message":"Mapped {/attribute, POST} route","timestamp":"2026-05-04T06:58:03.888Z"}
{"context":"RouterExplorer","level":"info","message":"Mapped {/attribute, GET} route","timestamp":"2026-05-04T06:58:03.888Z"}
{"context":"RouterExplorer","level":"info","message":"Mapped {/attribute/:id, GET} route","timestamp":"2026-05-04T06:58:03.888Z"}
{"context":"RouterExplorer","level":"info","message":"Mapped {/attribute/:id, PATCH} route","timestamp":"2026-05-04T06:58:03.888Z"}
{"context":"RouterExplorer","level":"info","message":"Mapped {/attribute/:id, DELETE} route","timestamp":"2026-05-04T06:58:03.889Z"}
{"context":"PrismaService","level":"info","message":"Kết nối database thành công","timestamp":"2026-05-04T06:58:03.926Z"}
{"context":"NestApplication","level":"info","message":"Nest application successfully started","timestamp":"2026-05-04T06:58:03.929Z"}
{"level":"info","message":"Khởi tạo ứng dụng...","timestamp":"2026-05-04T06:58:05.168Z"}
{"context":"NestFactory","level":"info","message":"Starting Nest application...","timestamp":"2026-05-04T06:58:05.245Z"}
{"context":"InstanceLoader","level":"info","message":"CommonModule dependencies initialized","timestamp":"2026-05-04T06:58:05.255Z"}
{"context":"InstanceLoader","level":"info","message":"ConfigHostModule dependencies initialized","timestamp":"2026-05-04T06:58:05.255Z"}
{"context":"PrismaService","level":"info","message":"🔌 Prisma Connection String: postgresql://admin:******@localhost:5433/kyc_asset_db?schema=public","timestamp":"2026-05-04T06:58:05.258Z"}
{"context":"InstanceLoader","level":"info","message":"AppModule dependencies initialized","timestamp":"2026-05-04T06:58:05.258Z"}
{"context":"InstanceLoader","level":"info","message":"ConfigModule dependencies initialized","timestamp":"2026-05-04T06:58:05.258Z"}
{"context":"InstanceLoader","level":"info","message":"JwtModule dependencies initialized","timestamp":"2026-05-04T06:58:05.260Z"}
{"context":"InstanceLoader","level":"info","message":"PrismaModule dependencies initialized","timestamp":"2026-05-04T06:58:05.261Z"}
{"context":"InstanceLoader","level":"info","message":"WhitelistIpModule dependencies initialized","timestamp":"2026-05-04T06:58:05.262Z"}
{"context":"InstanceLoader","level":"info","message":"AttributeModule dependencies initialized","timestamp":"2026-05-04T06:58:05.263Z"}
{"context":"InstanceLoader","level":"info","message":"UsersModule dependencies initialized","timestamp":"2026-05-04T06:58:05.263Z"}
{"context":"InstanceLoader","level":"info","message":"RolesModule dependencies initialized","timestamp":"2026-05-04T06:58:05.263Z"}
{"context":"InstanceLoader","level":"info","message":"PermissionsModule dependencies initialized","timestamp":"2026-05-04T06:58:05.263Z"}
{"context":"InstanceLoader","level":"info","message":"AuthModule dependencies initialized","timestamp":"2026-05-04T06:58:05.264Z"}
{"context":"RoutesResolver","level":"info","message":"AppController {/}:","timestamp":"2026-05-04T06:58:05.292Z"}
{"context":"RouterExplorer","level":"info","message":"Mapped {/, GET} route","timestamp":"2026-05-04T06:58:05.293Z"}
{"context":"RoutesResolver","level":"info","message":"UsersController {/users}:","timestamp":"2026-05-04T06:58:05.294Z"}
{"context":"RouterExplorer","level":"info","message":"Mapped {/users, POST} route","timestamp":"2026-05-04T06:58:05.294Z"}
{"context":"RouterExplorer","level":"info","message":"Mapped {/users, GET} route","timestamp":"2026-05-04T06:58:05.294Z"}
{"context":"RouterExplorer","level":"info","message":"Mapped {/users/:id, GET} route","timestamp":"2026-05-04T06:58:05.295Z"}
{"context":"RouterExplorer","level":"info","message":"Mapped {/users/:id, PATCH} route","timestamp":"2026-05-04T06:58:05.295Z"}
{"context":"RouterExplorer","level":"info","message":"Mapped {/users/:id, DELETE} route","timestamp":"2026-05-04T06:58:05.295Z"}
{"context":"RoutesResolver","level":"info","message":"WhitelistIpController {/whitelist-ip}:","timestamp":"2026-05-04T06:58:05.296Z"}
{"context":"RouterExplorer","level":"info","message":"Mapped {/whitelist-ip, POST} route","timestamp":"2026-05-04T06:58:05.296Z"}
{"context":"RouterExplorer","level":"info","message":"Mapped {/whitelist-ip, GET} route","timestamp":"2026-05-04T06:58:05.296Z"}
{"context":"RouterExplorer","level":"info","message":"Mapped {/whitelist-ip/:id, GET} route","timestamp":"2026-05-04T06:58:05.297Z"}
{"context":"RouterExplorer","level":"info","message":"Mapped {/whitelist-ip/:id, PATCH} route","timestamp":"2026-05-04T06:58:05.297Z"}
{"context":"RouterExplorer","level":"info","message":"Mapped {/whitelist-ip/:id, DELETE} route","timestamp":"2026-05-04T06:58:05.297Z"}
{"context":"RoutesResolver","level":"info","message":"RolesController {/roles}:","timestamp":"2026-05-04T06:58:05.297Z"}
{"context":"RouterExplorer","level":"info","message":"Mapped {/roles, POST} route","timestamp":"2026-05-04T06:58:05.298Z"}
{"context":"RouterExplorer","level":"info","message":"Mapped {/roles, GET} route","timestamp":"2026-05-04T06:58:05.298Z"}
{"context":"RouterExplorer","level":"info","message":"Mapped {/roles/:id, GET} route","timestamp":"2026-05-04T06:58:05.298Z"}
{"context":"RouterExplorer","level":"info","message":"Mapped {/roles/:id, PATCH} route","timestamp":"2026-05-04T06:58:05.298Z"}
{"context":"RouterExplorer","level":"info","message":"Mapped {/roles/:id, DELETE} route","timestamp":"2026-05-04T06:58:05.298Z"}
{"context":"RoutesResolver","level":"info","message":"PermissionsController {/permissions}:","timestamp":"2026-05-04T06:58:05.299Z"}
{"context":"RouterExplorer","level":"info","message":"Mapped {/permissions, POST} route","timestamp":"2026-05-04T06:58:05.299Z"}
{"context":"RouterExplorer","level":"info","message":"Mapped {/permissions, GET} route","timestamp":"2026-05-04T06:58:05.299Z"}
{"context":"RouterExplorer","level":"info","message":"Mapped {/permissions/:id, PATCH} route","timestamp":"2026-05-04T06:58:05.299Z"}
{"context":"RouterExplorer","level":"info","message":"Mapped {/permissions/:id, DELETE} route","timestamp":"2026-05-04T06:58:05.300Z"}
{"context":"RoutesResolver","level":"info","message":"AuthController {/auth}:","timestamp":"2026-05-04T06:58:05.300Z"}
{"context":"RouterExplorer","level":"info","message":"Mapped {/auth/register, POST} route","timestamp":"2026-05-04T06:58:05.300Z"}
{"context":"RouterExplorer","level":"info","message":"Mapped {/auth/login, POST} route","timestamp":"2026-05-04T06:58:05.300Z"}
{"context":"RouterExplorer","level":"info","message":"Mapped {/auth/refresh, POST} route","timestamp":"2026-05-04T06:58:05.301Z"}
{"context":"RouterExplorer","level":"info","message":"Mapped {/auth/logout, POST} route","timestamp":"2026-05-04T06:58:05.301Z"}
{"context":"RouterExplorer","level":"info","message":"Mapped {/auth/me, GET} route","timestamp":"2026-05-04T06:58:05.301Z"}
{"context":"RouterExplorer","level":"info","message":"Mapped {/auth/me/password, PATCH} route","timestamp":"2026-05-04T06:58:05.301Z"}
{"context":"RoutesResolver","level":"info","message":"AttributeController {/attribute}:","timestamp":"2026-05-04T06:58:05.302Z"}
{"context":"RouterExplorer","level":"info","message":"Mapped {/attribute, POST} route","timestamp":"2026-05-04T06:58:05.302Z"}
{"context":"RouterExplorer","level":"info","message":"Mapped {/attribute, GET} route","timestamp":"2026-05-04T06:58:05.302Z"}
{"context":"RouterExplorer","level":"info","message":"Mapped {/attribute/:id, GET} route","timestamp":"2026-05-04T06:58:05.302Z"}
{"context":"RouterExplorer","level":"info","message":"Mapped {/attribute/:id, PATCH} route","timestamp":"2026-05-04T06:58:05.303Z"}
{"context":"RouterExplorer","level":"info","message":"Mapped {/attribute/:id, DELETE} route","timestamp":"2026-05-04T06:58:05.303Z"}
{"context":"PrismaService","level":"info","message":"Kết nối database thành công","timestamp":"2026-05-04T06:58:05.345Z"}
{"context":"NestApplication","level":"info","message":"Nest application successfully started","timestamp":"2026-05-04T06:58:05.349Z"}
{"context":"LoggerMiddleware","level":"info","message":"[RequestID: 14a67034-3bf4-42e4-971d-8ffaf708cd24] POST /auth/login | Status: 201 | Duration: 127ms | IP: ::1 | UserAgent: Mozilla/5.0 (Windows NT 10.0; Win64; x64) AppleWebKit/537.36 (KHTML, like Gecko) Chrome/147.0.0.0 Safari/537.36","requestId":"14a67034-3bf4-42e4-971d-8ffaf708cd24","timestamp":"2026-05-04T07:17:38.524Z"}
{"level":"info","message":"Khởi tạo ứng dụng...","timestamp":"2026-05-04T07:18:39.694Z"}
{"context":"NestFactory","level":"info","message":"Starting Nest application...","timestamp":"2026-05-04T07:18:39.769Z"}
{"context":"InstanceLoader","level":"info","message":"CommonModule dependencies initialized","timestamp":"2026-05-04T07:18:39.775Z"}
{"context":"InstanceLoader","level":"info","message":"ConfigHostModule dependencies initialized","timestamp":"2026-05-04T07:18:39.775Z"}
{"context":"PrismaService","level":"info","message":"🔌 Prisma Connection String: postgresql://admin:******@localhost:5433/kyc_asset_db?schema=public","timestamp":"2026-05-04T07:18:39.777Z"}
{"context":"InstanceLoader","level":"info","message":"AppModule dependencies initialized","timestamp":"2026-05-04T07:18:39.778Z"}
{"context":"InstanceLoader","level":"info","message":"ConfigModule dependencies initialized","timestamp":"2026-05-04T07:18:39.778Z"}
{"context":"InstanceLoader","level":"info","message":"JwtModule dependencies initialized","timestamp":"2026-05-04T07:18:39.778Z"}
{"context":"InstanceLoader","level":"info","message":"PrismaModule dependencies initialized","timestamp":"2026-05-04T07:18:39.780Z"}
{"context":"InstanceLoader","level":"info","message":"WhitelistIpModule dependencies initialized","timestamp":"2026-05-04T07:18:39.781Z"}
{"context":"InstanceLoader","level":"info","message":"AttributeModule dependencies initialized","timestamp":"2026-05-04T07:18:39.781Z"}
{"context":"InstanceLoader","level":"info","message":"UsersModule dependencies initialized","timestamp":"2026-05-04T07:18:39.782Z"}
{"context":"InstanceLoader","level":"info","message":"RolesModule dependencies initialized","timestamp":"2026-05-04T07:18:39.782Z"}
{"context":"InstanceLoader","level":"info","message":"PermissionsModule dependencies initialized","timestamp":"2026-05-04T07:18:39.782Z"}
{"context":"InstanceLoader","level":"info","message":"AuthModule dependencies initialized","timestamp":"2026-05-04T07:18:39.782Z"}
{"context":"RoutesResolver","level":"info","message":"AppController {/}:","timestamp":"2026-05-04T07:18:39.804Z"}
{"context":"RouterExplorer","level":"info","message":"Mapped {/, GET} route","timestamp":"2026-05-04T07:18:39.805Z"}
{"context":"RoutesResolver","level":"info","message":"UsersController {/users}:","timestamp":"2026-05-04T07:18:39.805Z"}
{"context":"RouterExplorer","level":"info","message":"Mapped {/users, POST} route","timestamp":"2026-05-04T07:18:39.806Z"}
{"context":"RouterExplorer","level":"info","message":"Mapped {/users, GET} route","timestamp":"2026-05-04T07:18:39.806Z"}
{"context":"RouterExplorer","level":"info","message":"Mapped {/users/:id, GET} route","timestamp":"2026-05-04T07:18:39.806Z"}
{"context":"RouterExplorer","level":"info","message":"Mapped {/users/:id, PATCH} route","timestamp":"2026-05-04T07:18:39.807Z"}
{"context":"RouterExplorer","level":"info","message":"Mapped {/users/:id, DELETE} route","timestamp":"2026-05-04T07:18:39.807Z"}
{"context":"RoutesResolver","level":"info","message":"WhitelistIpController {/whitelist-ip}:","timestamp":"2026-05-04T07:18:39.807Z"}
{"context":"RouterExplorer","level":"info","message":"Mapped {/whitelist-ip, POST} route","timestamp":"2026-05-04T07:18:39.807Z"}
{"context":"RouterExplorer","level":"info","message":"Mapped {/whitelist-ip, GET} route","timestamp":"2026-05-04T07:18:39.807Z"}
{"context":"RouterExplorer","level":"info","message":"Mapped {/whitelist-ip/:id, GET} route","timestamp":"2026-05-04T07:18:39.807Z"}
{"context":"RouterExplorer","level":"info","message":"Mapped {/whitelist-ip/:id, PATCH} route","timestamp":"2026-05-04T07:18:39.808Z"}
{"context":"RouterExplorer","level":"info","message":"Mapped {/whitelist-ip/:id, DELETE} route","timestamp":"2026-05-04T07:18:39.808Z"}
{"context":"RoutesResolver","level":"info","message":"RolesController {/roles}:","timestamp":"2026-05-04T07:18:39.808Z"}
{"context":"RouterExplorer","level":"info","message":"Mapped {/roles, POST} route","timestamp":"2026-05-04T07:18:39.808Z"}
{"context":"RouterExplorer","level":"info","message":"Mapped {/roles, GET} route","timestamp":"2026-05-04T07:18:39.808Z"}
{"context":"RouterExplorer","level":"info","message":"Mapped {/roles/:id, GET} route","timestamp":"2026-05-04T07:18:39.809Z"}
{"context":"RouterExplorer","level":"info","message":"Mapped {/roles/:id, PATCH} route","timestamp":"2026-05-04T07:18:39.809Z"}
{"context":"RouterExplorer","level":"info","message":"Mapped {/roles/:id, DELETE} route","timestamp":"2026-05-04T07:18:39.809Z"}
{"context":"RoutesResolver","level":"info","message":"PermissionsController {/permissions}:","timestamp":"2026-05-04T07:18:39.809Z"}
{"context":"RouterExplorer","level":"info","message":"Mapped {/permissions, POST} route","timestamp":"2026-05-04T07:18:39.809Z"}
{"context":"RouterExplorer","level":"info","message":"Mapped {/permissions, GET} route","timestamp":"2026-05-04T07:18:39.810Z"}
{"context":"RouterExplorer","level":"info","message":"Mapped {/permissions/:id, PATCH} route","timestamp":"2026-05-04T07:18:39.810Z"}
{"context":"RouterExplorer","level":"info","message":"Mapped {/permissions/:id, DELETE} route","timestamp":"2026-05-04T07:18:39.810Z"}
{"context":"RoutesResolver","level":"info","message":"AuthController {/auth}:","timestamp":"2026-05-04T07:18:39.810Z"}
{"context":"RouterExplorer","level":"info","message":"Mapped {/auth/register, POST} route","timestamp":"2026-05-04T07:18:39.810Z"}
{"context":"RouterExplorer","level":"info","message":"Mapped {/auth/login, POST} route","timestamp":"2026-05-04T07:18:39.811Z"}
{"context":"RouterExplorer","level":"info","message":"Mapped {/auth/refresh, POST} route","timestamp":"2026-05-04T07:18:39.811Z"}
{"context":"RouterExplorer","level":"info","message":"Mapped {/auth/logout, POST} route","timestamp":"2026-05-04T07:18:39.811Z"}
{"context":"RouterExplorer","level":"info","message":"Mapped {/auth/me, GET} route","timestamp":"2026-05-04T07:18:39.811Z"}
{"context":"RouterExplorer","level":"info","message":"Mapped {/auth/me/password, PATCH} route","timestamp":"2026-05-04T07:18:39.811Z"}
{"context":"RoutesResolver","level":"info","message":"AttributeController {/attribute}:","timestamp":"2026-05-04T07:18:39.811Z"}
{"context":"RouterExplorer","level":"info","message":"Mapped {/attribute, POST} route","timestamp":"2026-05-04T07:18:39.812Z"}
{"context":"RouterExplorer","level":"info","message":"Mapped {/attribute, GET} route","timestamp":"2026-05-04T07:18:39.812Z"}
{"context":"RouterExplorer","level":"info","message":"Mapped {/attribute/:id, GET} route","timestamp":"2026-05-04T07:18:39.812Z"}
{"context":"RouterExplorer","level":"info","message":"Mapped {/attribute/:id, PATCH} route","timestamp":"2026-05-04T07:18:39.812Z"}
{"context":"RouterExplorer","level":"info","message":"Mapped {/attribute/:id, DELETE} route","timestamp":"2026-05-04T07:18:39.812Z"}
{"context":"PrismaService","level":"info","message":"Kết nối database thành công","timestamp":"2026-05-04T07:18:39.849Z"}
{"context":"NestApplication","level":"info","message":"Nest application successfully started","timestamp":"2026-05-04T07:18:39.852Z"}
{"level":"info","message":"Khởi tạo ứng dụng...","timestamp":"2026-05-04T07:20:31.742Z"}
{"context":"NestFactory","level":"info","message":"Starting Nest application...","timestamp":"2026-05-04T07:20:31.815Z"}
{"context":"InstanceLoader","level":"info","message":"CommonModule dependencies initialized","timestamp":"2026-05-04T07:20:31.821Z"}
{"context":"InstanceLoader","level":"info","message":"ConfigHostModule dependencies initialized","timestamp":"2026-05-04T07:20:31.821Z"}
{"context":"PrismaService","level":"info","message":"🔌 Prisma Connection String: postgresql://admin:******@localhost:5433/kyc_asset_db?schema=public","timestamp":"2026-05-04T07:20:31.825Z"}
{"context":"InstanceLoader","level":"info","message":"AppModule dependencies initialized","timestamp":"2026-05-04T07:20:31.826Z"}
{"context":"InstanceLoader","level":"info","message":"ConfigModule dependencies initialized","timestamp":"2026-05-04T07:20:31.826Z"}
{"context":"InstanceLoader","level":"info","message":"JwtModule dependencies initialized","timestamp":"2026-05-04T07:20:31.826Z"}
{"context":"InstanceLoader","level":"info","message":"PrismaModule dependencies initialized","timestamp":"2026-05-04T07:20:31.827Z"}
{"context":"InstanceLoader","level":"info","message":"WhitelistIpModule dependencies initialized","timestamp":"2026-05-04T07:20:31.828Z"}
{"context":"InstanceLoader","level":"info","message":"AttributeModule dependencies initialized","timestamp":"2026-05-04T07:20:31.828Z"}
{"context":"InstanceLoader","level":"info","message":"UsersModule dependencies initialized","timestamp":"2026-05-04T07:20:31.828Z"}
{"context":"InstanceLoader","level":"info","message":"RolesModule dependencies initialized","timestamp":"2026-05-04T07:20:31.828Z"}
{"context":"InstanceLoader","level":"info","message":"PermissionsModule dependencies initialized","timestamp":"2026-05-04T07:20:31.828Z"}
{"context":"InstanceLoader","level":"info","message":"AuthModule dependencies initialized","timestamp":"2026-05-04T07:20:31.828Z"}
{"context":"RoutesResolver","level":"info","message":"AppController {/}:","timestamp":"2026-05-04T07:20:31.850Z"}
{"context":"RouterExplorer","level":"info","message":"Mapped {/, GET} route","timestamp":"2026-05-04T07:20:31.851Z"}
{"context":"RoutesResolver","level":"info","message":"UsersController {/users}:","timestamp":"2026-05-04T07:20:31.851Z"}
{"context":"RouterExplorer","level":"info","message":"Mapped {/users, POST} route","timestamp":"2026-05-04T07:20:31.851Z"}
{"context":"RouterExplorer","level":"info","message":"Mapped {/users, GET} route","timestamp":"2026-05-04T07:20:31.852Z"}
{"context":"RouterExplorer","level":"info","message":"Mapped {/users/:id, GET} route","timestamp":"2026-05-04T07:20:31.852Z"}
{"context":"RouterExplorer","level":"info","message":"Mapped {/users/:id, PATCH} route","timestamp":"2026-05-04T07:20:31.852Z"}
{"context":"RouterExplorer","level":"info","message":"Mapped {/users/:id, DELETE} route","timestamp":"2026-05-04T07:20:31.852Z"}
{"context":"RoutesResolver","level":"info","message":"WhitelistIpController {/whitelist-ip}:","timestamp":"2026-05-04T07:20:31.852Z"}
{"context":"RouterExplorer","level":"info","message":"Mapped {/whitelist-ip, POST} route","timestamp":"2026-05-04T07:20:31.853Z"}
{"context":"RouterExplorer","level":"info","message":"Mapped {/whitelist-ip, GET} route","timestamp":"2026-05-04T07:20:31.853Z"}
{"context":"RouterExplorer","level":"info","message":"Mapped {/whitelist-ip/:id, GET} route","timestamp":"2026-05-04T07:20:31.853Z"}
{"context":"RouterExplorer","level":"info","message":"Mapped {/whitelist-ip/:id, PATCH} route","timestamp":"2026-05-04T07:20:31.853Z"}
{"context":"RouterExplorer","level":"info","message":"Mapped {/whitelist-ip/:id, DELETE} route","timestamp":"2026-05-04T07:20:31.853Z"}
{"context":"RoutesResolver","level":"info","message":"RolesController {/roles}:","timestamp":"2026-05-04T07:20:31.853Z"}
{"context":"RouterExplorer","level":"info","message":"Mapped {/roles, POST} route","timestamp":"2026-05-04T07:20:31.854Z"}
{"context":"RouterExplorer","level":"info","message":"Mapped {/roles, GET} route","timestamp":"2026-05-04T07:20:31.854Z"}
{"context":"RouterExplorer","level":"info","message":"Mapped {/roles/:id, GET} route","timestamp":"2026-05-04T07:20:31.854Z"}
{"context":"RouterExplorer","level":"info","message":"Mapped {/roles/:id, PATCH} route","timestamp":"2026-05-04T07:20:31.854Z"}
{"context":"RouterExplorer","level":"info","message":"Mapped {/roles/:id, DELETE} route","timestamp":"2026-05-04T07:20:31.854Z"}
{"context":"RoutesResolver","level":"info","message":"PermissionsController {/permissions}:","timestamp":"2026-05-04T07:20:31.855Z"}
{"context":"RouterExplorer","level":"info","message":"Mapped {/permissions, POST} route","timestamp":"2026-05-04T07:20:31.855Z"}
{"context":"RouterExplorer","level":"info","message":"Mapped {/permissions, GET} route","timestamp":"2026-05-04T07:20:31.855Z"}
{"context":"RouterExplorer","level":"info","message":"Mapped {/permissions/:id, PATCH} route","timestamp":"2026-05-04T07:20:31.855Z"}
{"context":"RouterExplorer","level":"info","message":"Mapped {/permissions/:id, DELETE} route","timestamp":"2026-05-04T07:20:31.855Z"}
{"context":"RoutesResolver","level":"info","message":"AuthController {/auth}:","timestamp":"2026-05-04T07:20:31.856Z"}
{"context":"RouterExplorer","level":"info","message":"Mapped {/auth/register, POST} route","timestamp":"2026-05-04T07:20:31.856Z"}
{"context":"RouterExplorer","level":"info","message":"Mapped {/auth/login, POST} route","timestamp":"2026-05-04T07:20:31.857Z"}
{"context":"RouterExplorer","level":"info","message":"Mapped {/auth/refresh, POST} route","timestamp":"2026-05-04T07:20:31.857Z"}
{"context":"RouterExplorer","level":"info","message":"Mapped {/auth/logout, POST} route","timestamp":"2026-05-04T07:20:31.857Z"}
{"context":"RouterExplorer","level":"info","message":"Mapped {/auth/me, GET} route","timestamp":"2026-05-04T07:20:31.857Z"}
{"context":"RouterExplorer","level":"info","message":"Mapped {/auth/me/password, PATCH} route","timestamp":"2026-05-04T07:20:31.857Z"}
{"context":"RoutesResolver","level":"info","message":"AttributeController {/attribute}:","timestamp":"2026-05-04T07:20:31.857Z"}
{"context":"RouterExplorer","level":"info","message":"Mapped {/attribute, POST} route","timestamp":"2026-05-04T07:20:31.858Z"}
{"context":"RouterExplorer","level":"info","message":"Mapped {/attribute, GET} route","timestamp":"2026-05-04T07:20:31.858Z"}
{"context":"RouterExplorer","level":"info","message":"Mapped {/attribute/:id, GET} route","timestamp":"2026-05-04T07:20:31.858Z"}
{"context":"RouterExplorer","level":"info","message":"Mapped {/attribute/:id, PATCH} route","timestamp":"2026-05-04T07:20:31.858Z"}
{"context":"RouterExplorer","level":"info","message":"Mapped {/attribute/:id, DELETE} route","timestamp":"2026-05-04T07:20:31.858Z"}
{"context":"PrismaService","level":"info","message":"Kết nối database thành công","timestamp":"2026-05-04T07:20:31.896Z"}
{"context":"NestApplication","level":"info","message":"Nest application successfully started","timestamp":"2026-05-04T07:20:31.899Z"}
{"level":"info","message":"Khởi tạo ứng dụng...","timestamp":"2026-05-04T07:20:43.388Z"}
{"context":"NestFactory","level":"info","message":"Starting Nest application...","timestamp":"2026-05-04T07:20:43.458Z"}
{"context":"InstanceLoader","level":"info","message":"CommonModule dependencies initialized","timestamp":"2026-05-04T07:20:43.465Z"}
{"context":"InstanceLoader","level":"info","message":"ConfigHostModule dependencies initialized","timestamp":"2026-05-04T07:20:43.465Z"}
{"context":"PrismaService","level":"info","message":"🔌 Prisma Connection String: postgresql://admin:******@localhost:5433/kyc_asset_db?schema=public","timestamp":"2026-05-04T07:20:43.469Z"}
{"context":"InstanceLoader","level":"info","message":"AppModule dependencies initialized","timestamp":"2026-05-04T07:20:43.469Z"}
{"context":"InstanceLoader","level":"info","message":"ConfigModule dependencies initialized","timestamp":"2026-05-04T07:20:43.469Z"}
{"context":"InstanceLoader","level":"info","message":"JwtModule dependencies initialized","timestamp":"2026-05-04T07:20:43.470Z"}
{"context":"InstanceLoader","level":"info","message":"PrismaModule dependencies initialized","timestamp":"2026-05-04T07:20:43.470Z"}
{"context":"InstanceLoader","level":"info","message":"WhitelistIpModule dependencies initialized","timestamp":"2026-05-04T07:20:43.471Z"}
{"context":"InstanceLoader","level":"info","message":"AttributeModule dependencies initialized","timestamp":"2026-05-04T07:20:43.471Z"}
{"context":"InstanceLoader","level":"info","message":"UsersModule dependencies initialized","timestamp":"2026-05-04T07:20:43.471Z"}
{"context":"InstanceLoader","level":"info","message":"RolesModule dependencies initialized","timestamp":"2026-05-04T07:20:43.471Z"}
{"context":"InstanceLoader","level":"info","message":"PermissionsModule dependencies initialized","timestamp":"2026-05-04T07:20:43.471Z"}
{"context":"InstanceLoader","level":"info","message":"AuthModule dependencies initialized","timestamp":"2026-05-04T07:20:43.471Z"}
{"context":"RoutesResolver","level":"info","message":"AppController {/}:","timestamp":"2026-05-04T07:20:43.494Z"}
{"context":"RouterExplorer","level":"info","message":"Mapped {/, GET} route","timestamp":"2026-05-04T07:20:43.496Z"}
{"context":"RoutesResolver","level":"info","message":"UsersController {/users}:","timestamp":"2026-05-04T07:20:43.496Z"}
{"context":"RouterExplorer","level":"info","message":"Mapped {/users, POST} route","timestamp":"2026-05-04T07:20:43.496Z"}
{"context":"RouterExplorer","level":"info","message":"Mapped {/users, GET} route","timestamp":"2026-05-04T07:20:43.496Z"}
{"context":"RouterExplorer","level":"info","message":"Mapped {/users/:id, GET} route","timestamp":"2026-05-04T07:20:43.497Z"}
{"context":"RouterExplorer","level":"info","message":"Mapped {/users/:id, PATCH} route","timestamp":"2026-05-04T07:20:43.497Z"}
{"context":"RouterExplorer","level":"info","message":"Mapped {/users/:id, DELETE} route","timestamp":"2026-05-04T07:20:43.498Z"}
{"context":"RoutesResolver","level":"info","message":"WhitelistIpController {/whitelist-ip}:","timestamp":"2026-05-04T07:20:43.498Z"}
{"context":"RouterExplorer","level":"info","message":"Mapped {/whitelist-ip, POST} route","timestamp":"2026-05-04T07:20:43.498Z"}
{"context":"RouterExplorer","level":"info","message":"Mapped {/whitelist-ip, GET} route","timestamp":"2026-05-04T07:20:43.498Z"}
{"context":"RouterExplorer","level":"info","message":"Mapped {/whitelist-ip/:id, GET} route","timestamp":"2026-05-04T07:20:43.498Z"}
{"context":"RouterExplorer","level":"info","message":"Mapped {/whitelist-ip/:id, PATCH} route","timestamp":"2026-05-04T07:20:43.498Z"}
{"context":"RouterExplorer","level":"info","message":"Mapped {/whitelist-ip/:id, DELETE} route","timestamp":"2026-05-04T07:20:43.499Z"}
{"context":"RoutesResolver","level":"info","message":"RolesController {/roles}:","timestamp":"2026-05-04T07:20:43.499Z"}
{"context":"RouterExplorer","level":"info","message":"Mapped {/roles, POST} route","timestamp":"2026-05-04T07:20:43.499Z"}
{"context":"RouterExplorer","level":"info","message":"Mapped {/roles, GET} route","timestamp":"2026-05-04T07:20:43.499Z"}
{"context":"RouterExplorer","level":"info","message":"Mapped {/roles/:id, GET} route","timestamp":"2026-05-04T07:20:43.499Z"}
{"context":"RouterExplorer","level":"info","message":"Mapped {/roles/:id, PATCH} route","timestamp":"2026-05-04T07:20:43.499Z"}
{"context":"RouterExplorer","level":"info","message":"Mapped {/roles/:id, DELETE} route","timestamp":"2026-05-04T07:20:43.499Z"}
{"context":"RoutesResolver","level":"info","message":"PermissionsController {/permissions}:","timestamp":"2026-05-04T07:20:43.499Z"}
{"context":"RouterExplorer","level":"info","message":"Mapped {/permissions, POST} route","timestamp":"2026-05-04T07:20:43.500Z"}
{"context":"RouterExplorer","level":"info","message":"Mapped {/permissions, GET} route","timestamp":"2026-05-04T07:20:43.500Z"}
{"context":"RouterExplorer","level":"info","message":"Mapped {/permissions/:id, PATCH} route","timestamp":"2026-05-04T07:20:43.500Z"}
{"context":"RouterExplorer","level":"info","message":"Mapped {/permissions/:id, DELETE} route","timestamp":"2026-05-04T07:20:43.500Z"}
{"context":"RoutesResolver","level":"info","message":"AuthController {/auth}:","timestamp":"2026-05-04T07:20:43.500Z"}
{"context":"RouterExplorer","level":"info","message":"Mapped {/auth/register, POST} route","timestamp":"2026-05-04T07:20:43.500Z"}
{"context":"RouterExplorer","level":"info","message":"Mapped {/auth/login, POST} route","timestamp":"2026-05-04T07:20:43.500Z"}
{"context":"RouterExplorer","level":"info","message":"Mapped {/auth/refresh, POST} route","timestamp":"2026-05-04T07:20:43.501Z"}
{"context":"RouterExplorer","level":"info","message":"Mapped {/auth/logout, POST} route","timestamp":"2026-05-04T07:20:43.501Z"}
{"context":"RouterExplorer","level":"info","message":"Mapped {/auth/me, GET} route","timestamp":"2026-05-04T07:20:43.501Z"}
{"context":"RouterExplorer","level":"info","message":"Mapped {/auth/me/password, PATCH} route","timestamp":"2026-05-04T07:20:43.501Z"}
{"context":"RoutesResolver","level":"info","message":"AttributeController {/attribute}:","timestamp":"2026-05-04T07:20:43.501Z"}
{"context":"RouterExplorer","level":"info","message":"Mapped {/attribute, POST} route","timestamp":"2026-05-04T07:20:43.502Z"}
{"context":"RouterExplorer","level":"info","message":"Mapped {/attribute, GET} route","timestamp":"2026-05-04T07:20:43.502Z"}
{"context":"RouterExplorer","level":"info","message":"Mapped {/attribute/:id, GET} route","timestamp":"2026-05-04T07:20:43.502Z"}
{"context":"RouterExplorer","level":"info","message":"Mapped {/attribute/:id, PATCH} route","timestamp":"2026-05-04T07:20:43.502Z"}
{"context":"RouterExplorer","level":"info","message":"Mapped {/attribute/:id, DELETE} route","timestamp":"2026-05-04T07:20:43.502Z"}
{"context":"PrismaService","level":"info","message":"Kết nối database thành công","timestamp":"2026-05-04T07:20:43.540Z"}
{"context":"NestApplication","level":"info","message":"Nest application successfully started","timestamp":"2026-05-04T07:20:43.543Z"}
{"level":"info","message":"Khởi tạo ứng dụng...","timestamp":"2026-05-04T07:21:44.267Z"}
{"context":"NestFactory","level":"info","message":"Starting Nest application...","timestamp":"2026-05-04T07:21:44.337Z"}
{"context":"InstanceLoader","level":"info","message":"CommonModule dependencies initialized","timestamp":"2026-05-04T07:21:44.343Z"}
{"context":"InstanceLoader","level":"info","message":"ConfigHostModule dependencies initialized","timestamp":"2026-05-04T07:21:44.343Z"}
{"context":"PrismaService","level":"info","message":"🔌 Prisma Connection String: postgresql://admin:******@localhost:5433/kyc_asset_db?schema=public","timestamp":"2026-05-04T07:21:44.347Z"}
{"context":"InstanceLoader","level":"info","message":"AppModule dependencies initialized","timestamp":"2026-05-04T07:21:44.347Z"}
{"context":"InstanceLoader","level":"info","message":"ConfigModule dependencies initialized","timestamp":"2026-05-04T07:21:44.348Z"}
{"context":"InstanceLoader","level":"info","message":"JwtModule dependencies initialized","timestamp":"2026-05-04T07:21:44.348Z"}
{"context":"InstanceLoader","level":"info","message":"PrismaModule dependencies initialized","timestamp":"2026-05-04T07:21:44.348Z"}
{"context":"InstanceLoader","level":"info","message":"WhitelistIpModule dependencies initialized","timestamp":"2026-05-04T07:21:44.349Z"}
{"context":"InstanceLoader","level":"info","message":"AttributeModule dependencies initialized","timestamp":"2026-05-04T07:21:44.349Z"}
{"context":"InstanceLoader","level":"info","message":"UsersModule dependencies initialized","timestamp":"2026-05-04T07:21:44.350Z"}
{"context":"InstanceLoader","level":"info","message":"RolesModule dependencies initialized","timestamp":"2026-05-04T07:21:44.350Z"}
{"context":"InstanceLoader","level":"info","message":"PermissionsModule dependencies initialized","timestamp":"2026-05-04T07:21:44.350Z"}
{"context":"InstanceLoader","level":"info","message":"AuthModule dependencies initialized","timestamp":"2026-05-04T07:21:44.350Z"}
{"context":"RoutesResolver","level":"info","message":"AppController {/}:","timestamp":"2026-05-04T07:21:44.372Z"}
{"context":"RouterExplorer","level":"info","message":"Mapped {/, GET} route","timestamp":"2026-05-04T07:21:44.373Z"}
{"context":"RoutesResolver","level":"info","message":"UsersController {/users}:","timestamp":"2026-05-04T07:21:44.374Z"}
{"context":"RouterExplorer","level":"info","message":"Mapped {/users, POST} route","timestamp":"2026-05-04T07:21:44.374Z"}
{"context":"RouterExplorer","level":"info","message":"Mapped {/users, GET} route","timestamp":"2026-05-04T07:21:44.374Z"}
{"context":"RouterExplorer","level":"info","message":"Mapped {/users/:id, GET} route","timestamp":"2026-05-04T07:21:44.375Z"}
{"context":"RouterExplorer","level":"info","message":"Mapped {/users/:id, PATCH} route","timestamp":"2026-05-04T07:21:44.375Z"}
{"context":"RouterExplorer","level":"info","message":"Mapped {/users/:id, DELETE} route","timestamp":"2026-05-04T07:21:44.375Z"}
{"context":"RoutesResolver","level":"info","message":"WhitelistIpController {/whitelist-ip}:","timestamp":"2026-05-04T07:21:44.375Z"}
{"context":"RouterExplorer","level":"info","message":"Mapped {/whitelist-ip, POST} route","timestamp":"2026-05-04T07:21:44.376Z"}
{"context":"RouterExplorer","level":"info","message":"Mapped {/whitelist-ip, GET} route","timestamp":"2026-05-04T07:21:44.376Z"}
{"context":"RouterExplorer","level":"info","message":"Mapped {/whitelist-ip/:id, GET} route","timestamp":"2026-05-04T07:21:44.376Z"}
{"context":"RouterExplorer","level":"info","message":"Mapped {/whitelist-ip/:id, PATCH} route","timestamp":"2026-05-04T07:21:44.376Z"}
{"context":"RouterExplorer","level":"info","message":"Mapped {/whitelist-ip/:id, DELETE} route","timestamp":"2026-05-04T07:21:44.376Z"}
{"context":"RoutesResolver","level":"info","message":"RolesController {/roles}:","timestamp":"2026-05-04T07:21:44.376Z"}
{"context":"RouterExplorer","level":"info","message":"Mapped {/roles, POST} route","timestamp":"2026-05-04T07:21:44.377Z"}
{"context":"RouterExplorer","level":"info","message":"Mapped {/roles, GET} route","timestamp":"2026-05-04T07:21:44.377Z"}
{"context":"RouterExplorer","level":"info","message":"Mapped {/roles/:id, GET} route","timestamp":"2026-05-04T07:21:44.377Z"}
{"context":"RouterExplorer","level":"info","message":"Mapped {/roles/:id, PATCH} route","timestamp":"2026-05-04T07:21:44.377Z"}
{"context":"RouterExplorer","level":"info","message":"Mapped {/roles/:id, DELETE} route","timestamp":"2026-05-04T07:21:44.377Z"}
{"context":"RoutesResolver","level":"info","message":"PermissionsController {/permissions}:","timestamp":"2026-05-04T07:21:44.377Z"}
{"context":"RouterExplorer","level":"info","message":"Mapped {/permissions, POST} route","timestamp":"2026-05-04T07:21:44.377Z"}
{"context":"RouterExplorer","level":"info","message":"Mapped {/permissions, GET} route","timestamp":"2026-05-04T07:21:44.378Z"}
{"context":"RouterExplorer","level":"info","message":"Mapped {/permissions/:id, PATCH} route","timestamp":"2026-05-04T07:21:44.378Z"}
{"context":"RouterExplorer","level":"info","message":"Mapped {/permissions/:id, DELETE} route","timestamp":"2026-05-04T07:21:44.378Z"}
{"context":"RoutesResolver","level":"info","message":"AuthController {/auth}:","timestamp":"2026-05-04T07:21:44.378Z"}
{"context":"RouterExplorer","level":"info","message":"Mapped {/auth/register, POST} route","timestamp":"2026-05-04T07:21:44.378Z"}
{"context":"RouterExplorer","level":"info","message":"Mapped {/auth/login, POST} route","timestamp":"2026-05-04T07:21:44.379Z"}
{"context":"RouterExplorer","level":"info","message":"Mapped {/auth/refresh, POST} route","timestamp":"2026-05-04T07:21:44.379Z"}
{"context":"RouterExplorer","level":"info","message":"Mapped {/auth/logout, POST} route","timestamp":"2026-05-04T07:21:44.379Z"}
{"context":"RouterExplorer","level":"info","message":"Mapped {/auth/me, GET} route","timestamp":"2026-05-04T07:21:44.379Z"}
{"context":"RouterExplorer","level":"info","message":"Mapped {/auth/me/password, PATCH} route","timestamp":"2026-05-04T07:21:44.379Z"}
{"context":"RoutesResolver","level":"info","message":"AttributeController {/attribute}:","timestamp":"2026-05-04T07:21:44.379Z"}
{"context":"RouterExplorer","level":"info","message":"Mapped {/attribute, POST} route","timestamp":"2026-05-04T07:21:44.380Z"}
{"context":"RouterExplorer","level":"info","message":"Mapped {/attribute, GET} route","timestamp":"2026-05-04T07:21:44.380Z"}
{"context":"RouterExplorer","level":"info","message":"Mapped {/attribute/:id, GET} route","timestamp":"2026-05-04T07:21:44.380Z"}
{"context":"RouterExplorer","level":"info","message":"Mapped {/attribute/:id, PATCH} route","timestamp":"2026-05-04T07:21:44.380Z"}
{"context":"RouterExplorer","level":"info","message":"Mapped {/attribute/:id, DELETE} route","timestamp":"2026-05-04T07:21:44.380Z"}
{"context":"PrismaService","level":"info","message":"Kết nối database thành công","timestamp":"2026-05-04T07:21:44.417Z"}
{"context":"NestApplication","level":"info","message":"Nest application successfully started","timestamp":"2026-05-04T07:21:44.421Z"}
{"level":"info","message":"Khởi tạo ứng dụng...","timestamp":"2026-05-04T07:21:54.339Z"}
{"context":"NestFactory","level":"info","message":"Starting Nest application...","timestamp":"2026-05-04T07:21:54.409Z"}
{"context":"InstanceLoader","level":"info","message":"CommonModule dependencies initialized","timestamp":"2026-05-04T07:21:54.415Z"}
{"context":"InstanceLoader","level":"info","message":"ConfigHostModule dependencies initialized","timestamp":"2026-05-04T07:21:54.415Z"}
{"context":"PrismaService","level":"info","message":"🔌 Prisma Connection String: postgresql://admin:******@localhost:5433/kyc_asset_db?schema=public","timestamp":"2026-05-04T07:21:54.419Z"}
{"context":"InstanceLoader","level":"info","message":"AppModule dependencies initialized","timestamp":"2026-05-04T07:21:54.419Z"}
{"context":"InstanceLoader","level":"info","message":"ConfigModule dependencies initialized","timestamp":"2026-05-04T07:21:54.420Z"}
{"context":"InstanceLoader","level":"info","message":"JwtModule dependencies initialized","timestamp":"2026-05-04T07:21:54.420Z"}
{"context":"InstanceLoader","level":"info","message":"PrismaModule dependencies initialized","timestamp":"2026-05-04T07:21:54.420Z"}
{"context":"InstanceLoader","level":"info","message":"WhitelistIpModule dependencies initialized","timestamp":"2026-05-04T07:21:54.421Z"}
{"context":"InstanceLoader","level":"info","message":"AttributeModule dependencies initialized","timestamp":"2026-05-04T07:21:54.422Z"}
{"context":"InstanceLoader","level":"info","message":"UsersModule dependencies initialized","timestamp":"2026-05-04T07:21:54.422Z"}
{"context":"InstanceLoader","level":"info","message":"RolesModule dependencies initialized","timestamp":"2026-05-04T07:21:54.422Z"}
{"context":"InstanceLoader","level":"info","message":"PermissionsModule dependencies initialized","timestamp":"2026-05-04T07:21:54.422Z"}
{"context":"InstanceLoader","level":"info","message":"AuthModule dependencies initialized","timestamp":"2026-05-04T07:21:54.422Z"}
{"context":"RoutesResolver","level":"info","message":"AppController {/}:","timestamp":"2026-05-04T07:21:54.448Z"}
{"context":"RouterExplorer","level":"info","message":"Mapped {/, GET} route","timestamp":"2026-05-04T07:21:54.449Z"}
{"context":"RoutesResolver","level":"info","message":"UsersController {/users}:","timestamp":"2026-05-04T07:21:54.449Z"}
{"context":"RouterExplorer","level":"info","message":"Mapped {/users, POST} route","timestamp":"2026-05-04T07:21:54.449Z"}
{"context":"RouterExplorer","level":"info","message":"Mapped {/users, GET} route","timestamp":"2026-05-04T07:21:54.450Z"}
{"context":"RouterExplorer","level":"info","message":"Mapped {/users/:id, GET} route","timestamp":"2026-05-04T07:21:54.450Z"}
{"context":"RouterExplorer","level":"info","message":"Mapped {/users/:id, PATCH} route","timestamp":"2026-05-04T07:21:54.450Z"}
{"context":"RouterExplorer","level":"info","message":"Mapped {/users/:id, DELETE} route","timestamp":"2026-05-04T07:21:54.450Z"}
{"context":"RoutesResolver","level":"info","message":"WhitelistIpController {/whitelist-ip}:","timestamp":"2026-05-04T07:21:54.450Z"}
{"context":"RouterExplorer","level":"info","message":"Mapped {/whitelist-ip, POST} route","timestamp":"2026-05-04T07:21:54.450Z"}
{"context":"RouterExplorer","level":"info","message":"Mapped {/whitelist-ip, GET} route","timestamp":"2026-05-04T07:21:54.451Z"}
{"context":"RouterExplorer","level":"info","message":"Mapped {/whitelist-ip/:id, GET} route","timestamp":"2026-05-04T07:21:54.451Z"}
{"context":"RouterExplorer","level":"info","message":"Mapped {/whitelist-ip/:id, PATCH} route","timestamp":"2026-05-04T07:21:54.451Z"}
{"context":"RouterExplorer","level":"info","message":"Mapped {/whitelist-ip/:id, DELETE} route","timestamp":"2026-05-04T07:21:54.451Z"}
{"context":"RoutesResolver","level":"info","message":"RolesController {/roles}:","timestamp":"2026-05-04T07:21:54.451Z"}
{"context":"RouterExplorer","level":"info","message":"Mapped {/roles, POST} route","timestamp":"2026-05-04T07:21:54.452Z"}
{"context":"RouterExplorer","level":"info","message":"Mapped {/roles, GET} route","timestamp":"2026-05-04T07:21:54.452Z"}
{"context":"RouterExplorer","level":"info","message":"Mapped {/roles/:id, GET} route","timestamp":"2026-05-04T07:21:54.452Z"}
{"context":"RouterExplorer","level":"info","message":"Mapped {/roles/:id, PATCH} route","timestamp":"2026-05-04T07:21:54.452Z"}
{"context":"RouterExplorer","level":"info","message":"Mapped {/roles/:id, DELETE} route","timestamp":"2026-05-04T07:21:54.452Z"}
{"context":"RoutesResolver","level":"info","message":"PermissionsController {/permissions}:","timestamp":"2026-05-04T07:21:54.452Z"}
{"context":"RouterExplorer","level":"info","message":"Mapped {/permissions, POST} route","timestamp":"2026-05-04T07:21:54.453Z"}
{"context":"RouterExplorer","level":"info","message":"Mapped {/permissions, GET} route","timestamp":"2026-05-04T07:21:54.453Z"}
{"context":"RouterExplorer","level":"info","message":"Mapped {/permissions/:id, PATCH} route","timestamp":"2026-05-04T07:21:54.453Z"}
{"context":"RouterExplorer","level":"info","message":"Mapped {/permissions/:id, DELETE} route","timestamp":"2026-05-04T07:21:54.453Z"}
{"context":"RoutesResolver","level":"info","message":"AuthController {/auth}:","timestamp":"2026-05-04T07:21:54.453Z"}
{"context":"RouterExplorer","level":"info","message":"Mapped {/auth/register, POST} route","timestamp":"2026-05-04T07:21:54.453Z"}
{"context":"RouterExplorer","level":"info","message":"Mapped {/auth/login, POST} route","timestamp":"2026-05-04T07:21:54.453Z"}
{"context":"RouterExplorer","level":"info","message":"Mapped {/auth/refresh, POST} route","timestamp":"2026-05-04T07:21:54.454Z"}
{"context":"RouterExplorer","level":"info","message":"Mapped {/auth/logout, POST} route","timestamp":"2026-05-04T07:21:54.454Z"}
{"context":"RouterExplorer","level":"info","message":"Mapped {/auth/me, GET} route","timestamp":"2026-05-04T07:21:54.454Z"}
{"context":"RouterExplorer","level":"info","message":"Mapped {/auth/me/password, PATCH} route","timestamp":"2026-05-04T07:21:54.454Z"}
{"context":"RoutesResolver","level":"info","message":"AttributeController {/attribute}:","timestamp":"2026-05-04T07:21:54.454Z"}
{"context":"RouterExplorer","level":"info","message":"Mapped {/attribute, POST} route","timestamp":"2026-05-04T07:21:54.454Z"}
{"context":"RouterExplorer","level":"info","message":"Mapped {/attribute, GET} route","timestamp":"2026-05-04T07:21:54.455Z"}
{"context":"RouterExplorer","level":"info","message":"Mapped {/attribute/:id, GET} route","timestamp":"2026-05-04T07:21:54.455Z"}
{"context":"RouterExplorer","level":"info","message":"Mapped {/attribute/:id, PATCH} route","timestamp":"2026-05-04T07:21:54.455Z"}
{"context":"RouterExplorer","level":"info","message":"Mapped {/attribute/:id, DELETE} route","timestamp":"2026-05-04T07:21:54.455Z"}
{"context":"PrismaService","level":"info","message":"Kết nối database thành công","timestamp":"2026-05-04T07:21:54.492Z"}
{"context":"NestApplication","level":"info","message":"Nest application successfully started","timestamp":"2026-05-04T07:21:54.496Z"}
{"level":"info","message":"Khởi tạo ứng dụng...","timestamp":"2026-05-04T07:23:17.445Z"}
{"context":"NestFactory","level":"info","message":"Starting Nest application...","timestamp":"2026-05-04T07:23:17.578Z"}
{"context":"InstanceLoader","level":"info","message":"CommonModule dependencies initialized","timestamp":"2026-05-04T07:23:17.585Z"}
{"context":"InstanceLoader","level":"info","message":"ConfigHostModule dependencies initialized","timestamp":"2026-05-04T07:23:17.585Z"}
{"context":"PrismaService","level":"info","message":"🔌 Prisma Connection String: postgresql://admin:******@localhost:5433/kyc_asset_db?schema=public","timestamp":"2026-05-04T07:23:17.589Z"}
{"context":"InstanceLoader","level":"info","message":"AppModule dependencies initialized","timestamp":"2026-05-04T07:23:17.589Z"}
{"context":"InstanceLoader","level":"info","message":"ConfigModule dependencies initialized","timestamp":"2026-05-04T07:23:17.589Z"}
{"context":"InstanceLoader","level":"info","message":"JwtModule dependencies initialized","timestamp":"2026-05-04T07:23:17.590Z"}
{"context":"InstanceLoader","level":"info","message":"PrismaModule dependencies initialized","timestamp":"2026-05-04T07:23:17.590Z"}
{"context":"InstanceLoader","level":"info","message":"WhitelistIpModule dependencies initialized","timestamp":"2026-05-04T07:23:17.591Z"}
{"context":"InstanceLoader","level":"info","message":"AttributeModule dependencies initialized","timestamp":"2026-05-04T07:23:17.592Z"}
{"context":"InstanceLoader","level":"info","message":"UsersModule dependencies initialized","timestamp":"2026-05-04T07:23:17.592Z"}
{"context":"InstanceLoader","level":"info","message":"RolesModule dependencies initialized","timestamp":"2026-05-04T07:23:17.592Z"}
{"context":"InstanceLoader","level":"info","message":"PermissionsModule dependencies initialized","timestamp":"2026-05-04T07:23:17.592Z"}
{"context":"InstanceLoader","level":"info","message":"AuthModule dependencies initialized","timestamp":"2026-05-04T07:23:17.592Z"}
{"context":"RoutesResolver","level":"info","message":"AppController {/}:","timestamp":"2026-05-04T07:23:17.614Z"}
{"context":"RouterExplorer","level":"info","message":"Mapped {/, GET} route","timestamp":"2026-05-04T07:23:17.616Z"}
{"context":"RoutesResolver","level":"info","message":"UsersController {/users}:","timestamp":"2026-05-04T07:23:17.616Z"}
{"context":"RouterExplorer","level":"info","message":"Mapped {/users, POST} route","timestamp":"2026-05-04T07:23:17.616Z"}
{"context":"RouterExplorer","level":"info","message":"Mapped {/users, GET} route","timestamp":"2026-05-04T07:23:17.616Z"}
{"context":"RouterExplorer","level":"info","message":"Mapped {/users/:id, GET} route","timestamp":"2026-05-04T07:23:17.617Z"}
{"context":"RouterExplorer","level":"info","message":"Mapped {/users/:id, PATCH} route","timestamp":"2026-05-04T07:23:17.617Z"}
{"context":"RouterExplorer","level":"info","message":"Mapped {/users/:id, DELETE} route","timestamp":"2026-05-04T07:23:17.617Z"}
{"context":"RoutesResolver","level":"info","message":"WhitelistIpController {/whitelist-ip}:","timestamp":"2026-05-04T07:23:17.617Z"}
{"context":"RouterExplorer","level":"info","message":"Mapped {/whitelist-ip, POST} route","timestamp":"2026-05-04T07:23:17.617Z"}
{"context":"RouterExplorer","level":"info","message":"Mapped {/whitelist-ip, GET} route","timestamp":"2026-05-04T07:23:17.618Z"}
{"context":"RouterExplorer","level":"info","message":"Mapped {/whitelist-ip/:id, GET} route","timestamp":"2026-05-04T07:23:17.618Z"}
{"context":"RouterExplorer","level":"info","message":"Mapped {/whitelist-ip/:id, PATCH} route","timestamp":"2026-05-04T07:23:17.618Z"}
{"context":"RouterExplorer","level":"info","message":"Mapped {/whitelist-ip/:id, DELETE} route","timestamp":"2026-05-04T07:23:17.618Z"}
{"context":"RoutesResolver","level":"info","message":"RolesController {/roles}:","timestamp":"2026-05-04T07:23:17.618Z"}
{"context":"RouterExplorer","level":"info","message":"Mapped {/roles, POST} route","timestamp":"2026-05-04T07:23:17.618Z"}
{"context":"RouterExplorer","level":"info","message":"Mapped {/roles, GET} route","timestamp":"2026-05-04T07:23:17.619Z"}
{"context":"RouterExplorer","level":"info","message":"Mapped {/roles/:id, GET} route","timestamp":"2026-05-04T07:23:17.619Z"}
{"context":"RouterExplorer","level":"info","message":"Mapped {/roles/:id, PATCH} route","timestamp":"2026-05-04T07:23:17.619Z"}
{"context":"RouterExplorer","level":"info","message":"Mapped {/roles/:id, DELETE} route","timestamp":"2026-05-04T07:23:17.619Z"}
{"context":"RoutesResolver","level":"info","message":"PermissionsController {/permissions}:","timestamp":"2026-05-04T07:23:17.619Z"}
{"context":"RouterExplorer","level":"info","message":"Mapped {/permissions, POST} route","timestamp":"2026-05-04T07:23:17.619Z"}
{"context":"RouterExplorer","level":"info","message":"Mapped {/permissions, GET} route","timestamp":"2026-05-04T07:23:17.619Z"}
{"context":"RouterExplorer","level":"info","message":"Mapped {/permissions/:id, PATCH} route","timestamp":"2026-05-04T07:23:17.619Z"}
{"context":"RouterExplorer","level":"info","message":"Mapped {/permissions/:id, DELETE} route","timestamp":"2026-05-04T07:23:17.620Z"}
{"context":"RoutesResolver","level":"info","message":"AuthController {/auth}:","timestamp":"2026-05-04T07:23:17.620Z"}
{"context":"RouterExplorer","level":"info","message":"Mapped {/auth/register, POST} route","timestamp":"2026-05-04T07:23:17.620Z"}
{"context":"RouterExplorer","level":"info","message":"Mapped {/auth/login, POST} route","timestamp":"2026-05-04T07:23:17.620Z"}
{"context":"RouterExplorer","level":"info","message":"Mapped {/auth/refresh, POST} route","timestamp":"2026-05-04T07:23:17.620Z"}
{"context":"RouterExplorer","level":"info","message":"Mapped {/auth/logout, POST} route","timestamp":"2026-05-04T07:23:17.620Z"}
{"context":"RouterExplorer","level":"info","message":"Mapped {/auth/me, GET} route","timestamp":"2026-05-04T07:23:17.621Z"}
{"context":"RouterExplorer","level":"info","message":"Mapped {/auth/me/password, PATCH} route","timestamp":"2026-05-04T07:23:17.621Z"}
{"context":"RoutesResolver","level":"info","message":"AttributeController {/attribute}:","timestamp":"2026-05-04T07:23:17.621Z"}
{"context":"RouterExplorer","level":"info","message":"Mapped {/attribute, POST} route","timestamp":"2026-05-04T07:23:17.621Z"}
{"context":"RouterExplorer","level":"info","message":"Mapped {/attribute, GET} route","timestamp":"2026-05-04T07:23:17.622Z"}
{"context":"RouterExplorer","level":"info","message":"Mapped {/attribute/:id, GET} route","timestamp":"2026-05-04T07:23:17.622Z"}
{"context":"RouterExplorer","level":"info","message":"Mapped {/attribute/:id, PATCH} route","timestamp":"2026-05-04T07:23:17.622Z"}
{"context":"RouterExplorer","level":"info","message":"Mapped {/attribute/:id, DELETE} route","timestamp":"2026-05-04T07:23:17.622Z"}
{"context":"PrismaService","level":"info","message":"Kết nối database thành công","timestamp":"2026-05-04T07:23:17.659Z"}
{"context":"NestApplication","level":"info","message":"Nest application successfully started","timestamp":"2026-05-04T07:23:17.663Z"}
{"level":"info","message":"Khởi tạo ứng dụng...","timestamp":"2026-05-04T07:23:18.807Z"}
{"context":"NestFactory","level":"info","message":"Starting Nest application...","timestamp":"2026-05-04T07:23:18.877Z"}
{"context":"InstanceLoader","level":"info","message":"CommonModule dependencies initialized","timestamp":"2026-05-04T07:23:18.884Z"}
{"context":"InstanceLoader","level":"info","message":"ConfigHostModule dependencies initialized","timestamp":"2026-05-04T07:23:18.884Z"}
{"context":"PrismaService","level":"info","message":"🔌 Prisma Connection String: postgresql://admin:******@localhost:5433/kyc_asset_db?schema=public","timestamp":"2026-05-04T07:23:18.886Z"}
{"context":"InstanceLoader","level":"info","message":"AppModule dependencies initialized","timestamp":"2026-05-04T07:23:18.886Z"}
{"context":"InstanceLoader","level":"info","message":"ConfigModule dependencies initialized","timestamp":"2026-05-04T07:23:18.887Z"}
{"context":"InstanceLoader","level":"info","message":"JwtModule dependencies initialized","timestamp":"2026-05-04T07:23:18.888Z"}
{"context":"InstanceLoader","level":"info","message":"PrismaModule dependencies initialized","timestamp":"2026-05-04T07:23:18.889Z"}
{"context":"InstanceLoader","level":"info","message":"WhitelistIpModule dependencies initialized","timestamp":"2026-05-04T07:23:18.890Z"}
{"context":"InstanceLoader","level":"info","message":"AttributeModule dependencies initialized","timestamp":"2026-05-04T07:23:18.890Z"}
{"context":"InstanceLoader","level":"info","message":"UsersModule dependencies initialized","timestamp":"2026-05-04T07:23:18.890Z"}
{"context":"InstanceLoader","level":"info","message":"RolesModule dependencies initialized","timestamp":"2026-05-04T07:23:18.890Z"}
{"context":"InstanceLoader","level":"info","message":"PermissionsModule dependencies initialized","timestamp":"2026-05-04T07:23:18.891Z"}
{"context":"InstanceLoader","level":"info","message":"AuthModule dependencies initialized","timestamp":"2026-05-04T07:23:18.891Z"}
{"context":"RoutesResolver","level":"info","message":"AppController {/}:","timestamp":"2026-05-04T07:23:18.913Z"}
{"context":"RouterExplorer","level":"info","message":"Mapped {/, GET} route","timestamp":"2026-05-04T07:23:18.914Z"}
{"context":"RoutesResolver","level":"info","message":"UsersController {/users}:","timestamp":"2026-05-04T07:23:18.914Z"}
{"context":"RouterExplorer","level":"info","message":"Mapped {/users, POST} route","timestamp":"2026-05-04T07:23:18.915Z"}
{"context":"RouterExplorer","level":"info","message":"Mapped {/users, GET} route","timestamp":"2026-05-04T07:23:18.915Z"}
{"context":"RouterExplorer","level":"info","message":"Mapped {/users/:id, GET} route","timestamp":"2026-05-04T07:23:18.915Z"}
{"context":"RouterExplorer","level":"info","message":"Mapped {/users/:id, PATCH} route","timestamp":"2026-05-04T07:23:18.916Z"}
{"context":"RouterExplorer","level":"info","message":"Mapped {/users/:id, DELETE} route","timestamp":"2026-05-04T07:23:18.916Z"}
{"context":"RoutesResolver","level":"info","message":"WhitelistIpController {/whitelist-ip}:","timestamp":"2026-05-04T07:23:18.916Z"}
{"context":"RouterExplorer","level":"info","message":"Mapped {/whitelist-ip, POST} route","timestamp":"2026-05-04T07:23:18.916Z"}
{"context":"RouterExplorer","level":"info","message":"Mapped {/whitelist-ip, GET} route","timestamp":"2026-05-04T07:23:18.916Z"}
{"context":"RouterExplorer","level":"info","message":"Mapped {/whitelist-ip/:id, GET} route","timestamp":"2026-05-04T07:23:18.916Z"}
{"context":"RouterExplorer","level":"info","message":"Mapped {/whitelist-ip/:id, PATCH} route","timestamp":"2026-05-04T07:23:18.917Z"}
{"context":"RouterExplorer","level":"info","message":"Mapped {/whitelist-ip/:id, DELETE} route","timestamp":"2026-05-04T07:23:18.917Z"}
{"context":"RoutesResolver","level":"info","message":"RolesController {/roles}:","timestamp":"2026-05-04T07:23:18.917Z"}
{"context":"RouterExplorer","level":"info","message":"Mapped {/roles, POST} route","timestamp":"2026-05-04T07:23:18.917Z"}
{"context":"RouterExplorer","level":"info","message":"Mapped {/roles, GET} route","timestamp":"2026-05-04T07:23:18.917Z"}
{"context":"RouterExplorer","level":"info","message":"Mapped {/roles/:id, GET} route","timestamp":"2026-05-04T07:23:18.917Z"}
{"context":"RouterExplorer","level":"info","message":"Mapped {/roles/:id, PATCH} route","timestamp":"2026-05-04T07:23:18.917Z"}
{"context":"RouterExplorer","level":"info","message":"Mapped {/roles/:id, DELETE} route","timestamp":"2026-05-04T07:23:18.918Z"}
{"context":"RoutesResolver","level":"info","message":"PermissionsController {/permissions}:","timestamp":"2026-05-04T07:23:18.918Z"}
{"context":"RouterExplorer","level":"info","message":"Mapped {/permissions, POST} route","timestamp":"2026-05-04T07:23:18.918Z"}
{"context":"RouterExplorer","level":"info","message":"Mapped {/permissions, GET} route","timestamp":"2026-05-04T07:23:18.918Z"}
{"context":"RouterExplorer","level":"info","message":"Mapped {/permissions/:id, PATCH} route","timestamp":"2026-05-04T07:23:18.918Z"}
{"context":"RouterExplorer","level":"info","message":"Mapped {/permissions/:id, DELETE} route","timestamp":"2026-05-04T07:23:18.918Z"}
{"context":"RoutesResolver","level":"info","message":"AuthController {/auth}:","timestamp":"2026-05-04T07:23:18.919Z"}
{"context":"RouterExplorer","level":"info","message":"Mapped {/auth/register, POST} route","timestamp":"2026-05-04T07:23:18.919Z"}
{"context":"RouterExplorer","level":"info","message":"Mapped {/auth/login, POST} route","timestamp":"2026-05-04T07:23:18.919Z"}
{"context":"RouterExplorer","level":"info","message":"Mapped {/auth/refresh, POST} route","timestamp":"2026-05-04T07:23:18.919Z"}
{"context":"RouterExplorer","level":"info","message":"Mapped {/auth/logout, POST} route","timestamp":"2026-05-04T07:23:18.919Z"}
{"context":"RouterExplorer","level":"info","message":"Mapped {/auth/me, GET} route","timestamp":"2026-05-04T07:23:18.919Z"}
{"context":"RouterExplorer","level":"info","message":"Mapped {/auth/me/password, PATCH} route","timestamp":"2026-05-04T07:23:18.920Z"}
{"context":"RoutesResolver","level":"info","message":"AttributeController {/attribute}:","timestamp":"2026-05-04T07:23:18.920Z"}
{"context":"RouterExplorer","level":"info","message":"Mapped {/attribute, POST} route","timestamp":"2026-05-04T07:23:18.920Z"}
{"context":"RouterExplorer","level":"info","message":"Mapped {/attribute, GET} route","timestamp":"2026-05-04T07:23:18.920Z"}
{"context":"RouterExplorer","level":"info","message":"Mapped {/attribute/:id, GET} route","timestamp":"2026-05-04T07:23:18.920Z"}
{"context":"RouterExplorer","level":"info","message":"Mapped {/attribute/:id, PATCH} route","timestamp":"2026-05-04T07:23:18.920Z"}
{"context":"RouterExplorer","level":"info","message":"Mapped {/attribute/:id, DELETE} route","timestamp":"2026-05-04T07:23:18.920Z"}
{"context":"PrismaService","level":"info","message":"Kết nối database thành công","timestamp":"2026-05-04T07:23:18.961Z"}
{"context":"NestApplication","level":"info","message":"Nest application successfully started","timestamp":"2026-05-04T07:23:18.964Z"}
{"level":"info","message":"Khởi tạo ứng dụng...","timestamp":"2026-05-04T07:23:19.889Z"}
{"context":"NestFactory","level":"info","message":"Starting Nest application...","timestamp":"2026-05-04T07:23:19.959Z"}
{"context":"InstanceLoader","level":"info","message":"CommonModule dependencies initialized","timestamp":"2026-05-04T07:23:19.965Z"}
{"context":"InstanceLoader","level":"info","message":"ConfigHostModule dependencies initialized","timestamp":"2026-05-04T07:23:19.965Z"}
{"context":"PrismaService","level":"info","message":"🔌 Prisma Connection String: postgresql://admin:******@localhost:5433/kyc_asset_db?schema=public","timestamp":"2026-05-04T07:23:19.968Z"}
{"context":"InstanceLoader","level":"info","message":"AppModule dependencies initialized","timestamp":"2026-05-04T07:23:19.968Z"}
{"context":"InstanceLoader","level":"info","message":"ConfigModule dependencies initialized","timestamp":"2026-05-04T07:23:19.968Z"}
{"context":"InstanceLoader","level":"info","message":"JwtModule dependencies initialized","timestamp":"2026-05-04T07:23:19.969Z"}
{"context":"InstanceLoader","level":"info","message":"PrismaModule dependencies initialized","timestamp":"2026-05-04T07:23:19.970Z"}
{"context":"InstanceLoader","level":"info","message":"WhitelistIpModule dependencies initialized","timestamp":"2026-05-04T07:23:19.971Z"}
{"context":"InstanceLoader","level":"info","message":"AttributeModule dependencies initialized","timestamp":"2026-05-04T07:23:19.972Z"}
{"context":"InstanceLoader","level":"info","message":"UsersModule dependencies initialized","timestamp":"2026-05-04T07:23:19.972Z"}
{"context":"InstanceLoader","level":"info","message":"RolesModule dependencies initialized","timestamp":"2026-05-04T07:23:19.972Z"}
{"context":"InstanceLoader","level":"info","message":"PermissionsModule dependencies initialized","timestamp":"2026-05-04T07:23:19.972Z"}
{"context":"InstanceLoader","level":"info","message":"AuthModule dependencies initialized","timestamp":"2026-05-04T07:23:19.972Z"}
{"context":"RoutesResolver","level":"info","message":"AppController {/}:","timestamp":"2026-05-04T07:23:19.995Z"}
{"context":"RouterExplorer","level":"info","message":"Mapped {/, GET} route","timestamp":"2026-05-04T07:23:19.996Z"}
{"context":"RoutesResolver","level":"info","message":"UsersController {/users}:","timestamp":"2026-05-04T07:23:19.997Z"}
{"context":"RouterExplorer","level":"info","message":"Mapped {/users, POST} route","timestamp":"2026-05-04T07:23:19.997Z"}
{"context":"RouterExplorer","level":"info","message":"Mapped {/users, GET} route","timestamp":"2026-05-04T07:23:19.997Z"}
{"context":"RouterExplorer","level":"info","message":"Mapped {/users/:id, GET} route","timestamp":"2026-05-04T07:23:19.998Z"}
{"context":"RouterExplorer","level":"info","message":"Mapped {/users/:id, PATCH} route","timestamp":"2026-05-04T07:23:19.998Z"}
{"context":"RouterExplorer","level":"info","message":"Mapped {/users/:id, DELETE} route","timestamp":"2026-05-04T07:23:19.998Z"}
{"context":"RoutesResolver","level":"info","message":"WhitelistIpController {/whitelist-ip}:","timestamp":"2026-05-04T07:23:19.998Z"}
{"context":"RouterExplorer","level":"info","message":"Mapped {/whitelist-ip, POST} route","timestamp":"2026-05-04T07:23:19.999Z"}
{"context":"RouterExplorer","level":"info","message":"Mapped {/whitelist-ip, GET} route","timestamp":"2026-05-04T07:23:19.999Z"}
{"context":"RouterExplorer","level":"info","message":"Mapped {/whitelist-ip/:id, GET} route","timestamp":"2026-05-04T07:23:19.999Z"}
{"context":"RouterExplorer","level":"info","message":"Mapped {/whitelist-ip/:id, PATCH} route","timestamp":"2026-05-04T07:23:19.999Z"}
{"context":"RouterExplorer","level":"info","message":"Mapped {/whitelist-ip/:id, DELETE} route","timestamp":"2026-05-04T07:23:20.000Z"}
{"context":"RoutesResolver","level":"info","message":"RolesController {/roles}:","timestamp":"2026-05-04T07:23:20.000Z"}
{"context":"RouterExplorer","level":"info","message":"Mapped {/roles, POST} route","timestamp":"2026-05-04T07:23:20.000Z"}
{"context":"RouterExplorer","level":"info","message":"Mapped {/roles, GET} route","timestamp":"2026-05-04T07:23:20.000Z"}
{"context":"RouterExplorer","level":"info","message":"Mapped {/roles/:id, GET} route","timestamp":"2026-05-04T07:23:20.000Z"}
{"context":"RouterExplorer","level":"info","message":"Mapped {/roles/:id, PATCH} route","timestamp":"2026-05-04T07:23:20.000Z"}
{"context":"RouterExplorer","level":"info","message":"Mapped {/roles/:id, DELETE} route","timestamp":"2026-05-04T07:23:20.001Z"}
{"context":"RoutesResolver","level":"info","message":"PermissionsController {/permissions}:","timestamp":"2026-05-04T07:23:20.001Z"}
{"context":"RouterExplorer","level":"info","message":"Mapped {/permissions, POST} route","timestamp":"2026-05-04T07:23:20.001Z"}
{"context":"RouterExplorer","level":"info","message":"Mapped {/permissions, GET} route","timestamp":"2026-05-04T07:23:20.001Z"}
{"context":"RouterExplorer","level":"info","message":"Mapped {/permissions/:id, PATCH} route","timestamp":"2026-05-04T07:23:20.001Z"}
{"context":"RouterExplorer","level":"info","message":"Mapped {/permissions/:id, DELETE} route","timestamp":"2026-05-04T07:23:20.001Z"}
{"context":"RoutesResolver","level":"info","message":"AuthController {/auth}:","timestamp":"2026-05-04T07:23:20.002Z"}
{"context":"RouterExplorer","level":"info","message":"Mapped {/auth/register, POST} route","timestamp":"2026-05-04T07:23:20.002Z"}
{"context":"RouterExplorer","level":"info","message":"Mapped {/auth/login, POST} route","timestamp":"2026-05-04T07:23:20.002Z"}
{"context":"RouterExplorer","level":"info","message":"Mapped {/auth/refresh, POST} route","timestamp":"2026-05-04T07:23:20.002Z"}
{"context":"RouterExplorer","level":"info","message":"Mapped {/auth/logout, POST} route","timestamp":"2026-05-04T07:23:20.002Z"}
{"context":"RouterExplorer","level":"info","message":"Mapped {/auth/me, GET} route","timestamp":"2026-05-04T07:23:20.003Z"}
{"context":"RouterExplorer","level":"info","message":"Mapped {/auth/me/password, PATCH} route","timestamp":"2026-05-04T07:23:20.003Z"}
{"context":"RoutesResolver","level":"info","message":"AttributeController {/attribute}:","timestamp":"2026-05-04T07:23:20.003Z"}
{"context":"RouterExplorer","level":"info","message":"Mapped {/attribute, POST} route","timestamp":"2026-05-04T07:23:20.003Z"}
{"context":"RouterExplorer","level":"info","message":"Mapped {/attribute, GET} route","timestamp":"2026-05-04T07:23:20.003Z"}
{"context":"RouterExplorer","level":"info","message":"Mapped {/attribute/:id, GET} route","timestamp":"2026-05-04T07:23:20.003Z"}
{"context":"RouterExplorer","level":"info","message":"Mapped {/attribute/:id, PATCH} route","timestamp":"2026-05-04T07:23:20.004Z"}
{"context":"RouterExplorer","level":"info","message":"Mapped {/attribute/:id, DELETE} route","timestamp":"2026-05-04T07:23:20.004Z"}
{"context":"PrismaService","level":"info","message":"Kết nối database thành công","timestamp":"2026-05-04T07:23:20.041Z"}
{"context":"NestApplication","level":"info","message":"Nest application successfully started","timestamp":"2026-05-04T07:23:20.045Z"}
{"level":"info","message":"Khởi tạo ứng dụng...","timestamp":"2026-05-04T07:24:27.453Z"}
{"context":"NestFactory","level":"info","message":"Starting Nest application...","timestamp":"2026-05-04T07:24:27.523Z"}
{"context":"InstanceLoader","level":"info","message":"CommonModule dependencies initialized","timestamp":"2026-05-04T07:24:27.530Z"}
{"context":"InstanceLoader","level":"info","message":"ConfigHostModule dependencies initialized","timestamp":"2026-05-04T07:24:27.530Z"}
{"context":"PrismaService","level":"info","message":"🔌 Prisma Connection String: postgresql://admin:******@localhost:5433/kyc_asset_db?schema=public","timestamp":"2026-05-04T07:24:27.533Z"}
{"context":"InstanceLoader","level":"info","message":"AppModule dependencies initialized","timestamp":"2026-05-04T07:24:27.533Z"}
{"context":"InstanceLoader","level":"info","message":"ConfigModule dependencies initialized","timestamp":"2026-05-04T07:24:27.533Z"}
{"context":"InstanceLoader","level":"info","message":"JwtModule dependencies initialized","timestamp":"2026-05-04T07:24:27.533Z"}
{"context":"InstanceLoader","level":"info","message":"PrismaModule dependencies initialized","timestamp":"2026-05-04T07:24:27.534Z"}
{"context":"InstanceLoader","level":"info","message":"WhitelistIpModule dependencies initialized","timestamp":"2026-05-04T07:24:27.535Z"}
{"context":"InstanceLoader","level":"info","message":"AttributeModule dependencies initialized","timestamp":"2026-05-04T07:24:27.535Z"}
{"context":"InstanceLoader","level":"info","message":"UsersModule dependencies initialized","timestamp":"2026-05-04T07:24:27.535Z"}
{"context":"InstanceLoader","level":"info","message":"RolesModule dependencies initialized","timestamp":"2026-05-04T07:24:27.535Z"}
{"context":"InstanceLoader","level":"info","message":"PermissionsModule dependencies initialized","timestamp":"2026-05-04T07:24:27.535Z"}
{"context":"InstanceLoader","level":"info","message":"AuthModule dependencies initialized","timestamp":"2026-05-04T07:24:27.535Z"}
{"context":"RoutesResolver","level":"info","message":"AppController {/}:","timestamp":"2026-05-04T07:24:27.557Z"}
{"context":"RouterExplorer","level":"info","message":"Mapped {/, GET} route","timestamp":"2026-05-04T07:24:27.558Z"}
{"context":"RoutesResolver","level":"info","message":"UsersController {/users}:","timestamp":"2026-05-04T07:24:27.559Z"}
{"context":"RouterExplorer","level":"info","message":"Mapped {/users, POST} route","timestamp":"2026-05-04T07:24:27.559Z"}
{"context":"RouterExplorer","level":"info","message":"Mapped {/users, GET} route","timestamp":"2026-05-04T07:24:27.559Z"}
{"context":"RouterExplorer","level":"info","message":"Mapped {/users/:id, GET} route","timestamp":"2026-05-04T07:24:27.560Z"}
{"context":"RouterExplorer","level":"info","message":"Mapped {/users/:id, PATCH} route","timestamp":"2026-05-04T07:24:27.560Z"}
{"context":"RouterExplorer","level":"info","message":"Mapped {/users/:id, DELETE} route","timestamp":"2026-05-04T07:24:27.560Z"}
{"context":"RoutesResolver","level":"info","message":"WhitelistIpController {/whitelist-ip}:","timestamp":"2026-05-04T07:24:27.560Z"}
{"context":"RouterExplorer","level":"info","message":"Mapped {/whitelist-ip, POST} route","timestamp":"2026-05-04T07:24:27.561Z"}
{"context":"RouterExplorer","level":"info","message":"Mapped {/whitelist-ip, GET} route","timestamp":"2026-05-04T07:24:27.561Z"}
{"context":"RouterExplorer","level":"info","message":"Mapped {/whitelist-ip/:id, GET} route","timestamp":"2026-05-04T07:24:27.561Z"}
{"context":"RouterExplorer","level":"info","message":"Mapped {/whitelist-ip/:id, PATCH} route","timestamp":"2026-05-04T07:24:27.561Z"}
{"context":"RouterExplorer","level":"info","message":"Mapped {/whitelist-ip/:id, DELETE} route","timestamp":"2026-05-04T07:24:27.561Z"}
{"context":"RoutesResolver","level":"info","message":"RolesController {/roles}:","timestamp":"2026-05-04T07:24:27.561Z"}
{"context":"RouterExplorer","level":"info","message":"Mapped {/roles, POST} route","timestamp":"2026-05-04T07:24:27.562Z"}
{"context":"RouterExplorer","level":"info","message":"Mapped {/roles, GET} route","timestamp":"2026-05-04T07:24:27.562Z"}
{"context":"RouterExplorer","level":"info","message":"Mapped {/roles/:id, GET} route","timestamp":"2026-05-04T07:24:27.562Z"}
{"context":"RouterExplorer","level":"info","message":"Mapped {/roles/:id, PATCH} route","timestamp":"2026-05-04T07:24:27.562Z"}
{"context":"RouterExplorer","level":"info","message":"Mapped {/roles/:id, DELETE} route","timestamp":"2026-05-04T07:24:27.562Z"}
{"context":"RoutesResolver","level":"info","message":"PermissionsController {/permissions}:","timestamp":"2026-05-04T07:24:27.562Z"}
{"context":"RouterExplorer","level":"info","message":"Mapped {/permissions, POST} route","timestamp":"2026-05-04T07:24:27.562Z"}
{"context":"RouterExplorer","level":"info","message":"Mapped {/permissions, GET} route","timestamp":"2026-05-04T07:24:27.563Z"}
{"context":"RouterExplorer","level":"info","message":"Mapped {/permissions/:id, PATCH} route","timestamp":"2026-05-04T07:24:27.563Z"}
{"context":"RouterExplorer","level":"info","message":"Mapped {/permissions/:id, DELETE} route","timestamp":"2026-05-04T07:24:27.563Z"}
{"context":"RoutesResolver","level":"info","message":"AuthController {/auth}:","timestamp":"2026-05-04T07:24:27.563Z"}
{"context":"RouterExplorer","level":"info","message":"Mapped {/auth/register, POST} route","timestamp":"2026-05-04T07:24:27.563Z"}
{"context":"RouterExplorer","level":"info","message":"Mapped {/auth/login, POST} route","timestamp":"2026-05-04T07:24:27.563Z"}
{"context":"RouterExplorer","level":"info","message":"Mapped {/auth/refresh, POST} route","timestamp":"2026-05-04T07:24:27.563Z"}
{"context":"RouterExplorer","level":"info","message":"Mapped {/auth/logout, POST} route","timestamp":"2026-05-04T07:24:27.564Z"}
{"context":"RouterExplorer","level":"info","message":"Mapped {/auth/me, GET} route","timestamp":"2026-05-04T07:24:27.564Z"}
{"context":"RouterExplorer","level":"info","message":"Mapped {/auth/me/password, PATCH} route","timestamp":"2026-05-04T07:24:27.564Z"}
{"context":"RoutesResolver","level":"info","message":"AttributeController {/attribute}:","timestamp":"2026-05-04T07:24:27.564Z"}
{"context":"RouterExplorer","level":"info","message":"Mapped {/attribute, POST} route","timestamp":"2026-05-04T07:24:27.564Z"}
{"context":"RouterExplorer","level":"info","message":"Mapped {/attribute, GET} route","timestamp":"2026-05-04T07:24:27.565Z"}
{"context":"RouterExplorer","level":"info","message":"Mapped {/attribute/:id, GET} route","timestamp":"2026-05-04T07:24:27.565Z"}
{"context":"RouterExplorer","level":"info","message":"Mapped {/attribute/:id, PATCH} route","timestamp":"2026-05-04T07:24:27.565Z"}
{"context":"RouterExplorer","level":"info","message":"Mapped {/attribute/:id, DELETE} route","timestamp":"2026-05-04T07:24:27.565Z"}
{"context":"PrismaService","level":"info","message":"Kết nối database thành công","timestamp":"2026-05-04T07:24:27.603Z"}
{"context":"NestApplication","level":"info","message":"Nest application successfully started","timestamp":"2026-05-04T07:24:27.606Z"}
{"level":"info","message":"Khởi tạo ứng dụng...","timestamp":"2026-05-04T07:25:41.794Z"}
{"context":"NestFactory","level":"info","message":"Starting Nest application...","timestamp":"2026-05-04T07:25:41.864Z"}
{"context":"InstanceLoader","level":"info","message":"CommonModule dependencies initialized","timestamp":"2026-05-04T07:25:41.870Z"}
{"context":"InstanceLoader","level":"info","message":"ConfigHostModule dependencies initialized","timestamp":"2026-05-04T07:25:41.870Z"}
{"context":"PrismaService","level":"info","message":"🔌 Prisma Connection String: postgresql://admin:******@localhost:5433/kyc_asset_db?schema=public","timestamp":"2026-05-04T07:25:41.872Z"}
{"context":"InstanceLoader","level":"info","message":"AppModule dependencies initialized","timestamp":"2026-05-04T07:25:41.872Z"}
{"context":"InstanceLoader","level":"info","message":"ConfigModule dependencies initialized","timestamp":"2026-05-04T07:25:41.873Z"}
{"context":"InstanceLoader","level":"info","message":"JwtModule dependencies initialized","timestamp":"2026-05-04T07:25:41.874Z"}
{"context":"InstanceLoader","level":"info","message":"PrismaModule dependencies initialized","timestamp":"2026-05-04T07:25:41.875Z"}
{"context":"InstanceLoader","level":"info","message":"WhitelistIpModule dependencies initialized","timestamp":"2026-05-04T07:25:41.876Z"}
{"context":"InstanceLoader","level":"info","message":"AttributeModule dependencies initialized","timestamp":"2026-05-04T07:25:41.876Z"}
{"context":"InstanceLoader","level":"info","message":"UsersModule dependencies initialized","timestamp":"2026-05-04T07:25:41.877Z"}
{"context":"InstanceLoader","level":"info","message":"RolesModule dependencies initialized","timestamp":"2026-05-04T07:25:41.877Z"}
{"context":"InstanceLoader","level":"info","message":"PermissionsModule dependencies initialized","timestamp":"2026-05-04T07:25:41.877Z"}
{"context":"InstanceLoader","level":"info","message":"AuthModule dependencies initialized","timestamp":"2026-05-04T07:25:41.877Z"}
{"context":"RoutesResolver","level":"info","message":"AppController {/}:","timestamp":"2026-05-04T07:25:41.899Z"}
{"context":"RouterExplorer","level":"info","message":"Mapped {/, GET} route","timestamp":"2026-05-04T07:25:41.900Z"}
{"context":"RoutesResolver","level":"info","message":"UsersController {/users}:","timestamp":"2026-05-04T07:25:41.900Z"}
{"context":"RouterExplorer","level":"info","message":"Mapped {/users, POST} route","timestamp":"2026-05-04T07:25:41.901Z"}
{"context":"RouterExplorer","level":"info","message":"Mapped {/users, GET} route","timestamp":"2026-05-04T07:25:41.901Z"}
{"context":"RouterExplorer","level":"info","message":"Mapped {/users/:id, GET} route","timestamp":"2026-05-04T07:25:41.901Z"}
{"context":"RouterExplorer","level":"info","message":"Mapped {/users/:id, PATCH} route","timestamp":"2026-05-04T07:25:41.901Z"}
{"context":"RouterExplorer","level":"info","message":"Mapped {/users/:id, DELETE} route","timestamp":"2026-05-04T07:25:41.902Z"}
{"context":"RoutesResolver","level":"info","message":"WhitelistIpController {/whitelist-ip}:","timestamp":"2026-05-04T07:25:41.902Z"}
{"context":"RouterExplorer","level":"info","message":"Mapped {/whitelist-ip, POST} route","timestamp":"2026-05-04T07:25:41.902Z"}
{"context":"RouterExplorer","level":"info","message":"Mapped {/whitelist-ip, GET} route","timestamp":"2026-05-04T07:25:41.902Z"}
{"context":"RouterExplorer","level":"info","message":"Mapped {/whitelist-ip/:id, GET} route","timestamp":"2026-05-04T07:25:41.902Z"}
{"context":"RouterExplorer","level":"info","message":"Mapped {/whitelist-ip/:id, PATCH} route","timestamp":"2026-05-04T07:25:41.903Z"}
{"context":"RouterExplorer","level":"info","message":"Mapped {/whitelist-ip/:id, DELETE} route","timestamp":"2026-05-04T07:25:41.903Z"}
{"context":"RoutesResolver","level":"info","message":"RolesController {/roles}:","timestamp":"2026-05-04T07:25:41.903Z"}
{"context":"RouterExplorer","level":"info","message":"Mapped {/roles, POST} route","timestamp":"2026-05-04T07:25:41.903Z"}
{"context":"RouterExplorer","level":"info","message":"Mapped {/roles, GET} route","timestamp":"2026-05-04T07:25:41.903Z"}
{"context":"RouterExplorer","level":"info","message":"Mapped {/roles/:id, GET} route","timestamp":"2026-05-04T07:25:41.903Z"}
{"context":"RouterExplorer","level":"info","message":"Mapped {/roles/:id, PATCH} route","timestamp":"2026-05-04T07:25:41.903Z"}
{"context":"RouterExplorer","level":"info","message":"Mapped {/roles/:id, DELETE} route","timestamp":"2026-05-04T07:25:41.903Z"}
{"context":"RoutesResolver","level":"info","message":"PermissionsController {/permissions}:","timestamp":"2026-05-04T07:25:41.904Z"}
{"context":"RouterExplorer","level":"info","message":"Mapped {/permissions, POST} route","timestamp":"2026-05-04T07:25:41.904Z"}
{"context":"RouterExplorer","level":"info","message":"Mapped {/permissions, GET} route","timestamp":"2026-05-04T07:25:41.904Z"}
{"context":"RouterExplorer","level":"info","message":"Mapped {/permissions/:id, PATCH} route","timestamp":"2026-05-04T07:25:41.904Z"}
{"context":"RouterExplorer","level":"info","message":"Mapped {/permissions/:id, DELETE} route","timestamp":"2026-05-04T07:25:41.904Z"}
{"context":"RoutesResolver","level":"info","message":"AuthController {/auth}:","timestamp":"2026-05-04T07:25:41.904Z"}
{"context":"RouterExplorer","level":"info","message":"Mapped {/auth/register, POST} route","timestamp":"2026-05-04T07:25:41.904Z"}
{"context":"RouterExplorer","level":"info","message":"Mapped {/auth/login, POST} route","timestamp":"2026-05-04T07:25:41.904Z"}
{"context":"RouterExplorer","level":"info","message":"Mapped {/auth/refresh, POST} route","timestamp":"2026-05-04T07:25:41.905Z"}
{"context":"RouterExplorer","level":"info","message":"Mapped {/auth/logout, POST} route","timestamp":"2026-05-04T07:25:41.905Z"}
{"context":"RouterExplorer","level":"info","message":"Mapped {/auth/me, GET} route","timestamp":"2026-05-04T07:25:41.905Z"}
{"context":"RouterExplorer","level":"info","message":"Mapped {/auth/me/password, PATCH} route","timestamp":"2026-05-04T07:25:41.905Z"}
{"context":"RoutesResolver","level":"info","message":"AttributeController {/attribute}:","timestamp":"2026-05-04T07:25:41.905Z"}
{"context":"RouterExplorer","level":"info","message":"Mapped {/attribute, POST} route","timestamp":"2026-05-04T07:25:41.906Z"}
{"context":"RouterExplorer","level":"info","message":"Mapped {/attribute, GET} route","timestamp":"2026-05-04T07:25:41.906Z"}
{"context":"RouterExplorer","level":"info","message":"Mapped {/attribute/:id, GET} route","timestamp":"2026-05-04T07:25:41.906Z"}
{"context":"RouterExplorer","level":"info","message":"Mapped {/attribute/:id, PATCH} route","timestamp":"2026-05-04T07:25:41.906Z"}
{"context":"RouterExplorer","level":"info","message":"Mapped {/attribute/:id, DELETE} route","timestamp":"2026-05-04T07:25:41.907Z"}
{"context":"PrismaService","level":"info","message":"Kết nối database thành công","timestamp":"2026-05-04T07:25:41.943Z"}
{"context":"NestApplication","level":"info","message":"Nest application successfully started","timestamp":"2026-05-04T07:25:41.946Z"}
{"level":"info","message":"Khởi tạo ứng dụng...","timestamp":"2026-05-04T07:27:09.420Z"}
{"context":"NestFactory","level":"info","message":"Starting Nest application...","timestamp":"2026-05-04T07:27:09.491Z"}
{"context":"InstanceLoader","level":"info","message":"CommonModule dependencies initialized","timestamp":"2026-05-04T07:27:09.499Z"}
{"context":"InstanceLoader","level":"info","message":"ConfigHostModule dependencies initialized","timestamp":"2026-05-04T07:27:09.499Z"}
{"context":"PrismaService","level":"info","message":"🔌 Prisma Connection String: postgresql://admin:******@localhost:5433/kyc_asset_db?schema=public","timestamp":"2026-05-04T07:27:09.501Z"}
{"context":"InstanceLoader","level":"info","message":"AppModule dependencies initialized","timestamp":"2026-05-04T07:27:09.502Z"}
{"context":"InstanceLoader","level":"info","message":"ConfigModule dependencies initialized","timestamp":"2026-05-04T07:27:09.502Z"}
{"context":"InstanceLoader","level":"info","message":"JwtModule dependencies initialized","timestamp":"2026-05-04T07:27:09.502Z"}
{"context":"InstanceLoader","level":"info","message":"PrismaModule dependencies initialized","timestamp":"2026-05-04T07:27:09.504Z"}
{"context":"InstanceLoader","level":"info","message":"WhitelistIpModule dependencies initialized","timestamp":"2026-05-04T07:27:09.505Z"}
{"context":"InstanceLoader","level":"info","message":"AttributeModule dependencies initialized","timestamp":"2026-05-04T07:27:09.506Z"}
{"context":"InstanceLoader","level":"info","message":"UsersModule dependencies initialized","timestamp":"2026-05-04T07:27:09.506Z"}
{"context":"InstanceLoader","level":"info","message":"RolesModule dependencies initialized","timestamp":"2026-05-04T07:27:09.506Z"}
{"context":"InstanceLoader","level":"info","message":"PermissionsModule dependencies initialized","timestamp":"2026-05-04T07:27:09.506Z"}
{"context":"InstanceLoader","level":"info","message":"AuthModule dependencies initialized","timestamp":"2026-05-04T07:27:09.506Z"}
{"context":"RoutesResolver","level":"info","message":"AppController {/}:","timestamp":"2026-05-04T07:27:09.528Z"}
{"context":"RouterExplorer","level":"info","message":"Mapped {/, GET} route","timestamp":"2026-05-04T07:27:09.530Z"}
{"context":"RoutesResolver","level":"info","message":"UsersController {/users}:","timestamp":"2026-05-04T07:27:09.530Z"}
{"context":"RouterExplorer","level":"info","message":"Mapped {/users, POST} route","timestamp":"2026-05-04T07:27:09.530Z"}
{"context":"RouterExplorer","level":"info","message":"Mapped {/users, GET} route","timestamp":"2026-05-04T07:27:09.530Z"}
{"context":"RouterExplorer","level":"info","message":"Mapped {/users/:id, GET} route","timestamp":"2026-05-04T07:27:09.531Z"}
{"context":"RouterExplorer","level":"info","message":"Mapped {/users/:id, PATCH} route","timestamp":"2026-05-04T07:27:09.531Z"}
{"context":"RouterExplorer","level":"info","message":"Mapped {/users/:id, DELETE} route","timestamp":"2026-05-04T07:27:09.531Z"}
{"context":"RoutesResolver","level":"info","message":"WhitelistIpController {/whitelist-ip}:","timestamp":"2026-05-04T07:27:09.531Z"}
{"context":"RouterExplorer","level":"info","message":"Mapped {/whitelist-ip, POST} route","timestamp":"2026-05-04T07:27:09.531Z"}
{"context":"RouterExplorer","level":"info","message":"Mapped {/whitelist-ip, GET} route","timestamp":"2026-05-04T07:27:09.531Z"}
{"context":"RouterExplorer","level":"info","message":"Mapped {/whitelist-ip/:id, GET} route","timestamp":"2026-05-04T07:27:09.532Z"}
{"context":"RouterExplorer","level":"info","message":"Mapped {/whitelist-ip/:id, PATCH} route","timestamp":"2026-05-04T07:27:09.532Z"}
{"context":"RouterExplorer","level":"info","message":"Mapped {/whitelist-ip/:id, DELETE} route","timestamp":"2026-05-04T07:27:09.532Z"}
{"context":"RoutesResolver","level":"info","message":"RolesController {/roles}:","timestamp":"2026-05-04T07:27:09.532Z"}
{"context":"RouterExplorer","level":"info","message":"Mapped {/roles, POST} route","timestamp":"2026-05-04T07:27:09.532Z"}
{"context":"RouterExplorer","level":"info","message":"Mapped {/roles, GET} route","timestamp":"2026-05-04T07:27:09.532Z"}
{"context":"RouterExplorer","level":"info","message":"Mapped {/roles/:id, GET} route","timestamp":"2026-05-04T07:27:09.533Z"}
{"context":"RouterExplorer","level":"info","message":"Mapped {/roles/:id, PATCH} route","timestamp":"2026-05-04T07:27:09.533Z"}
{"context":"RouterExplorer","level":"info","message":"Mapped {/roles/:id, DELETE} route","timestamp":"2026-05-04T07:27:09.533Z"}
{"context":"RoutesResolver","level":"info","message":"PermissionsController {/permissions}:","timestamp":"2026-05-04T07:27:09.533Z"}
{"context":"RouterExplorer","level":"info","message":"Mapped {/permissions, POST} route","timestamp":"2026-05-04T07:27:09.533Z"}
{"context":"RouterExplorer","level":"info","message":"Mapped {/permissions, GET} route","timestamp":"2026-05-04T07:27:09.533Z"}
{"context":"RouterExplorer","level":"info","message":"Mapped {/permissions/:id, PATCH} route","timestamp":"2026-05-04T07:27:09.533Z"}
{"context":"RouterExplorer","level":"info","message":"Mapped {/permissions/:id, DELETE} route","timestamp":"2026-05-04T07:27:09.533Z"}
{"context":"RoutesResolver","level":"info","message":"AuthController {/auth}:","timestamp":"2026-05-04T07:27:09.534Z"}
{"context":"RouterExplorer","level":"info","message":"Mapped {/auth/register, POST} route","timestamp":"2026-05-04T07:27:09.534Z"}
{"context":"RouterExplorer","level":"info","message":"Mapped {/auth/login, POST} route","timestamp":"2026-05-04T07:27:09.534Z"}
{"context":"RouterExplorer","level":"info","message":"Mapped {/auth/refresh, POST} route","timestamp":"2026-05-04T07:27:09.534Z"}
{"context":"RouterExplorer","level":"info","message":"Mapped {/auth/logout, POST} route","timestamp":"2026-05-04T07:27:09.534Z"}
{"context":"RouterExplorer","level":"info","message":"Mapped {/auth/me, GET} route","timestamp":"2026-05-04T07:27:09.535Z"}
{"context":"RouterExplorer","level":"info","message":"Mapped {/auth/me/password, PATCH} route","timestamp":"2026-05-04T07:27:09.535Z"}
{"context":"RoutesResolver","level":"info","message":"AttributeController {/attribute}:","timestamp":"2026-05-04T07:27:09.535Z"}
{"context":"RouterExplorer","level":"info","message":"Mapped {/attribute, POST} route","timestamp":"2026-05-04T07:27:09.535Z"}
{"context":"RouterExplorer","level":"info","message":"Mapped {/attribute, GET} route","timestamp":"2026-05-04T07:27:09.535Z"}
{"context":"RouterExplorer","level":"info","message":"Mapped {/attribute/:id, GET} route","timestamp":"2026-05-04T07:27:09.536Z"}
{"context":"RouterExplorer","level":"info","message":"Mapped {/attribute/:id, PATCH} route","timestamp":"2026-05-04T07:27:09.536Z"}
{"context":"RouterExplorer","level":"info","message":"Mapped {/attribute/:id, DELETE} route","timestamp":"2026-05-04T07:27:09.536Z"}
{"context":"PrismaService","level":"info","message":"Kết nối database thành công","timestamp":"2026-05-04T07:27:09.574Z"}
{"context":"NestApplication","level":"info","message":"Nest application successfully started","timestamp":"2026-05-04T07:27:09.577Z"}
{"level":"info","message":"Khởi tạo ứng dụng...","timestamp":"2026-05-04T07:27:25.796Z"}
{"context":"NestFactory","level":"info","message":"Starting Nest application...","timestamp":"2026-05-04T07:27:25.864Z"}
{"context":"InstanceLoader","level":"info","message":"CommonModule dependencies initialized","timestamp":"2026-05-04T07:27:25.872Z"}
{"context":"InstanceLoader","level":"info","message":"ConfigHostModule dependencies initialized","timestamp":"2026-05-04T07:27:25.872Z"}
{"context":"PrismaService","level":"info","message":"🔌 Prisma Connection String: postgresql://admin:******@localhost:5433/kyc_asset_db?schema=public","timestamp":"2026-05-04T07:27:25.874Z"}
{"context":"InstanceLoader","level":"info","message":"AppModule dependencies initialized","timestamp":"2026-05-04T07:27:25.875Z"}
{"context":"InstanceLoader","level":"info","message":"ConfigModule dependencies initialized","timestamp":"2026-05-04T07:27:25.875Z"}
{"context":"InstanceLoader","level":"info","message":"JwtModule dependencies initialized","timestamp":"2026-05-04T07:27:25.875Z"}
{"context":"InstanceLoader","level":"info","message":"PrismaModule dependencies initialized","timestamp":"2026-05-04T07:27:25.876Z"}
{"context":"InstanceLoader","level":"info","message":"WhitelistIpModule dependencies initialized","timestamp":"2026-05-04T07:27:25.877Z"}
{"context":"InstanceLoader","level":"info","message":"AttributeModule dependencies initialized","timestamp":"2026-05-04T07:27:25.877Z"}
{"context":"InstanceLoader","level":"info","message":"UsersModule dependencies initialized","timestamp":"2026-05-04T07:27:25.877Z"}
{"context":"InstanceLoader","level":"info","message":"RolesModule dependencies initialized","timestamp":"2026-05-04T07:27:25.877Z"}
{"context":"InstanceLoader","level":"info","message":"PermissionsModule dependencies initialized","timestamp":"2026-05-04T07:27:25.877Z"}
{"context":"InstanceLoader","level":"info","message":"AuthModule dependencies initialized","timestamp":"2026-05-04T07:27:25.877Z"}
{"context":"RoutesResolver","level":"info","message":"AppController {/}:","timestamp":"2026-05-04T07:27:25.899Z"}
{"context":"RouterExplorer","level":"info","message":"Mapped {/, GET} route","timestamp":"2026-05-04T07:27:25.900Z"}
{"context":"RoutesResolver","level":"info","message":"UsersController {/users}:","timestamp":"2026-05-04T07:27:25.900Z"}
{"context":"RouterExplorer","level":"info","message":"Mapped {/users, POST} route","timestamp":"2026-05-04T07:27:25.901Z"}
{"context":"RouterExplorer","level":"info","message":"Mapped {/users, GET} route","timestamp":"2026-05-04T07:27:25.901Z"}
{"context":"RouterExplorer","level":"info","message":"Mapped {/users/:id, GET} route","timestamp":"2026-05-04T07:27:25.901Z"}
{"context":"RouterExplorer","level":"info","message":"Mapped {/users/:id, PATCH} route","timestamp":"2026-05-04T07:27:25.901Z"}
{"context":"RouterExplorer","level":"info","message":"Mapped {/users/:id, DELETE} route","timestamp":"2026-05-04T07:27:25.901Z"}
{"context":"RoutesResolver","level":"info","message":"WhitelistIpController {/whitelist-ip}:","timestamp":"2026-05-04T07:27:25.901Z"}
{"context":"RouterExplorer","level":"info","message":"Mapped {/whitelist-ip, POST} route","timestamp":"2026-05-04T07:27:25.902Z"}
{"context":"RouterExplorer","level":"info","message":"Mapped {/whitelist-ip, GET} route","timestamp":"2026-05-04T07:27:25.902Z"}
{"context":"RouterExplorer","level":"info","message":"Mapped {/whitelist-ip/:id, GET} route","timestamp":"2026-05-04T07:27:25.902Z"}
{"context":"RouterExplorer","level":"info","message":"Mapped {/whitelist-ip/:id, PATCH} route","timestamp":"2026-05-04T07:27:25.902Z"}
{"context":"RouterExplorer","level":"info","message":"Mapped {/whitelist-ip/:id, DELETE} route","timestamp":"2026-05-04T07:27:25.903Z"}
{"context":"RoutesResolver","level":"info","message":"RolesController {/roles}:","timestamp":"2026-05-04T07:27:25.903Z"}
{"context":"RouterExplorer","level":"info","message":"Mapped {/roles, POST} route","timestamp":"2026-05-04T07:27:25.903Z"}
{"context":"RouterExplorer","level":"info","message":"Mapped {/roles, GET} route","timestamp":"2026-05-04T07:27:25.903Z"}
{"context":"RouterExplorer","level":"info","message":"Mapped {/roles/:id, GET} route","timestamp":"2026-05-04T07:27:25.903Z"}
{"context":"RouterExplorer","level":"info","message":"Mapped {/roles/:id, PATCH} route","timestamp":"2026-05-04T07:27:25.903Z"}
{"context":"RouterExplorer","level":"info","message":"Mapped {/roles/:id, DELETE} route","timestamp":"2026-05-04T07:27:25.903Z"}
{"context":"RoutesResolver","level":"info","message":"PermissionsController {/permissions}:","timestamp":"2026-05-04T07:27:25.903Z"}
{"context":"RouterExplorer","level":"info","message":"Mapped {/permissions, POST} route","timestamp":"2026-05-04T07:27:25.904Z"}
{"context":"RouterExplorer","level":"info","message":"Mapped {/permissions, GET} route","timestamp":"2026-05-04T07:27:25.904Z"}
{"context":"RouterExplorer","level":"info","message":"Mapped {/permissions/:id, PATCH} route","timestamp":"2026-05-04T07:27:25.904Z"}
{"context":"RouterExplorer","level":"info","message":"Mapped {/permissions/:id, DELETE} route","timestamp":"2026-05-04T07:27:25.904Z"}
{"context":"RoutesResolver","level":"info","message":"AuthController {/auth}:","timestamp":"2026-05-04T07:27:25.904Z"}
{"context":"RouterExplorer","level":"info","message":"Mapped {/auth/register, POST} route","timestamp":"2026-05-04T07:27:25.904Z"}
{"context":"RouterExplorer","level":"info","message":"Mapped {/auth/login, POST} route","timestamp":"2026-05-04T07:27:25.905Z"}
{"context":"RouterExplorer","level":"info","message":"Mapped {/auth/refresh, POST} route","timestamp":"2026-05-04T07:27:25.905Z"}
{"context":"RouterExplorer","level":"info","message":"Mapped {/auth/logout, POST} route","timestamp":"2026-05-04T07:27:25.905Z"}
{"context":"RouterExplorer","level":"info","message":"Mapped {/auth/me, GET} route","timestamp":"2026-05-04T07:27:25.905Z"}
{"context":"RouterExplorer","level":"info","message":"Mapped {/auth/me/password, PATCH} route","timestamp":"2026-05-04T07:27:25.905Z"}
{"context":"RoutesResolver","level":"info","message":"AttributeController {/attribute}:","timestamp":"2026-05-04T07:27:25.906Z"}
{"context":"RouterExplorer","level":"info","message":"Mapped {/attribute, POST} route","timestamp":"2026-05-04T07:27:25.906Z"}
{"context":"RouterExplorer","level":"info","message":"Mapped {/attribute, GET} route","timestamp":"2026-05-04T07:27:25.906Z"}
{"context":"RouterExplorer","level":"info","message":"Mapped {/attribute/:id, GET} route","timestamp":"2026-05-04T07:27:25.906Z"}
{"context":"RouterExplorer","level":"info","message":"Mapped {/attribute/:id, PATCH} route","timestamp":"2026-05-04T07:27:25.906Z"}
{"context":"RouterExplorer","level":"info","message":"Mapped {/attribute/:id, DELETE} route","timestamp":"2026-05-04T07:27:25.907Z"}
{"context":"PrismaService","level":"info","message":"Kết nối database thành công","timestamp":"2026-05-04T07:27:25.944Z"}
{"context":"NestApplication","level":"info","message":"Nest application successfully started","timestamp":"2026-05-04T07:27:25.947Z"}
{"level":"info","message":"Khởi tạo ứng dụng...","timestamp":"2026-05-04T07:27:29.838Z"}
{"context":"NestFactory","level":"info","message":"Starting Nest application...","timestamp":"2026-05-04T07:27:29.907Z"}
{"context":"InstanceLoader","level":"info","message":"CommonModule dependencies initialized","timestamp":"2026-05-04T07:27:29.913Z"}
{"context":"InstanceLoader","level":"info","message":"ConfigHostModule dependencies initialized","timestamp":"2026-05-04T07:27:29.913Z"}
{"context":"PrismaService","level":"info","message":"🔌 Prisma Connection String: postgresql://admin:******@localhost:5433/kyc_asset_db?schema=public","timestamp":"2026-05-04T07:27:29.915Z"}
{"context":"InstanceLoader","level":"info","message":"AppModule dependencies initialized","timestamp":"2026-05-04T07:27:29.916Z"}
{"context":"InstanceLoader","level":"info","message":"ConfigModule dependencies initialized","timestamp":"2026-05-04T07:27:29.916Z"}
{"context":"InstanceLoader","level":"info","message":"JwtModule dependencies initialized","timestamp":"2026-05-04T07:27:29.917Z"}
{"context":"InstanceLoader","level":"info","message":"PrismaModule dependencies initialized","timestamp":"2026-05-04T07:27:29.918Z"}
{"context":"InstanceLoader","level":"info","message":"WhitelistIpModule dependencies initialized","timestamp":"2026-05-04T07:27:29.919Z"}
{"context":"InstanceLoader","level":"info","message":"AttributeModule dependencies initialized","timestamp":"2026-05-04T07:27:29.919Z"}
{"context":"InstanceLoader","level":"info","message":"UsersModule dependencies initialized","timestamp":"2026-05-04T07:27:29.919Z"}
{"context":"InstanceLoader","level":"info","message":"RolesModule dependencies initialized","timestamp":"2026-05-04T07:27:29.919Z"}
{"context":"InstanceLoader","level":"info","message":"PermissionsModule dependencies initialized","timestamp":"2026-05-04T07:27:29.919Z"}
{"context":"InstanceLoader","level":"info","message":"AuthModule dependencies initialized","timestamp":"2026-05-04T07:27:29.919Z"}
{"context":"RoutesResolver","level":"info","message":"AppController {/}:","timestamp":"2026-05-04T07:27:29.942Z"}
{"context":"RouterExplorer","level":"info","message":"Mapped {/, GET} route","timestamp":"2026-05-04T07:27:29.943Z"}
{"context":"RoutesResolver","level":"info","message":"UsersController {/users}:","timestamp":"2026-05-04T07:27:29.943Z"}
{"context":"RouterExplorer","level":"info","message":"Mapped {/users, POST} route","timestamp":"2026-05-04T07:27:29.943Z"}
{"context":"RouterExplorer","level":"info","message":"Mapped {/users, GET} route","timestamp":"2026-05-04T07:27:29.944Z"}
{"context":"RouterExplorer","level":"info","message":"Mapped {/users/:id, GET} route","timestamp":"2026-05-04T07:27:29.944Z"}
{"context":"RouterExplorer","level":"info","message":"Mapped {/users/:id, PATCH} route","timestamp":"2026-05-04T07:27:29.944Z"}
{"context":"RouterExplorer","level":"info","message":"Mapped {/users/:id, DELETE} route","timestamp":"2026-05-04T07:27:29.944Z"}
{"context":"RoutesResolver","level":"info","message":"WhitelistIpController {/whitelist-ip}:","timestamp":"2026-05-04T07:27:29.944Z"}
{"context":"RouterExplorer","level":"info","message":"Mapped {/whitelist-ip, POST} route","timestamp":"2026-05-04T07:27:29.944Z"}
{"context":"RouterExplorer","level":"info","message":"Mapped {/whitelist-ip, GET} route","timestamp":"2026-05-04T07:27:29.945Z"}
{"context":"RouterExplorer","level":"info","message":"Mapped {/whitelist-ip/:id, GET} route","timestamp":"2026-05-04T07:27:29.945Z"}
{"context":"RouterExplorer","level":"info","message":"Mapped {/whitelist-ip/:id, PATCH} route","timestamp":"2026-05-04T07:27:29.945Z"}
{"context":"RouterExplorer","level":"info","message":"Mapped {/whitelist-ip/:id, DELETE} route","timestamp":"2026-05-04T07:27:29.945Z"}
{"context":"RoutesResolver","level":"info","message":"RolesController {/roles}:","timestamp":"2026-05-04T07:27:29.945Z"}
{"context":"RouterExplorer","level":"info","message":"Mapped {/roles, POST} route","timestamp":"2026-05-04T07:27:29.945Z"}
{"context":"RouterExplorer","level":"info","message":"Mapped {/roles, GET} route","timestamp":"2026-05-04T07:27:29.946Z"}
{"context":"RouterExplorer","level":"info","message":"Mapped {/roles/:id, GET} route","timestamp":"2026-05-04T07:27:29.946Z"}
{"context":"RouterExplorer","level":"info","message":"Mapped {/roles/:id, PATCH} route","timestamp":"2026-05-04T07:27:29.946Z"}
{"context":"RouterExplorer","level":"info","message":"Mapped {/roles/:id, DELETE} route","timestamp":"2026-05-04T07:27:29.946Z"}
{"context":"RoutesResolver","level":"info","message":"PermissionsController {/permissions}:","timestamp":"2026-05-04T07:27:29.946Z"}
{"context":"RouterExplorer","level":"info","message":"Mapped {/permissions, POST} route","timestamp":"2026-05-04T07:27:29.946Z"}
{"context":"RouterExplorer","level":"info","message":"Mapped {/permissions, GET} route","timestamp":"2026-05-04T07:27:29.947Z"}
{"context":"RouterExplorer","level":"info","message":"Mapped {/permissions/:id, PATCH} route","timestamp":"2026-05-04T07:27:29.947Z"}
{"context":"RouterExplorer","level":"info","message":"Mapped {/permissions/:id, DELETE} route","timestamp":"2026-05-04T07:27:29.947Z"}
{"context":"RoutesResolver","level":"info","message":"AuthController {/auth}:","timestamp":"2026-05-04T07:27:29.947Z"}
{"context":"RouterExplorer","level":"info","message":"Mapped {/auth/register, POST} route","timestamp":"2026-05-04T07:27:29.947Z"}
{"context":"RouterExplorer","level":"info","message":"Mapped {/auth/login, POST} route","timestamp":"2026-05-04T07:27:29.947Z"}
{"context":"RouterExplorer","level":"info","message":"Mapped {/auth/refresh, POST} route","timestamp":"2026-05-04T07:27:29.947Z"}
{"context":"RouterExplorer","level":"info","message":"Mapped {/auth/logout, POST} route","timestamp":"2026-05-04T07:27:29.947Z"}
{"context":"RouterExplorer","level":"info","message":"Mapped {/auth/me, GET} route","timestamp":"2026-05-04T07:27:29.948Z"}
{"context":"RouterExplorer","level":"info","message":"Mapped {/auth/me/password, PATCH} route","timestamp":"2026-05-04T07:27:29.948Z"}
{"context":"RoutesResolver","level":"info","message":"AttributeController {/attribute}:","timestamp":"2026-05-04T07:27:29.948Z"}
{"context":"RouterExplorer","level":"info","message":"Mapped {/attribute, POST} route","timestamp":"2026-05-04T07:27:29.948Z"}
{"context":"RouterExplorer","level":"info","message":"Mapped {/attribute, GET} route","timestamp":"2026-05-04T07:27:29.949Z"}
{"context":"RouterExplorer","level":"info","message":"Mapped {/attribute/:id, GET} route","timestamp":"2026-05-04T07:27:29.949Z"}
{"context":"RouterExplorer","level":"info","message":"Mapped {/attribute/:id, PATCH} route","timestamp":"2026-05-04T07:27:29.949Z"}
{"context":"RouterExplorer","level":"info","message":"Mapped {/attribute/:id, DELETE} route","timestamp":"2026-05-04T07:27:29.949Z"}
{"context":"PrismaService","level":"info","message":"Kết nối database thành công","timestamp":"2026-05-04T07:27:29.987Z"}
{"context":"NestApplication","level":"info","message":"Nest application successfully started","timestamp":"2026-05-04T07:27:29.990Z"}
{"level":"info","message":"Khởi tạo ứng dụng...","timestamp":"2026-05-04T07:27:33.819Z"}
{"context":"NestFactory","level":"info","message":"Starting Nest application...","timestamp":"2026-05-04T07:27:33.889Z"}
{"context":"InstanceLoader","level":"info","message":"CommonModule dependencies initialized","timestamp":"2026-05-04T07:27:33.895Z"}
{"context":"InstanceLoader","level":"info","message":"ConfigHostModule dependencies initialized","timestamp":"2026-05-04T07:27:33.896Z"}
{"context":"PrismaService","level":"info","message":"🔌 Prisma Connection String: postgresql://admin:******@localhost:5433/kyc_asset_db?schema=public","timestamp":"2026-05-04T07:27:33.899Z"}
{"context":"InstanceLoader","level":"info","message":"AppModule dependencies initialized","timestamp":"2026-05-04T07:27:33.899Z"}
{"context":"InstanceLoader","level":"info","message":"ConfigModule dependencies initialized","timestamp":"2026-05-04T07:27:33.899Z"}
{"context":"InstanceLoader","level":"info","message":"JwtModule dependencies initialized","timestamp":"2026-05-04T07:27:33.900Z"}
{"context":"InstanceLoader","level":"info","message":"PrismaModule dependencies initialized","timestamp":"2026-05-04T07:27:33.900Z"}
{"context":"InstanceLoader","level":"info","message":"WhitelistIpModule dependencies initialized","timestamp":"2026-05-04T07:27:33.901Z"}
{"context":"InstanceLoader","level":"info","message":"AttributeModule dependencies initialized","timestamp":"2026-05-04T07:27:33.901Z"}
{"context":"InstanceLoader","level":"info","message":"UsersModule dependencies initialized","timestamp":"2026-05-04T07:27:33.902Z"}
{"context":"InstanceLoader","level":"info","message":"RolesModule dependencies initialized","timestamp":"2026-05-04T07:27:33.902Z"}
{"context":"InstanceLoader","level":"info","message":"PermissionsModule dependencies initialized","timestamp":"2026-05-04T07:27:33.902Z"}
{"context":"InstanceLoader","level":"info","message":"AuthModule dependencies initialized","timestamp":"2026-05-04T07:27:33.902Z"}
{"context":"RoutesResolver","level":"info","message":"AppController {/}:","timestamp":"2026-05-04T07:27:33.924Z"}
{"context":"RouterExplorer","level":"info","message":"Mapped {/, GET} route","timestamp":"2026-05-04T07:27:33.925Z"}
{"context":"RoutesResolver","level":"info","message":"UsersController {/users}:","timestamp":"2026-05-04T07:27:33.925Z"}
{"context":"RouterExplorer","level":"info","message":"Mapped {/users, POST} route","timestamp":"2026-05-04T07:27:33.925Z"}
{"context":"RouterExplorer","level":"info","message":"Mapped {/users, GET} route","timestamp":"2026-05-04T07:27:33.926Z"}
{"context":"RouterExplorer","level":"info","message":"Mapped {/users/:id, GET} route","timestamp":"2026-05-04T07:27:33.926Z"}
{"context":"RouterExplorer","level":"info","message":"Mapped {/users/:id, PATCH} route","timestamp":"2026-05-04T07:27:33.926Z"}
{"context":"RouterExplorer","level":"info","message":"Mapped {/users/:id, DELETE} route","timestamp":"2026-05-04T07:27:33.926Z"}
{"context":"RoutesResolver","level":"info","message":"WhitelistIpController {/whitelist-ip}:","timestamp":"2026-05-04T07:27:33.926Z"}
{"context":"RouterExplorer","level":"info","message":"Mapped {/whitelist-ip, POST} route","timestamp":"2026-05-04T07:27:33.927Z"}
{"context":"RouterExplorer","level":"info","message":"Mapped {/whitelist-ip, GET} route","timestamp":"2026-05-04T07:27:33.927Z"}
{"context":"RouterExplorer","level":"info","message":"Mapped {/whitelist-ip/:id, GET} route","timestamp":"2026-05-04T07:27:33.927Z"}
{"context":"RouterExplorer","level":"info","message":"Mapped {/whitelist-ip/:id, PATCH} route","timestamp":"2026-05-04T07:27:33.927Z"}
{"context":"RouterExplorer","level":"info","message":"Mapped {/whitelist-ip/:id, DELETE} route","timestamp":"2026-05-04T07:27:33.928Z"}
{"context":"RoutesResolver","level":"info","message":"RolesController {/roles}:","timestamp":"2026-05-04T07:27:33.928Z"}
{"context":"RouterExplorer","level":"info","message":"Mapped {/roles, POST} route","timestamp":"2026-05-04T07:27:33.928Z"}
{"context":"RouterExplorer","level":"info","message":"Mapped {/roles, GET} route","timestamp":"2026-05-04T07:27:33.928Z"}
{"context":"RouterExplorer","level":"info","message":"Mapped {/roles/:id, GET} route","timestamp":"2026-05-04T07:27:33.928Z"}
{"context":"RouterExplorer","level":"info","message":"Mapped {/roles/:id, PATCH} route","timestamp":"2026-05-04T07:27:33.928Z"}
{"context":"RouterExplorer","level":"info","message":"Mapped {/roles/:id, DELETE} route","timestamp":"2026-05-04T07:27:33.928Z"}
{"context":"RoutesResolver","level":"info","message":"PermissionsController {/permissions}:","timestamp":"2026-05-04T07:27:33.929Z"}
{"context":"RouterExplorer","level":"info","message":"Mapped {/permissions, POST} route","timestamp":"2026-05-04T07:27:33.929Z"}
{"context":"RouterExplorer","level":"info","message":"Mapped {/permissions, GET} route","timestamp":"2026-05-04T07:27:33.929Z"}
{"context":"RouterExplorer","level":"info","message":"Mapped {/permissions/:id, PATCH} route","timestamp":"2026-05-04T07:27:33.929Z"}
{"context":"RouterExplorer","level":"info","message":"Mapped {/permissions/:id, DELETE} route","timestamp":"2026-05-04T07:27:33.929Z"}
{"context":"RoutesResolver","level":"info","message":"AuthController {/auth}:","timestamp":"2026-05-04T07:27:33.929Z"}
{"context":"RouterExplorer","level":"info","message":"Mapped {/auth/register, POST} route","timestamp":"2026-05-04T07:27:33.930Z"}
{"context":"RouterExplorer","level":"info","message":"Mapped {/auth/login, POST} route","timestamp":"2026-05-04T07:27:33.930Z"}
{"context":"RouterExplorer","level":"info","message":"Mapped {/auth/refresh, POST} route","timestamp":"2026-05-04T07:27:33.930Z"}
{"context":"RouterExplorer","level":"info","message":"Mapped {/auth/logout, POST} route","timestamp":"2026-05-04T07:27:33.930Z"}
{"context":"RouterExplorer","level":"info","message":"Mapped {/auth/me, GET} route","timestamp":"2026-05-04T07:27:33.930Z"}
{"context":"RouterExplorer","level":"info","message":"Mapped {/auth/me/password, PATCH} route","timestamp":"2026-05-04T07:27:33.931Z"}
{"context":"RoutesResolver","level":"info","message":"AttributeController {/attribute}:","timestamp":"2026-05-04T07:27:33.931Z"}
{"context":"RouterExplorer","level":"info","message":"Mapped {/attribute, POST} route","timestamp":"2026-05-04T07:27:33.931Z"}
{"context":"RouterExplorer","level":"info","message":"Mapped {/attribute, GET} route","timestamp":"2026-05-04T07:27:33.931Z"}
{"context":"RouterExplorer","level":"info","message":"Mapped {/attribute/:id, GET} route","timestamp":"2026-05-04T07:27:33.931Z"}
{"context":"RouterExplorer","level":"info","message":"Mapped {/attribute/:id, PATCH} route","timestamp":"2026-05-04T07:27:33.931Z"}
{"context":"RouterExplorer","level":"info","message":"Mapped {/attribute/:id, DELETE} route","timestamp":"2026-05-04T07:27:33.931Z"}
{"context":"PrismaService","level":"info","message":"Kết nối database thành công","timestamp":"2026-05-04T07:27:33.968Z"}
{"context":"NestApplication","level":"info","message":"Nest application successfully started","timestamp":"2026-05-04T07:27:33.971Z"}
{"level":"info","message":"Khởi tạo ứng dụng...","timestamp":"2026-05-04T07:28:25.890Z"}
{"context":"NestFactory","level":"info","message":"Starting Nest application...","timestamp":"2026-05-04T07:28:25.959Z"}
{"context":"InstanceLoader","level":"info","message":"CommonModule dependencies initialized","timestamp":"2026-05-04T07:28:25.966Z"}
{"context":"InstanceLoader","level":"info","message":"ConfigHostModule dependencies initialized","timestamp":"2026-05-04T07:28:25.966Z"}
{"context":"PrismaService","level":"info","message":"🔌 Prisma Connection String: postgresql://admin:******@localhost:5433/kyc_asset_db?schema=public","timestamp":"2026-05-04T07:28:25.969Z"}
{"context":"InstanceLoader","level":"info","message":"AppModule dependencies initialized","timestamp":"2026-05-04T07:28:25.970Z"}
{"context":"InstanceLoader","level":"info","message":"ConfigModule dependencies initialized","timestamp":"2026-05-04T07:28:25.970Z"}
{"context":"InstanceLoader","level":"info","message":"JwtModule dependencies initialized","timestamp":"2026-05-04T07:28:25.970Z"}
{"context":"InstanceLoader","level":"info","message":"PrismaModule dependencies initialized","timestamp":"2026-05-04T07:28:25.971Z"}
{"context":"InstanceLoader","level":"info","message":"WhitelistIpModule dependencies initialized","timestamp":"2026-05-04T07:28:25.972Z"}
{"context":"InstanceLoader","level":"info","message":"AttributeModule dependencies initialized","timestamp":"2026-05-04T07:28:25.972Z"}
{"context":"InstanceLoader","level":"info","message":"UsersModule dependencies initialized","timestamp":"2026-05-04T07:28:25.972Z"}
{"context":"InstanceLoader","level":"info","message":"RolesModule dependencies initialized","timestamp":"2026-05-04T07:28:25.972Z"}
{"context":"InstanceLoader","level":"info","message":"PermissionsModule dependencies initialized","timestamp":"2026-05-04T07:28:25.972Z"}
{"context":"InstanceLoader","level":"info","message":"AuthModule dependencies initialized","timestamp":"2026-05-04T07:28:25.973Z"}
{"context":"RoutesResolver","level":"info","message":"AppController {/}:","timestamp":"2026-05-04T07:28:25.997Z"}
{"context":"RouterExplorer","level":"info","message":"Mapped {/, GET} route","timestamp":"2026-05-04T07:28:25.998Z"}
{"context":"RoutesResolver","level":"info","message":"UsersController {/users}:","timestamp":"2026-05-04T07:28:25.998Z"}
{"context":"RouterExplorer","level":"info","message":"Mapped {/users, POST} route","timestamp":"2026-05-04T07:28:25.999Z"}
{"context":"RouterExplorer","level":"info","message":"Mapped {/users, GET} route","timestamp":"2026-05-04T07:28:25.999Z"}
{"context":"RouterExplorer","level":"info","message":"Mapped {/users/:id, GET} route","timestamp":"2026-05-04T07:28:25.999Z"}
{"context":"RouterExplorer","level":"info","message":"Mapped {/users/:id, PATCH} route","timestamp":"2026-05-04T07:28:25.999Z"}
{"context":"RouterExplorer","level":"info","message":"Mapped {/users/:id, DELETE} route","timestamp":"2026-05-04T07:28:26.000Z"}
{"context":"RoutesResolver","level":"info","message":"WhitelistIpController {/whitelist-ip}:","timestamp":"2026-05-04T07:28:26.000Z"}
{"context":"RouterExplorer","level":"info","message":"Mapped {/whitelist-ip, POST} route","timestamp":"2026-05-04T07:28:26.000Z"}
{"context":"RouterExplorer","level":"info","message":"Mapped {/whitelist-ip, GET} route","timestamp":"2026-05-04T07:28:26.000Z"}
{"context":"RouterExplorer","level":"info","message":"Mapped {/whitelist-ip/:id, GET} route","timestamp":"2026-05-04T07:28:26.000Z"}
{"context":"RouterExplorer","level":"info","message":"Mapped {/whitelist-ip/:id, PATCH} route","timestamp":"2026-05-04T07:28:26.001Z"}
{"context":"RouterExplorer","level":"info","message":"Mapped {/whitelist-ip/:id, DELETE} route","timestamp":"2026-05-04T07:28:26.001Z"}
{"context":"RoutesResolver","level":"info","message":"RolesController {/roles}:","timestamp":"2026-05-04T07:28:26.001Z"}
{"context":"RouterExplorer","level":"info","message":"Mapped {/roles, POST} route","timestamp":"2026-05-04T07:28:26.001Z"}
{"context":"RouterExplorer","level":"info","message":"Mapped {/roles, GET} route","timestamp":"2026-05-04T07:28:26.001Z"}
{"context":"RouterExplorer","level":"info","message":"Mapped {/roles/:id, GET} route","timestamp":"2026-05-04T07:28:26.001Z"}
{"context":"RouterExplorer","level":"info","message":"Mapped {/roles/:id, PATCH} route","timestamp":"2026-05-04T07:28:26.001Z"}
{"context":"RouterExplorer","level":"info","message":"Mapped {/roles/:id, DELETE} route","timestamp":"2026-05-04T07:28:26.001Z"}
{"context":"RoutesResolver","level":"info","message":"PermissionsController {/permissions}:","timestamp":"2026-05-04T07:28:26.002Z"}
{"context":"RouterExplorer","level":"info","message":"Mapped {/permissions, POST} route","timestamp":"2026-05-04T07:28:26.002Z"}
{"context":"RouterExplorer","level":"info","message":"Mapped {/permissions, GET} route","timestamp":"2026-05-04T07:28:26.002Z"}
{"context":"RouterExplorer","level":"info","message":"Mapped {/permissions/:id, PATCH} route","timestamp":"2026-05-04T07:28:26.002Z"}
{"context":"RouterExplorer","level":"info","message":"Mapped {/permissions/:id, DELETE} route","timestamp":"2026-05-04T07:28:26.002Z"}
{"context":"RoutesResolver","level":"info","message":"AuthController {/auth}:","timestamp":"2026-05-04T07:28:26.002Z"}
{"context":"RouterExplorer","level":"info","message":"Mapped {/auth/register, POST} route","timestamp":"2026-05-04T07:28:26.002Z"}
{"context":"RouterExplorer","level":"info","message":"Mapped {/auth/login, POST} route","timestamp":"2026-05-04T07:28:26.003Z"}
{"context":"RouterExplorer","level":"info","message":"Mapped {/auth/refresh, POST} route","timestamp":"2026-05-04T07:28:26.003Z"}
{"context":"RouterExplorer","level":"info","message":"Mapped {/auth/logout, POST} route","timestamp":"2026-05-04T07:28:26.003Z"}
{"context":"RouterExplorer","level":"info","message":"Mapped {/auth/me, GET} route","timestamp":"2026-05-04T07:28:26.003Z"}
{"context":"RouterExplorer","level":"info","message":"Mapped {/auth/me/password, PATCH} route","timestamp":"2026-05-04T07:28:26.003Z"}
{"context":"RoutesResolver","level":"info","message":"AttributeController {/attribute}:","timestamp":"2026-05-04T07:28:26.003Z"}
{"context":"RouterExplorer","level":"info","message":"Mapped {/attribute, POST} route","timestamp":"2026-05-04T07:28:26.004Z"}
{"context":"RouterExplorer","level":"info","message":"Mapped {/attribute, GET} route","timestamp":"2026-05-04T07:28:26.004Z"}
{"context":"RouterExplorer","level":"info","message":"Mapped {/attribute/:id, GET} route","timestamp":"2026-05-04T07:28:26.004Z"}
{"context":"RouterExplorer","level":"info","message":"Mapped {/attribute/:id, PATCH} route","timestamp":"2026-05-04T07:28:26.004Z"}
{"context":"RouterExplorer","level":"info","message":"Mapped {/attribute/:id, DELETE} route","timestamp":"2026-05-04T07:28:26.004Z"}
{"context":"PrismaService","level":"info","message":"Kết nối database thành công","timestamp":"2026-05-04T07:28:26.042Z"}
{"context":"NestApplication","level":"info","message":"Nest application successfully started","timestamp":"2026-05-04T07:28:26.046Z"}
{"level":"info","message":"Khởi tạo ứng dụng...","timestamp":"2026-05-04T07:31:21.680Z"}
{"context":"NestFactory","level":"info","message":"Starting Nest application...","timestamp":"2026-05-04T07:31:21.751Z"}
{"context":"InstanceLoader","level":"info","message":"ConfigHostModule dependencies initialized","timestamp":"2026-05-04T07:31:21.758Z"}
{"context":"PrismaService","level":"info","message":"🔌 Prisma Connection String: postgresql://admin:******@localhost:5433/kyc_asset_db?schema=public","timestamp":"2026-05-04T07:31:21.762Z"}
{"context":"InstanceLoader","level":"info","message":"AppModule dependencies initialized","timestamp":"2026-05-04T07:31:21.762Z"}
{"context":"InstanceLoader","level":"info","message":"ConfigModule dependencies initialized","timestamp":"2026-05-04T07:31:21.762Z"}
{"context":"InstanceLoader","level":"info","message":"CommonModule dependencies initialized","timestamp":"2026-05-04T07:31:21.762Z"}
{"context":"InstanceLoader","level":"info","message":"JwtModule dependencies initialized","timestamp":"2026-05-04T07:31:21.763Z"}
{"context":"InstanceLoader","level":"info","message":"PrismaModule dependencies initialized","timestamp":"2026-05-04T07:31:21.763Z"}
{"context":"InstanceLoader","level":"info","message":"WhitelistIpModule dependencies initialized","timestamp":"2026-05-04T07:31:21.764Z"}
{"context":"InstanceLoader","level":"info","message":"AttributeModule dependencies initialized","timestamp":"2026-05-04T07:31:21.764Z"}
{"context":"InstanceLoader","level":"info","message":"UsersModule dependencies initialized","timestamp":"2026-05-04T07:31:21.764Z"}
{"context":"InstanceLoader","level":"info","message":"RolesModule dependencies initialized","timestamp":"2026-05-04T07:31:21.765Z"}
{"context":"InstanceLoader","level":"info","message":"PermissionsModule dependencies initialized","timestamp":"2026-05-04T07:31:21.765Z"}
{"context":"InstanceLoader","level":"info","message":"AuthModule dependencies initialized","timestamp":"2026-05-04T07:31:21.765Z"}
{"context":"RoutesResolver","level":"info","message":"AppController {/}:","timestamp":"2026-05-04T07:31:21.788Z"}
{"context":"RouterExplorer","level":"info","message":"Mapped {/, GET} route","timestamp":"2026-05-04T07:31:21.789Z"}
{"context":"RoutesResolver","level":"info","message":"UsersController {/users}:","timestamp":"2026-05-04T07:31:21.789Z"}
{"context":"RouterExplorer","level":"info","message":"Mapped {/users, POST} route","timestamp":"2026-05-04T07:31:21.790Z"}
{"context":"RouterExplorer","level":"info","message":"Mapped {/users, GET} route","timestamp":"2026-05-04T07:31:21.790Z"}
{"context":"RouterExplorer","level":"info","message":"Mapped {/users/:id, GET} route","timestamp":"2026-05-04T07:31:21.790Z"}
{"context":"RouterExplorer","level":"info","message":"Mapped {/users/:id, PATCH} route","timestamp":"2026-05-04T07:31:21.791Z"}
{"context":"RouterExplorer","level":"info","message":"Mapped {/users/:id, DELETE} route","timestamp":"2026-05-04T07:31:21.791Z"}
{"context":"RoutesResolver","level":"info","message":"WhitelistIpController {/whitelist-ip}:","timestamp":"2026-05-04T07:31:21.791Z"}
{"context":"RouterExplorer","level":"info","message":"Mapped {/whitelist-ip, POST} route","timestamp":"2026-05-04T07:31:21.791Z"}
{"context":"RouterExplorer","level":"info","message":"Mapped {/whitelist-ip, GET} route","timestamp":"2026-05-04T07:31:21.792Z"}
{"context":"RouterExplorer","level":"info","message":"Mapped {/whitelist-ip/:id, GET} route","timestamp":"2026-05-04T07:31:21.792Z"}
{"context":"RouterExplorer","level":"info","message":"Mapped {/whitelist-ip/:id, PATCH} route","timestamp":"2026-05-04T07:31:21.792Z"}
{"context":"RouterExplorer","level":"info","message":"Mapped {/whitelist-ip/:id, DELETE} route","timestamp":"2026-05-04T07:31:21.792Z"}
{"context":"RoutesResolver","level":"info","message":"RolesController {/roles}:","timestamp":"2026-05-04T07:31:21.792Z"}
{"context":"RouterExplorer","level":"info","message":"Mapped {/roles, POST} route","timestamp":"2026-05-04T07:31:21.792Z"}
{"context":"RouterExplorer","level":"info","message":"Mapped {/roles, GET} route","timestamp":"2026-05-04T07:31:21.793Z"}
{"context":"RouterExplorer","level":"info","message":"Mapped {/roles/:id, GET} route","timestamp":"2026-05-04T07:31:21.793Z"}
{"context":"RouterExplorer","level":"info","message":"Mapped {/roles/:id, PATCH} route","timestamp":"2026-05-04T07:31:21.793Z"}
{"context":"RouterExplorer","level":"info","message":"Mapped {/roles/:id, DELETE} route","timestamp":"2026-05-04T07:31:21.793Z"}
{"context":"RoutesResolver","level":"info","message":"PermissionsController {/permissions}:","timestamp":"2026-05-04T07:31:21.793Z"}
{"context":"RouterExplorer","level":"info","message":"Mapped {/permissions, POST} route","timestamp":"2026-05-04T07:31:21.793Z"}
{"context":"RouterExplorer","level":"info","message":"Mapped {/permissions, GET} route","timestamp":"2026-05-04T07:31:21.794Z"}
{"context":"RouterExplorer","level":"info","message":"Mapped {/permissions/:id, PATCH} route","timestamp":"2026-05-04T07:31:21.794Z"}
{"context":"RouterExplorer","level":"info","message":"Mapped {/permissions/:id, DELETE} route","timestamp":"2026-05-04T07:31:21.794Z"}
{"context":"RoutesResolver","level":"info","message":"AuthController {/auth}:","timestamp":"2026-05-04T07:31:21.794Z"}
{"context":"RouterExplorer","level":"info","message":"Mapped {/auth/register, POST} route","timestamp":"2026-05-04T07:31:21.794Z"}
{"context":"RouterExplorer","level":"info","message":"Mapped {/auth/login, POST} route","timestamp":"2026-05-04T07:31:21.794Z"}
{"context":"RouterExplorer","level":"info","message":"Mapped {/auth/refresh, POST} route","timestamp":"2026-05-04T07:31:21.795Z"}
{"context":"RouterExplorer","level":"info","message":"Mapped {/auth/logout, POST} route","timestamp":"2026-05-04T07:31:21.795Z"}
{"context":"RouterExplorer","level":"info","message":"Mapped {/auth/me, GET} route","timestamp":"2026-05-04T07:31:21.795Z"}
{"context":"RouterExplorer","level":"info","message":"Mapped {/auth/me/password, PATCH} route","timestamp":"2026-05-04T07:31:21.795Z"}
{"context":"RoutesResolver","level":"info","message":"AttributeController {/attribute}:","timestamp":"2026-05-04T07:31:21.795Z"}
{"context":"RouterExplorer","level":"info","message":"Mapped {/attribute, POST} route","timestamp":"2026-05-04T07:31:21.795Z"}
{"context":"RouterExplorer","level":"info","message":"Mapped {/attribute, GET} route","timestamp":"2026-05-04T07:31:21.795Z"}
{"context":"RouterExplorer","level":"info","message":"Mapped {/attribute/:id, GET} route","timestamp":"2026-05-04T07:31:21.796Z"}
{"context":"RouterExplorer","level":"info","message":"Mapped {/attribute/:id, PATCH} route","timestamp":"2026-05-04T07:31:21.796Z"}
{"context":"RouterExplorer","level":"info","message":"Mapped {/attribute/:id, DELETE} route","timestamp":"2026-05-04T07:31:21.796Z"}
{"context":"PrismaService","level":"info","message":"Kết nối database thành công","timestamp":"2026-05-04T07:31:21.833Z"}
{"context":"NestApplication","level":"info","message":"Nest application successfully started","timestamp":"2026-05-04T07:31:21.837Z"}
{"context":"LoggerMiddleware","level":"error","message":"[RequestID: e10fc8b3-62de-4d30-bead-6f2b81e91b55] GET /whitelist-ip?page=1&limit=10&sortBy=name&sortOrder=asc | Status: 500 | Duration: 4ms | IP: ::1 | UserAgent: Mozilla/5.0 (Windows NT 10.0; Win64; x64) AppleWebKit/537.36 (KHTML, like Gecko) Chrome/147.0.0.0 Safari/537.36","requestId":"e10fc8b3-62de-4d30-bead-6f2b81e91b55","stack":[null],"timestamp":"2026-05-04T07:31:55.587Z"}
{"context":"LoggerMiddleware","level":"error","message":"[RequestID: 0a0d9fa7-5594-42d4-966c-0137c1fdc5e2] GET /auth/me | Status: 500 | Duration: 2ms | IP: ::1 | UserAgent: Mozilla/5.0 (Windows NT 10.0; Win64; x64) AppleWebKit/537.36 (KHTML, like Gecko) Chrome/147.0.0.0 Safari/537.36","requestId":"0a0d9fa7-5594-42d4-966c-0137c1fdc5e2","stack":[null],"timestamp":"2026-05-04T07:32:14.118Z"}
{"level":"info","message":"Khởi tạo ứng dụng...","timestamp":"2026-05-04T07:35:56.342Z"}
{"context":"NestFactory","level":"info","message":"Starting Nest application...","timestamp":"2026-05-04T07:35:56.412Z"}
{"context":"InstanceLoader","level":"info","message":"ConfigHostModule dependencies initialized","timestamp":"2026-05-04T07:35:56.420Z"}
{"context":"PrismaService","level":"info","message":"🔌 Prisma Connection String: postgresql://admin:******@localhost:5433/kyc_asset_db?schema=public","timestamp":"2026-05-04T07:35:56.423Z"}
{"context":"InstanceLoader","level":"info","message":"AppModule dependencies initialized","timestamp":"2026-05-04T07:35:56.423Z"}
{"context":"InstanceLoader","level":"info","message":"ConfigModule dependencies initialized","timestamp":"2026-05-04T07:35:56.423Z"}
{"context":"InstanceLoader","level":"info","message":"CommonModule dependencies initialized","timestamp":"2026-05-04T07:35:56.424Z"}
{"context":"InstanceLoader","level":"info","message":"JwtModule dependencies initialized","timestamp":"2026-05-04T07:35:56.424Z"}
{"context":"InstanceLoader","level":"info","message":"PrismaModule dependencies initialized","timestamp":"2026-05-04T07:35:56.424Z"}
{"context":"InstanceLoader","level":"info","message":"WhitelistIpModule dependencies initialized","timestamp":"2026-05-04T07:35:56.425Z"}
{"context":"InstanceLoader","level":"info","message":"AttributeModule dependencies initialized","timestamp":"2026-05-04T07:35:56.426Z"}
{"context":"InstanceLoader","level":"info","message":"UsersModule dependencies initialized","timestamp":"2026-05-04T07:35:56.426Z"}
{"context":"InstanceLoader","level":"info","message":"RolesModule dependencies initialized","timestamp":"2026-05-04T07:35:56.426Z"}
{"context":"InstanceLoader","level":"info","message":"PermissionsModule dependencies initialized","timestamp":"2026-05-04T07:35:56.426Z"}
{"context":"InstanceLoader","level":"info","message":"AuthModule dependencies initialized","timestamp":"2026-05-04T07:35:56.426Z"}
{"context":"RoutesResolver","level":"info","message":"AppController {/}:","timestamp":"2026-05-04T07:35:56.449Z"}
{"context":"RouterExplorer","level":"info","message":"Mapped {/, GET} route","timestamp":"2026-05-04T07:35:56.450Z"}
{"context":"RoutesResolver","level":"info","message":"UsersController {/users}:","timestamp":"2026-05-04T07:35:56.450Z"}
{"context":"RouterExplorer","level":"info","message":"Mapped {/users, POST} route","timestamp":"2026-05-04T07:35:56.451Z"}
{"context":"RouterExplorer","level":"info","message":"Mapped {/users, GET} route","timestamp":"2026-05-04T07:35:56.451Z"}
{"context":"RouterExplorer","level":"info","message":"Mapped {/users/:id, GET} route","timestamp":"2026-05-04T07:35:56.451Z"}
{"context":"RouterExplorer","level":"info","message":"Mapped {/users/:id, PATCH} route","timestamp":"2026-05-04T07:35:56.452Z"}
{"context":"RouterExplorer","level":"info","message":"Mapped {/users/:id, DELETE} route","timestamp":"2026-05-04T07:35:56.452Z"}
{"context":"RoutesResolver","level":"info","message":"WhitelistIpController {/whitelist-ip}:","timestamp":"2026-05-04T07:35:56.452Z"}
{"context":"RouterExplorer","level":"info","message":"Mapped {/whitelist-ip, POST} route","timestamp":"2026-05-04T07:35:56.453Z"}
{"context":"RouterExplorer","level":"info","message":"Mapped {/whitelist-ip, GET} route","timestamp":"2026-05-04T07:35:56.453Z"}
{"context":"RouterExplorer","level":"info","message":"Mapped {/whitelist-ip/:id, GET} route","timestamp":"2026-05-04T07:35:56.453Z"}
{"context":"RouterExplorer","level":"info","message":"Mapped {/whitelist-ip/:id, PATCH} route","timestamp":"2026-05-04T07:35:56.453Z"}
{"context":"RouterExplorer","level":"info","message":"Mapped {/whitelist-ip/:id, DELETE} route","timestamp":"2026-05-04T07:35:56.453Z"}
{"context":"RoutesResolver","level":"info","message":"RolesController {/roles}:","timestamp":"2026-05-04T07:35:56.454Z"}
{"context":"RouterExplorer","level":"info","message":"Mapped {/roles, POST} route","timestamp":"2026-05-04T07:35:56.454Z"}
{"context":"RouterExplorer","level":"info","message":"Mapped {/roles, GET} route","timestamp":"2026-05-04T07:35:56.454Z"}
{"context":"RouterExplorer","level":"info","message":"Mapped {/roles/:id, GET} route","timestamp":"2026-05-04T07:35:56.454Z"}
{"context":"RouterExplorer","level":"info","message":"Mapped {/roles/:id, PATCH} route","timestamp":"2026-05-04T07:35:56.454Z"}
{"context":"RouterExplorer","level":"info","message":"Mapped {/roles/:id, DELETE} route","timestamp":"2026-05-04T07:35:56.454Z"}
{"context":"RoutesResolver","level":"info","message":"PermissionsController {/permissions}:","timestamp":"2026-05-04T07:35:56.455Z"}
{"context":"RouterExplorer","level":"info","message":"Mapped {/permissions, POST} route","timestamp":"2026-05-04T07:35:56.455Z"}
{"context":"RouterExplorer","level":"info","message":"Mapped {/permissions, GET} route","timestamp":"2026-05-04T07:35:56.455Z"}
{"context":"RouterExplorer","level":"info","message":"Mapped {/permissions/:id, PATCH} route","timestamp":"2026-05-04T07:35:56.455Z"}
{"context":"RouterExplorer","level":"info","message":"Mapped {/permissions/:id, DELETE} route","timestamp":"2026-05-04T07:35:56.455Z"}
{"context":"RoutesResolver","level":"info","message":"AuthController {/auth}:","timestamp":"2026-05-04T07:35:56.456Z"}
{"context":"RouterExplorer","level":"info","message":"Mapped {/auth/register, POST} route","timestamp":"2026-05-04T07:35:56.456Z"}
{"context":"RouterExplorer","level":"info","message":"Mapped {/auth/login, POST} route","timestamp":"2026-05-04T07:35:56.456Z"}
{"context":"RouterExplorer","level":"info","message":"Mapped {/auth/refresh, POST} route","timestamp":"2026-05-04T07:35:56.456Z"}
{"context":"RouterExplorer","level":"info","message":"Mapped {/auth/logout, POST} route","timestamp":"2026-05-04T07:35:56.456Z"}
{"context":"RouterExplorer","level":"info","message":"Mapped {/auth/me, GET} route","timestamp":"2026-05-04T07:35:56.456Z"}
{"context":"RouterExplorer","level":"info","message":"Mapped {/auth/me/password, PATCH} route","timestamp":"2026-05-04T07:35:56.457Z"}
{"context":"RoutesResolver","level":"info","message":"AttributeController {/attribute}:","timestamp":"2026-05-04T07:35:56.457Z"}
{"context":"RouterExplorer","level":"info","message":"Mapped {/attribute, POST} route","timestamp":"2026-05-04T07:35:56.457Z"}
{"context":"RouterExplorer","level":"info","message":"Mapped {/attribute, GET} route","timestamp":"2026-05-04T07:35:56.457Z"}
{"context":"RouterExplorer","level":"info","message":"Mapped {/attribute/:id, GET} route","timestamp":"2026-05-04T07:35:56.457Z"}
{"context":"RouterExplorer","level":"info","message":"Mapped {/attribute/:id, PATCH} route","timestamp":"2026-05-04T07:35:56.457Z"}
{"context":"RouterExplorer","level":"info","message":"Mapped {/attribute/:id, DELETE} route","timestamp":"2026-05-04T07:35:56.457Z"}
{"context":"PrismaService","level":"info","message":"Kết nối database thành công","timestamp":"2026-05-04T07:35:56.495Z"}
{"context":"NestApplication","level":"info","message":"Nest application successfully started","timestamp":"2026-05-04T07:35:56.499Z"}
{"context":"AllExceptionsFilter","level":"error","message":"[RequestID: 5df3d351-1009-4e97-a3eb-de0c2d87ddc4] GET /auth/me | Status: 500 | Error: Unknown authentication strategy \"jwt\"","requestId":"5df3d351-1009-4e97-a3eb-de0c2d87ddc4","stack":["Error: Unknown authentication strategy \"jwt\"\n    at attempt (C:\\Users\\ATT\\Documents\\Workspace\\ATT\\KYC Asset for ATTPAY\\backend\\be-kyc-asset\\node_modules\\passport\\lib\\middleware\\authenticate.js:193:39)\n    at authenticate (C:\\Users\\ATT\\Documents\\Workspace\\ATT\\KYC Asset for ATTPAY\\backend\\be-kyc-asset\\node_modules\\passport\\lib\\middleware\\authenticate.js:379:7)\n    at C:\\Users\\ATT\\Documents\\Workspace\\ATT\\KYC Asset for ATTPAY\\backend\\be-kyc-asset\\node_modules\\@nestjs\\passport\\dist\\auth.guard.js:88:3\n    at new Promise (<anonymous>)\n    at C:\\Users\\ATT\\Documents\\Workspace\\ATT\\KYC Asset for ATTPAY\\backend\\be-kyc-asset\\node_modules\\@nestjs\\passport\\dist\\auth.guard.js:80:83\n    at AccessTokenGuard.canActivate (C:\\Users\\ATT\\Documents\\Workspace\\ATT\\KYC Asset for ATTPAY\\backend\\be-kyc-asset\\node_modules\\@nestjs\\passport\\dist\\auth.guard.js:44:32)\n    at process.processTicksAndRejections (node:internal/process/task_queues:104:5)"],"timestamp":"2026-05-04T07:35:59.135Z"}
{"context":"LoggerMiddleware","level":"error","message":"[RequestID: 5df3d351-1009-4e97-a3eb-de0c2d87ddc4] GET /auth/me | Status: 500 | Duration: 6ms | IP: ::1 | UserAgent: Mozilla/5.0 (Windows NT 10.0; Win64; x64) AppleWebKit/537.36 (KHTML, like Gecko) Chrome/147.0.0.0 Safari/537.36","requestId":"5df3d351-1009-4e97-a3eb-de0c2d87ddc4","stack":[null],"timestamp":"2026-05-04T07:35:59.140Z"}
{"level":"info","message":"Khởi tạo ứng dụng...","timestamp":"2026-05-04T07:39:58.026Z"}
{"context":"NestFactory","level":"info","message":"Starting Nest application...","timestamp":"2026-05-04T07:39:58.097Z"}
{"context":"InstanceLoader","level":"info","message":"PassportModule dependencies initialized","timestamp":"2026-05-04T07:39:58.105Z"}
{"context":"InstanceLoader","level":"info","message":"ConfigHostModule dependencies initialized","timestamp":"2026-05-04T07:39:58.105Z"}
{"context":"PrismaService","level":"info","message":"🔌 Prisma Connection String: postgresql://admin:******@localhost:5433/kyc_asset_db?schema=public","timestamp":"2026-05-04T07:39:58.108Z"}
{"context":"InstanceLoader","level":"info","message":"AppModule dependencies initialized","timestamp":"2026-05-04T07:39:58.108Z"}
{"context":"InstanceLoader","level":"info","message":"ConfigModule dependencies initialized","timestamp":"2026-05-04T07:39:58.109Z"}
{"context":"InstanceLoader","level":"info","message":"CommonModule dependencies initialized","timestamp":"2026-05-04T07:39:58.109Z"}
{"context":"InstanceLoader","level":"info","message":"JwtModule dependencies initialized","timestamp":"2026-05-04T07:39:58.109Z"}
{"context":"InstanceLoader","level":"info","message":"PrismaModule dependencies initialized","timestamp":"2026-05-04T07:39:58.110Z"}
{"context":"InstanceLoader","level":"info","message":"WhitelistIpModule dependencies initialized","timestamp":"2026-05-04T07:39:58.111Z"}
{"context":"InstanceLoader","level":"info","message":"AttributeModule dependencies initialized","timestamp":"2026-05-04T07:39:58.111Z"}
{"context":"InstanceLoader","level":"info","message":"UsersModule dependencies initialized","timestamp":"2026-05-04T07:39:58.112Z"}
{"context":"InstanceLoader","level":"info","message":"RolesModule dependencies initialized","timestamp":"2026-05-04T07:39:58.112Z"}
{"context":"InstanceLoader","level":"info","message":"PermissionsModule dependencies initialized","timestamp":"2026-05-04T07:39:58.112Z"}
{"context":"InstanceLoader","level":"info","message":"AuthModule dependencies initialized","timestamp":"2026-05-04T07:39:58.112Z"}
{"context":"RoutesResolver","level":"info","message":"AppController {/}:","timestamp":"2026-05-04T07:39:58.134Z"}
{"context":"RouterExplorer","level":"info","message":"Mapped {/, GET} route","timestamp":"2026-05-04T07:39:58.135Z"}
{"context":"RoutesResolver","level":"info","message":"UsersController {/users}:","timestamp":"2026-05-04T07:39:58.135Z"}
{"context":"RouterExplorer","level":"info","message":"Mapped {/users, POST} route","timestamp":"2026-05-04T07:39:58.136Z"}
{"context":"RouterExplorer","level":"info","message":"Mapped {/users, GET} route","timestamp":"2026-05-04T07:39:58.136Z"}
{"context":"RouterExplorer","level":"info","message":"Mapped {/users/:id, GET} route","timestamp":"2026-05-04T07:39:58.136Z"}
{"context":"RouterExplorer","level":"info","message":"Mapped {/users/:id, PATCH} route","timestamp":"2026-05-04T07:39:58.137Z"}
{"context":"RouterExplorer","level":"info","message":"Mapped {/users/:id, DELETE} route","timestamp":"2026-05-04T07:39:58.137Z"}
{"context":"RoutesResolver","level":"info","message":"WhitelistIpController {/whitelist-ip}:","timestamp":"2026-05-04T07:39:58.137Z"}
{"context":"RouterExplorer","level":"info","message":"Mapped {/whitelist-ip, POST} route","timestamp":"2026-05-04T07:39:58.137Z"}
{"context":"RouterExplorer","level":"info","message":"Mapped {/whitelist-ip, GET} route","timestamp":"2026-05-04T07:39:58.137Z"}
{"context":"RouterExplorer","level":"info","message":"Mapped {/whitelist-ip/:id, GET} route","timestamp":"2026-05-04T07:39:58.138Z"}
{"context":"RouterExplorer","level":"info","message":"Mapped {/whitelist-ip/:id, PATCH} route","timestamp":"2026-05-04T07:39:58.138Z"}
{"context":"RouterExplorer","level":"info","message":"Mapped {/whitelist-ip/:id, DELETE} route","timestamp":"2026-05-04T07:39:58.138Z"}
{"context":"RoutesResolver","level":"info","message":"RolesController {/roles}:","timestamp":"2026-05-04T07:39:58.138Z"}
{"context":"RouterExplorer","level":"info","message":"Mapped {/roles, POST} route","timestamp":"2026-05-04T07:39:58.138Z"}
{"context":"RouterExplorer","level":"info","message":"Mapped {/roles, GET} route","timestamp":"2026-05-04T07:39:58.138Z"}
{"context":"RouterExplorer","level":"info","message":"Mapped {/roles/:id, GET} route","timestamp":"2026-05-04T07:39:58.139Z"}
{"context":"RouterExplorer","level":"info","message":"Mapped {/roles/:id, PATCH} route","timestamp":"2026-05-04T07:39:58.139Z"}
{"context":"RouterExplorer","level":"info","message":"Mapped {/roles/:id, DELETE} route","timestamp":"2026-05-04T07:39:58.139Z"}
{"context":"RoutesResolver","level":"info","message":"PermissionsController {/permissions}:","timestamp":"2026-05-04T07:39:58.139Z"}
{"context":"RouterExplorer","level":"info","message":"Mapped {/permissions, POST} route","timestamp":"2026-05-04T07:39:58.140Z"}
{"context":"RouterExplorer","level":"info","message":"Mapped {/permissions, GET} route","timestamp":"2026-05-04T07:39:58.140Z"}
{"context":"RouterExplorer","level":"info","message":"Mapped {/permissions/:id, PATCH} route","timestamp":"2026-05-04T07:39:58.140Z"}
{"context":"RouterExplorer","level":"info","message":"Mapped {/permissions/:id, DELETE} route","timestamp":"2026-05-04T07:39:58.140Z"}
{"context":"RoutesResolver","level":"info","message":"AuthController {/auth}:","timestamp":"2026-05-04T07:39:58.141Z"}
{"context":"RouterExplorer","level":"info","message":"Mapped {/auth/register, POST} route","timestamp":"2026-05-04T07:39:58.141Z"}
{"context":"RouterExplorer","level":"info","message":"Mapped {/auth/login, POST} route","timestamp":"2026-05-04T07:39:58.141Z"}
{"context":"RouterExplorer","level":"info","message":"Mapped {/auth/refresh, POST} route","timestamp":"2026-05-04T07:39:58.142Z"}
{"context":"RouterExplorer","level":"info","message":"Mapped {/auth/logout, POST} route","timestamp":"2026-05-04T07:39:58.142Z"}
{"context":"RouterExplorer","level":"info","message":"Mapped {/auth/me, GET} route","timestamp":"2026-05-04T07:39:58.142Z"}
{"context":"RouterExplorer","level":"info","message":"Mapped {/auth/me/password, PATCH} route","timestamp":"2026-05-04T07:39:58.142Z"}
{"context":"RoutesResolver","level":"info","message":"AttributeController {/attribute}:","timestamp":"2026-05-04T07:39:58.143Z"}
{"context":"RouterExplorer","level":"info","message":"Mapped {/attribute, POST} route","timestamp":"2026-05-04T07:39:58.143Z"}
{"context":"RouterExplorer","level":"info","message":"Mapped {/attribute, GET} route","timestamp":"2026-05-04T07:39:58.143Z"}
{"context":"RouterExplorer","level":"info","message":"Mapped {/attribute/:id, GET} route","timestamp":"2026-05-04T07:39:58.143Z"}
{"context":"RouterExplorer","level":"info","message":"Mapped {/attribute/:id, PATCH} route","timestamp":"2026-05-04T07:39:58.143Z"}
{"context":"RouterExplorer","level":"info","message":"Mapped {/attribute/:id, DELETE} route","timestamp":"2026-05-04T07:39:58.143Z"}
{"context":"PrismaService","level":"info","message":"Kết nối database thành công","timestamp":"2026-05-04T07:39:58.181Z"}
{"context":"NestApplication","level":"info","message":"Nest application successfully started","timestamp":"2026-05-04T07:39:58.185Z"}
{"context":"LoggerMiddleware","level":"warn","message":"[RequestID: 1b529d35-4557-47b1-b24a-168bf1ef0cfb] GET /auth/me | Status: 401 | Duration: 4ms | IP: ::1 | UserAgent: Mozilla/5.0 (Windows NT 10.0; Win64; x64) AppleWebKit/537.36 (KHTML, like Gecko) Chrome/147.0.0.0 Safari/537.36","requestId":"1b529d35-4557-47b1-b24a-168bf1ef0cfb","timestamp":"2026-05-04T07:40:10.063Z"}
{"level":"info","message":"Khởi tạo ứng dụng...","timestamp":"2026-05-04T07:40:27.175Z"}
{"context":"NestFactory","level":"info","message":"Starting Nest application...","timestamp":"2026-05-04T07:40:27.247Z"}
{"context":"InstanceLoader","level":"info","message":"PassportModule dependencies initialized","timestamp":"2026-05-04T07:40:27.255Z"}
{"context":"InstanceLoader","level":"info","message":"ConfigHostModule dependencies initialized","timestamp":"2026-05-04T07:40:27.255Z"}
{"context":"PrismaService","level":"info","message":"🔌 Prisma Connection String: postgresql://admin:******@localhost:5433/kyc_asset_db?schema=public","timestamp":"2026-05-04T07:40:27.258Z"}
{"context":"InstanceLoader","level":"info","message":"AppModule dependencies initialized","timestamp":"2026-05-04T07:40:27.258Z"}
{"context":"InstanceLoader","level":"info","message":"ConfigModule dependencies initialized","timestamp":"2026-05-04T07:40:27.258Z"}
{"context":"InstanceLoader","level":"info","message":"CommonModule dependencies initialized","timestamp":"2026-05-04T07:40:27.259Z"}
{"context":"InstanceLoader","level":"info","message":"JwtModule dependencies initialized","timestamp":"2026-05-04T07:40:27.259Z"}
{"context":"InstanceLoader","level":"info","message":"PrismaModule dependencies initialized","timestamp":"2026-05-04T07:40:27.260Z"}
{"context":"InstanceLoader","level":"info","message":"WhitelistIpModule dependencies initialized","timestamp":"2026-05-04T07:40:27.261Z"}
{"context":"InstanceLoader","level":"info","message":"AttributeModule dependencies initialized","timestamp":"2026-05-04T07:40:27.261Z"}
{"context":"InstanceLoader","level":"info","message":"UsersModule dependencies initialized","timestamp":"2026-05-04T07:40:27.261Z"}
{"context":"InstanceLoader","level":"info","message":"RolesModule dependencies initialized","timestamp":"2026-05-04T07:40:27.261Z"}
{"context":"InstanceLoader","level":"info","message":"PermissionsModule dependencies initialized","timestamp":"2026-05-04T07:40:27.261Z"}
{"context":"InstanceLoader","level":"info","message":"AuthModule dependencies initialized","timestamp":"2026-05-04T07:40:27.262Z"}
{"context":"RoutesResolver","level":"info","message":"AppController {/}:","timestamp":"2026-05-04T07:40:27.283Z"}
{"context":"RouterExplorer","level":"info","message":"Mapped {/, GET} route","timestamp":"2026-05-04T07:40:27.284Z"}
{"context":"RoutesResolver","level":"info","message":"UsersController {/users}:","timestamp":"2026-05-04T07:40:27.285Z"}
{"context":"RouterExplorer","level":"info","message":"Mapped {/users, POST} route","timestamp":"2026-05-04T07:40:27.285Z"}
{"context":"RouterExplorer","level":"info","message":"Mapped {/users, GET} route","timestamp":"2026-05-04T07:40:27.285Z"}
{"context":"RouterExplorer","level":"info","message":"Mapped {/users/:id, GET} route","timestamp":"2026-05-04T07:40:27.285Z"}
{"context":"RouterExplorer","level":"info","message":"Mapped {/users/:id, PATCH} route","timestamp":"2026-05-04T07:40:27.286Z"}
{"context":"RouterExplorer","level":"info","message":"Mapped {/users/:id, DELETE} route","timestamp":"2026-05-04T07:40:27.286Z"}
{"context":"RoutesResolver","level":"info","message":"WhitelistIpController {/whitelist-ip}:","timestamp":"2026-05-04T07:40:27.286Z"}
{"context":"RouterExplorer","level":"info","message":"Mapped {/whitelist-ip, POST} route","timestamp":"2026-05-04T07:40:27.286Z"}
{"context":"RouterExplorer","level":"info","message":"Mapped {/whitelist-ip, GET} route","timestamp":"2026-05-04T07:40:27.286Z"}
{"context":"RouterExplorer","level":"info","message":"Mapped {/whitelist-ip/:id, GET} route","timestamp":"2026-05-04T07:40:27.286Z"}
{"context":"RouterExplorer","level":"info","message":"Mapped {/whitelist-ip/:id, PATCH} route","timestamp":"2026-05-04T07:40:27.287Z"}
{"context":"RouterExplorer","level":"info","message":"Mapped {/whitelist-ip/:id, DELETE} route","timestamp":"2026-05-04T07:40:27.287Z"}
{"context":"RoutesResolver","level":"info","message":"RolesController {/roles}:","timestamp":"2026-05-04T07:40:27.287Z"}
{"context":"RouterExplorer","level":"info","message":"Mapped {/roles, POST} route","timestamp":"2026-05-04T07:40:27.287Z"}
{"context":"RouterExplorer","level":"info","message":"Mapped {/roles, GET} route","timestamp":"2026-05-04T07:40:27.287Z"}
{"context":"RouterExplorer","level":"info","message":"Mapped {/roles/:id, GET} route","timestamp":"2026-05-04T07:40:27.287Z"}
{"context":"RouterExplorer","level":"info","message":"Mapped {/roles/:id, PATCH} route","timestamp":"2026-05-04T07:40:27.287Z"}
{"context":"RouterExplorer","level":"info","message":"Mapped {/roles/:id, DELETE} route","timestamp":"2026-05-04T07:40:27.288Z"}
{"context":"RoutesResolver","level":"info","message":"PermissionsController {/permissions}:","timestamp":"2026-05-04T07:40:27.288Z"}
{"context":"RouterExplorer","level":"info","message":"Mapped {/permissions, POST} route","timestamp":"2026-05-04T07:40:27.288Z"}
{"context":"RouterExplorer","level":"info","message":"Mapped {/permissions, GET} route","timestamp":"2026-05-04T07:40:27.288Z"}
{"context":"RouterExplorer","level":"info","message":"Mapped {/permissions/:id, PATCH} route","timestamp":"2026-05-04T07:40:27.288Z"}
{"context":"RouterExplorer","level":"info","message":"Mapped {/permissions/:id, DELETE} route","timestamp":"2026-05-04T07:40:27.288Z"}
{"context":"RoutesResolver","level":"info","message":"AuthController {/auth}:","timestamp":"2026-05-04T07:40:27.288Z"}
{"context":"RouterExplorer","level":"info","message":"Mapped {/auth/register, POST} route","timestamp":"2026-05-04T07:40:27.289Z"}
{"context":"RouterExplorer","level":"info","message":"Mapped {/auth/login, POST} route","timestamp":"2026-05-04T07:40:27.289Z"}
{"context":"RouterExplorer","level":"info","message":"Mapped {/auth/refresh, POST} route","timestamp":"2026-05-04T07:40:27.289Z"}
{"context":"RouterExplorer","level":"info","message":"Mapped {/auth/logout, POST} route","timestamp":"2026-05-04T07:40:27.289Z"}
{"context":"RouterExplorer","level":"info","message":"Mapped {/auth/me, GET} route","timestamp":"2026-05-04T07:40:27.289Z"}
{"context":"RouterExplorer","level":"info","message":"Mapped {/auth/me/password, PATCH} route","timestamp":"2026-05-04T07:40:27.290Z"}
{"context":"RoutesResolver","level":"info","message":"AttributeController {/attribute}:","timestamp":"2026-05-04T07:40:27.290Z"}
{"context":"RouterExplorer","level":"info","message":"Mapped {/attribute, POST} route","timestamp":"2026-05-04T07:40:27.290Z"}
{"context":"RouterExplorer","level":"info","message":"Mapped {/attribute, GET} route","timestamp":"2026-05-04T07:40:27.290Z"}
{"context":"RouterExplorer","level":"info","message":"Mapped {/attribute/:id, GET} route","timestamp":"2026-05-04T07:40:27.290Z"}
{"context":"RouterExplorer","level":"info","message":"Mapped {/attribute/:id, PATCH} route","timestamp":"2026-05-04T07:40:27.290Z"}
{"context":"RouterExplorer","level":"info","message":"Mapped {/attribute/:id, DELETE} route","timestamp":"2026-05-04T07:40:27.290Z"}
{"context":"PrismaService","level":"info","message":"Kết nối database thành công","timestamp":"2026-05-04T07:40:27.328Z"}
{"context":"NestApplication","level":"info","message":"Nest application successfully started","timestamp":"2026-05-04T07:40:27.332Z"}
{"context":"LoggerMiddleware","level":"warn","message":"[RequestID: c3d52bf1-bce8-4ae1-a389-defdacb506bd] GET /auth/me | Status: 401 | Duration: 3ms | IP: ::1 | UserAgent: Mozilla/5.0 (Windows NT 10.0; Win64; x64) AppleWebKit/537.36 (KHTML, like Gecko) Chrome/147.0.0.0 Safari/537.36","requestId":"c3d52bf1-bce8-4ae1-a389-defdacb506bd","timestamp":"2026-05-04T07:40:28.207Z"}
{"context":"LoggerMiddleware","level":"warn","message":"[RequestID: e42c564e-ba24-40d1-a7be-701b56443baf] GET /auth/me | Status: 401 | Duration: 1ms | IP: ::1 | UserAgent: Mozilla/5.0 (Windows NT 10.0; Win64; x64) AppleWebKit/537.36 (KHTML, like Gecko) Chrome/147.0.0.0 Safari/537.36","requestId":"e42c564e-ba24-40d1-a7be-701b56443baf","timestamp":"2026-05-04T07:40:45.089Z"}
{"context":"LoggerMiddleware","level":"warn","message":"[RequestID: 4cacf7a1-b483-4089-962d-f4eca1b964ee] GET /auth/me | Status: 401 | Duration: 1ms | IP: ::1 | UserAgent: Mozilla/5.0 (Windows NT 10.0; Win64; x64) AppleWebKit/537.36 (KHTML, like Gecko) Chrome/147.0.0.0 Safari/537.36","requestId":"4cacf7a1-b483-4089-962d-f4eca1b964ee","timestamp":"2026-05-04T07:40:48.689Z"}
{"context":"LoggerMiddleware","level":"warn","message":"[RequestID: 5b042ae7-222d-4636-936f-8126318c5c39] GET /auth/me | Status: 401 | Duration: 1ms | IP: ::1 | UserAgent: Mozilla/5.0 (Windows NT 10.0; Win64; x64) AppleWebKit/537.36 (KHTML, like Gecko) Chrome/147.0.0.0 Safari/537.36","requestId":"5b042ae7-222d-4636-936f-8126318c5c39","timestamp":"2026-05-04T07:41:29.857Z"}
{"level":"info","message":"Khởi tạo ứng dụng...","timestamp":"2026-05-04T07:41:39.354Z"}
{"context":"NestFactory","level":"info","message":"Starting Nest application...","timestamp":"2026-05-04T07:41:39.429Z"}
{"context":"InstanceLoader","level":"info","message":"PassportModule dependencies initialized","timestamp":"2026-05-04T07:41:39.436Z"}
{"context":"InstanceLoader","level":"info","message":"ConfigHostModule dependencies initialized","timestamp":"2026-05-04T07:41:39.437Z"}
{"context":"PrismaService","level":"info","message":"🔌 Prisma Connection String: postgresql://admin:******@localhost:5433/kyc_asset_db?schema=public","timestamp":"2026-05-04T07:41:39.439Z"}
{"context":"InstanceLoader","level":"info","message":"AppModule dependencies initialized","timestamp":"2026-05-04T07:41:39.439Z"}
{"context":"InstanceLoader","level":"info","message":"ConfigModule dependencies initialized","timestamp":"2026-05-04T07:41:39.439Z"}
{"context":"InstanceLoader","level":"info","message":"CommonModule dependencies initialized","timestamp":"2026-05-04T07:41:39.439Z"}
{"context":"InstanceLoader","level":"info","message":"JwtModule dependencies initialized","timestamp":"2026-05-04T07:41:39.440Z"}
{"context":"InstanceLoader","level":"info","message":"PrismaModule dependencies initialized","timestamp":"2026-05-04T07:41:39.440Z"}
{"context":"InstanceLoader","level":"info","message":"WhitelistIpModule dependencies initialized","timestamp":"2026-05-04T07:41:39.441Z"}
{"context":"InstanceLoader","level":"info","message":"AttributeModule dependencies initialized","timestamp":"2026-05-04T07:41:39.442Z"}
{"context":"InstanceLoader","level":"info","message":"UsersModule dependencies initialized","timestamp":"2026-05-04T07:41:39.442Z"}
{"context":"InstanceLoader","level":"info","message":"RolesModule dependencies initialized","timestamp":"2026-05-04T07:41:39.442Z"}
{"context":"InstanceLoader","level":"info","message":"PermissionsModule dependencies initialized","timestamp":"2026-05-04T07:41:39.442Z"}
{"context":"InstanceLoader","level":"info","message":"AuthModule dependencies initialized","timestamp":"2026-05-04T07:41:39.442Z"}
{"context":"RoutesResolver","level":"info","message":"AppController {/}:","timestamp":"2026-05-04T07:41:39.465Z"}
{"context":"RouterExplorer","level":"info","message":"Mapped {/, GET} route","timestamp":"2026-05-04T07:41:39.466Z"}
{"context":"RoutesResolver","level":"info","message":"UsersController {/users}:","timestamp":"2026-05-04T07:41:39.466Z"}
{"context":"RouterExplorer","level":"info","message":"Mapped {/users, POST} route","timestamp":"2026-05-04T07:41:39.467Z"}
{"context":"RouterExplorer","level":"info","message":"Mapped {/users, GET} route","timestamp":"2026-05-04T07:41:39.467Z"}
{"context":"RouterExplorer","level":"info","message":"Mapped {/users/:id, GET} route","timestamp":"2026-05-04T07:41:39.467Z"}
{"context":"RouterExplorer","level":"info","message":"Mapped {/users/:id, PATCH} route","timestamp":"2026-05-04T07:41:39.468Z"}
{"context":"RouterExplorer","level":"info","message":"Mapped {/users/:id, DELETE} route","timestamp":"2026-05-04T07:41:39.468Z"}
{"context":"RoutesResolver","level":"info","message":"WhitelistIpController {/whitelist-ip}:","timestamp":"2026-05-04T07:41:39.468Z"}
{"context":"RouterExplorer","level":"info","message":"Mapped {/whitelist-ip, POST} route","timestamp":"2026-05-04T07:41:39.468Z"}
{"context":"RouterExplorer","level":"info","message":"Mapped {/whitelist-ip, GET} route","timestamp":"2026-05-04T07:41:39.468Z"}
{"context":"RouterExplorer","level":"info","message":"Mapped {/whitelist-ip/:id, GET} route","timestamp":"2026-05-04T07:41:39.468Z"}
{"context":"RouterExplorer","level":"info","message":"Mapped {/whitelist-ip/:id, PATCH} route","timestamp":"2026-05-04T07:41:39.469Z"}
{"context":"RouterExplorer","level":"info","message":"Mapped {/whitelist-ip/:id, DELETE} route","timestamp":"2026-05-04T07:41:39.469Z"}
{"context":"RoutesResolver","level":"info","message":"RolesController {/roles}:","timestamp":"2026-05-04T07:41:39.469Z"}
{"context":"RouterExplorer","level":"info","message":"Mapped {/roles, POST} route","timestamp":"2026-05-04T07:41:39.469Z"}
{"context":"RouterExplorer","level":"info","message":"Mapped {/roles, GET} route","timestamp":"2026-05-04T07:41:39.469Z"}
{"context":"RouterExplorer","level":"info","message":"Mapped {/roles/:id, GET} route","timestamp":"2026-05-04T07:41:39.469Z"}
{"context":"RouterExplorer","level":"info","message":"Mapped {/roles/:id, PATCH} route","timestamp":"2026-05-04T07:41:39.469Z"}
{"context":"RouterExplorer","level":"info","message":"Mapped {/roles/:id, DELETE} route","timestamp":"2026-05-04T07:41:39.469Z"}
{"context":"RoutesResolver","level":"info","message":"PermissionsController {/permissions}:","timestamp":"2026-05-04T07:41:39.470Z"}
{"context":"RouterExplorer","level":"info","message":"Mapped {/permissions, POST} route","timestamp":"2026-05-04T07:41:39.470Z"}
{"context":"RouterExplorer","level":"info","message":"Mapped {/permissions, GET} route","timestamp":"2026-05-04T07:41:39.470Z"}
{"context":"RouterExplorer","level":"info","message":"Mapped {/permissions/:id, PATCH} route","timestamp":"2026-05-04T07:41:39.470Z"}
{"context":"RouterExplorer","level":"info","message":"Mapped {/permissions/:id, DELETE} route","timestamp":"2026-05-04T07:41:39.470Z"}
{"context":"RoutesResolver","level":"info","message":"AuthController {/auth}:","timestamp":"2026-05-04T07:41:39.470Z"}
{"context":"RouterExplorer","level":"info","message":"Mapped {/auth/register, POST} route","timestamp":"2026-05-04T07:41:39.471Z"}
{"context":"RouterExplorer","level":"info","message":"Mapped {/auth/login, POST} route","timestamp":"2026-05-04T07:41:39.471Z"}
{"context":"RouterExplorer","level":"info","message":"Mapped {/auth/refresh, POST} route","timestamp":"2026-05-04T07:41:39.471Z"}
{"context":"RouterExplorer","level":"info","message":"Mapped {/auth/logout, POST} route","timestamp":"2026-05-04T07:41:39.471Z"}
{"context":"RouterExplorer","level":"info","message":"Mapped {/auth/me, GET} route","timestamp":"2026-05-04T07:41:39.471Z"}
{"context":"RouterExplorer","level":"info","message":"Mapped {/auth/me/password, PATCH} route","timestamp":"2026-05-04T07:41:39.471Z"}
{"context":"RoutesResolver","level":"info","message":"AttributeController {/attribute}:","timestamp":"2026-05-04T07:41:39.471Z"}
{"context":"RouterExplorer","level":"info","message":"Mapped {/attribute, POST} route","timestamp":"2026-05-04T07:41:39.472Z"}
{"context":"RouterExplorer","level":"info","message":"Mapped {/attribute, GET} route","timestamp":"2026-05-04T07:41:39.472Z"}
{"context":"RouterExplorer","level":"info","message":"Mapped {/attribute/:id, GET} route","timestamp":"2026-05-04T07:41:39.472Z"}
{"context":"RouterExplorer","level":"info","message":"Mapped {/attribute/:id, PATCH} route","timestamp":"2026-05-04T07:41:39.472Z"}
{"context":"RouterExplorer","level":"info","message":"Mapped {/attribute/:id, DELETE} route","timestamp":"2026-05-04T07:41:39.472Z"}
{"context":"PrismaService","level":"info","message":"Kết nối database thành công","timestamp":"2026-05-04T07:41:39.511Z"}
{"context":"NestApplication","level":"info","message":"Nest application successfully started","timestamp":"2026-05-04T07:41:39.515Z"}
{"level":"info","message":"Khởi tạo ứng dụng...","timestamp":"2026-05-04T07:41:40.374Z"}
{"context":"NestFactory","level":"info","message":"Starting Nest application...","timestamp":"2026-05-04T07:41:40.446Z"}
{"context":"InstanceLoader","level":"info","message":"PassportModule dependencies initialized","timestamp":"2026-05-04T07:41:40.454Z"}
{"context":"InstanceLoader","level":"info","message":"ConfigHostModule dependencies initialized","timestamp":"2026-05-04T07:41:40.455Z"}
{"context":"PrismaService","level":"info","message":"🔌 Prisma Connection String: postgresql://admin:******@localhost:5433/kyc_asset_db?schema=public","timestamp":"2026-05-04T07:41:40.457Z"}
{"context":"InstanceLoader","level":"info","message":"AppModule dependencies initialized","timestamp":"2026-05-04T07:41:40.457Z"}
{"context":"InstanceLoader","level":"info","message":"ConfigModule dependencies initialized","timestamp":"2026-05-04T07:41:40.458Z"}
{"context":"InstanceLoader","level":"info","message":"CommonModule dependencies initialized","timestamp":"2026-05-04T07:41:40.458Z"}
{"context":"InstanceLoader","level":"info","message":"JwtModule dependencies initialized","timestamp":"2026-05-04T07:41:40.458Z"}
{"context":"InstanceLoader","level":"info","message":"PrismaModule dependencies initialized","timestamp":"2026-05-04T07:41:40.459Z"}
{"context":"InstanceLoader","level":"info","message":"WhitelistIpModule dependencies initialized","timestamp":"2026-05-04T07:41:40.461Z"}
{"context":"InstanceLoader","level":"info","message":"AttributeModule dependencies initialized","timestamp":"2026-05-04T07:41:40.461Z"}
{"context":"InstanceLoader","level":"info","message":"UsersModule dependencies initialized","timestamp":"2026-05-04T07:41:40.461Z"}
{"context":"InstanceLoader","level":"info","message":"RolesModule dependencies initialized","timestamp":"2026-05-04T07:41:40.461Z"}
{"context":"InstanceLoader","level":"info","message":"PermissionsModule dependencies initialized","timestamp":"2026-05-04T07:41:40.461Z"}
{"context":"InstanceLoader","level":"info","message":"AuthModule dependencies initialized","timestamp":"2026-05-04T07:41:40.461Z"}
{"context":"RoutesResolver","level":"info","message":"AppController {/}:","timestamp":"2026-05-04T07:41:40.484Z"}
{"context":"RouterExplorer","level":"info","message":"Mapped {/, GET} route","timestamp":"2026-05-04T07:41:40.485Z"}
{"context":"RoutesResolver","level":"info","message":"UsersController {/users}:","timestamp":"2026-05-04T07:41:40.485Z"}
{"context":"RouterExplorer","level":"info","message":"Mapped {/users, POST} route","timestamp":"2026-05-04T07:41:40.486Z"}
{"context":"RouterExplorer","level":"info","message":"Mapped {/users, GET} route","timestamp":"2026-05-04T07:41:40.486Z"}
{"context":"RouterExplorer","level":"info","message":"Mapped {/users/:id, GET} route","timestamp":"2026-05-04T07:41:40.486Z"}
{"context":"RouterExplorer","level":"info","message":"Mapped {/users/:id, PATCH} route","timestamp":"2026-05-04T07:41:40.487Z"}
{"context":"RouterExplorer","level":"info","message":"Mapped {/users/:id, DELETE} route","timestamp":"2026-05-04T07:41:40.487Z"}
{"context":"RoutesResolver","level":"info","message":"WhitelistIpController {/whitelist-ip}:","timestamp":"2026-05-04T07:41:40.487Z"}
{"context":"RouterExplorer","level":"info","message":"Mapped {/whitelist-ip, POST} route","timestamp":"2026-05-04T07:41:40.487Z"}
{"context":"RouterExplorer","level":"info","message":"Mapped {/whitelist-ip, GET} route","timestamp":"2026-05-04T07:41:40.487Z"}
{"context":"RouterExplorer","level":"info","message":"Mapped {/whitelist-ip/:id, GET} route","timestamp":"2026-05-04T07:41:40.487Z"}
{"context":"RouterExplorer","level":"info","message":"Mapped {/whitelist-ip/:id, PATCH} route","timestamp":"2026-05-04T07:41:40.488Z"}
{"context":"RouterExplorer","level":"info","message":"Mapped {/whitelist-ip/:id, DELETE} route","timestamp":"2026-05-04T07:41:40.488Z"}
{"context":"RoutesResolver","level":"info","message":"RolesController {/roles}:","timestamp":"2026-05-04T07:41:40.488Z"}
{"context":"RouterExplorer","level":"info","message":"Mapped {/roles, POST} route","timestamp":"2026-05-04T07:41:40.488Z"}
{"context":"RouterExplorer","level":"info","message":"Mapped {/roles, GET} route","timestamp":"2026-05-04T07:41:40.488Z"}
{"context":"RouterExplorer","level":"info","message":"Mapped {/roles/:id, GET} route","timestamp":"2026-05-04T07:41:40.488Z"}
{"context":"RouterExplorer","level":"info","message":"Mapped {/roles/:id, PATCH} route","timestamp":"2026-05-04T07:41:40.489Z"}
{"context":"RouterExplorer","level":"info","message":"Mapped {/roles/:id, DELETE} route","timestamp":"2026-05-04T07:41:40.489Z"}
{"context":"RoutesResolver","level":"info","message":"PermissionsController {/permissions}:","timestamp":"2026-05-04T07:41:40.489Z"}
{"context":"RouterExplorer","level":"info","message":"Mapped {/permissions, POST} route","timestamp":"2026-05-04T07:41:40.489Z"}
{"context":"RouterExplorer","level":"info","message":"Mapped {/permissions, GET} route","timestamp":"2026-05-04T07:41:40.489Z"}
{"context":"RouterExplorer","level":"info","message":"Mapped {/permissions/:id, PATCH} route","timestamp":"2026-05-04T07:41:40.489Z"}
{"context":"RouterExplorer","level":"info","message":"Mapped {/permissions/:id, DELETE} route","timestamp":"2026-05-04T07:41:40.490Z"}
{"context":"RoutesResolver","level":"info","message":"AuthController {/auth}:","timestamp":"2026-05-04T07:41:40.490Z"}
{"context":"RouterExplorer","level":"info","message":"Mapped {/auth/register, POST} route","timestamp":"2026-05-04T07:41:40.490Z"}
{"context":"RouterExplorer","level":"info","message":"Mapped {/auth/login, POST} route","timestamp":"2026-05-04T07:41:40.490Z"}
{"context":"RouterExplorer","level":"info","message":"Mapped {/auth/refresh, POST} route","timestamp":"2026-05-04T07:41:40.490Z"}
{"context":"RouterExplorer","level":"info","message":"Mapped {/auth/logout, POST} route","timestamp":"2026-05-04T07:41:40.490Z"}
{"context":"RouterExplorer","level":"info","message":"Mapped {/auth/me, GET} route","timestamp":"2026-05-04T07:41:40.491Z"}
{"context":"RouterExplorer","level":"info","message":"Mapped {/auth/me/password, PATCH} route","timestamp":"2026-05-04T07:41:40.491Z"}
{"context":"RoutesResolver","level":"info","message":"AttributeController {/attribute}:","timestamp":"2026-05-04T07:41:40.491Z"}
{"context":"RouterExplorer","level":"info","message":"Mapped {/attribute, POST} route","timestamp":"2026-05-04T07:41:40.491Z"}
{"context":"RouterExplorer","level":"info","message":"Mapped {/attribute, GET} route","timestamp":"2026-05-04T07:41:40.491Z"}
{"context":"RouterExplorer","level":"info","message":"Mapped {/attribute/:id, GET} route","timestamp":"2026-05-04T07:41:40.491Z"}
{"context":"RouterExplorer","level":"info","message":"Mapped {/attribute/:id, PATCH} route","timestamp":"2026-05-04T07:41:40.491Z"}
{"context":"RouterExplorer","level":"info","message":"Mapped {/attribute/:id, DELETE} route","timestamp":"2026-05-04T07:41:40.492Z"}
{"context":"PrismaService","level":"info","message":"Kết nối database thành công","timestamp":"2026-05-04T07:41:40.530Z"}
{"context":"NestApplication","level":"info","message":"Nest application successfully started","timestamp":"2026-05-04T07:41:40.534Z"}
{"level":"info","message":"Khởi tạo ứng dụng...","timestamp":"2026-05-04T07:41:41.366Z"}
{"context":"NestFactory","level":"info","message":"Starting Nest application...","timestamp":"2026-05-04T07:41:41.432Z"}
{"context":"InstanceLoader","level":"info","message":"PassportModule dependencies initialized","timestamp":"2026-05-04T07:41:41.440Z"}
{"context":"InstanceLoader","level":"info","message":"ConfigHostModule dependencies initialized","timestamp":"2026-05-04T07:41:41.441Z"}
{"context":"PrismaService","level":"info","message":"🔌 Prisma Connection String: postgresql://admin:******@localhost:5433/kyc_asset_db?schema=public","timestamp":"2026-05-04T07:41:41.444Z"}
{"context":"InstanceLoader","level":"info","message":"AppModule dependencies initialized","timestamp":"2026-05-04T07:41:41.445Z"}
{"context":"InstanceLoader","level":"info","message":"ConfigModule dependencies initialized","timestamp":"2026-05-04T07:41:41.445Z"}
{"context":"InstanceLoader","level":"info","message":"CommonModule dependencies initialized","timestamp":"2026-05-04T07:41:41.445Z"}
{"context":"InstanceLoader","level":"info","message":"JwtModule dependencies initialized","timestamp":"2026-05-04T07:41:41.446Z"}
{"context":"InstanceLoader","level":"info","message":"PrismaModule dependencies initialized","timestamp":"2026-05-04T07:41:41.446Z"}
{"context":"InstanceLoader","level":"info","message":"WhitelistIpModule dependencies initialized","timestamp":"2026-05-04T07:41:41.447Z"}
{"context":"InstanceLoader","level":"info","message":"AttributeModule dependencies initialized","timestamp":"2026-05-04T07:41:41.447Z"}
{"context":"InstanceLoader","level":"info","message":"UsersModule dependencies initialized","timestamp":"2026-05-04T07:41:41.447Z"}
{"context":"InstanceLoader","level":"info","message":"RolesModule dependencies initialized","timestamp":"2026-05-04T07:41:41.448Z"}
{"context":"InstanceLoader","level":"info","message":"PermissionsModule dependencies initialized","timestamp":"2026-05-04T07:41:41.448Z"}
{"context":"InstanceLoader","level":"info","message":"AuthModule dependencies initialized","timestamp":"2026-05-04T07:41:41.448Z"}
{"context":"RoutesResolver","level":"info","message":"AppController {/}:","timestamp":"2026-05-04T07:41:41.469Z"}
{"context":"RouterExplorer","level":"info","message":"Mapped {/, GET} route","timestamp":"2026-05-04T07:41:41.470Z"}
{"context":"RoutesResolver","level":"info","message":"UsersController {/users}:","timestamp":"2026-05-04T07:41:41.471Z"}
{"context":"RouterExplorer","level":"info","message":"Mapped {/users, POST} route","timestamp":"2026-05-04T07:41:41.471Z"}
{"context":"RouterExplorer","level":"info","message":"Mapped {/users, GET} route","timestamp":"2026-05-04T07:41:41.471Z"}
{"context":"RouterExplorer","level":"info","message":"Mapped {/users/:id, GET} route","timestamp":"2026-05-04T07:41:41.471Z"}
{"context":"RouterExplorer","level":"info","message":"Mapped {/users/:id, PATCH} route","timestamp":"2026-05-04T07:41:41.472Z"}
{"context":"RouterExplorer","level":"info","message":"Mapped {/users/:id, DELETE} route","timestamp":"2026-05-04T07:41:41.472Z"}
{"context":"RoutesResolver","level":"info","message":"WhitelistIpController {/whitelist-ip}:","timestamp":"2026-05-04T07:41:41.472Z"}
{"context":"RouterExplorer","level":"info","message":"Mapped {/whitelist-ip, POST} route","timestamp":"2026-05-04T07:41:41.472Z"}
{"context":"RouterExplorer","level":"info","message":"Mapped {/whitelist-ip, GET} route","timestamp":"2026-05-04T07:41:41.472Z"}
{"context":"RouterExplorer","level":"info","message":"Mapped {/whitelist-ip/:id, GET} route","timestamp":"2026-05-04T07:41:41.472Z"}
{"context":"RouterExplorer","level":"info","message":"Mapped {/whitelist-ip/:id, PATCH} route","timestamp":"2026-05-04T07:41:41.473Z"}
{"context":"RouterExplorer","level":"info","message":"Mapped {/whitelist-ip/:id, DELETE} route","timestamp":"2026-05-04T07:41:41.473Z"}
{"context":"RoutesResolver","level":"info","message":"RolesController {/roles}:","timestamp":"2026-05-04T07:41:41.473Z"}
{"context":"RouterExplorer","level":"info","message":"Mapped {/roles, POST} route","timestamp":"2026-05-04T07:41:41.473Z"}
{"context":"RouterExplorer","level":"info","message":"Mapped {/roles, GET} route","timestamp":"2026-05-04T07:41:41.473Z"}
{"context":"RouterExplorer","level":"info","message":"Mapped {/roles/:id, GET} route","timestamp":"2026-05-04T07:41:41.473Z"}
{"context":"RouterExplorer","level":"info","message":"Mapped {/roles/:id, PATCH} route","timestamp":"2026-05-04T07:41:41.473Z"}
{"context":"RouterExplorer","level":"info","message":"Mapped {/roles/:id, DELETE} route","timestamp":"2026-05-04T07:41:41.473Z"}
{"context":"RoutesResolver","level":"info","message":"PermissionsController {/permissions}:","timestamp":"2026-05-04T07:41:41.474Z"}
{"context":"RouterExplorer","level":"info","message":"Mapped {/permissions, POST} route","timestamp":"2026-05-04T07:41:41.474Z"}
{"context":"RouterExplorer","level":"info","message":"Mapped {/permissions, GET} route","timestamp":"2026-05-04T07:41:41.474Z"}
{"context":"RouterExplorer","level":"info","message":"Mapped {/permissions/:id, PATCH} route","timestamp":"2026-05-04T07:41:41.474Z"}
{"context":"RouterExplorer","level":"info","message":"Mapped {/permissions/:id, DELETE} route","timestamp":"2026-05-04T07:41:41.474Z"}
{"context":"RoutesResolver","level":"info","message":"AuthController {/auth}:","timestamp":"2026-05-04T07:41:41.474Z"}
{"context":"RouterExplorer","level":"info","message":"Mapped {/auth/register, POST} route","timestamp":"2026-05-04T07:41:41.474Z"}
{"context":"RouterExplorer","level":"info","message":"Mapped {/auth/login, POST} route","timestamp":"2026-05-04T07:41:41.475Z"}
{"context":"RouterExplorer","level":"info","message":"Mapped {/auth/refresh, POST} route","timestamp":"2026-05-04T07:41:41.475Z"}
{"context":"RouterExplorer","level":"info","message":"Mapped {/auth/logout, POST} route","timestamp":"2026-05-04T07:41:41.475Z"}
{"context":"RouterExplorer","level":"info","message":"Mapped {/auth/me, GET} route","timestamp":"2026-05-04T07:41:41.475Z"}
{"context":"RouterExplorer","level":"info","message":"Mapped {/auth/me/password, PATCH} route","timestamp":"2026-05-04T07:41:41.475Z"}
{"context":"RoutesResolver","level":"info","message":"AttributeController {/attribute}:","timestamp":"2026-05-04T07:41:41.476Z"}
{"context":"RouterExplorer","level":"info","message":"Mapped {/attribute, POST} route","timestamp":"2026-05-04T07:41:41.476Z"}
{"context":"RouterExplorer","level":"info","message":"Mapped {/attribute, GET} route","timestamp":"2026-05-04T07:41:41.476Z"}
{"context":"RouterExplorer","level":"info","message":"Mapped {/attribute/:id, GET} route","timestamp":"2026-05-04T07:41:41.477Z"}
{"context":"RouterExplorer","level":"info","message":"Mapped {/attribute/:id, PATCH} route","timestamp":"2026-05-04T07:41:41.477Z"}
{"context":"RouterExplorer","level":"info","message":"Mapped {/attribute/:id, DELETE} route","timestamp":"2026-05-04T07:41:41.477Z"}
{"context":"PrismaService","level":"info","message":"Kết nối database thành công","timestamp":"2026-05-04T07:41:41.515Z"}
{"context":"NestApplication","level":"info","message":"Nest application successfully started","timestamp":"2026-05-04T07:41:41.518Z"}
{"context":"LoggerMiddleware","level":"warn","message":"[RequestID: eaa2c380-119f-44e1-8330-57bc9ad68ade] GET /auth/me | Status: 401 | Duration: 3ms | IP: ::1 | UserAgent: Mozilla/5.0 (Windows NT 10.0; Win64; x64) AppleWebKit/537.36 (KHTML, like Gecko) Chrome/147.0.0.0 Safari/537.36","requestId":"eaa2c380-119f-44e1-8330-57bc9ad68ade","timestamp":"2026-05-04T07:46:01.250Z"}
{"context":"LoggerMiddleware","level":"warn","message":"[RequestID: ca403b8b-c060-449a-82ef-2b1058bc4f7b] POST /auth/login | Status: 401 | Duration: 1ms | IP: ::1 | UserAgent: Mozilla/5.0 (Windows NT 10.0; Win64; x64) AppleWebKit/537.36 (KHTML, like Gecko) Chrome/147.0.0.0 Safari/537.36","requestId":"ca403b8b-c060-449a-82ef-2b1058bc4f7b","timestamp":"2026-05-04T07:46:27.946Z"}
{"context":"LoggerMiddleware","level":"warn","message":"[RequestID: 5b8008e7-0a1f-4864-a07a-892d5609c905] GET /auth/me | Status: 401 | Duration: 0ms | IP: ::1 | UserAgent: Mozilla/5.0 (Windows NT 10.0; Win64; x64) AppleWebKit/537.36 (KHTML, like Gecko) Chrome/147.0.0.0 Safari/537.36","requestId":"5b8008e7-0a1f-4864-a07a-892d5609c905","timestamp":"2026-05-04T07:46:33.517Z"}
{"context":"LoggerMiddleware","level":"warn","message":"[RequestID: b5aea3b9-a1a1-4613-a20f-df45f517ab1d] POST /auth/login | Status: 401 | Duration: 0ms | IP: ::1 | UserAgent: Mozilla/5.0 (Windows NT 10.0; Win64; x64) AppleWebKit/537.36 (KHTML, like Gecko) Chrome/147.0.0.0 Safari/537.36","requestId":"b5aea3b9-a1a1-4613-a20f-df45f517ab1d","timestamp":"2026-05-04T07:46:42.052Z"}
{"level":"info","message":"Khởi tạo ứng dụng...","timestamp":"2026-05-04T07:47:55.785Z"}
{"context":"NestFactory","level":"info","message":"Starting Nest application...","timestamp":"2026-05-04T07:47:55.856Z"}
{"context":"InstanceLoader","level":"info","message":"PassportModule dependencies initialized","timestamp":"2026-05-04T07:47:55.864Z"}
{"context":"InstanceLoader","level":"info","message":"ConfigHostModule dependencies initialized","timestamp":"2026-05-04T07:47:55.865Z"}
{"context":"PrismaService","level":"info","message":"🔌 Prisma Connection String: postgresql://admin:******@localhost:5433/kyc_asset_db?schema=public","timestamp":"2026-05-04T07:47:55.868Z"}
{"context":"InstanceLoader","level":"info","message":"AppModule dependencies initialized","timestamp":"2026-05-04T07:47:55.868Z"}
{"context":"InstanceLoader","level":"info","message":"ConfigModule dependencies initialized","timestamp":"2026-05-04T07:47:55.868Z"}
{"context":"InstanceLoader","level":"info","message":"CommonModule dependencies initialized","timestamp":"2026-05-04T07:47:55.868Z"}
{"context":"InstanceLoader","level":"info","message":"JwtModule dependencies initialized","timestamp":"2026-05-04T07:47:55.869Z"}
{"context":"InstanceLoader","level":"info","message":"PrismaModule dependencies initialized","timestamp":"2026-05-04T07:47:55.869Z"}
{"context":"InstanceLoader","level":"info","message":"WhitelistIpModule dependencies initialized","timestamp":"2026-05-04T07:47:55.871Z"}
{"context":"InstanceLoader","level":"info","message":"AttributeModule dependencies initialized","timestamp":"2026-05-04T07:47:55.871Z"}
{"context":"InstanceLoader","level":"info","message":"UsersModule dependencies initialized","timestamp":"2026-05-04T07:47:55.871Z"}
{"context":"InstanceLoader","level":"info","message":"RolesModule dependencies initialized","timestamp":"2026-05-04T07:47:55.871Z"}
{"context":"InstanceLoader","level":"info","message":"PermissionsModule dependencies initialized","timestamp":"2026-05-04T07:47:55.871Z"}
{"context":"InstanceLoader","level":"info","message":"AuthModule dependencies initialized","timestamp":"2026-05-04T07:47:55.871Z"}
{"context":"RoutesResolver","level":"info","message":"AppController {/}:","timestamp":"2026-05-04T07:47:55.893Z"}
{"context":"RouterExplorer","level":"info","message":"Mapped {/, GET} route","timestamp":"2026-05-04T07:47:55.894Z"}
{"context":"RoutesResolver","level":"info","message":"UsersController {/users}:","timestamp":"2026-05-04T07:47:55.894Z"}
{"context":"RouterExplorer","level":"info","message":"Mapped {/users, POST} route","timestamp":"2026-05-04T07:47:55.894Z"}
{"context":"RouterExplorer","level":"info","message":"Mapped {/users, GET} route","timestamp":"2026-05-04T07:47:55.895Z"}
{"context":"RouterExplorer","level":"info","message":"Mapped {/users/:id, GET} route","timestamp":"2026-05-04T07:47:55.895Z"}
{"context":"RouterExplorer","level":"info","message":"Mapped {/users/:id, PATCH} route","timestamp":"2026-05-04T07:47:55.895Z"}
{"context":"RouterExplorer","level":"info","message":"Mapped {/users/:id, DELETE} route","timestamp":"2026-05-04T07:47:55.896Z"}
{"context":"RoutesResolver","level":"info","message":"WhitelistIpController {/whitelist-ip}:","timestamp":"2026-05-04T07:47:55.896Z"}
{"context":"RouterExplorer","level":"info","message":"Mapped {/whitelist-ip, POST} route","timestamp":"2026-05-04T07:47:55.896Z"}
{"context":"RouterExplorer","level":"info","message":"Mapped {/whitelist-ip, GET} route","timestamp":"2026-05-04T07:47:55.896Z"}
{"context":"RouterExplorer","level":"info","message":"Mapped {/whitelist-ip/:id, GET} route","timestamp":"2026-05-04T07:47:55.896Z"}
{"context":"RouterExplorer","level":"info","message":"Mapped {/whitelist-ip/:id, PATCH} route","timestamp":"2026-05-04T07:47:55.897Z"}
{"context":"RouterExplorer","level":"info","message":"Mapped {/whitelist-ip/:id, DELETE} route","timestamp":"2026-05-04T07:47:55.897Z"}
{"context":"RoutesResolver","level":"info","message":"RolesController {/roles}:","timestamp":"2026-05-04T07:47:55.897Z"}
{"context":"RouterExplorer","level":"info","message":"Mapped {/roles, POST} route","timestamp":"2026-05-04T07:47:55.897Z"}
{"context":"RouterExplorer","level":"info","message":"Mapped {/roles, GET} route","timestamp":"2026-05-04T07:47:55.897Z"}
{"context":"RouterExplorer","level":"info","message":"Mapped {/roles/:id, GET} route","timestamp":"2026-05-04T07:47:55.898Z"}
{"context":"RouterExplorer","level":"info","message":"Mapped {/roles/:id, PATCH} route","timestamp":"2026-05-04T07:47:55.898Z"}
{"context":"RouterExplorer","level":"info","message":"Mapped {/roles/:id, DELETE} route","timestamp":"2026-05-04T07:47:55.898Z"}
{"context":"RoutesResolver","level":"info","message":"PermissionsController {/permissions}:","timestamp":"2026-05-04T07:47:55.898Z"}
{"context":"RouterExplorer","level":"info","message":"Mapped {/permissions, POST} route","timestamp":"2026-05-04T07:47:55.898Z"}
{"context":"RouterExplorer","level":"info","message":"Mapped {/permissions, GET} route","timestamp":"2026-05-04T07:47:55.899Z"}
{"context":"RouterExplorer","level":"info","message":"Mapped {/permissions/:id, PATCH} route","timestamp":"2026-05-04T07:47:55.899Z"}
{"context":"RouterExplorer","level":"info","message":"Mapped {/permissions/:id, DELETE} route","timestamp":"2026-05-04T07:47:55.899Z"}
{"context":"RoutesResolver","level":"info","message":"AuthController {/auth}:","timestamp":"2026-05-04T07:47:55.899Z"}
{"context":"RouterExplorer","level":"info","message":"Mapped {/auth/register, POST} route","timestamp":"2026-05-04T07:47:55.899Z"}
{"context":"RouterExplorer","level":"info","message":"Mapped {/auth/login, POST} route","timestamp":"2026-05-04T07:47:55.899Z"}
{"context":"RouterExplorer","level":"info","message":"Mapped {/auth/refresh, POST} route","timestamp":"2026-05-04T07:47:55.899Z"}
{"context":"RouterExplorer","level":"info","message":"Mapped {/auth/logout, POST} route","timestamp":"2026-05-04T07:47:55.900Z"}
{"context":"RouterExplorer","level":"info","message":"Mapped {/auth/me, GET} route","timestamp":"2026-05-04T07:47:55.900Z"}
{"context":"RouterExplorer","level":"info","message":"Mapped {/auth/me/password, PATCH} route","timestamp":"2026-05-04T07:47:55.900Z"}
{"context":"RoutesResolver","level":"info","message":"AttributeController {/attribute}:","timestamp":"2026-05-04T07:47:55.900Z"}
{"context":"RouterExplorer","level":"info","message":"Mapped {/attribute, POST} route","timestamp":"2026-05-04T07:47:55.900Z"}
{"context":"RouterExplorer","level":"info","message":"Mapped {/attribute, GET} route","timestamp":"2026-05-04T07:47:55.900Z"}
{"context":"RouterExplorer","level":"info","message":"Mapped {/attribute/:id, GET} route","timestamp":"2026-05-04T07:47:55.900Z"}
{"context":"RouterExplorer","level":"info","message":"Mapped {/attribute/:id, PATCH} route","timestamp":"2026-05-04T07:47:55.901Z"}
{"context":"RouterExplorer","level":"info","message":"Mapped {/attribute/:id, DELETE} route","timestamp":"2026-05-04T07:47:55.901Z"}
{"context":"PrismaService","level":"info","message":"Kết nối database thành công","timestamp":"2026-05-04T07:47:55.938Z"}
{"context":"NestApplication","level":"info","message":"Nest application successfully started","timestamp":"2026-05-04T07:47:55.942Z"}
{"context":"LoggerMiddleware","level":"warn","message":"[RequestID: 1c669bf1-ca27-484e-9dfc-9685cf62c1be] POST /auth/login | Status: 401 | Duration: 3ms | IP: ::1 | UserAgent: Mozilla/5.0 (Windows NT 10.0; Win64; x64) AppleWebKit/537.36 (KHTML, like Gecko) Chrome/147.0.0.0 Safari/537.36","requestId":"1c669bf1-ca27-484e-9dfc-9685cf62c1be","timestamp":"2026-05-04T07:47:57.716Z"}
{"context":"LoggerMiddleware","level":"warn","message":"[RequestID: 729789c0-b1dd-4fa4-8272-2ad9e1289b35] POST /auth/login | Status: 401 | Duration: 0ms | IP: ::1 | UserAgent: Mozilla/5.0 (Windows NT 10.0; Win64; x64) AppleWebKit/537.36 (KHTML, like Gecko) Chrome/147.0.0.0 Safari/537.36","requestId":"729789c0-b1dd-4fa4-8272-2ad9e1289b35","timestamp":"2026-05-04T07:48:12.189Z"}
{"context":"LoggerMiddleware","level":"warn","message":"[RequestID: 0c53e684-cb50-45fc-9cc8-a814868ed91b] POST /auth/login | Status: 401 | Duration: 0ms | IP: ::1 | UserAgent: Mozilla/5.0 (Windows NT 10.0; Win64; x64) AppleWebKit/537.36 (KHTML, like Gecko) Chrome/147.0.0.0 Safari/537.36","requestId":"0c53e684-cb50-45fc-9cc8-a814868ed91b","timestamp":"2026-05-04T07:48:12.830Z"}
{"level":"info","message":"Khởi tạo ứng dụng...","timestamp":"2026-05-04T07:48:37.816Z"}
{"context":"NestFactory","level":"info","message":"Starting Nest application...","timestamp":"2026-05-04T07:48:37.887Z"}
{"context":"InstanceLoader","level":"info","message":"PassportModule dependencies initialized","timestamp":"2026-05-04T07:48:37.896Z"}
{"context":"InstanceLoader","level":"info","message":"ConfigHostModule dependencies initialized","timestamp":"2026-05-04T07:48:37.897Z"}
{"context":"PrismaService","level":"info","message":"🔌 Prisma Connection String: postgresql://admin:******@localhost:5433/kyc_asset_db?schema=public","timestamp":"2026-05-04T07:48:37.900Z"}
{"context":"InstanceLoader","level":"info","message":"AppModule dependencies initialized","timestamp":"2026-05-04T07:48:37.901Z"}
{"context":"InstanceLoader","level":"info","message":"ConfigModule dependencies initialized","timestamp":"2026-05-04T07:48:37.901Z"}
{"context":"InstanceLoader","level":"info","message":"CommonModule dependencies initialized","timestamp":"2026-05-04T07:48:37.901Z"}
{"context":"InstanceLoader","level":"info","message":"JwtModule dependencies initialized","timestamp":"2026-05-04T07:48:37.902Z"}
{"context":"InstanceLoader","level":"info","message":"PrismaModule dependencies initialized","timestamp":"2026-05-04T07:48:37.902Z"}
{"context":"InstanceLoader","level":"info","message":"WhitelistIpModule dependencies initialized","timestamp":"2026-05-04T07:48:37.903Z"}
{"context":"InstanceLoader","level":"info","message":"AttributeModule dependencies initialized","timestamp":"2026-05-04T07:48:37.904Z"}
{"context":"InstanceLoader","level":"info","message":"UsersModule dependencies initialized","timestamp":"2026-05-04T07:48:37.904Z"}
{"context":"InstanceLoader","level":"info","message":"RolesModule dependencies initialized","timestamp":"2026-05-04T07:48:37.904Z"}
{"context":"InstanceLoader","level":"info","message":"PermissionsModule dependencies initialized","timestamp":"2026-05-04T07:48:37.904Z"}
{"context":"InstanceLoader","level":"info","message":"AuthModule dependencies initialized","timestamp":"2026-05-04T07:48:37.904Z"}
{"context":"RoutesResolver","level":"info","message":"AppController {/}:","timestamp":"2026-05-04T07:48:37.932Z"}
{"context":"RouterExplorer","level":"info","message":"Mapped {/, GET} route","timestamp":"2026-05-04T07:48:37.933Z"}
{"context":"RoutesResolver","level":"info","message":"UsersController {/users}:","timestamp":"2026-05-04T07:48:37.933Z"}
{"context":"RouterExplorer","level":"info","message":"Mapped {/users, POST} route","timestamp":"2026-05-04T07:48:37.934Z"}
{"context":"RouterExplorer","level":"info","message":"Mapped {/users, GET} route","timestamp":"2026-05-04T07:48:37.934Z"}
{"context":"RouterExplorer","level":"info","message":"Mapped {/users/:id, GET} route","timestamp":"2026-05-04T07:48:37.935Z"}
{"context":"RouterExplorer","level":"info","message":"Mapped {/users/:id, PATCH} route","timestamp":"2026-05-04T07:48:37.935Z"}
{"context":"RouterExplorer","level":"info","message":"Mapped {/users/:id, DELETE} route","timestamp":"2026-05-04T07:48:37.935Z"}
{"context":"RoutesResolver","level":"info","message":"WhitelistIpController {/whitelist-ip}:","timestamp":"2026-05-04T07:48:37.936Z"}
{"context":"RouterExplorer","level":"info","message":"Mapped {/whitelist-ip, POST} route","timestamp":"2026-05-04T07:48:37.936Z"}
{"context":"RouterExplorer","level":"info","message":"Mapped {/whitelist-ip, GET} route","timestamp":"2026-05-04T07:48:37.936Z"}
{"context":"RouterExplorer","level":"info","message":"Mapped {/whitelist-ip/:id, GET} route","timestamp":"2026-05-04T07:48:37.937Z"}
{"context":"RouterExplorer","level":"info","message":"Mapped {/whitelist-ip/:id, PATCH} route","timestamp":"2026-05-04T07:48:37.937Z"}
{"context":"RouterExplorer","level":"info","message":"Mapped {/whitelist-ip/:id, DELETE} route","timestamp":"2026-05-04T07:48:37.938Z"}
{"context":"RoutesResolver","level":"info","message":"RolesController {/roles}:","timestamp":"2026-05-04T07:48:37.938Z"}
{"context":"RouterExplorer","level":"info","message":"Mapped {/roles, POST} route","timestamp":"2026-05-04T07:48:37.938Z"}
{"context":"RouterExplorer","level":"info","message":"Mapped {/roles, GET} route","timestamp":"2026-05-04T07:48:37.939Z"}
{"context":"RouterExplorer","level":"info","message":"Mapped {/roles/:id, GET} route","timestamp":"2026-05-04T07:48:37.939Z"}
{"context":"RouterExplorer","level":"info","message":"Mapped {/roles/:id, PATCH} route","timestamp":"2026-05-04T07:48:37.939Z"}
{"context":"RouterExplorer","level":"info","message":"Mapped {/roles/:id, DELETE} route","timestamp":"2026-05-04T07:48:37.939Z"}
{"context":"RoutesResolver","level":"info","message":"PermissionsController {/permissions}:","timestamp":"2026-05-04T07:48:37.940Z"}
{"context":"RouterExplorer","level":"info","message":"Mapped {/permissions, POST} route","timestamp":"2026-05-04T07:48:37.940Z"}
{"context":"RouterExplorer","level":"info","message":"Mapped {/permissions, GET} route","timestamp":"2026-05-04T07:48:37.941Z"}
{"context":"RouterExplorer","level":"info","message":"Mapped {/permissions/:id, PATCH} route","timestamp":"2026-05-04T07:48:37.941Z"}
{"context":"RouterExplorer","level":"info","message":"Mapped {/permissions/:id, DELETE} route","timestamp":"2026-05-04T07:48:37.941Z"}
{"context":"RoutesResolver","level":"info","message":"AuthController {/auth}:","timestamp":"2026-05-04T07:48:37.941Z"}
{"context":"RouterExplorer","level":"info","message":"Mapped {/auth/register, POST} route","timestamp":"2026-05-04T07:48:37.942Z"}
{"context":"RouterExplorer","level":"info","message":"Mapped {/auth/login, POST} route","timestamp":"2026-05-04T07:48:37.942Z"}
{"context":"RouterExplorer","level":"info","message":"Mapped {/auth/refresh, POST} route","timestamp":"2026-05-04T07:48:37.942Z"}
{"context":"RouterExplorer","level":"info","message":"Mapped {/auth/logout, POST} route","timestamp":"2026-05-04T07:48:37.943Z"}
{"context":"RouterExplorer","level":"info","message":"Mapped {/auth/me, GET} route","timestamp":"2026-05-04T07:48:37.943Z"}
{"context":"RouterExplorer","level":"info","message":"Mapped {/auth/me/password, PATCH} route","timestamp":"2026-05-04T07:48:37.944Z"}
{"context":"RoutesResolver","level":"info","message":"AttributeController {/attribute}:","timestamp":"2026-05-04T07:48:37.944Z"}
{"context":"RouterExplorer","level":"info","message":"Mapped {/attribute, POST} route","timestamp":"2026-05-04T07:48:37.944Z"}
{"context":"RouterExplorer","level":"info","message":"Mapped {/attribute, GET} route","timestamp":"2026-05-04T07:48:37.944Z"}
{"context":"RouterExplorer","level":"info","message":"Mapped {/attribute/:id, GET} route","timestamp":"2026-05-04T07:48:37.945Z"}
{"context":"RouterExplorer","level":"info","message":"Mapped {/attribute/:id, PATCH} route","timestamp":"2026-05-04T07:48:37.945Z"}
{"context":"RouterExplorer","level":"info","message":"Mapped {/attribute/:id, DELETE} route","timestamp":"2026-05-04T07:48:37.945Z"}
{"context":"PrismaService","level":"info","message":"Kết nối database thành công","timestamp":"2026-05-04T07:48:37.992Z"}
{"context":"NestApplication","level":"info","message":"Nest application successfully started","timestamp":"2026-05-04T07:48:37.997Z"}
{"context":"LoggerMiddleware","level":"warn","message":"[RequestID: ab3cb6d4-dff2-4177-b3cc-64ee4041ca2c] POST /auth/login | Status: 401 | Duration: 4ms | IP: ::1 | UserAgent: Mozilla/5.0 (Windows NT 10.0; Win64; x64) AppleWebKit/537.36 (KHTML, like Gecko) Chrome/147.0.0.0 Safari/537.36","requestId":"ab3cb6d4-dff2-4177-b3cc-64ee4041ca2c","timestamp":"2026-05-04T07:48:39.060Z"}
{"context":"LoggerMiddleware","level":"warn","message":"[RequestID: 6a4e1c75-f99f-4334-a4c7-c28647d0038a] POST /auth/login | Status: 401 | Duration: 1ms | IP: ::1 | UserAgent: Mozilla/5.0 (Windows NT 10.0; Win64; x64) AppleWebKit/537.36 (KHTML, like Gecko) Chrome/147.0.0.0 Safari/537.36","requestId":"6a4e1c75-f99f-4334-a4c7-c28647d0038a","timestamp":"2026-05-04T07:48:51.775Z"}
{"level":"info","message":"Khởi tạo ứng dụng...","timestamp":"2026-05-04T07:49:00.808Z"}
{"context":"NestFactory","level":"info","message":"Starting Nest application...","timestamp":"2026-05-04T07:49:00.878Z"}
{"context":"InstanceLoader","level":"info","message":"PassportModule dependencies initialized","timestamp":"2026-05-04T07:49:00.886Z"}
{"context":"InstanceLoader","level":"info","message":"ConfigHostModule dependencies initialized","timestamp":"2026-05-04T07:49:00.887Z"}
{"context":"PrismaService","level":"info","message":"🔌 Prisma Connection String: postgresql://admin:******@localhost:5433/kyc_asset_db?schema=public","timestamp":"2026-05-04T07:49:00.890Z"}
{"context":"InstanceLoader","level":"info","message":"AppModule dependencies initialized","timestamp":"2026-05-04T07:49:00.890Z"}
{"context":"InstanceLoader","level":"info","message":"ConfigModule dependencies initialized","timestamp":"2026-05-04T07:49:00.891Z"}
{"context":"InstanceLoader","level":"info","message":"CommonModule dependencies initialized","timestamp":"2026-05-04T07:49:00.891Z"}
{"context":"InstanceLoader","level":"info","message":"JwtModule dependencies initialized","timestamp":"2026-05-04T07:49:00.891Z"}
{"context":"InstanceLoader","level":"info","message":"PrismaModule dependencies initialized","timestamp":"2026-05-04T07:49:00.891Z"}
{"context":"InstanceLoader","level":"info","message":"WhitelistIpModule dependencies initialized","timestamp":"2026-05-04T07:49:00.893Z"}
{"context":"InstanceLoader","level":"info","message":"AttributeModule dependencies initialized","timestamp":"2026-05-04T07:49:00.893Z"}
{"context":"InstanceLoader","level":"info","message":"UsersModule dependencies initialized","timestamp":"2026-05-04T07:49:00.893Z"}
{"context":"InstanceLoader","level":"info","message":"RolesModule dependencies initialized","timestamp":"2026-05-04T07:49:00.893Z"}
{"context":"InstanceLoader","level":"info","message":"PermissionsModule dependencies initialized","timestamp":"2026-05-04T07:49:00.893Z"}
{"context":"InstanceLoader","level":"info","message":"AuthModule dependencies initialized","timestamp":"2026-05-04T07:49:00.894Z"}
{"context":"RoutesResolver","level":"info","message":"AppController {/}:","timestamp":"2026-05-04T07:49:00.916Z"}
{"context":"RouterExplorer","level":"info","message":"Mapped {/, GET} route","timestamp":"2026-05-04T07:49:00.917Z"}
{"context":"RoutesResolver","level":"info","message":"UsersController {/users}:","timestamp":"2026-05-04T07:49:00.917Z"}
{"context":"RouterExplorer","level":"info","message":"Mapped {/users, POST} route","timestamp":"2026-05-04T07:49:00.917Z"}
{"context":"RouterExplorer","level":"info","message":"Mapped {/users, GET} route","timestamp":"2026-05-04T07:49:00.917Z"}
{"context":"RouterExplorer","level":"info","message":"Mapped {/users/:id, GET} route","timestamp":"2026-05-04T07:49:00.918Z"}
{"context":"RouterExplorer","level":"info","message":"Mapped {/users/:id, PATCH} route","timestamp":"2026-05-04T07:49:00.918Z"}
{"context":"RouterExplorer","level":"info","message":"Mapped {/users/:id, DELETE} route","timestamp":"2026-05-04T07:49:00.918Z"}
{"context":"RoutesResolver","level":"info","message":"WhitelistIpController {/whitelist-ip}:","timestamp":"2026-05-04T07:49:00.918Z"}
{"context":"RouterExplorer","level":"info","message":"Mapped {/whitelist-ip, POST} route","timestamp":"2026-05-04T07:49:00.918Z"}
{"context":"RouterExplorer","level":"info","message":"Mapped {/whitelist-ip, GET} route","timestamp":"2026-05-04T07:49:00.919Z"}
{"context":"RouterExplorer","level":"info","message":"Mapped {/whitelist-ip/:id, GET} route","timestamp":"2026-05-04T07:49:00.919Z"}
{"context":"RouterExplorer","level":"info","message":"Mapped {/whitelist-ip/:id, PATCH} route","timestamp":"2026-05-04T07:49:00.919Z"}
{"context":"RouterExplorer","level":"info","message":"Mapped {/whitelist-ip/:id, DELETE} route","timestamp":"2026-05-04T07:49:00.919Z"}
{"context":"RoutesResolver","level":"info","message":"RolesController {/roles}:","timestamp":"2026-05-04T07:49:00.919Z"}
{"context":"RouterExplorer","level":"info","message":"Mapped {/roles, POST} route","timestamp":"2026-05-04T07:49:00.920Z"}
{"context":"RouterExplorer","level":"info","message":"Mapped {/roles, GET} route","timestamp":"2026-05-04T07:49:00.920Z"}
{"context":"RouterExplorer","level":"info","message":"Mapped {/roles/:id, GET} route","timestamp":"2026-05-04T07:49:00.920Z"}
{"context":"RouterExplorer","level":"info","message":"Mapped {/roles/:id, PATCH} route","timestamp":"2026-05-04T07:49:00.920Z"}
{"context":"RouterExplorer","level":"info","message":"Mapped {/roles/:id, DELETE} route","timestamp":"2026-05-04T07:49:00.920Z"}
{"context":"RoutesResolver","level":"info","message":"PermissionsController {/permissions}:","timestamp":"2026-05-04T07:49:00.920Z"}
{"context":"RouterExplorer","level":"info","message":"Mapped {/permissions, POST} route","timestamp":"2026-05-04T07:49:00.920Z"}
{"context":"RouterExplorer","level":"info","message":"Mapped {/permissions, GET} route","timestamp":"2026-05-04T07:49:00.921Z"}
{"context":"RouterExplorer","level":"info","message":"Mapped {/permissions/:id, PATCH} route","timestamp":"2026-05-04T07:49:00.921Z"}
{"context":"RouterExplorer","level":"info","message":"Mapped {/permissions/:id, DELETE} route","timestamp":"2026-05-04T07:49:00.921Z"}
{"context":"RoutesResolver","level":"info","message":"AuthController {/auth}:","timestamp":"2026-05-04T07:49:00.921Z"}
{"context":"RouterExplorer","level":"info","message":"Mapped {/auth/register, POST} route","timestamp":"2026-05-04T07:49:00.921Z"}
{"context":"RouterExplorer","level":"info","message":"Mapped {/auth/login, POST} route","timestamp":"2026-05-04T07:49:00.921Z"}
{"context":"RouterExplorer","level":"info","message":"Mapped {/auth/refresh, POST} route","timestamp":"2026-05-04T07:49:00.921Z"}
{"context":"RouterExplorer","level":"info","message":"Mapped {/auth/logout, POST} route","timestamp":"2026-05-04T07:49:00.922Z"}
{"context":"RouterExplorer","level":"info","message":"Mapped {/auth/me, GET} route","timestamp":"2026-05-04T07:49:00.922Z"}
{"context":"RouterExplorer","level":"info","message":"Mapped {/auth/me/password, PATCH} route","timestamp":"2026-05-04T07:49:00.922Z"}
{"context":"RoutesResolver","level":"info","message":"AttributeController {/attribute}:","timestamp":"2026-05-04T07:49:00.922Z"}
{"context":"RouterExplorer","level":"info","message":"Mapped {/attribute, POST} route","timestamp":"2026-05-04T07:49:00.922Z"}
{"context":"RouterExplorer","level":"info","message":"Mapped {/attribute, GET} route","timestamp":"2026-05-04T07:49:00.923Z"}
{"context":"RouterExplorer","level":"info","message":"Mapped {/attribute/:id, GET} route","timestamp":"2026-05-04T07:49:00.923Z"}
{"context":"RouterExplorer","level":"info","message":"Mapped {/attribute/:id, PATCH} route","timestamp":"2026-05-04T07:49:00.923Z"}
{"context":"RouterExplorer","level":"info","message":"Mapped {/attribute/:id, DELETE} route","timestamp":"2026-05-04T07:49:00.923Z"}
{"context":"PrismaService","level":"info","message":"Kết nối database thành công","timestamp":"2026-05-04T07:49:00.960Z"}
{"context":"NestApplication","level":"info","message":"Nest application successfully started","timestamp":"2026-05-04T07:49:00.963Z"}
{"context":"LoggerMiddleware","level":"warn","message":"[RequestID: 39859835-0c96-48d4-926c-233becd7e86f] POST /auth/login | Status: 401 | Duration: 3ms | IP: ::1 | UserAgent: Mozilla/5.0 (Windows NT 10.0; Win64; x64) AppleWebKit/537.36 (KHTML, like Gecko) Chrome/147.0.0.0 Safari/537.36","requestId":"39859835-0c96-48d4-926c-233becd7e86f","timestamp":"2026-05-04T07:49:03.098Z"}
{"level":"info","message":"Khởi tạo ứng dụng...","timestamp":"2026-05-04T07:50:02.595Z"}
{"context":"NestFactory","level":"info","message":"Starting Nest application...","timestamp":"2026-05-04T07:50:02.665Z"}
{"context":"InstanceLoader","level":"info","message":"PassportModule dependencies initialized","timestamp":"2026-05-04T07:50:02.673Z"}
{"context":"InstanceLoader","level":"info","message":"ConfigHostModule dependencies initialized","timestamp":"2026-05-04T07:50:02.673Z"}
{"context":"PrismaService","level":"info","message":"🔌 Prisma Connection String: postgresql://admin:******@localhost:5433/kyc_asset_db?schema=public","timestamp":"2026-05-04T07:50:02.676Z"}
{"context":"InstanceLoader","level":"info","message":"AppModule dependencies initialized","timestamp":"2026-05-04T07:50:02.676Z"}
{"context":"InstanceLoader","level":"info","message":"ConfigModule dependencies initialized","timestamp":"2026-05-04T07:50:02.676Z"}
{"context":"InstanceLoader","level":"info","message":"CommonModule dependencies initialized","timestamp":"2026-05-04T07:50:02.677Z"}
{"context":"InstanceLoader","level":"info","message":"JwtModule dependencies initialized","timestamp":"2026-05-04T07:50:02.677Z"}
{"context":"InstanceLoader","level":"info","message":"PrismaModule dependencies initialized","timestamp":"2026-05-04T07:50:02.678Z"}
{"context":"InstanceLoader","level":"info","message":"WhitelistIpModule dependencies initialized","timestamp":"2026-05-04T07:50:02.679Z"}
{"context":"InstanceLoader","level":"info","message":"AttributeModule dependencies initialized","timestamp":"2026-05-04T07:50:02.679Z"}
{"context":"InstanceLoader","level":"info","message":"UsersModule dependencies initialized","timestamp":"2026-05-04T07:50:02.679Z"}
{"context":"InstanceLoader","level":"info","message":"RolesModule dependencies initialized","timestamp":"2026-05-04T07:50:02.679Z"}
{"context":"InstanceLoader","level":"info","message":"PermissionsModule dependencies initialized","timestamp":"2026-05-04T07:50:02.680Z"}
{"context":"InstanceLoader","level":"info","message":"AuthModule dependencies initialized","timestamp":"2026-05-04T07:50:02.680Z"}
{"context":"RoutesResolver","level":"info","message":"AppController {/}:","timestamp":"2026-05-04T07:50:02.702Z"}
{"context":"RouterExplorer","level":"info","message":"Mapped {/, GET} route","timestamp":"2026-05-04T07:50:02.704Z"}
{"context":"RoutesResolver","level":"info","message":"UsersController {/users}:","timestamp":"2026-05-04T07:50:02.704Z"}
{"context":"RouterExplorer","level":"info","message":"Mapped {/users, POST} route","timestamp":"2026-05-04T07:50:02.704Z"}
{"context":"RouterExplorer","level":"info","message":"Mapped {/users, GET} route","timestamp":"2026-05-04T07:50:02.704Z"}
{"context":"RouterExplorer","level":"info","message":"Mapped {/users/:id, GET} route","timestamp":"2026-05-04T07:50:02.705Z"}
{"context":"RouterExplorer","level":"info","message":"Mapped {/users/:id, PATCH} route","timestamp":"2026-05-04T07:50:02.705Z"}
{"context":"RouterExplorer","level":"info","message":"Mapped {/users/:id, DELETE} route","timestamp":"2026-05-04T07:50:02.705Z"}
{"context":"RoutesResolver","level":"info","message":"WhitelistIpController {/whitelist-ip}:","timestamp":"2026-05-04T07:50:02.705Z"}
{"context":"RouterExplorer","level":"info","message":"Mapped {/whitelist-ip, POST} route","timestamp":"2026-05-04T07:50:02.705Z"}
{"context":"RouterExplorer","level":"info","message":"Mapped {/whitelist-ip, GET} route","timestamp":"2026-05-04T07:50:02.706Z"}
{"context":"RouterExplorer","level":"info","message":"Mapped {/whitelist-ip/:id, GET} route","timestamp":"2026-05-04T07:50:02.706Z"}
{"context":"RouterExplorer","level":"info","message":"Mapped {/whitelist-ip/:id, PATCH} route","timestamp":"2026-05-04T07:50:02.706Z"}
{"context":"RouterExplorer","level":"info","message":"Mapped {/whitelist-ip/:id, DELETE} route","timestamp":"2026-05-04T07:50:02.706Z"}
{"context":"RoutesResolver","level":"info","message":"RolesController {/roles}:","timestamp":"2026-05-04T07:50:02.706Z"}
{"context":"RouterExplorer","level":"info","message":"Mapped {/roles, POST} route","timestamp":"2026-05-04T07:50:02.706Z"}
{"context":"RouterExplorer","level":"info","message":"Mapped {/roles, GET} route","timestamp":"2026-05-04T07:50:02.706Z"}
{"context":"RouterExplorer","level":"info","message":"Mapped {/roles/:id, GET} route","timestamp":"2026-05-04T07:50:02.707Z"}
{"context":"RouterExplorer","level":"info","message":"Mapped {/roles/:id, PATCH} route","timestamp":"2026-05-04T07:50:02.707Z"}
{"context":"RouterExplorer","level":"info","message":"Mapped {/roles/:id, DELETE} route","timestamp":"2026-05-04T07:50:02.707Z"}
{"context":"RoutesResolver","level":"info","message":"PermissionsController {/permissions}:","timestamp":"2026-05-04T07:50:02.707Z"}
{"context":"RouterExplorer","level":"info","message":"Mapped {/permissions, POST} route","timestamp":"2026-05-04T07:50:02.707Z"}
{"context":"RouterExplorer","level":"info","message":"Mapped {/permissions, GET} route","timestamp":"2026-05-04T07:50:02.707Z"}
{"context":"RouterExplorer","level":"info","message":"Mapped {/permissions/:id, PATCH} route","timestamp":"2026-05-04T07:50:02.707Z"}
{"context":"RouterExplorer","level":"info","message":"Mapped {/permissions/:id, DELETE} route","timestamp":"2026-05-04T07:50:02.707Z"}
{"context":"RoutesResolver","level":"info","message":"AuthController {/auth}:","timestamp":"2026-05-04T07:50:02.708Z"}
{"context":"RouterExplorer","level":"info","message":"Mapped {/auth/register, POST} route","timestamp":"2026-05-04T07:50:02.708Z"}
{"context":"RouterExplorer","level":"info","message":"Mapped {/auth/login, POST} route","timestamp":"2026-05-04T07:50:02.708Z"}
{"context":"RouterExplorer","level":"info","message":"Mapped {/auth/refresh, POST} route","timestamp":"2026-05-04T07:50:02.708Z"}
{"context":"RouterExplorer","level":"info","message":"Mapped {/auth/logout, POST} route","timestamp":"2026-05-04T07:50:02.708Z"}
{"context":"RouterExplorer","level":"info","message":"Mapped {/auth/me, GET} route","timestamp":"2026-05-04T07:50:02.709Z"}
{"context":"RouterExplorer","level":"info","message":"Mapped {/auth/me/password, PATCH} route","timestamp":"2026-05-04T07:50:02.709Z"}
{"context":"RoutesResolver","level":"info","message":"AttributeController {/attribute}:","timestamp":"2026-05-04T07:50:02.710Z"}
{"context":"RouterExplorer","level":"info","message":"Mapped {/attribute, POST} route","timestamp":"2026-05-04T07:50:02.710Z"}
{"context":"RouterExplorer","level":"info","message":"Mapped {/attribute, GET} route","timestamp":"2026-05-04T07:50:02.710Z"}
{"context":"RouterExplorer","level":"info","message":"Mapped {/attribute/:id, GET} route","timestamp":"2026-05-04T07:50:02.710Z"}
{"context":"RouterExplorer","level":"info","message":"Mapped {/attribute/:id, PATCH} route","timestamp":"2026-05-04T07:50:02.710Z"}
{"context":"RouterExplorer","level":"info","message":"Mapped {/attribute/:id, DELETE} route","timestamp":"2026-05-04T07:50:02.711Z"}
{"context":"PrismaService","level":"info","message":"Kết nối database thành công","timestamp":"2026-05-04T07:50:02.749Z"}
{"context":"NestApplication","level":"info","message":"Nest application successfully started","timestamp":"2026-05-04T07:50:02.751Z"}
{"context":"AccessTokenGuard","level":"info","message":"isPublic: undefined","requestId":"d950ec28-6918-4ed7-ab4f-de82ad1789e4","timestamp":"2026-05-04T07:50:03.209Z"}
{"context":"LoggerMiddleware","level":"warn","message":"[RequestID: d950ec28-6918-4ed7-ab4f-de82ad1789e4] POST /auth/login | Status: 401 | Duration: 4ms | IP: ::1 | UserAgent: Mozilla/5.0 (Windows NT 10.0; Win64; x64) AppleWebKit/537.36 (KHTML, like Gecko) Chrome/147.0.0.0 Safari/537.36","requestId":"d950ec28-6918-4ed7-ab4f-de82ad1789e4","timestamp":"2026-05-04T07:50:03.212Z"}
{"level":"info","message":"Khởi tạo ứng dụng...","timestamp":"2026-05-04T07:52:30.701Z"}
{"context":"NestFactory","level":"info","message":"Starting Nest application...","timestamp":"2026-05-04T07:52:30.772Z"}
{"context":"InstanceLoader","level":"info","message":"PassportModule dependencies initialized","timestamp":"2026-05-04T07:52:30.780Z"}
{"context":"InstanceLoader","level":"info","message":"ConfigHostModule dependencies initialized","timestamp":"2026-05-04T07:52:30.781Z"}
{"context":"PrismaService","level":"info","message":"🔌 Prisma Connection String: postgresql://admin:******@localhost:5433/kyc_asset_db?schema=public","timestamp":"2026-05-04T07:52:30.784Z"}
{"context":"InstanceLoader","level":"info","message":"AppModule dependencies initialized","timestamp":"2026-05-04T07:52:30.784Z"}
{"context":"InstanceLoader","level":"info","message":"ConfigModule dependencies initialized","timestamp":"2026-05-04T07:52:30.784Z"}
{"context":"InstanceLoader","level":"info","message":"CommonModule dependencies initialized","timestamp":"2026-05-04T07:52:30.784Z"}
{"context":"InstanceLoader","level":"info","message":"JwtModule dependencies initialized","timestamp":"2026-05-04T07:52:30.785Z"}
{"context":"InstanceLoader","level":"info","message":"PrismaModule dependencies initialized","timestamp":"2026-05-04T07:52:30.785Z"}
{"context":"InstanceLoader","level":"info","message":"WhitelistIpModule dependencies initialized","timestamp":"2026-05-04T07:52:30.786Z"}
{"context":"InstanceLoader","level":"info","message":"AttributeModule dependencies initialized","timestamp":"2026-05-04T07:52:30.786Z"}
{"context":"InstanceLoader","level":"info","message":"UsersModule dependencies initialized","timestamp":"2026-05-04T07:52:30.786Z"}
{"context":"InstanceLoader","level":"info","message":"RolesModule dependencies initialized","timestamp":"2026-05-04T07:52:30.787Z"}
{"context":"InstanceLoader","level":"info","message":"PermissionsModule dependencies initialized","timestamp":"2026-05-04T07:52:30.787Z"}
{"context":"InstanceLoader","level":"info","message":"AuthModule dependencies initialized","timestamp":"2026-05-04T07:52:30.787Z"}
{"context":"RoutesResolver","level":"info","message":"AppController {/}:","timestamp":"2026-05-04T07:52:30.810Z"}
{"context":"RouterExplorer","level":"info","message":"Mapped {/, GET} route","timestamp":"2026-05-04T07:52:30.812Z"}
{"context":"RoutesResolver","level":"info","message":"UsersController {/users}:","timestamp":"2026-05-04T07:52:30.812Z"}
{"context":"RouterExplorer","level":"info","message":"Mapped {/users, POST} route","timestamp":"2026-05-04T07:52:30.813Z"}
{"context":"RouterExplorer","level":"info","message":"Mapped {/users, GET} route","timestamp":"2026-05-04T07:52:30.813Z"}
{"context":"RouterExplorer","level":"info","message":"Mapped {/users/:id, GET} route","timestamp":"2026-05-04T07:52:30.813Z"}
{"context":"RouterExplorer","level":"info","message":"Mapped {/users/:id, PATCH} route","timestamp":"2026-05-04T07:52:30.814Z"}
{"context":"RouterExplorer","level":"info","message":"Mapped {/users/:id, DELETE} route","timestamp":"2026-05-04T07:52:30.814Z"}
{"context":"RoutesResolver","level":"info","message":"WhitelistIpController {/whitelist-ip}:","timestamp":"2026-05-04T07:52:30.814Z"}
{"context":"RouterExplorer","level":"info","message":"Mapped {/whitelist-ip, POST} route","timestamp":"2026-05-04T07:52:30.814Z"}
{"context":"RouterExplorer","level":"info","message":"Mapped {/whitelist-ip, GET} route","timestamp":"2026-05-04T07:52:30.815Z"}
{"context":"RouterExplorer","level":"info","message":"Mapped {/whitelist-ip/:id, GET} route","timestamp":"2026-05-04T07:52:30.815Z"}
{"context":"RouterExplorer","level":"info","message":"Mapped {/whitelist-ip/:id, PATCH} route","timestamp":"2026-05-04T07:52:30.815Z"}
{"context":"RouterExplorer","level":"info","message":"Mapped {/whitelist-ip/:id, DELETE} route","timestamp":"2026-05-04T07:52:30.815Z"}
{"context":"RoutesResolver","level":"info","message":"RolesController {/roles}:","timestamp":"2026-05-04T07:52:30.816Z"}
{"context":"RouterExplorer","level":"info","message":"Mapped {/roles, POST} route","timestamp":"2026-05-04T07:52:30.816Z"}
{"context":"RouterExplorer","level":"info","message":"Mapped {/roles, GET} route","timestamp":"2026-05-04T07:52:30.816Z"}
{"context":"RouterExplorer","level":"info","message":"Mapped {/roles/:id, GET} route","timestamp":"2026-05-04T07:52:30.816Z"}
{"context":"RouterExplorer","level":"info","message":"Mapped {/roles/:id, PATCH} route","timestamp":"2026-05-04T07:52:30.816Z"}
{"context":"RouterExplorer","level":"info","message":"Mapped {/roles/:id, DELETE} route","timestamp":"2026-05-04T07:52:30.817Z"}
{"context":"RoutesResolver","level":"info","message":"PermissionsController {/permissions}:","timestamp":"2026-05-04T07:52:30.817Z"}
{"context":"RouterExplorer","level":"info","message":"Mapped {/permissions, POST} route","timestamp":"2026-05-04T07:52:30.817Z"}
{"context":"RouterExplorer","level":"info","message":"Mapped {/permissions, GET} route","timestamp":"2026-05-04T07:52:30.817Z"}
{"context":"RouterExplorer","level":"info","message":"Mapped {/permissions/:id, PATCH} route","timestamp":"2026-05-04T07:52:30.817Z"}
{"context":"RouterExplorer","level":"info","message":"Mapped {/permissions/:id, DELETE} route","timestamp":"2026-05-04T07:52:30.817Z"}
{"context":"RoutesResolver","level":"info","message":"AuthController {/auth}:","timestamp":"2026-05-04T07:52:30.817Z"}
{"context":"RouterExplorer","level":"info","message":"Mapped {/auth/register, POST} route","timestamp":"2026-05-04T07:52:30.818Z"}
{"context":"RouterExplorer","level":"info","message":"Mapped {/auth/login, POST} route","timestamp":"2026-05-04T07:52:30.818Z"}
{"context":"RouterExplorer","level":"info","message":"Mapped {/auth/refresh, POST} route","timestamp":"2026-05-04T07:52:30.818Z"}
{"context":"RouterExplorer","level":"info","message":"Mapped {/auth/logout, POST} route","timestamp":"2026-05-04T07:52:30.818Z"}
{"context":"RouterExplorer","level":"info","message":"Mapped {/auth/me, GET} route","timestamp":"2026-05-04T07:52:30.818Z"}
{"context":"RouterExplorer","level":"info","message":"Mapped {/auth/me/password, PATCH} route","timestamp":"2026-05-04T07:52:30.819Z"}
{"context":"RoutesResolver","level":"info","message":"AttributeController {/attribute}:","timestamp":"2026-05-04T07:52:30.819Z"}
{"context":"RouterExplorer","level":"info","message":"Mapped {/attribute, POST} route","timestamp":"2026-05-04T07:52:30.819Z"}
{"context":"RouterExplorer","level":"info","message":"Mapped {/attribute, GET} route","timestamp":"2026-05-04T07:52:30.819Z"}
{"context":"RouterExplorer","level":"info","message":"Mapped {/attribute/:id, GET} route","timestamp":"2026-05-04T07:52:30.819Z"}
{"context":"RouterExplorer","level":"info","message":"Mapped {/attribute/:id, PATCH} route","timestamp":"2026-05-04T07:52:30.819Z"}
{"context":"RouterExplorer","level":"info","message":"Mapped {/attribute/:id, DELETE} route","timestamp":"2026-05-04T07:52:30.819Z"}
{"context":"PrismaService","level":"info","message":"Kết nối database thành công","timestamp":"2026-05-04T07:52:30.857Z"}
{"context":"NestApplication","level":"info","message":"Nest application successfully started","timestamp":"2026-05-04T07:52:30.861Z"}
{"context":"AccessTokenGuard","level":"info","message":"isPublic: undefined","requestId":"e49c61b1-039c-4e3c-8422-2ccf01011663","timestamp":"2026-05-04T07:52:32.696Z"}
{"context":"LoggerMiddleware","level":"warn","message":"[RequestID: e49c61b1-039c-4e3c-8422-2ccf01011663] POST /auth/login | Status: 401 | Duration: 5ms | IP: ::1 | UserAgent: Mozilla/5.0 (Windows NT 10.0; Win64; x64) AppleWebKit/537.36 (KHTML, like Gecko) Chrome/147.0.0.0 Safari/537.36","requestId":"e49c61b1-039c-4e3c-8422-2ccf01011663","timestamp":"2026-05-04T07:52:32.700Z"}
{"level":"info","message":"Khởi tạo ứng dụng...","timestamp":"2026-05-04T07:55:06.550Z"}
{"context":"NestFactory","level":"info","message":"Starting Nest application...","timestamp":"2026-05-04T07:55:06.621Z"}
{"context":"InstanceLoader","level":"info","message":"PassportModule dependencies initialized","timestamp":"2026-05-04T07:55:06.629Z"}
{"context":"InstanceLoader","level":"info","message":"ConfigHostModule dependencies initialized","timestamp":"2026-05-04T07:55:06.630Z"}
{"context":"PrismaService","level":"info","message":"🔌 Prisma Connection String: postgresql://admin:******@localhost:5433/kyc_asset_db?schema=public","timestamp":"2026-05-04T07:55:06.633Z"}
{"context":"InstanceLoader","level":"info","message":"AppModule dependencies initialized","timestamp":"2026-05-04T07:55:06.633Z"}
{"context":"InstanceLoader","level":"info","message":"ConfigModule dependencies initialized","timestamp":"2026-05-04T07:55:06.633Z"}
{"context":"InstanceLoader","level":"info","message":"CommonModule dependencies initialized","timestamp":"2026-05-04T07:55:06.634Z"}
{"context":"InstanceLoader","level":"info","message":"JwtModule dependencies initialized","timestamp":"2026-05-04T07:55:06.634Z"}
{"context":"InstanceLoader","level":"info","message":"PrismaModule dependencies initialized","timestamp":"2026-05-04T07:55:06.634Z"}
{"context":"InstanceLoader","level":"info","message":"WhitelistIpModule dependencies initialized","timestamp":"2026-05-04T07:55:06.636Z"}
{"context":"InstanceLoader","level":"info","message":"AttributeModule dependencies initialized","timestamp":"2026-05-04T07:55:06.636Z"}
{"context":"InstanceLoader","level":"info","message":"UsersModule dependencies initialized","timestamp":"2026-05-04T07:55:06.636Z"}
{"context":"InstanceLoader","level":"info","message":"RolesModule dependencies initialized","timestamp":"2026-05-04T07:55:06.636Z"}
{"context":"InstanceLoader","level":"info","message":"PermissionsModule dependencies initialized","timestamp":"2026-05-04T07:55:06.636Z"}
{"context":"InstanceLoader","level":"info","message":"AuthModule dependencies initialized","timestamp":"2026-05-04T07:55:06.636Z"}
{"context":"RoutesResolver","level":"info","message":"AppController {/}:","timestamp":"2026-05-04T07:55:06.657Z"}
{"context":"RouterExplorer","level":"info","message":"Mapped {/, GET} route","timestamp":"2026-05-04T07:55:06.658Z"}
{"context":"RoutesResolver","level":"info","message":"UsersController {/users}:","timestamp":"2026-05-04T07:55:06.658Z"}
{"context":"RouterExplorer","level":"info","message":"Mapped {/users, POST} route","timestamp":"2026-05-04T07:55:06.659Z"}
{"context":"RouterExplorer","level":"info","message":"Mapped {/users, GET} route","timestamp":"2026-05-04T07:55:06.659Z"}
{"context":"RouterExplorer","level":"info","message":"Mapped {/users/:id, GET} route","timestamp":"2026-05-04T07:55:06.659Z"}
{"context":"RouterExplorer","level":"info","message":"Mapped {/users/:id, PATCH} route","timestamp":"2026-05-04T07:55:06.659Z"}
{"context":"RouterExplorer","level":"info","message":"Mapped {/users/:id, DELETE} route","timestamp":"2026-05-04T07:55:06.660Z"}
{"context":"RoutesResolver","level":"info","message":"WhitelistIpController {/whitelist-ip}:","timestamp":"2026-05-04T07:55:06.660Z"}
{"context":"RouterExplorer","level":"info","message":"Mapped {/whitelist-ip, POST} route","timestamp":"2026-05-04T07:55:06.660Z"}
{"context":"RouterExplorer","level":"info","message":"Mapped {/whitelist-ip, GET} route","timestamp":"2026-05-04T07:55:06.660Z"}
{"context":"RouterExplorer","level":"info","message":"Mapped {/whitelist-ip/:id, GET} route","timestamp":"2026-05-04T07:55:06.661Z"}
{"context":"RouterExplorer","level":"info","message":"Mapped {/whitelist-ip/:id, PATCH} route","timestamp":"2026-05-04T07:55:06.661Z"}
{"context":"RouterExplorer","level":"info","message":"Mapped {/whitelist-ip/:id, DELETE} route","timestamp":"2026-05-04T07:55:06.662Z"}
{"context":"RoutesResolver","level":"info","message":"RolesController {/roles}:","timestamp":"2026-05-04T07:55:06.662Z"}
{"context":"RouterExplorer","level":"info","message":"Mapped {/roles, POST} route","timestamp":"2026-05-04T07:55:06.662Z"}
{"context":"RouterExplorer","level":"info","message":"Mapped {/roles, GET} route","timestamp":"2026-05-04T07:55:06.662Z"}
{"context":"RouterExplorer","level":"info","message":"Mapped {/roles/:id, GET} route","timestamp":"2026-05-04T07:55:06.662Z"}
{"context":"RouterExplorer","level":"info","message":"Mapped {/roles/:id, PATCH} route","timestamp":"2026-05-04T07:55:06.663Z"}
{"context":"RouterExplorer","level":"info","message":"Mapped {/roles/:id, DELETE} route","timestamp":"2026-05-04T07:55:06.663Z"}
{"context":"RoutesResolver","level":"info","message":"PermissionsController {/permissions}:","timestamp":"2026-05-04T07:55:06.663Z"}
{"context":"RouterExplorer","level":"info","message":"Mapped {/permissions, POST} route","timestamp":"2026-05-04T07:55:06.663Z"}
{"context":"RouterExplorer","level":"info","message":"Mapped {/permissions, GET} route","timestamp":"2026-05-04T07:55:06.664Z"}
{"context":"RouterExplorer","level":"info","message":"Mapped {/permissions/:id, PATCH} route","timestamp":"2026-05-04T07:55:06.664Z"}
{"context":"RouterExplorer","level":"info","message":"Mapped {/permissions/:id, DELETE} route","timestamp":"2026-05-04T07:55:06.664Z"}
{"context":"RoutesResolver","level":"info","message":"AuthController {/auth}:","timestamp":"2026-05-04T07:55:06.664Z"}
{"context":"RouterExplorer","level":"info","message":"Mapped {/auth/register, POST} route","timestamp":"2026-05-04T07:55:06.664Z"}
{"context":"RouterExplorer","level":"info","message":"Mapped {/auth/login, POST} route","timestamp":"2026-05-04T07:55:06.664Z"}
{"context":"RouterExplorer","level":"info","message":"Mapped {/auth/refresh, POST} route","timestamp":"2026-05-04T07:55:06.665Z"}
{"context":"RouterExplorer","level":"info","message":"Mapped {/auth/logout, POST} route","timestamp":"2026-05-04T07:55:06.665Z"}
{"context":"RouterExplorer","level":"info","message":"Mapped {/auth/me, GET} route","timestamp":"2026-05-04T07:55:06.665Z"}
{"context":"RouterExplorer","level":"info","message":"Mapped {/auth/me/password, PATCH} route","timestamp":"2026-05-04T07:55:06.665Z"}
{"context":"RoutesResolver","level":"info","message":"AttributeController {/attribute}:","timestamp":"2026-05-04T07:55:06.665Z"}
{"context":"RouterExplorer","level":"info","message":"Mapped {/attribute, POST} route","timestamp":"2026-05-04T07:55:06.666Z"}
{"context":"RouterExplorer","level":"info","message":"Mapped {/attribute, GET} route","timestamp":"2026-05-04T07:55:06.666Z"}
{"context":"RouterExplorer","level":"info","message":"Mapped {/attribute/:id, GET} route","timestamp":"2026-05-04T07:55:06.666Z"}
{"context":"RouterExplorer","level":"info","message":"Mapped {/attribute/:id, PATCH} route","timestamp":"2026-05-04T07:55:06.666Z"}
{"context":"RouterExplorer","level":"info","message":"Mapped {/attribute/:id, DELETE} route","timestamp":"2026-05-04T07:55:06.666Z"}
{"context":"PrismaService","level":"info","message":"Kết nối database thành công","timestamp":"2026-05-04T07:55:06.706Z"}
{"context":"NestApplication","level":"info","message":"Nest application successfully started","timestamp":"2026-05-04T07:55:06.710Z"}
{"context":"AccessTokenGuard","level":"info","message":"isPublic: true","requestId":"8d7fd8aa-90f6-457b-bc2c-7dcbda55ed83","timestamp":"2026-05-04T07:55:07.542Z"}
{"context":"AccessTokenGuard","level":"info","message":"Public route, skipping authentication","requestId":"8d7fd8aa-90f6-457b-bc2c-7dcbda55ed83","timestamp":"2026-05-04T07:55:07.543Z"}
{"context":"LoggerMiddleware","level":"info","message":"[RequestID: 8d7fd8aa-90f6-457b-bc2c-7dcbda55ed83] POST /auth/login | Status: 201 | Duration: 86ms | IP: ::1 | UserAgent: Mozilla/5.0 (Windows NT 10.0; Win64; x64) AppleWebKit/537.36 (KHTML, like Gecko) Chrome/147.0.0.0 Safari/537.36","requestId":"8d7fd8aa-90f6-457b-bc2c-7dcbda55ed83","timestamp":"2026-05-04T07:55:07.629Z"}
{"context":"AccessTokenGuard","level":"info","message":"isPublic: undefined","requestId":"1177a4d9-2f94-4aa6-93bd-ec200e524734","timestamp":"2026-05-04T07:56:02.962Z"}
{"context":"LoggerMiddleware","level":"warn","message":"[RequestID: 1177a4d9-2f94-4aa6-93bd-ec200e524734] GET /auth/me | Status: 404 | Duration: 22ms | IP: ::1 | UserAgent: Mozilla/5.0 (Windows NT 10.0; Win64; x64) AppleWebKit/537.36 (KHTML, like Gecko) Chrome/147.0.0.0 Safari/537.36","requestId":"1177a4d9-2f94-4aa6-93bd-ec200e524734","timestamp":"2026-05-04T07:56:02.985Z"}
{"context":"AccessTokenGuard","level":"info","message":"isPublic: undefined","requestId":"1f70462f-ab73-4250-8073-d7ab821e3f0b","timestamp":"2026-05-04T08:01:14.610Z"}
{"context":"AccessTokenStrategy","level":"warn","message":"Token lỗi thời: User customer_001 (ID: cc6d2974-22cf-4b0b-9590-4b701cfa3c00) thử truy cập bằng version 1, bản hiện tại là 2. IP: ::1","requestId":"1f70462f-ab73-4250-8073-d7ab821e3f0b","timestamp":"2026-05-04T08:01:14.626Z"}
{"context":"LoggerMiddleware","level":"warn","message":"[RequestID: 1f70462f-ab73-4250-8073-d7ab821e3f0b] GET /auth/me | Status: 401 | Duration: 18ms | IP: ::1 | UserAgent: Mozilla/5.0 (Windows NT 10.0; Win64; x64) AppleWebKit/537.36 (KHTML, like Gecko) Chrome/147.0.0.0 Safari/537.36","requestId":"1f70462f-ab73-4250-8073-d7ab821e3f0b","timestamp":"2026-05-04T08:01:14.627Z"}
{"context":"AccessTokenGuard","level":"info","message":"isPublic: true","requestId":"e20988f8-e2dd-4965-b7e8-abb2eaa94a73","timestamp":"2026-05-04T08:01:33.838Z"}
{"context":"AccessTokenGuard","level":"info","message":"Public route, skipping authentication","requestId":"e20988f8-e2dd-4965-b7e8-abb2eaa94a73","timestamp":"2026-05-04T08:01:33.838Z"}
{"context":"LoggerMiddleware","level":"info","message":"[RequestID: e20988f8-e2dd-4965-b7e8-abb2eaa94a73] POST /auth/login | Status: 201 | Duration: 57ms | IP: ::1 | UserAgent: Mozilla/5.0 (Windows NT 10.0; Win64; x64) AppleWebKit/537.36 (KHTML, like Gecko) Chrome/147.0.0.0 Safari/537.36","requestId":"e20988f8-e2dd-4965-b7e8-abb2eaa94a73","timestamp":"2026-05-04T08:01:33.894Z"}
{"context":"AccessTokenGuard","level":"info","message":"isPublic: undefined","requestId":"a226f9bd-0821-4dd9-883b-f12c1f568d7a","timestamp":"2026-05-04T08:01:40.732Z"}
{"context":"LoggerMiddleware","level":"warn","message":"[RequestID: a226f9bd-0821-4dd9-883b-f12c1f568d7a] GET /auth/me | Status: 401 | Duration: 5ms | IP: ::1 | UserAgent: Mozilla/5.0 (Windows NT 10.0; Win64; x64) AppleWebKit/537.36 (KHTML, like Gecko) Chrome/147.0.0.0 Safari/537.36","requestId":"a226f9bd-0821-4dd9-883b-f12c1f568d7a","timestamp":"2026-05-04T08:01:40.737Z"}
{"context":"AccessTokenGuard","level":"info","message":"isPublic: true","requestId":"ba94bead-0fd7-46cc-a5a4-a77ba39cfb76","timestamp":"2026-05-04T08:01:48.227Z"}
{"context":"AccessTokenGuard","level":"info","message":"Public route, skipping authentication","requestId":"ba94bead-0fd7-46cc-a5a4-a77ba39cfb76","timestamp":"2026-05-04T08:01:48.228Z"}
{"context":"LoggerMiddleware","level":"info","message":"[RequestID: ba94bead-0fd7-46cc-a5a4-a77ba39cfb76] POST /auth/login | Status: 201 | Duration: 47ms | IP: ::1 | UserAgent: Mozilla/5.0 (Windows NT 10.0; Win64; x64) AppleWebKit/537.36 (KHTML, like Gecko) Chrome/147.0.0.0 Safari/537.36","requestId":"ba94bead-0fd7-46cc-a5a4-a77ba39cfb76","timestamp":"2026-05-04T08:01:48.274Z"}
{"context":"AccessTokenGuard","level":"info","message":"isPublic: undefined","requestId":"b5905ce0-5b5c-4dda-892d-de6bea270e38","timestamp":"2026-05-04T08:02:09.439Z"}
{"context":"LoggerMiddleware","level":"warn","message":"[RequestID: b5905ce0-5b5c-4dda-892d-de6bea270e38] GET /auth/me | Status: 401 | Duration: 16ms | IP: ::1 | UserAgent: Mozilla/5.0 (Windows NT 10.0; Win64; x64) AppleWebKit/537.36 (KHTML, like Gecko) Chrome/147.0.0.0 Safari/537.36","requestId":"b5905ce0-5b5c-4dda-892d-de6bea270e38","timestamp":"2026-05-04T08:02:09.455Z"}
{"context":"AccessTokenGuard","level":"info","message":"isPublic: undefined","requestId":"ba6a262a-ff83-491c-8ba4-af59e4a737dc","timestamp":"2026-05-04T08:02:11.685Z"}
{"context":"LoggerMiddleware","level":"warn","message":"[RequestID: ba6a262a-ff83-491c-8ba4-af59e4a737dc] GET /auth/me | Status: 401 | Duration: 4ms | IP: ::1 | UserAgent: Mozilla/5.0 (Windows NT 10.0; Win64; x64) AppleWebKit/537.36 (KHTML, like Gecko) Chrome/147.0.0.0 Safari/537.36","requestId":"ba6a262a-ff83-491c-8ba4-af59e4a737dc","timestamp":"2026-05-04T08:02:11.690Z"}
{"context":"AccessTokenGuard","level":"info","message":"isPublic: undefined","requestId":"1a0eb53b-737a-4243-9b51-d33cbfe72f28","timestamp":"2026-05-04T08:02:12.288Z"}
{"context":"LoggerMiddleware","level":"warn","message":"[RequestID: 1a0eb53b-737a-4243-9b51-d33cbfe72f28] GET /auth/me | Status: 401 | Duration: 5ms | IP: ::1 | UserAgent: Mozilla/5.0 (Windows NT 10.0; Win64; x64) AppleWebKit/537.36 (KHTML, like Gecko) Chrome/147.0.0.0 Safari/537.36","requestId":"1a0eb53b-737a-4243-9b51-d33cbfe72f28","timestamp":"2026-05-04T08:02:12.293Z"}
{"context":"AccessTokenGuard","level":"info","message":"isPublic: undefined","requestId":"332f5f21-4657-4fae-acb3-f8776f25ea2c","timestamp":"2026-05-04T08:02:12.834Z"}
{"context":"LoggerMiddleware","level":"warn","message":"[RequestID: 332f5f21-4657-4fae-acb3-f8776f25ea2c] GET /auth/me | Status: 401 | Duration: 5ms | IP: ::1 | UserAgent: Mozilla/5.0 (Windows NT 10.0; Win64; x64) AppleWebKit/537.36 (KHTML, like Gecko) Chrome/147.0.0.0 Safari/537.36","requestId":"332f5f21-4657-4fae-acb3-f8776f25ea2c","timestamp":"2026-05-04T08:02:12.838Z"}
{"context":"AccessTokenGuard","level":"info","message":"isPublic: undefined","requestId":"366268e7-8143-43a5-a740-a19e0fca4ea3","timestamp":"2026-05-04T08:02:13.292Z"}
{"context":"LoggerMiddleware","level":"warn","message":"[RequestID: 366268e7-8143-43a5-a740-a19e0fca4ea3] GET /auth/me | Status: 401 | Duration: 5ms | IP: ::1 | UserAgent: Mozilla/5.0 (Windows NT 10.0; Win64; x64) AppleWebKit/537.36 (KHTML, like Gecko) Chrome/147.0.0.0 Safari/537.36","requestId":"366268e7-8143-43a5-a740-a19e0fca4ea3","timestamp":"2026-05-04T08:02:13.296Z"}
{"level":"info","message":"Khởi tạo ứng dụng...","timestamp":"2026-05-04T08:03:41.516Z"}
{"context":"NestFactory","level":"info","message":"Starting Nest application...","timestamp":"2026-05-04T08:03:41.593Z"}
{"context":"InstanceLoader","level":"info","message":"PassportModule dependencies initialized","timestamp":"2026-05-04T08:03:41.601Z"}
{"context":"InstanceLoader","level":"info","message":"ConfigHostModule dependencies initialized","timestamp":"2026-05-04T08:03:41.602Z"}
{"context":"PrismaService","level":"info","message":"🔌 Prisma Connection String: postgresql://admin:******@localhost:5433/kyc_asset_db?schema=public","timestamp":"2026-05-04T08:03:41.604Z"}
{"context":"InstanceLoader","level":"info","message":"AppModule dependencies initialized","timestamp":"2026-05-04T08:03:41.605Z"}
{"context":"InstanceLoader","level":"info","message":"ConfigModule dependencies initialized","timestamp":"2026-05-04T08:03:41.605Z"}
{"context":"InstanceLoader","level":"info","message":"CommonModule dependencies initialized","timestamp":"2026-05-04T08:03:41.605Z"}
{"context":"InstanceLoader","level":"info","message":"JwtModule dependencies initialized","timestamp":"2026-05-04T08:03:41.605Z"}
{"context":"InstanceLoader","level":"info","message":"PrismaModule dependencies initialized","timestamp":"2026-05-04T08:03:41.606Z"}
{"context":"InstanceLoader","level":"info","message":"AuthModule dependencies initialized","timestamp":"2026-05-04T08:03:41.608Z"}
{"context":"InstanceLoader","level":"info","message":"WhitelistIpModule dependencies initialized","timestamp":"2026-05-04T08:03:41.608Z"}
{"context":"InstanceLoader","level":"info","message":"AttributeModule dependencies initialized","timestamp":"2026-05-04T08:03:41.608Z"}
{"context":"InstanceLoader","level":"info","message":"UsersModule dependencies initialized","timestamp":"2026-05-04T08:03:41.608Z"}
{"context":"InstanceLoader","level":"info","message":"RolesModule dependencies initialized","timestamp":"2026-05-04T08:03:41.608Z"}
{"context":"InstanceLoader","level":"info","message":"PermissionsModule dependencies initialized","timestamp":"2026-05-04T08:03:41.608Z"}
{"context":"RoutesResolver","level":"info","message":"AppController {/}:","timestamp":"2026-05-04T08:03:41.633Z"}
{"context":"RouterExplorer","level":"info","message":"Mapped {/, GET} route","timestamp":"2026-05-04T08:03:41.634Z"}
{"context":"RoutesResolver","level":"info","message":"UsersController {/users}:","timestamp":"2026-05-04T08:03:41.634Z"}
{"context":"RouterExplorer","level":"info","message":"Mapped {/users, POST} route","timestamp":"2026-05-04T08:03:41.635Z"}
{"context":"RouterExplorer","level":"info","message":"Mapped {/users, GET} route","timestamp":"2026-05-04T08:03:41.635Z"}
{"context":"RouterExplorer","level":"info","message":"Mapped {/users/:id, GET} route","timestamp":"2026-05-04T08:03:41.635Z"}
{"context":"RouterExplorer","level":"info","message":"Mapped {/users/:id, PATCH} route","timestamp":"2026-05-04T08:03:41.636Z"}
{"context":"RouterExplorer","level":"info","message":"Mapped {/users/:id, DELETE} route","timestamp":"2026-05-04T08:03:41.636Z"}
{"context":"RoutesResolver","level":"info","message":"WhitelistIpController {/whitelist-ip}:","timestamp":"2026-05-04T08:03:41.636Z"}
{"context":"RouterExplorer","level":"info","message":"Mapped {/whitelist-ip, POST} route","timestamp":"2026-05-04T08:03:41.637Z"}
{"context":"RouterExplorer","level":"info","message":"Mapped {/whitelist-ip, GET} route","timestamp":"2026-05-04T08:03:41.637Z"}
{"context":"RouterExplorer","level":"info","message":"Mapped {/whitelist-ip/:id, GET} route","timestamp":"2026-05-04T08:03:41.637Z"}
{"context":"RouterExplorer","level":"info","message":"Mapped {/whitelist-ip/:id, PATCH} route","timestamp":"2026-05-04T08:03:41.637Z"}
{"context":"RouterExplorer","level":"info","message":"Mapped {/whitelist-ip/:id, DELETE} route","timestamp":"2026-05-04T08:03:41.637Z"}
{"context":"RoutesResolver","level":"info","message":"RolesController {/roles}:","timestamp":"2026-05-04T08:03:41.637Z"}
{"context":"RouterExplorer","level":"info","message":"Mapped {/roles, POST} route","timestamp":"2026-05-04T08:03:41.638Z"}
{"context":"RouterExplorer","level":"info","message":"Mapped {/roles, GET} route","timestamp":"2026-05-04T08:03:41.638Z"}
{"context":"RouterExplorer","level":"info","message":"Mapped {/roles/:id, GET} route","timestamp":"2026-05-04T08:03:41.638Z"}
{"context":"RouterExplorer","level":"info","message":"Mapped {/roles/:id, PATCH} route","timestamp":"2026-05-04T08:03:41.638Z"}
{"context":"RouterExplorer","level":"info","message":"Mapped {/roles/:id, DELETE} route","timestamp":"2026-05-04T08:03:41.639Z"}
{"context":"RoutesResolver","level":"info","message":"PermissionsController {/permissions}:","timestamp":"2026-05-04T08:03:41.639Z"}
{"context":"RouterExplorer","level":"info","message":"Mapped {/permissions, POST} route","timestamp":"2026-05-04T08:03:41.639Z"}
{"context":"RouterExplorer","level":"info","message":"Mapped {/permissions, GET} route","timestamp":"2026-05-04T08:03:41.639Z"}
{"context":"RouterExplorer","level":"info","message":"Mapped {/permissions/:id, PATCH} route","timestamp":"2026-05-04T08:03:41.639Z"}
{"context":"RouterExplorer","level":"info","message":"Mapped {/permissions/:id, DELETE} route","timestamp":"2026-05-04T08:03:41.640Z"}
{"context":"RoutesResolver","level":"info","message":"AuthController {/auth}:","timestamp":"2026-05-04T08:03:41.640Z"}
{"context":"RouterExplorer","level":"info","message":"Mapped {/auth/register, POST} route","timestamp":"2026-05-04T08:03:41.640Z"}
{"context":"RouterExplorer","level":"info","message":"Mapped {/auth/login, POST} route","timestamp":"2026-05-04T08:03:41.640Z"}
{"context":"RouterExplorer","level":"info","message":"Mapped {/auth/refresh, POST} route","timestamp":"2026-05-04T08:03:41.641Z"}
{"context":"RouterExplorer","level":"info","message":"Mapped {/auth/logout, POST} route","timestamp":"2026-05-04T08:03:41.641Z"}
{"context":"RouterExplorer","level":"info","message":"Mapped {/auth/me, GET} route","timestamp":"2026-05-04T08:03:41.641Z"}
{"context":"RouterExplorer","level":"info","message":"Mapped {/auth/me/password, PATCH} route","timestamp":"2026-05-04T08:03:41.641Z"}
{"context":"RoutesResolver","level":"info","message":"AttributeController {/attribute}:","timestamp":"2026-05-04T08:03:41.641Z"}
{"context":"RouterExplorer","level":"info","message":"Mapped {/attribute, POST} route","timestamp":"2026-05-04T08:03:41.641Z"}
{"context":"RouterExplorer","level":"info","message":"Mapped {/attribute, GET} route","timestamp":"2026-05-04T08:03:41.641Z"}
{"context":"RouterExplorer","level":"info","message":"Mapped {/attribute/:id, GET} route","timestamp":"2026-05-04T08:03:41.642Z"}
{"context":"RouterExplorer","level":"info","message":"Mapped {/attribute/:id, PATCH} route","timestamp":"2026-05-04T08:03:41.642Z"}
{"context":"RouterExplorer","level":"info","message":"Mapped {/attribute/:id, DELETE} route","timestamp":"2026-05-04T08:03:41.642Z"}
{"context":"PrismaService","level":"info","message":"Kết nối database thành công","timestamp":"2026-05-04T08:03:41.682Z"}
{"context":"NestApplication","level":"info","message":"Nest application successfully started","timestamp":"2026-05-04T08:03:41.685Z"}
{"context":"AccessTokenGuard","level":"info","message":"isPublic: true","requestId":"1b6d8386-1b7c-4718-9721-29b7deb0007b","timestamp":"2026-05-04T08:03:46.832Z"}
{"context":"AccessTokenGuard","level":"info","message":"Public route, skipping authentication","requestId":"1b6d8386-1b7c-4718-9721-29b7deb0007b","timestamp":"2026-05-04T08:03:46.832Z"}
{"context":"LoggerMiddleware","level":"info","message":"[RequestID: 1b6d8386-1b7c-4718-9721-29b7deb0007b] POST /auth/login | Status: 201 | Duration: 121ms | IP: ::1 | UserAgent: Mozilla/5.0 (Windows NT 10.0; Win64; x64) AppleWebKit/537.36 (KHTML, like Gecko) Chrome/147.0.0.0 Safari/537.36","requestId":"1b6d8386-1b7c-4718-9721-29b7deb0007b","timestamp":"2026-05-04T08:03:46.952Z"}
{"context":"AccessTokenGuard","level":"info","message":"isPublic: undefined","requestId":"4cc13b28-1e05-415e-8146-b153bac318f6","timestamp":"2026-05-04T08:03:51.205Z"}
{"context":"LoggerMiddleware","level":"warn","message":"[RequestID: 4cc13b28-1e05-415e-8146-b153bac318f6] GET /auth/me | Status: 401 | Duration: 10ms | IP: ::1 | UserAgent: Mozilla/5.0 (Windows NT 10.0; Win64; x64) AppleWebKit/537.36 (KHTML, like Gecko) Chrome/147.0.0.0 Safari/537.36","requestId":"4cc13b28-1e05-415e-8146-b153bac318f6","timestamp":"2026-05-04T08:03:51.214Z"}
{"context":"AccessTokenGuard","level":"info","message":"isPublic: undefined","requestId":"fda52c5a-fe20-4160-9191-fba90a3272a9","timestamp":"2026-05-04T08:04:44.912Z"}
{"context":"LoggerMiddleware","level":"warn","message":"[RequestID: fda52c5a-fe20-4160-9191-fba90a3272a9] GET /auth/me | Status: 401 | Duration: 20ms | IP: ::1 | UserAgent: Mozilla/5.0 (Windows NT 10.0; Win64; x64) AppleWebKit/537.36 (KHTML, like Gecko) Chrome/147.0.0.0 Safari/537.36","requestId":"fda52c5a-fe20-4160-9191-fba90a3272a9","timestamp":"2026-05-04T08:04:44.933Z"}
{"context":"AccessTokenGuard","level":"info","message":"isPublic: undefined","requestId":"75f65726-9b73-4b30-a37e-a9d445aa1219","timestamp":"2026-05-04T08:04:47.923Z"}
{"context":"LoggerMiddleware","level":"warn","message":"[RequestID: 75f65726-9b73-4b30-a37e-a9d445aa1219] GET /auth/me | Status: 401 | Duration: 7ms | IP: ::1 | UserAgent: Mozilla/5.0 (Windows NT 10.0; Win64; x64) AppleWebKit/537.36 (KHTML, like Gecko) Chrome/147.0.0.0 Safari/537.36","requestId":"75f65726-9b73-4b30-a37e-a9d445aa1219","timestamp":"2026-05-04T08:04:47.930Z"}
{"context":"AccessTokenGuard","level":"info","message":"isPublic: true","requestId":"5b316add-0cc5-4dd8-804e-fe35155e4bf3","timestamp":"2026-05-04T08:04:52.882Z"}
{"context":"AccessTokenGuard","level":"info","message":"Public route, skipping authentication","requestId":"5b316add-0cc5-4dd8-804e-fe35155e4bf3","timestamp":"2026-05-04T08:04:52.883Z"}
{"context":"LoggerMiddleware","level":"info","message":"[RequestID: 5b316add-0cc5-4dd8-804e-fe35155e4bf3] POST /auth/login | Status: 201 | Duration: 45ms | IP: ::1 | UserAgent: Mozilla/5.0 (Windows NT 10.0; Win64; x64) AppleWebKit/537.36 (KHTML, like Gecko) Chrome/147.0.0.0 Safari/537.36","requestId":"5b316add-0cc5-4dd8-804e-fe35155e4bf3","timestamp":"2026-05-04T08:04:52.927Z"}
{"context":"AccessTokenGuard","level":"info","message":"isPublic: undefined","requestId":"8c3dd829-57c4-46bf-9edd-141b96aabce4","timestamp":"2026-05-04T08:04:58.138Z"}
{"context":"LoggerMiddleware","level":"warn","message":"[RequestID: 8c3dd829-57c4-46bf-9edd-141b96aabce4] GET /auth/me | Status: 401 | Duration: 8ms | IP: ::1 | UserAgent: Mozilla/5.0 (Windows NT 10.0; Win64; x64) AppleWebKit/537.36 (KHTML, like Gecko) Chrome/147.0.0.0 Safari/537.36","requestId":"8c3dd829-57c4-46bf-9edd-141b96aabce4","timestamp":"2026-05-04T08:04:58.146Z"}
{"context":"AccessTokenGuard","level":"info","message":"isPublic: true","requestId":"97f739d2-2c2a-420f-b56a-afd97bfbaecd","timestamp":"2026-05-04T08:05:15.634Z"}
{"context":"AccessTokenGuard","level":"info","message":"Public route, skipping authentication","requestId":"97f739d2-2c2a-420f-b56a-afd97bfbaecd","timestamp":"2026-05-04T08:05:15.635Z"}
{"context":"LoggerMiddleware","level":"info","message":"[RequestID: 97f739d2-2c2a-420f-b56a-afd97bfbaecd] POST /auth/login | Status: 201 | Duration: 52ms | IP: ::1 | UserAgent: Mozilla/5.0 (Windows NT 10.0; Win64; x64) AppleWebKit/537.36 (KHTML, like Gecko) Chrome/147.0.0.0 Safari/537.36","requestId":"97f739d2-2c2a-420f-b56a-afd97bfbaecd","timestamp":"2026-05-04T08:05:15.686Z"}
{"context":"AccessTokenGuard","level":"info","message":"isPublic: undefined","requestId":"5b3076d3-fae0-4a0f-83f3-3a27da5a27ea","timestamp":"2026-05-04T08:05:21.512Z"}
{"context":"LoggerMiddleware","level":"warn","message":"[RequestID: 5b3076d3-fae0-4a0f-83f3-3a27da5a27ea] GET /auth/me | Status: 401 | Duration: 6ms | IP: ::1 | UserAgent: Mozilla/5.0 (Windows NT 10.0; Win64; x64) AppleWebKit/537.36 (KHTML, like Gecko) Chrome/147.0.0.0 Safari/537.36","requestId":"5b3076d3-fae0-4a0f-83f3-3a27da5a27ea","timestamp":"2026-05-04T08:05:21.518Z"}
{"level":"info","message":"Khởi tạo ứng dụng...","timestamp":"2026-05-04T08:06:23.237Z"}
{"context":"NestFactory","level":"info","message":"Starting Nest application...","timestamp":"2026-05-04T08:06:23.308Z"}
{"context":"InstanceLoader","level":"info","message":"PassportModule dependencies initialized","timestamp":"2026-05-04T08:06:23.315Z"}
{"context":"InstanceLoader","level":"info","message":"ConfigHostModule dependencies initialized","timestamp":"2026-05-04T08:06:23.316Z"}
{"context":"PrismaService","level":"info","message":"🔌 Prisma Connection String: postgresql://admin:******@localhost:5433/kyc_asset_db?schema=public","timestamp":"2026-05-04T08:06:23.319Z"}
{"context":"InstanceLoader","level":"info","message":"AppModule dependencies initialized","timestamp":"2026-05-04T08:06:23.319Z"}
{"context":"InstanceLoader","level":"info","message":"ConfigModule dependencies initialized","timestamp":"2026-05-04T08:06:23.319Z"}
{"context":"InstanceLoader","level":"info","message":"CommonModule dependencies initialized","timestamp":"2026-05-04T08:06:23.319Z"}
{"context":"InstanceLoader","level":"info","message":"JwtModule dependencies initialized","timestamp":"2026-05-04T08:06:23.320Z"}
{"context":"InstanceLoader","level":"info","message":"PrismaModule dependencies initialized","timestamp":"2026-05-04T08:06:23.320Z"}
{"context":"InstanceLoader","level":"info","message":"AuthModule dependencies initialized","timestamp":"2026-05-04T08:06:23.321Z"}
{"context":"InstanceLoader","level":"info","message":"WhitelistIpModule dependencies initialized","timestamp":"2026-05-04T08:06:23.321Z"}
{"context":"InstanceLoader","level":"info","message":"AttributeModule dependencies initialized","timestamp":"2026-05-04T08:06:23.321Z"}
{"context":"InstanceLoader","level":"info","message":"UsersModule dependencies initialized","timestamp":"2026-05-04T08:06:23.321Z"}
{"context":"InstanceLoader","level":"info","message":"RolesModule dependencies initialized","timestamp":"2026-05-04T08:06:23.321Z"}
{"context":"InstanceLoader","level":"info","message":"PermissionsModule dependencies initialized","timestamp":"2026-05-04T08:06:23.322Z"}
{"context":"RoutesResolver","level":"info","message":"AppController {/}:","timestamp":"2026-05-04T08:06:23.343Z"}
{"context":"RouterExplorer","level":"info","message":"Mapped {/, GET} route","timestamp":"2026-05-04T08:06:23.344Z"}
{"context":"RoutesResolver","level":"info","message":"UsersController {/users}:","timestamp":"2026-05-04T08:06:23.345Z"}
{"context":"RouterExplorer","level":"info","message":"Mapped {/users, POST} route","timestamp":"2026-05-04T08:06:23.345Z"}
{"context":"RouterExplorer","level":"info","message":"Mapped {/users, GET} route","timestamp":"2026-05-04T08:06:23.345Z"}
{"context":"RouterExplorer","level":"info","message":"Mapped {/users/:id, GET} route","timestamp":"2026-05-04T08:06:23.346Z"}
{"context":"RouterExplorer","level":"info","message":"Mapped {/users/:id, PATCH} route","timestamp":"2026-05-04T08:06:23.346Z"}
{"context":"RouterExplorer","level":"info","message":"Mapped {/users/:id, DELETE} route","timestamp":"2026-05-04T08:06:23.346Z"}
{"context":"RoutesResolver","level":"info","message":"WhitelistIpController {/whitelist-ip}:","timestamp":"2026-05-04T08:06:23.347Z"}
{"context":"RouterExplorer","level":"info","message":"Mapped {/whitelist-ip, POST} route","timestamp":"2026-05-04T08:06:23.347Z"}
{"context":"RouterExplorer","level":"info","message":"Mapped {/whitelist-ip, GET} route","timestamp":"2026-05-04T08:06:23.347Z"}
{"context":"RouterExplorer","level":"info","message":"Mapped {/whitelist-ip/:id, GET} route","timestamp":"2026-05-04T08:06:23.348Z"}
{"context":"RouterExplorer","level":"info","message":"Mapped {/whitelist-ip/:id, PATCH} route","timestamp":"2026-05-04T08:06:23.348Z"}
{"context":"RouterExplorer","level":"info","message":"Mapped {/whitelist-ip/:id, DELETE} route","timestamp":"2026-05-04T08:06:23.348Z"}
{"context":"RoutesResolver","level":"info","message":"RolesController {/roles}:","timestamp":"2026-05-04T08:06:23.348Z"}
{"context":"RouterExplorer","level":"info","message":"Mapped {/roles, POST} route","timestamp":"2026-05-04T08:06:23.348Z"}
{"context":"RouterExplorer","level":"info","message":"Mapped {/roles, GET} route","timestamp":"2026-05-04T08:06:23.349Z"}
{"context":"RouterExplorer","level":"info","message":"Mapped {/roles/:id, GET} route","timestamp":"2026-05-04T08:06:23.349Z"}
{"context":"RouterExplorer","level":"info","message":"Mapped {/roles/:id, PATCH} route","timestamp":"2026-05-04T08:06:23.349Z"}
{"context":"RouterExplorer","level":"info","message":"Mapped {/roles/:id, DELETE} route","timestamp":"2026-05-04T08:06:23.349Z"}
{"context":"RoutesResolver","level":"info","message":"PermissionsController {/permissions}:","timestamp":"2026-05-04T08:06:23.349Z"}
{"context":"RouterExplorer","level":"info","message":"Mapped {/permissions, POST} route","timestamp":"2026-05-04T08:06:23.349Z"}
{"context":"RouterExplorer","level":"info","message":"Mapped {/permissions, GET} route","timestamp":"2026-05-04T08:06:23.350Z"}
{"context":"RouterExplorer","level":"info","message":"Mapped {/permissions/:id, PATCH} route","timestamp":"2026-05-04T08:06:23.350Z"}
{"context":"RouterExplorer","level":"info","message":"Mapped {/permissions/:id, DELETE} route","timestamp":"2026-05-04T08:06:23.350Z"}
{"context":"RoutesResolver","level":"info","message":"AuthController {/auth}:","timestamp":"2026-05-04T08:06:23.350Z"}
{"context":"RouterExplorer","level":"info","message":"Mapped {/auth/register, POST} route","timestamp":"2026-05-04T08:06:23.350Z"}
{"context":"RouterExplorer","level":"info","message":"Mapped {/auth/login, POST} route","timestamp":"2026-05-04T08:06:23.351Z"}
{"context":"RouterExplorer","level":"info","message":"Mapped {/auth/refresh, POST} route","timestamp":"2026-05-04T08:06:23.351Z"}
{"context":"RouterExplorer","level":"info","message":"Mapped {/auth/logout, POST} route","timestamp":"2026-05-04T08:06:23.351Z"}
{"context":"RouterExplorer","level":"info","message":"Mapped {/auth/me, GET} route","timestamp":"2026-05-04T08:06:23.351Z"}
{"context":"RouterExplorer","level":"info","message":"Mapped {/auth/me/password, PATCH} route","timestamp":"2026-05-04T08:06:23.351Z"}
{"context":"RoutesResolver","level":"info","message":"AttributeController {/attribute}:","timestamp":"2026-05-04T08:06:23.351Z"}
{"context":"RouterExplorer","level":"info","message":"Mapped {/attribute, POST} route","timestamp":"2026-05-04T08:06:23.352Z"}
{"context":"RouterExplorer","level":"info","message":"Mapped {/attribute, GET} route","timestamp":"2026-05-04T08:06:23.352Z"}
{"context":"RouterExplorer","level":"info","message":"Mapped {/attribute/:id, GET} route","timestamp":"2026-05-04T08:06:23.352Z"}
{"context":"RouterExplorer","level":"info","message":"Mapped {/attribute/:id, PATCH} route","timestamp":"2026-05-04T08:06:23.352Z"}
{"context":"RouterExplorer","level":"info","message":"Mapped {/attribute/:id, DELETE} route","timestamp":"2026-05-04T08:06:23.353Z"}
{"context":"PrismaService","level":"info","message":"Kết nối database thành công","timestamp":"2026-05-04T08:06:23.390Z"}
{"context":"NestApplication","level":"info","message":"Nest application successfully started","timestamp":"2026-05-04T08:06:23.394Z"}
{"context":"AccessTokenGuard","level":"info","message":"isPublic: undefined","requestId":"e9a35047-42dc-4b9c-bab8-5a5d6524d8cc","timestamp":"2026-05-04T08:06:25.320Z"}
{"context":"LoggerMiddleware","level":"warn","message":"[RequestID: e9a35047-42dc-4b9c-bab8-5a5d6524d8cc] GET /auth/me | Status: 401 | Duration: 53ms | IP: ::1 | UserAgent: Mozilla/5.0 (Windows NT 10.0; Win64; x64) AppleWebKit/537.36 (KHTML, like Gecko) Chrome/147.0.0.0 Safari/537.36","requestId":"e9a35047-42dc-4b9c-bab8-5a5d6524d8cc","timestamp":"2026-05-04T08:06:25.373Z"}
{"context":"AccessTokenGuard","level":"info","message":"isPublic: undefined","requestId":"f971bed8-b23c-4d6b-819c-8fca8d6c009f","timestamp":"2026-05-04T08:06:26.864Z"}
{"context":"LoggerMiddleware","level":"warn","message":"[RequestID: f971bed8-b23c-4d6b-819c-8fca8d6c009f] GET /auth/me | Status: 401 | Duration: 8ms | IP: ::1 | UserAgent: Mozilla/5.0 (Windows NT 10.0; Win64; x64) AppleWebKit/537.36 (KHTML, like Gecko) Chrome/147.0.0.0 Safari/537.36","requestId":"f971bed8-b23c-4d6b-819c-8fca8d6c009f","timestamp":"2026-05-04T08:06:26.872Z"}
{"context":"AccessTokenGuard","level":"info","message":"isPublic: undefined","requestId":"ab5f87b7-a6df-485b-b7eb-33a15253c544","timestamp":"2026-05-04T08:06:27.593Z"}
{"context":"LoggerMiddleware","level":"warn","message":"[RequestID: ab5f87b7-a6df-485b-b7eb-33a15253c544] GET /auth/me | Status: 401 | Duration: 8ms | IP: ::1 | UserAgent: Mozilla/5.0 (Windows NT 10.0; Win64; x64) AppleWebKit/537.36 (KHTML, like Gecko) Chrome/147.0.0.0 Safari/537.36","requestId":"ab5f87b7-a6df-485b-b7eb-33a15253c544","timestamp":"2026-05-04T08:06:27.602Z"}
{"context":"AccessTokenGuard","level":"info","message":"isPublic: undefined","requestId":"164f1c39-7586-4849-873a-4197b5c2c08f","timestamp":"2026-05-04T08:06:31.824Z"}
{"context":"LoggerMiddleware","level":"warn","message":"[RequestID: 164f1c39-7586-4849-873a-4197b5c2c08f] GET /auth/me | Status: 401 | Duration: 9ms | IP: ::1 | UserAgent: Mozilla/5.0 (Windows NT 10.0; Win64; x64) AppleWebKit/537.36 (KHTML, like Gecko) Chrome/147.0.0.0 Safari/537.36","requestId":"164f1c39-7586-4849-873a-4197b5c2c08f","timestamp":"2026-05-04T08:06:31.832Z"}
{"level":"info","message":"Khởi tạo ứng dụng...","timestamp":"2026-05-04T08:06:35.277Z"}
{"context":"NestFactory","level":"info","message":"Starting Nest application...","timestamp":"2026-05-04T08:06:35.350Z"}
{"context":"InstanceLoader","level":"info","message":"PassportModule dependencies initialized","timestamp":"2026-05-04T08:06:35.357Z"}
{"context":"InstanceLoader","level":"info","message":"ConfigHostModule dependencies initialized","timestamp":"2026-05-04T08:06:35.358Z"}
{"context":"PrismaService","level":"info","message":"🔌 Prisma Connection String: postgresql://admin:******@localhost:5433/kyc_asset_db?schema=public","timestamp":"2026-05-04T08:06:35.360Z"}
{"context":"InstanceLoader","level":"info","message":"AppModule dependencies initialized","timestamp":"2026-05-04T08:06:35.360Z"}
{"context":"InstanceLoader","level":"info","message":"ConfigModule dependencies initialized","timestamp":"2026-05-04T08:06:35.361Z"}
{"context":"InstanceLoader","level":"info","message":"CommonModule dependencies initialized","timestamp":"2026-05-04T08:06:35.361Z"}
{"context":"InstanceLoader","level":"info","message":"JwtModule dependencies initialized","timestamp":"2026-05-04T08:06:35.362Z"}
{"context":"InstanceLoader","level":"info","message":"PrismaModule dependencies initialized","timestamp":"2026-05-04T08:06:35.362Z"}
{"context":"InstanceLoader","level":"info","message":"AuthModule dependencies initialized","timestamp":"2026-05-04T08:06:35.364Z"}
{"context":"InstanceLoader","level":"info","message":"WhitelistIpModule dependencies initialized","timestamp":"2026-05-04T08:06:35.364Z"}
{"context":"InstanceLoader","level":"info","message":"AttributeModule dependencies initialized","timestamp":"2026-05-04T08:06:35.365Z"}
{"context":"InstanceLoader","level":"info","message":"UsersModule dependencies initialized","timestamp":"2026-05-04T08:06:35.365Z"}
{"context":"InstanceLoader","level":"info","message":"RolesModule dependencies initialized","timestamp":"2026-05-04T08:06:35.365Z"}
{"context":"InstanceLoader","level":"info","message":"PermissionsModule dependencies initialized","timestamp":"2026-05-04T08:06:35.365Z"}
{"context":"RoutesResolver","level":"info","message":"AppController {/}:","timestamp":"2026-05-04T08:06:35.387Z"}
{"context":"RouterExplorer","level":"info","message":"Mapped {/, GET} route","timestamp":"2026-05-04T08:06:35.388Z"}
{"context":"RoutesResolver","level":"info","message":"UsersController {/users}:","timestamp":"2026-05-04T08:06:35.388Z"}
{"context":"RouterExplorer","level":"info","message":"Mapped {/users, POST} route","timestamp":"2026-05-04T08:06:35.388Z"}
{"context":"RouterExplorer","level":"info","message":"Mapped {/users, GET} route","timestamp":"2026-05-04T08:06:35.389Z"}
{"context":"RouterExplorer","level":"info","message":"Mapped {/users/:id, GET} route","timestamp":"2026-05-04T08:06:35.389Z"}
{"context":"RouterExplorer","level":"info","message":"Mapped {/users/:id, PATCH} route","timestamp":"2026-05-04T08:06:35.389Z"}
{"context":"RouterExplorer","level":"info","message":"Mapped {/users/:id, DELETE} route","timestamp":"2026-05-04T08:06:35.389Z"}
{"context":"RoutesResolver","level":"info","message":"WhitelistIpController {/whitelist-ip}:","timestamp":"2026-05-04T08:06:35.389Z"}
{"context":"RouterExplorer","level":"info","message":"Mapped {/whitelist-ip, POST} route","timestamp":"2026-05-04T08:06:35.390Z"}
{"context":"RouterExplorer","level":"info","message":"Mapped {/whitelist-ip, GET} route","timestamp":"2026-05-04T08:06:35.390Z"}
{"context":"RouterExplorer","level":"info","message":"Mapped {/whitelist-ip/:id, GET} route","timestamp":"2026-05-04T08:06:35.390Z"}
{"context":"RouterExplorer","level":"info","message":"Mapped {/whitelist-ip/:id, PATCH} route","timestamp":"2026-05-04T08:06:35.390Z"}
{"context":"RouterExplorer","level":"info","message":"Mapped {/whitelist-ip/:id, DELETE} route","timestamp":"2026-05-04T08:06:35.390Z"}
{"context":"RoutesResolver","level":"info","message":"RolesController {/roles}:","timestamp":"2026-05-04T08:06:35.391Z"}
{"context":"RouterExplorer","level":"info","message":"Mapped {/roles, POST} route","timestamp":"2026-05-04T08:06:35.391Z"}
{"context":"RouterExplorer","level":"info","message":"Mapped {/roles, GET} route","timestamp":"2026-05-04T08:06:35.391Z"}
{"context":"RouterExplorer","level":"info","message":"Mapped {/roles/:id, GET} route","timestamp":"2026-05-04T08:06:35.391Z"}
{"context":"RouterExplorer","level":"info","message":"Mapped {/roles/:id, PATCH} route","timestamp":"2026-05-04T08:06:35.391Z"}
{"context":"RouterExplorer","level":"info","message":"Mapped {/roles/:id, DELETE} route","timestamp":"2026-05-04T08:06:35.391Z"}
{"context":"RoutesResolver","level":"info","message":"PermissionsController {/permissions}:","timestamp":"2026-05-04T08:06:35.391Z"}
{"context":"RouterExplorer","level":"info","message":"Mapped {/permissions, POST} route","timestamp":"2026-05-04T08:06:35.391Z"}
{"context":"RouterExplorer","level":"info","message":"Mapped {/permissions, GET} route","timestamp":"2026-05-04T08:06:35.392Z"}
{"context":"RouterExplorer","level":"info","message":"Mapped {/permissions/:id, PATCH} route","timestamp":"2026-05-04T08:06:35.392Z"}
{"context":"RouterExplorer","level":"info","message":"Mapped {/permissions/:id, DELETE} route","timestamp":"2026-05-04T08:06:35.392Z"}
{"context":"RoutesResolver","level":"info","message":"AuthController {/auth}:","timestamp":"2026-05-04T08:06:35.392Z"}
{"context":"RouterExplorer","level":"info","message":"Mapped {/auth/register, POST} route","timestamp":"2026-05-04T08:06:35.392Z"}
{"context":"RouterExplorer","level":"info","message":"Mapped {/auth/login, POST} route","timestamp":"2026-05-04T08:06:35.393Z"}
{"context":"RouterExplorer","level":"info","message":"Mapped {/auth/refresh, POST} route","timestamp":"2026-05-04T08:06:35.393Z"}
{"context":"RouterExplorer","level":"info","message":"Mapped {/auth/logout, POST} route","timestamp":"2026-05-04T08:06:35.393Z"}
{"context":"RouterExplorer","level":"info","message":"Mapped {/auth/me, GET} route","timestamp":"2026-05-04T08:06:35.393Z"}
{"context":"RouterExplorer","level":"info","message":"Mapped {/auth/me/password, PATCH} route","timestamp":"2026-05-04T08:06:35.393Z"}
{"context":"RoutesResolver","level":"info","message":"AttributeController {/attribute}:","timestamp":"2026-05-04T08:06:35.394Z"}
{"context":"RouterExplorer","level":"info","message":"Mapped {/attribute, POST} route","timestamp":"2026-05-04T08:06:35.394Z"}
{"context":"RouterExplorer","level":"info","message":"Mapped {/attribute, GET} route","timestamp":"2026-05-04T08:06:35.394Z"}
{"context":"RouterExplorer","level":"info","message":"Mapped {/attribute/:id, GET} route","timestamp":"2026-05-04T08:06:35.394Z"}
{"context":"RouterExplorer","level":"info","message":"Mapped {/attribute/:id, PATCH} route","timestamp":"2026-05-04T08:06:35.394Z"}
{"context":"RouterExplorer","level":"info","message":"Mapped {/attribute/:id, DELETE} route","timestamp":"2026-05-04T08:06:35.394Z"}
{"context":"PrismaService","level":"info","message":"Kết nối database thành công","timestamp":"2026-05-04T08:06:35.433Z"}
{"context":"NestApplication","level":"info","message":"Nest application successfully started","timestamp":"2026-05-04T08:06:35.436Z"}
{"context":"AccessTokenGuard","level":"info","message":"isPublic: undefined","requestId":"aaf9cc7b-5ccb-4efc-bcba-3f4b34bf0981","timestamp":"2026-05-04T08:06:37.602Z"}
{"context":"LoggerMiddleware","level":"warn","message":"[RequestID: aaf9cc7b-5ccb-4efc-bcba-3f4b34bf0981] GET /auth/me | Status: 401 | Duration: 49ms | IP: ::1 | UserAgent: Mozilla/5.0 (Windows NT 10.0; Win64; x64) AppleWebKit/537.36 (KHTML, like Gecko) Chrome/147.0.0.0 Safari/537.36","requestId":"aaf9cc7b-5ccb-4efc-bcba-3f4b34bf0981","timestamp":"2026-05-04T08:06:37.652Z"}
{"level":"info","message":"Khởi tạo ứng dụng...","timestamp":"2026-05-04T08:10:17.734Z"}
{"context":"NestFactory","level":"info","message":"Starting Nest application...","timestamp":"2026-05-04T08:10:17.803Z"}
{"context":"InstanceLoader","level":"info","message":"PassportModule dependencies initialized","timestamp":"2026-05-04T08:10:17.815Z"}
{"context":"InstanceLoader","level":"info","message":"ConfigHostModule dependencies initialized","timestamp":"2026-05-04T08:10:17.816Z"}
{"context":"PrismaService","level":"info","message":"🔌 Prisma Connection String: postgresql://admin:******@localhost:5433/kyc_asset_db?schema=public","timestamp":"2026-05-04T08:10:17.818Z"}
{"context":"InstanceLoader","level":"info","message":"AppModule dependencies initialized","timestamp":"2026-05-04T08:10:17.818Z"}
{"context":"InstanceLoader","level":"info","message":"ConfigModule dependencies initialized","timestamp":"2026-05-04T08:10:17.818Z"}
{"context":"InstanceLoader","level":"info","message":"CommonModule dependencies initialized","timestamp":"2026-05-04T08:10:17.819Z"}
{"context":"InstanceLoader","level":"info","message":"JwtModule dependencies initialized","timestamp":"2026-05-04T08:10:17.819Z"}
{"context":"InstanceLoader","level":"info","message":"PrismaModule dependencies initialized","timestamp":"2026-05-04T08:10:17.820Z"}
{"context":"InstanceLoader","level":"info","message":"AuthModule dependencies initialized","timestamp":"2026-05-04T08:10:17.821Z"}
{"context":"InstanceLoader","level":"info","message":"WhitelistIpModule dependencies initialized","timestamp":"2026-05-04T08:10:17.821Z"}
{"context":"InstanceLoader","level":"info","message":"AttributeModule dependencies initialized","timestamp":"2026-05-04T08:10:17.821Z"}
{"context":"InstanceLoader","level":"info","message":"UsersModule dependencies initialized","timestamp":"2026-05-04T08:10:17.821Z"}
{"context":"InstanceLoader","level":"info","message":"RolesModule dependencies initialized","timestamp":"2026-05-04T08:10:17.821Z"}
{"context":"InstanceLoader","level":"info","message":"PermissionsModule dependencies initialized","timestamp":"2026-05-04T08:10:17.821Z"}
{"context":"RoutesResolver","level":"info","message":"AppController {/}:","timestamp":"2026-05-04T08:10:17.844Z"}
{"context":"RouterExplorer","level":"info","message":"Mapped {/, GET} route","timestamp":"2026-05-04T08:10:17.845Z"}
{"context":"RoutesResolver","level":"info","message":"UsersController {/users}:","timestamp":"2026-05-04T08:10:17.845Z"}
{"context":"RouterExplorer","level":"info","message":"Mapped {/users, POST} route","timestamp":"2026-05-04T08:10:17.846Z"}
{"context":"RouterExplorer","level":"info","message":"Mapped {/users, GET} route","timestamp":"2026-05-04T08:10:17.846Z"}
{"context":"RouterExplorer","level":"info","message":"Mapped {/users/:id, GET} route","timestamp":"2026-05-04T08:10:17.847Z"}
{"context":"RouterExplorer","level":"info","message":"Mapped {/users/:id, PATCH} route","timestamp":"2026-05-04T08:10:17.847Z"}
{"context":"RouterExplorer","level":"info","message":"Mapped {/users/:id, DELETE} route","timestamp":"2026-05-04T08:10:17.847Z"}
{"context":"RoutesResolver","level":"info","message":"WhitelistIpController {/whitelist-ip}:","timestamp":"2026-05-04T08:10:17.847Z"}
{"context":"RouterExplorer","level":"info","message":"Mapped {/whitelist-ip, POST} route","timestamp":"2026-05-04T08:10:17.848Z"}
{"context":"RouterExplorer","level":"info","message":"Mapped {/whitelist-ip, GET} route","timestamp":"2026-05-04T08:10:17.848Z"}
{"context":"RouterExplorer","level":"info","message":"Mapped {/whitelist-ip/:id, GET} route","timestamp":"2026-05-04T08:10:17.848Z"}
{"context":"RouterExplorer","level":"info","message":"Mapped {/whitelist-ip/:id, PATCH} route","timestamp":"2026-05-04T08:10:17.849Z"}
{"context":"RouterExplorer","level":"info","message":"Mapped {/whitelist-ip/:id, DELETE} route","timestamp":"2026-05-04T08:10:17.849Z"}
{"context":"RoutesResolver","level":"info","message":"RolesController {/roles}:","timestamp":"2026-05-04T08:10:17.849Z"}
{"context":"RouterExplorer","level":"info","message":"Mapped {/roles, POST} route","timestamp":"2026-05-04T08:10:17.849Z"}
{"context":"RouterExplorer","level":"info","message":"Mapped {/roles, GET} route","timestamp":"2026-05-04T08:10:17.849Z"}
{"context":"RouterExplorer","level":"info","message":"Mapped {/roles/:id, GET} route","timestamp":"2026-05-04T08:10:17.849Z"}
{"context":"RouterExplorer","level":"info","message":"Mapped {/roles/:id, PATCH} route","timestamp":"2026-05-04T08:10:17.850Z"}
{"context":"RouterExplorer","level":"info","message":"Mapped {/roles/:id, DELETE} route","timestamp":"2026-05-04T08:10:17.850Z"}
{"context":"RoutesResolver","level":"info","message":"PermissionsController {/permissions}:","timestamp":"2026-05-04T08:10:17.850Z"}
{"context":"RouterExplorer","level":"info","message":"Mapped {/permissions, POST} route","timestamp":"2026-05-04T08:10:17.850Z"}
{"context":"RouterExplorer","level":"info","message":"Mapped {/permissions, GET} route","timestamp":"2026-05-04T08:10:17.850Z"}
{"context":"RouterExplorer","level":"info","message":"Mapped {/permissions/:id, PATCH} route","timestamp":"2026-05-04T08:10:17.850Z"}
{"context":"RouterExplorer","level":"info","message":"Mapped {/permissions/:id, DELETE} route","timestamp":"2026-05-04T08:10:17.850Z"}
{"context":"RoutesResolver","level":"info","message":"AuthController {/auth}:","timestamp":"2026-05-04T08:10:17.850Z"}
{"context":"RouterExplorer","level":"info","message":"Mapped {/auth/register, POST} route","timestamp":"2026-05-04T08:10:17.851Z"}
{"context":"RouterExplorer","level":"info","message":"Mapped {/auth/login, POST} route","timestamp":"2026-05-04T08:10:17.851Z"}
{"context":"RouterExplorer","level":"info","message":"Mapped {/auth/refresh, POST} route","timestamp":"2026-05-04T08:10:17.851Z"}
{"context":"RouterExplorer","level":"info","message":"Mapped {/auth/logout, POST} route","timestamp":"2026-05-04T08:10:17.851Z"}
{"context":"RouterExplorer","level":"info","message":"Mapped {/auth/me, GET} route","timestamp":"2026-05-04T08:10:17.851Z"}
{"context":"RouterExplorer","level":"info","message":"Mapped {/auth/me/password, PATCH} route","timestamp":"2026-05-04T08:10:17.852Z"}
{"context":"RoutesResolver","level":"info","message":"AttributeController {/attribute}:","timestamp":"2026-05-04T08:10:17.852Z"}
{"context":"RouterExplorer","level":"info","message":"Mapped {/attribute, POST} route","timestamp":"2026-05-04T08:10:17.852Z"}
{"context":"RouterExplorer","level":"info","message":"Mapped {/attribute, GET} route","timestamp":"2026-05-04T08:10:17.852Z"}
{"context":"RouterExplorer","level":"info","message":"Mapped {/attribute/:id, GET} route","timestamp":"2026-05-04T08:10:17.852Z"}
{"context":"RouterExplorer","level":"info","message":"Mapped {/attribute/:id, PATCH} route","timestamp":"2026-05-04T08:10:17.852Z"}
{"context":"RouterExplorer","level":"info","message":"Mapped {/attribute/:id, DELETE} route","timestamp":"2026-05-04T08:10:17.852Z"}
{"context":"PrismaService","level":"info","message":"Kết nối database thành công","timestamp":"2026-05-04T08:10:17.889Z"}
{"context":"NestApplication","level":"info","message":"Nest application successfully started","timestamp":"2026-05-04T08:10:17.890Z"}
{"context":"AccessTokenGuard","level":"info","message":"isPublic: undefined","requestId":"40cbcf96-c3bf-4607-bd1f-d392614080d5","timestamp":"2026-05-04T08:10:18.944Z"}
{"context":"AuthService","level":"info","message":"user: {\"id\":\"cc6d2974-22cf-4b0b-9590-4b701cfa3c00\",\"username\":\"customer_001\",\"hashed_password\":\"scrypt:61b7465b5cc602c81ecaa66e31f0f570:064a122e33f58ab9bedcc806f62492b81e4451665c71c7dc3a5afd28b63aa6017713b59fb84dc9594c530b3bbe79c2bf5c738ae510f3152bf09f34a3b6d02482\",\"displayName\":\"Nguyễn Văn A\",\"token_version\":2,\"isActive\":true,\"createdAt\":\"2026-05-03T15:37:18.203Z\",\"updatedAt\":\"2026-05-03T15:37:18.203Z\",\"deletedAt\":null,\"roles\":[]}","requestId":"40cbcf96-c3bf-4607-bd1f-d392614080d5","timestamp":"2026-05-04T08:10:18.999Z"}
{"context":"LoggerMiddleware","level":"warn","message":"[RequestID: 40cbcf96-c3bf-4607-bd1f-d392614080d5] GET /auth/me | Status: 401 | Duration: 57ms | IP: ::1 | UserAgent: Mozilla/5.0 (Windows NT 10.0; Win64; x64) AppleWebKit/537.36 (KHTML, like Gecko) Chrome/147.0.0.0 Safari/537.36","requestId":"40cbcf96-c3bf-4607-bd1f-d392614080d5","timestamp":"2026-05-04T08:10:19.001Z"}
{"level":"info","message":"Khởi tạo ứng dụng...","timestamp":"2026-05-04T08:11:14.145Z"}
{"context":"NestFactory","level":"info","message":"Starting Nest application...","timestamp":"2026-05-04T08:11:14.215Z"}
{"context":"InstanceLoader","level":"info","message":"PassportModule dependencies initialized","timestamp":"2026-05-04T08:11:14.223Z"}
{"context":"InstanceLoader","level":"info","message":"ConfigHostModule dependencies initialized","timestamp":"2026-05-04T08:11:14.224Z"}
{"context":"PrismaService","level":"info","message":"🔌 Prisma Connection String: postgresql://admin:******@localhost:5433/kyc_asset_db?schema=public","timestamp":"2026-05-04T08:11:14.226Z"}
{"context":"InstanceLoader","level":"info","message":"AppModule dependencies initialized","timestamp":"2026-05-04T08:11:14.226Z"}
{"context":"InstanceLoader","level":"info","message":"ConfigModule dependencies initialized","timestamp":"2026-05-04T08:11:14.226Z"}
{"context":"InstanceLoader","level":"info","message":"CommonModule dependencies initialized","timestamp":"2026-05-04T08:11:14.227Z"}
{"context":"InstanceLoader","level":"info","message":"JwtModule dependencies initialized","timestamp":"2026-05-04T08:11:14.227Z"}
{"context":"InstanceLoader","level":"info","message":"PrismaModule dependencies initialized","timestamp":"2026-05-04T08:11:14.227Z"}
{"context":"InstanceLoader","level":"info","message":"AuthModule dependencies initialized","timestamp":"2026-05-04T08:11:14.230Z"}
{"context":"InstanceLoader","level":"info","message":"WhitelistIpModule dependencies initialized","timestamp":"2026-05-04T08:11:14.230Z"}
{"context":"InstanceLoader","level":"info","message":"AttributeModule dependencies initialized","timestamp":"2026-05-04T08:11:14.230Z"}
{"context":"InstanceLoader","level":"info","message":"UsersModule dependencies initialized","timestamp":"2026-05-04T08:11:14.230Z"}
{"context":"InstanceLoader","level":"info","message":"RolesModule dependencies initialized","timestamp":"2026-05-04T08:11:14.230Z"}
{"context":"InstanceLoader","level":"info","message":"PermissionsModule dependencies initialized","timestamp":"2026-05-04T08:11:14.231Z"}
{"context":"RoutesResolver","level":"info","message":"AppController {/}:","timestamp":"2026-05-04T08:11:14.252Z"}
{"context":"RouterExplorer","level":"info","message":"Mapped {/, GET} route","timestamp":"2026-05-04T08:11:14.253Z"}
{"context":"RoutesResolver","level":"info","message":"UsersController {/users}:","timestamp":"2026-05-04T08:11:14.254Z"}
{"context":"RouterExplorer","level":"info","message":"Mapped {/users, POST} route","timestamp":"2026-05-04T08:11:14.254Z"}
{"context":"RouterExplorer","level":"info","message":"Mapped {/users, GET} route","timestamp":"2026-05-04T08:11:14.254Z"}
{"context":"RouterExplorer","level":"info","message":"Mapped {/users/:id, GET} route","timestamp":"2026-05-04T08:11:14.255Z"}
{"context":"RouterExplorer","level":"info","message":"Mapped {/users/:id, PATCH} route","timestamp":"2026-05-04T08:11:14.255Z"}
{"context":"RouterExplorer","level":"info","message":"Mapped {/users/:id, DELETE} route","timestamp":"2026-05-04T08:11:14.255Z"}
{"context":"RoutesResolver","level":"info","message":"WhitelistIpController {/whitelist-ip}:","timestamp":"2026-05-04T08:11:14.255Z"}
{"context":"RouterExplorer","level":"info","message":"Mapped {/whitelist-ip, POST} route","timestamp":"2026-05-04T08:11:14.255Z"}
{"context":"RouterExplorer","level":"info","message":"Mapped {/whitelist-ip, GET} route","timestamp":"2026-05-04T08:11:14.255Z"}
{"context":"RouterExplorer","level":"info","message":"Mapped {/whitelist-ip/:id, GET} route","timestamp":"2026-05-04T08:11:14.256Z"}
{"context":"RouterExplorer","level":"info","message":"Mapped {/whitelist-ip/:id, PATCH} route","timestamp":"2026-05-04T08:11:14.256Z"}
{"context":"RouterExplorer","level":"info","message":"Mapped {/whitelist-ip/:id, DELETE} route","timestamp":"2026-05-04T08:11:14.256Z"}
{"context":"RoutesResolver","level":"info","message":"RolesController {/roles}:","timestamp":"2026-05-04T08:11:14.256Z"}
{"context":"RouterExplorer","level":"info","message":"Mapped {/roles, POST} route","timestamp":"2026-05-04T08:11:14.256Z"}
{"context":"RouterExplorer","level":"info","message":"Mapped {/roles, GET} route","timestamp":"2026-05-04T08:11:14.256Z"}
{"context":"RouterExplorer","level":"info","message":"Mapped {/roles/:id, GET} route","timestamp":"2026-05-04T08:11:14.256Z"}
{"context":"RouterExplorer","level":"info","message":"Mapped {/roles/:id, PATCH} route","timestamp":"2026-05-04T08:11:14.257Z"}
{"context":"RouterExplorer","level":"info","message":"Mapped {/roles/:id, DELETE} route","timestamp":"2026-05-04T08:11:14.257Z"}
{"context":"RoutesResolver","level":"info","message":"PermissionsController {/permissions}:","timestamp":"2026-05-04T08:11:14.257Z"}
{"context":"RouterExplorer","level":"info","message":"Mapped {/permissions, POST} route","timestamp":"2026-05-04T08:11:14.257Z"}
{"context":"RouterExplorer","level":"info","message":"Mapped {/permissions, GET} route","timestamp":"2026-05-04T08:11:14.257Z"}
{"context":"RouterExplorer","level":"info","message":"Mapped {/permissions/:id, PATCH} route","timestamp":"2026-05-04T08:11:14.257Z"}
{"context":"RouterExplorer","level":"info","message":"Mapped {/permissions/:id, DELETE} route","timestamp":"2026-05-04T08:11:14.257Z"}
{"context":"RoutesResolver","level":"info","message":"AuthController {/auth}:","timestamp":"2026-05-04T08:11:14.258Z"}
{"context":"RouterExplorer","level":"info","message":"Mapped {/auth/register, POST} route","timestamp":"2026-05-04T08:11:14.258Z"}
{"context":"RouterExplorer","level":"info","message":"Mapped {/auth/login, POST} route","timestamp":"2026-05-04T08:11:14.258Z"}
{"context":"RouterExplorer","level":"info","message":"Mapped {/auth/refresh, POST} route","timestamp":"2026-05-04T08:11:14.258Z"}
{"context":"RouterExplorer","level":"info","message":"Mapped {/auth/logout, POST} route","timestamp":"2026-05-04T08:11:14.258Z"}
{"context":"RouterExplorer","level":"info","message":"Mapped {/auth/me, GET} route","timestamp":"2026-05-04T08:11:14.258Z"}
{"context":"RouterExplorer","level":"info","message":"Mapped {/auth/me/password, PATCH} route","timestamp":"2026-05-04T08:11:14.259Z"}
{"context":"RoutesResolver","level":"info","message":"AttributeController {/attribute}:","timestamp":"2026-05-04T08:11:14.259Z"}
{"context":"RouterExplorer","level":"info","message":"Mapped {/attribute, POST} route","timestamp":"2026-05-04T08:11:14.259Z"}
{"context":"RouterExplorer","level":"info","message":"Mapped {/attribute, GET} route","timestamp":"2026-05-04T08:11:14.259Z"}
{"context":"RouterExplorer","level":"info","message":"Mapped {/attribute/:id, GET} route","timestamp":"2026-05-04T08:11:14.259Z"}
{"context":"RouterExplorer","level":"info","message":"Mapped {/attribute/:id, PATCH} route","timestamp":"2026-05-04T08:11:14.259Z"}
{"context":"RouterExplorer","level":"info","message":"Mapped {/attribute/:id, DELETE} route","timestamp":"2026-05-04T08:11:14.259Z"}
{"context":"PrismaService","level":"info","message":"Kết nối database thành công","timestamp":"2026-05-04T08:11:14.296Z"}
{"context":"NestApplication","level":"info","message":"Nest application successfully started","timestamp":"2026-05-04T08:11:14.300Z"}
{"context":"AccessTokenGuard","level":"info","message":"isPublic: undefined","requestId":"b9cb8149-ff44-43f9-a022-01de5b5b2612","timestamp":"2026-05-04T08:11:15.207Z"}
{"context":"AuthService","level":"info","message":"payload: {\"id\":\"cc6d2974-22cf-4b0b-9590-4b701cfa3c00\",\"username\":\"customer_001\",\"displayName\":\"Nguyễn Văn A\",\"token_version\":2,\"isActive\":true,\"createdAt\":\"2026-05-03T15:37:18.203Z\",\"updatedAt\":\"2026-05-03T15:37:18.203Z\",\"deletedAt\":null,\"roles\":[]}","requestId":"b9cb8149-ff44-43f9-a022-01de5b5b2612","timestamp":"2026-05-04T08:11:15.255Z"}
{"context":"AuthService","level":"info","message":"user: {\"id\":\"cc6d2974-22cf-4b0b-9590-4b701cfa3c00\",\"username\":\"customer_001\",\"hashed_password\":\"scrypt:61b7465b5cc602c81ecaa66e31f0f570:064a122e33f58ab9bedcc806f62492b81e4451665c71c7dc3a5afd28b63aa6017713b59fb84dc9594c530b3bbe79c2bf5c738ae510f3152bf09f34a3b6d02482\",\"displayName\":\"Nguyễn Văn A\",\"token_version\":2,\"isActive\":true,\"createdAt\":\"2026-05-03T15:37:18.203Z\",\"updatedAt\":\"2026-05-03T15:37:18.203Z\",\"deletedAt\":null,\"roles\":[]}","requestId":"b9cb8149-ff44-43f9-a022-01de5b5b2612","timestamp":"2026-05-04T08:11:15.258Z"}
{"context":"LoggerMiddleware","level":"warn","message":"[RequestID: b9cb8149-ff44-43f9-a022-01de5b5b2612] GET /auth/me | Status: 401 | Duration: 54ms | IP: ::1 | UserAgent: Mozilla/5.0 (Windows NT 10.0; Win64; x64) AppleWebKit/537.36 (KHTML, like Gecko) Chrome/147.0.0.0 Safari/537.36","requestId":"b9cb8149-ff44-43f9-a022-01de5b5b2612","timestamp":"2026-05-04T08:11:15.260Z"}
{"level":"info","message":"Khởi tạo ứng dụng...","timestamp":"2026-05-04T08:11:32.758Z"}
{"context":"NestFactory","level":"info","message":"Starting Nest application...","timestamp":"2026-05-04T08:11:32.831Z"}
{"context":"InstanceLoader","level":"info","message":"PassportModule dependencies initialized","timestamp":"2026-05-04T08:11:32.839Z"}
{"context":"InstanceLoader","level":"info","message":"ConfigHostModule dependencies initialized","timestamp":"2026-05-04T08:11:32.839Z"}
{"context":"PrismaService","level":"info","message":"🔌 Prisma Connection String: postgresql://admin:******@localhost:5433/kyc_asset_db?schema=public","timestamp":"2026-05-04T08:11:32.842Z"}
{"context":"InstanceLoader","level":"info","message":"AppModule dependencies initialized","timestamp":"2026-05-04T08:11:32.842Z"}
{"context":"InstanceLoader","level":"info","message":"ConfigModule dependencies initialized","timestamp":"2026-05-04T08:11:32.842Z"}
{"context":"InstanceLoader","level":"info","message":"CommonModule dependencies initialized","timestamp":"2026-05-04T08:11:32.842Z"}
{"context":"InstanceLoader","level":"info","message":"JwtModule dependencies initialized","timestamp":"2026-05-04T08:11:32.843Z"}
{"context":"InstanceLoader","level":"info","message":"PrismaModule dependencies initialized","timestamp":"2026-05-04T08:11:32.843Z"}
{"context":"InstanceLoader","level":"info","message":"AuthModule dependencies initialized","timestamp":"2026-05-04T08:11:32.845Z"}
{"context":"InstanceLoader","level":"info","message":"WhitelistIpModule dependencies initialized","timestamp":"2026-05-04T08:11:32.845Z"}
{"context":"InstanceLoader","level":"info","message":"AttributeModule dependencies initialized","timestamp":"2026-05-04T08:11:32.845Z"}
{"context":"InstanceLoader","level":"info","message":"UsersModule dependencies initialized","timestamp":"2026-05-04T08:11:32.845Z"}
{"context":"InstanceLoader","level":"info","message":"RolesModule dependencies initialized","timestamp":"2026-05-04T08:11:32.845Z"}
{"context":"InstanceLoader","level":"info","message":"PermissionsModule dependencies initialized","timestamp":"2026-05-04T08:11:32.845Z"}
{"context":"RoutesResolver","level":"info","message":"AppController {/}:","timestamp":"2026-05-04T08:11:32.867Z"}
{"context":"RouterExplorer","level":"info","message":"Mapped {/, GET} route","timestamp":"2026-05-04T08:11:32.868Z"}
{"context":"RoutesResolver","level":"info","message":"UsersController {/users}:","timestamp":"2026-05-04T08:11:32.868Z"}
{"context":"RouterExplorer","level":"info","message":"Mapped {/users, POST} route","timestamp":"2026-05-04T08:11:32.869Z"}
{"context":"RouterExplorer","level":"info","message":"Mapped {/users, GET} route","timestamp":"2026-05-04T08:11:32.869Z"}
{"context":"RouterExplorer","level":"info","message":"Mapped {/users/:id, GET} route","timestamp":"2026-05-04T08:11:32.869Z"}
{"context":"RouterExplorer","level":"info","message":"Mapped {/users/:id, PATCH} route","timestamp":"2026-05-04T08:11:32.869Z"}
{"context":"RouterExplorer","level":"info","message":"Mapped {/users/:id, DELETE} route","timestamp":"2026-05-04T08:11:32.870Z"}
{"context":"RoutesResolver","level":"info","message":"WhitelistIpController {/whitelist-ip}:","timestamp":"2026-05-04T08:11:32.870Z"}
{"context":"RouterExplorer","level":"info","message":"Mapped {/whitelist-ip, POST} route","timestamp":"2026-05-04T08:11:32.870Z"}
{"context":"RouterExplorer","level":"info","message":"Mapped {/whitelist-ip, GET} route","timestamp":"2026-05-04T08:11:32.870Z"}
{"context":"RouterExplorer","level":"info","message":"Mapped {/whitelist-ip/:id, GET} route","timestamp":"2026-05-04T08:11:32.870Z"}
{"context":"RouterExplorer","level":"info","message":"Mapped {/whitelist-ip/:id, PATCH} route","timestamp":"2026-05-04T08:11:32.871Z"}
{"context":"RouterExplorer","level":"info","message":"Mapped {/whitelist-ip/:id, DELETE} route","timestamp":"2026-05-04T08:11:32.871Z"}
{"context":"RoutesResolver","level":"info","message":"RolesController {/roles}:","timestamp":"2026-05-04T08:11:32.871Z"}
{"context":"RouterExplorer","level":"info","message":"Mapped {/roles, POST} route","timestamp":"2026-05-04T08:11:32.871Z"}
{"context":"RouterExplorer","level":"info","message":"Mapped {/roles, GET} route","timestamp":"2026-05-04T08:11:32.871Z"}
{"context":"RouterExplorer","level":"info","message":"Mapped {/roles/:id, GET} route","timestamp":"2026-05-04T08:11:32.872Z"}
{"context":"RouterExplorer","level":"info","message":"Mapped {/roles/:id, PATCH} route","timestamp":"2026-05-04T08:11:32.872Z"}
{"context":"RouterExplorer","level":"info","message":"Mapped {/roles/:id, DELETE} route","timestamp":"2026-05-04T08:11:32.872Z"}
{"context":"RoutesResolver","level":"info","message":"PermissionsController {/permissions}:","timestamp":"2026-05-04T08:11:32.872Z"}
{"context":"RouterExplorer","level":"info","message":"Mapped {/permissions, POST} route","timestamp":"2026-05-04T08:11:32.872Z"}
{"context":"RouterExplorer","level":"info","message":"Mapped {/permissions, GET} route","timestamp":"2026-05-04T08:11:32.872Z"}
{"context":"RouterExplorer","level":"info","message":"Mapped {/permissions/:id, PATCH} route","timestamp":"2026-05-04T08:11:32.872Z"}
{"context":"RouterExplorer","level":"info","message":"Mapped {/permissions/:id, DELETE} route","timestamp":"2026-05-04T08:11:32.873Z"}
{"context":"RoutesResolver","level":"info","message":"AuthController {/auth}:","timestamp":"2026-05-04T08:11:32.873Z"}
{"context":"RouterExplorer","level":"info","message":"Mapped {/auth/register, POST} route","timestamp":"2026-05-04T08:11:32.873Z"}
{"context":"RouterExplorer","level":"info","message":"Mapped {/auth/login, POST} route","timestamp":"2026-05-04T08:11:32.873Z"}
{"context":"RouterExplorer","level":"info","message":"Mapped {/auth/refresh, POST} route","timestamp":"2026-05-04T08:11:32.873Z"}
{"context":"RouterExplorer","level":"info","message":"Mapped {/auth/logout, POST} route","timestamp":"2026-05-04T08:11:32.873Z"}
{"context":"RouterExplorer","level":"info","message":"Mapped {/auth/me, GET} route","timestamp":"2026-05-04T08:11:32.874Z"}
{"context":"RouterExplorer","level":"info","message":"Mapped {/auth/me/password, PATCH} route","timestamp":"2026-05-04T08:11:32.874Z"}
{"context":"RoutesResolver","level":"info","message":"AttributeController {/attribute}:","timestamp":"2026-05-04T08:11:32.874Z"}
{"context":"RouterExplorer","level":"info","message":"Mapped {/attribute, POST} route","timestamp":"2026-05-04T08:11:32.874Z"}
{"context":"RouterExplorer","level":"info","message":"Mapped {/attribute, GET} route","timestamp":"2026-05-04T08:11:32.874Z"}
{"context":"RouterExplorer","level":"info","message":"Mapped {/attribute/:id, GET} route","timestamp":"2026-05-04T08:11:32.875Z"}
{"context":"RouterExplorer","level":"info","message":"Mapped {/attribute/:id, PATCH} route","timestamp":"2026-05-04T08:11:32.875Z"}
{"context":"RouterExplorer","level":"info","message":"Mapped {/attribute/:id, DELETE} route","timestamp":"2026-05-04T08:11:32.875Z"}
{"context":"PrismaService","level":"info","message":"Kết nối database thành công","timestamp":"2026-05-04T08:11:32.912Z"}
{"context":"NestApplication","level":"info","message":"Nest application successfully started","timestamp":"2026-05-04T08:11:32.916Z"}
{"context":"AccessTokenGuard","level":"info","message":"isPublic: undefined","requestId":"73889cc3-a734-4bd8-819b-fea74bccb915","timestamp":"2026-05-04T08:11:33.989Z"}
{"context":"AuthService","level":"info","message":"payload: {\"id\":\"cc6d2974-22cf-4b0b-9590-4b701cfa3c00\",\"username\":\"customer_001\",\"displayName\":\"Nguyễn Văn A\",\"token_version\":2,\"isActive\":true,\"createdAt\":\"2026-05-03T15:37:18.203Z\",\"updatedAt\":\"2026-05-03T15:37:18.203Z\",\"deletedAt\":null,\"roles\":[]}","requestId":"73889cc3-a734-4bd8-819b-fea74bccb915","timestamp":"2026-05-04T08:11:34.037Z"}
{"context":"AuthService","level":"info","message":"user: {\"id\":\"cc6d2974-22cf-4b0b-9590-4b701cfa3c00\",\"username\":\"customer_001\",\"hashed_password\":\"scrypt:61b7465b5cc602c81ecaa66e31f0f570:064a122e33f58ab9bedcc806f62492b81e4451665c71c7dc3a5afd28b63aa6017713b59fb84dc9594c530b3bbe79c2bf5c738ae510f3152bf09f34a3b6d02482\",\"displayName\":\"Nguyễn Văn A\",\"token_version\":2,\"isActive\":true,\"createdAt\":\"2026-05-03T15:37:18.203Z\",\"updatedAt\":\"2026-05-03T15:37:18.203Z\",\"deletedAt\":null,\"roles\":[]}","requestId":"73889cc3-a734-4bd8-819b-fea74bccb915","timestamp":"2026-05-04T08:11:34.040Z"}
{"context":"AuthService","level":"warn","message":"Token lỗi thời: User customer_001 (ID: undefined) thử truy cập bằng version undefined, bản hiện tại là 2.","requestId":"73889cc3-a734-4bd8-819b-fea74bccb915","timestamp":"2026-05-04T08:11:34.040Z"}
{"context":"LoggerMiddleware","level":"warn","message":"[RequestID: 73889cc3-a734-4bd8-819b-fea74bccb915] GET /auth/me | Status: 401 | Duration: 54ms | IP: ::1 | UserAgent: Mozilla/5.0 (Windows NT 10.0; Win64; x64) AppleWebKit/537.36 (KHTML, like Gecko) Chrome/147.0.0.0 Safari/537.36","requestId":"73889cc3-a734-4bd8-819b-fea74bccb915","timestamp":"2026-05-04T08:11:34.042Z"}
{"level":"info","message":"Khởi tạo ứng dụng...","timestamp":"2026-05-04T08:17:00.041Z"}
{"context":"NestFactory","level":"info","message":"Starting Nest application...","timestamp":"2026-05-04T08:17:00.110Z"}
{"context":"InstanceLoader","level":"info","message":"PassportModule dependencies initialized","timestamp":"2026-05-04T08:17:00.118Z"}
{"context":"InstanceLoader","level":"info","message":"ConfigHostModule dependencies initialized","timestamp":"2026-05-04T08:17:00.119Z"}
{"context":"PrismaService","level":"info","message":"🔌 Prisma Connection String: postgresql://admin:******@localhost:5433/kyc_asset_db?schema=public","timestamp":"2026-05-04T08:17:00.121Z"}
{"context":"InstanceLoader","level":"info","message":"AppModule dependencies initialized","timestamp":"2026-05-04T08:17:00.121Z"}
{"context":"InstanceLoader","level":"info","message":"ConfigModule dependencies initialized","timestamp":"2026-05-04T08:17:00.122Z"}
{"context":"InstanceLoader","level":"info","message":"CommonModule dependencies initialized","timestamp":"2026-05-04T08:17:00.122Z"}
{"context":"InstanceLoader","level":"info","message":"JwtModule dependencies initialized","timestamp":"2026-05-04T08:17:00.122Z"}
{"context":"InstanceLoader","level":"info","message":"PrismaModule dependencies initialized","timestamp":"2026-05-04T08:17:00.123Z"}
{"context":"InstanceLoader","level":"info","message":"AuthModule dependencies initialized","timestamp":"2026-05-04T08:17:00.125Z"}
{"context":"InstanceLoader","level":"info","message":"WhitelistIpModule dependencies initialized","timestamp":"2026-05-04T08:17:00.125Z"}
{"context":"InstanceLoader","level":"info","message":"AttributeModule dependencies initialized","timestamp":"2026-05-04T08:17:00.125Z"}
{"context":"InstanceLoader","level":"info","message":"UsersModule dependencies initialized","timestamp":"2026-05-04T08:17:00.126Z"}
{"context":"InstanceLoader","level":"info","message":"RolesModule dependencies initialized","timestamp":"2026-05-04T08:17:00.126Z"}
{"context":"InstanceLoader","level":"info","message":"PermissionsModule dependencies initialized","timestamp":"2026-05-04T08:17:00.126Z"}
{"context":"RoutesResolver","level":"info","message":"AppController {/}:","timestamp":"2026-05-04T08:17:00.148Z"}
{"context":"RouterExplorer","level":"info","message":"Mapped {/, GET} route","timestamp":"2026-05-04T08:17:00.150Z"}
{"context":"RoutesResolver","level":"info","message":"UsersController {/users}:","timestamp":"2026-05-04T08:17:00.150Z"}
{"context":"RouterExplorer","level":"info","message":"Mapped {/users, POST} route","timestamp":"2026-05-04T08:17:00.150Z"}
{"context":"RouterExplorer","level":"info","message":"Mapped {/users, GET} route","timestamp":"2026-05-04T08:17:00.151Z"}
{"context":"RouterExplorer","level":"info","message":"Mapped {/users/:id, GET} route","timestamp":"2026-05-04T08:17:00.151Z"}
{"context":"RouterExplorer","level":"info","message":"Mapped {/users/:id, PATCH} route","timestamp":"2026-05-04T08:17:00.151Z"}
{"context":"RouterExplorer","level":"info","message":"Mapped {/users/:id, DELETE} route","timestamp":"2026-05-04T08:17:00.151Z"}
{"context":"RoutesResolver","level":"info","message":"WhitelistIpController {/whitelist-ip}:","timestamp":"2026-05-04T08:17:00.151Z"}
{"context":"RouterExplorer","level":"info","message":"Mapped {/whitelist-ip, POST} route","timestamp":"2026-05-04T08:17:00.152Z"}
{"context":"RouterExplorer","level":"info","message":"Mapped {/whitelist-ip, GET} route","timestamp":"2026-05-04T08:17:00.152Z"}
{"context":"RouterExplorer","level":"info","message":"Mapped {/whitelist-ip/:id, GET} route","timestamp":"2026-05-04T08:17:00.152Z"}
{"context":"RouterExplorer","level":"info","message":"Mapped {/whitelist-ip/:id, PATCH} route","timestamp":"2026-05-04T08:17:00.152Z"}
{"context":"RouterExplorer","level":"info","message":"Mapped {/whitelist-ip/:id, DELETE} route","timestamp":"2026-05-04T08:17:00.152Z"}
{"context":"RoutesResolver","level":"info","message":"RolesController {/roles}:","timestamp":"2026-05-04T08:17:00.152Z"}
{"context":"RouterExplorer","level":"info","message":"Mapped {/roles, POST} route","timestamp":"2026-05-04T08:17:00.153Z"}
{"context":"RouterExplorer","level":"info","message":"Mapped {/roles, GET} route","timestamp":"2026-05-04T08:17:00.153Z"}
{"context":"RouterExplorer","level":"info","message":"Mapped {/roles/:id, GET} route","timestamp":"2026-05-04T08:17:00.153Z"}
{"context":"RouterExplorer","level":"info","message":"Mapped {/roles/:id, PATCH} route","timestamp":"2026-05-04T08:17:00.153Z"}
{"context":"RouterExplorer","level":"info","message":"Mapped {/roles/:id, DELETE} route","timestamp":"2026-05-04T08:17:00.153Z"}
{"context":"RoutesResolver","level":"info","message":"PermissionsController {/permissions}:","timestamp":"2026-05-04T08:17:00.153Z"}
{"context":"RouterExplorer","level":"info","message":"Mapped {/permissions, POST} route","timestamp":"2026-05-04T08:17:00.153Z"}
{"context":"RouterExplorer","level":"info","message":"Mapped {/permissions, GET} route","timestamp":"2026-05-04T08:17:00.153Z"}
{"context":"RouterExplorer","level":"info","message":"Mapped {/permissions/:id, PATCH} route","timestamp":"2026-05-04T08:17:00.153Z"}
{"context":"RouterExplorer","level":"info","message":"Mapped {/permissions/:id, DELETE} route","timestamp":"2026-05-04T08:17:00.154Z"}
{"context":"RoutesResolver","level":"info","message":"AuthController {/auth}:","timestamp":"2026-05-04T08:17:00.154Z"}
{"context":"RouterExplorer","level":"info","message":"Mapped {/auth/register, POST} route","timestamp":"2026-05-04T08:17:00.154Z"}
{"context":"RouterExplorer","level":"info","message":"Mapped {/auth/login, POST} route","timestamp":"2026-05-04T08:17:00.154Z"}
{"context":"RouterExplorer","level":"info","message":"Mapped {/auth/refresh, POST} route","timestamp":"2026-05-04T08:17:00.154Z"}
{"context":"RouterExplorer","level":"info","message":"Mapped {/auth/logout, POST} route","timestamp":"2026-05-04T08:17:00.154Z"}
{"context":"RouterExplorer","level":"info","message":"Mapped {/auth/me, GET} route","timestamp":"2026-05-04T08:17:00.155Z"}
{"context":"RouterExplorer","level":"info","message":"Mapped {/auth/me/password, PATCH} route","timestamp":"2026-05-04T08:17:00.155Z"}
{"context":"RoutesResolver","level":"info","message":"AttributeController {/attribute}:","timestamp":"2026-05-04T08:17:00.155Z"}
{"context":"RouterExplorer","level":"info","message":"Mapped {/attribute, POST} route","timestamp":"2026-05-04T08:17:00.155Z"}
{"context":"RouterExplorer","level":"info","message":"Mapped {/attribute, GET} route","timestamp":"2026-05-04T08:17:00.155Z"}
{"context":"RouterExplorer","level":"info","message":"Mapped {/attribute/:id, GET} route","timestamp":"2026-05-04T08:17:00.155Z"}
{"context":"RouterExplorer","level":"info","message":"Mapped {/attribute/:id, PATCH} route","timestamp":"2026-05-04T08:17:00.156Z"}
{"context":"RouterExplorer","level":"info","message":"Mapped {/attribute/:id, DELETE} route","timestamp":"2026-05-04T08:17:00.156Z"}
{"context":"PrismaService","level":"info","message":"Kết nối database thành công","timestamp":"2026-05-04T08:17:00.193Z"}
{"context":"NestApplication","level":"info","message":"Nest application successfully started","timestamp":"2026-05-04T08:17:00.197Z"}
{"context":"AccessTokenGuard","level":"info","message":"isPublic: undefined","requestId":"b2f8c3d0-706a-468f-b54f-3034cecc8207","timestamp":"2026-05-04T08:17:03.928Z"}
{"context":"LoggerMiddleware","level":"info","message":"[RequestID: b2f8c3d0-706a-468f-b54f-3034cecc8207] GET /auth/me | Status: 200 | Duration: 79ms | IP: ::1 | UserAgent: Mozilla/5.0 (Windows NT 10.0; Win64; x64) AppleWebKit/537.36 (KHTML, like Gecko) Chrome/147.0.0.0 Safari/537.36","requestId":"b2f8c3d0-706a-468f-b54f-3034cecc8207","timestamp":"2026-05-04T08:17:04.007Z"}
{"context":"AccessTokenGuard","level":"info","message":"isPublic: true","requestId":"5806e30f-07d1-4796-96a2-128052176859","timestamp":"2026-05-04T08:17:23.599Z"}
{"context":"AccessTokenGuard","level":"info","message":"Public route, skipping authentication","requestId":"5806e30f-07d1-4796-96a2-128052176859","timestamp":"2026-05-04T08:17:23.599Z"}
{"context":"LoggerMiddleware","level":"info","message":"[RequestID: 5806e30f-07d1-4796-96a2-128052176859] POST /auth/login | Status: 201 | Duration: 69ms | IP: ::1 | UserAgent: Mozilla/5.0 (Windows NT 10.0; Win64; x64) AppleWebKit/537.36 (KHTML, like Gecko) Chrome/147.0.0.0 Safari/537.36","requestId":"5806e30f-07d1-4796-96a2-128052176859","timestamp":"2026-05-04T08:17:23.667Z"}
{"context":"AccessTokenGuard","level":"info","message":"isPublic: undefined","requestId":"5b8c1c55-2b5d-4178-89ae-3ca8457b5875","timestamp":"2026-05-04T08:17:47.417Z"}
{"context":"AccessTokenStrategy","level":"warn","message":"Token lỗi thời: User customer_001 (ID: cc6d2974-22cf-4b0b-9590-4b701cfa3c00) thử truy cập bằng version 2, bản hiện tại là 3. IP: ::1","requestId":"5b8c1c55-2b5d-4178-89ae-3ca8457b5875","timestamp":"2026-05-04T08:17:47.430Z"}
{"context":"LoggerMiddleware","level":"warn","message":"[RequestID: 5b8c1c55-2b5d-4178-89ae-3ca8457b5875] GET /auth/me | Status: 401 | Duration: 15ms | IP: ::1 | UserAgent: Mozilla/5.0 (Windows NT 10.0; Win64; x64) AppleWebKit/537.36 (KHTML, like Gecko) Chrome/147.0.0.0 Safari/537.36","requestId":"5b8c1c55-2b5d-4178-89ae-3ca8457b5875","timestamp":"2026-05-04T08:17:47.431Z"}
{"context":"AccessTokenGuard","level":"info","message":"isPublic: undefined","requestId":"a003b638-8673-4056-a780-850752a9bec5","timestamp":"2026-05-04T08:18:18.596Z"}
{"context":"AccessTokenStrategy","level":"warn","message":"Token lỗi thời: User customer_001 (ID: cc6d2974-22cf-4b0b-9590-4b701cfa3c00) thử truy cập bằng version 2, bản hiện tại là 3. IP: ::1","requestId":"a003b638-8673-4056-a780-850752a9bec5","timestamp":"2026-05-04T08:18:18.610Z"}
{"context":"LoggerMiddleware","level":"warn","message":"[RequestID: a003b638-8673-4056-a780-850752a9bec5] POST /auth/refresh | Status: 401 | Duration: 16ms | IP: ::1 | UserAgent: Mozilla/5.0 (Windows NT 10.0; Win64; x64) AppleWebKit/537.36 (KHTML, like Gecko) Chrome/147.0.0.0 Safari/537.36","requestId":"a003b638-8673-4056-a780-850752a9bec5","timestamp":"2026-05-04T08:18:18.611Z"}
{"level":"info","message":"Khởi tạo ứng dụng...","timestamp":"2026-05-04T08:37:32.848Z"}
{"context":"NestFactory","level":"info","message":"Starting Nest application...","timestamp":"2026-05-04T08:37:32.928Z"}
{"context":"InstanceLoader","level":"info","message":"PassportModule dependencies initialized","timestamp":"2026-05-04T08:37:32.937Z"}
{"context":"InstanceLoader","level":"info","message":"ConfigHostModule dependencies initialized","timestamp":"2026-05-04T08:37:32.937Z"}
{"context":"PrismaService","level":"info","message":"🔌 Prisma Connection String: postgresql://admin:******@localhost:5433/kyc_asset_db?schema=public","timestamp":"2026-05-04T08:37:32.940Z"}
{"context":"InstanceLoader","level":"info","message":"AppModule dependencies initialized","timestamp":"2026-05-04T08:37:32.940Z"}
{"context":"InstanceLoader","level":"info","message":"ConfigModule dependencies initialized","timestamp":"2026-05-04T08:37:32.940Z"}
{"context":"InstanceLoader","level":"info","message":"CommonModule dependencies initialized","timestamp":"2026-05-04T08:37:32.941Z"}
{"context":"InstanceLoader","level":"info","message":"JwtModule dependencies initialized","timestamp":"2026-05-04T08:37:32.941Z"}
{"context":"InstanceLoader","level":"info","message":"PrismaModule dependencies initialized","timestamp":"2026-05-04T08:37:32.941Z"}
{"context":"InstanceLoader","level":"info","message":"AuthModule dependencies initialized","timestamp":"2026-05-04T08:37:32.943Z"}
{"context":"InstanceLoader","level":"info","message":"WhitelistIpModule dependencies initialized","timestamp":"2026-05-04T08:37:32.944Z"}
{"context":"InstanceLoader","level":"info","message":"AttributeModule dependencies initialized","timestamp":"2026-05-04T08:37:32.944Z"}
{"context":"InstanceLoader","level":"info","message":"UsersModule dependencies initialized","timestamp":"2026-05-04T08:37:32.944Z"}
{"context":"InstanceLoader","level":"info","message":"RolesModule dependencies initialized","timestamp":"2026-05-04T08:37:32.944Z"}
{"context":"InstanceLoader","level":"info","message":"PermissionsModule dependencies initialized","timestamp":"2026-05-04T08:37:32.944Z"}
{"context":"RoutesResolver","level":"info","message":"AppController {/}:","timestamp":"2026-05-04T08:37:32.966Z"}
{"context":"RouterExplorer","level":"info","message":"Mapped {/, GET} route","timestamp":"2026-05-04T08:37:32.967Z"}
{"context":"RoutesResolver","level":"info","message":"UsersController {/users}:","timestamp":"2026-05-04T08:37:32.967Z"}
{"context":"RouterExplorer","level":"info","message":"Mapped {/users, POST} route","timestamp":"2026-05-04T08:37:32.968Z"}
{"context":"RouterExplorer","level":"info","message":"Mapped {/users, GET} route","timestamp":"2026-05-04T08:37:32.968Z"}
{"context":"RouterExplorer","level":"info","message":"Mapped {/users/:id, GET} route","timestamp":"2026-05-04T08:37:32.968Z"}
{"context":"RouterExplorer","level":"info","message":"Mapped {/users/:id, PATCH} route","timestamp":"2026-05-04T08:37:32.969Z"}
{"context":"RouterExplorer","level":"info","message":"Mapped {/users/:id, DELETE} route","timestamp":"2026-05-04T08:37:32.969Z"}
{"context":"RoutesResolver","level":"info","message":"WhitelistIpController {/whitelist-ip}:","timestamp":"2026-05-04T08:37:32.969Z"}
{"context":"RouterExplorer","level":"info","message":"Mapped {/whitelist-ip, POST} route","timestamp":"2026-05-04T08:37:32.969Z"}
{"context":"RouterExplorer","level":"info","message":"Mapped {/whitelist-ip, GET} route","timestamp":"2026-05-04T08:37:32.969Z"}
{"context":"RouterExplorer","level":"info","message":"Mapped {/whitelist-ip/:id, GET} route","timestamp":"2026-05-04T08:37:32.969Z"}
{"context":"RouterExplorer","level":"info","message":"Mapped {/whitelist-ip/:id, PATCH} route","timestamp":"2026-05-04T08:37:32.970Z"}
{"context":"RouterExplorer","level":"info","message":"Mapped {/whitelist-ip/:id, DELETE} route","timestamp":"2026-05-04T08:37:32.970Z"}
{"context":"RoutesResolver","level":"info","message":"RolesController {/roles}:","timestamp":"2026-05-04T08:37:32.970Z"}
{"context":"RouterExplorer","level":"info","message":"Mapped {/roles, POST} route","timestamp":"2026-05-04T08:37:32.970Z"}
{"context":"RouterExplorer","level":"info","message":"Mapped {/roles, GET} route","timestamp":"2026-05-04T08:37:32.970Z"}
{"context":"RouterExplorer","level":"info","message":"Mapped {/roles/:id, GET} route","timestamp":"2026-05-04T08:37:32.970Z"}
{"context":"RouterExplorer","level":"info","message":"Mapped {/roles/:id, PATCH} route","timestamp":"2026-05-04T08:37:32.970Z"}
{"context":"RouterExplorer","level":"info","message":"Mapped {/roles/:id, DELETE} route","timestamp":"2026-05-04T08:37:32.971Z"}
{"context":"RoutesResolver","level":"info","message":"PermissionsController {/permissions}:","timestamp":"2026-05-04T08:37:32.971Z"}
{"context":"RouterExplorer","level":"info","message":"Mapped {/permissions, POST} route","timestamp":"2026-05-04T08:37:32.971Z"}
{"context":"RouterExplorer","level":"info","message":"Mapped {/permissions, GET} route","timestamp":"2026-05-04T08:37:32.971Z"}
{"context":"RouterExplorer","level":"info","message":"Mapped {/permissions/:id, PATCH} route","timestamp":"2026-05-04T08:37:32.971Z"}
{"context":"RouterExplorer","level":"info","message":"Mapped {/permissions/:id, DELETE} route","timestamp":"2026-05-04T08:37:32.971Z"}
{"context":"RoutesResolver","level":"info","message":"AuthController {/auth}:","timestamp":"2026-05-04T08:37:32.971Z"}
{"context":"RouterExplorer","level":"info","message":"Mapped {/auth/register, POST} route","timestamp":"2026-05-04T08:37:32.972Z"}
{"context":"RouterExplorer","level":"info","message":"Mapped {/auth/login, POST} route","timestamp":"2026-05-04T08:37:32.972Z"}
{"context":"RouterExplorer","level":"info","message":"Mapped {/auth/refresh, POST} route","timestamp":"2026-05-04T08:37:32.972Z"}
{"context":"RouterExplorer","level":"info","message":"Mapped {/auth/logout, POST} route","timestamp":"2026-05-04T08:37:32.972Z"}
{"context":"RouterExplorer","level":"info","message":"Mapped {/auth/me, GET} route","timestamp":"2026-05-04T08:37:32.973Z"}
{"context":"RouterExplorer","level":"info","message":"Mapped {/auth/me/password, PATCH} route","timestamp":"2026-05-04T08:37:32.973Z"}
{"context":"RoutesResolver","level":"info","message":"AttributeController {/attribute}:","timestamp":"2026-05-04T08:37:32.973Z"}
{"context":"RouterExplorer","level":"info","message":"Mapped {/attribute, POST} route","timestamp":"2026-05-04T08:37:32.973Z"}
{"context":"RouterExplorer","level":"info","message":"Mapped {/attribute, GET} route","timestamp":"2026-05-04T08:37:32.973Z"}
{"context":"RouterExplorer","level":"info","message":"Mapped {/attribute/:id, GET} route","timestamp":"2026-05-04T08:37:32.974Z"}
{"context":"RouterExplorer","level":"info","message":"Mapped {/attribute/:id, PATCH} route","timestamp":"2026-05-04T08:37:32.974Z"}
{"context":"RouterExplorer","level":"info","message":"Mapped {/attribute/:id, DELETE} route","timestamp":"2026-05-04T08:37:32.974Z"}
{"context":"PrismaService","level":"info","message":"Kết nối database thành công","timestamp":"2026-05-04T08:37:33.011Z"}
{"context":"NestApplication","level":"info","message":"Nest application successfully started","timestamp":"2026-05-04T08:37:33.014Z"}
{"level":"info","message":"Khởi tạo ứng dụng...","timestamp":"2026-05-04T08:37:34.725Z"}
{"context":"NestFactory","level":"info","message":"Starting Nest application...","timestamp":"2026-05-04T08:37:34.794Z"}
{"context":"InstanceLoader","level":"info","message":"PassportModule dependencies initialized","timestamp":"2026-05-04T08:37:34.801Z"}
{"context":"InstanceLoader","level":"info","message":"ConfigHostModule dependencies initialized","timestamp":"2026-05-04T08:37:34.802Z"}
{"context":"PrismaService","level":"info","message":"🔌 Prisma Connection String: postgresql://admin:******@localhost:5433/kyc_asset_db?schema=public","timestamp":"2026-05-04T08:37:34.804Z"}
{"context":"InstanceLoader","level":"info","message":"AppModule dependencies initialized","timestamp":"2026-05-04T08:37:34.804Z"}
{"context":"InstanceLoader","level":"info","message":"ConfigModule dependencies initialized","timestamp":"2026-05-04T08:37:34.804Z"}
{"context":"InstanceLoader","level":"info","message":"CommonModule dependencies initialized","timestamp":"2026-05-04T08:37:34.805Z"}
{"context":"InstanceLoader","level":"info","message":"JwtModule dependencies initialized","timestamp":"2026-05-04T08:37:34.805Z"}
{"context":"InstanceLoader","level":"info","message":"PrismaModule dependencies initialized","timestamp":"2026-05-04T08:37:34.806Z"}
{"context":"InstanceLoader","level":"info","message":"AuthModule dependencies initialized","timestamp":"2026-05-04T08:37:34.808Z"}
{"context":"InstanceLoader","level":"info","message":"WhitelistIpModule dependencies initialized","timestamp":"2026-05-04T08:37:34.808Z"}
{"context":"InstanceLoader","level":"info","message":"AttributeModule dependencies initialized","timestamp":"2026-05-04T08:37:34.808Z"}
{"context":"InstanceLoader","level":"info","message":"UsersModule dependencies initialized","timestamp":"2026-05-04T08:37:34.808Z"}
{"context":"InstanceLoader","level":"info","message":"RolesModule dependencies initialized","timestamp":"2026-05-04T08:37:34.808Z"}
{"context":"InstanceLoader","level":"info","message":"PermissionsModule dependencies initialized","timestamp":"2026-05-04T08:37:34.809Z"}
{"context":"RoutesResolver","level":"info","message":"AppController {/}:","timestamp":"2026-05-04T08:37:34.830Z"}
{"context":"RouterExplorer","level":"info","message":"Mapped {/, GET} route","timestamp":"2026-05-04T08:37:34.832Z"}
{"context":"RoutesResolver","level":"info","message":"UsersController {/users}:","timestamp":"2026-05-04T08:37:34.832Z"}
{"context":"RouterExplorer","level":"info","message":"Mapped {/users, POST} route","timestamp":"2026-05-04T08:37:34.832Z"}
{"context":"RouterExplorer","level":"info","message":"Mapped {/users, GET} route","timestamp":"2026-05-04T08:37:34.832Z"}
{"context":"RouterExplorer","level":"info","message":"Mapped {/users/:id, GET} route","timestamp":"2026-05-04T08:37:34.833Z"}
{"context":"RouterExplorer","level":"info","message":"Mapped {/users/:id, PATCH} route","timestamp":"2026-05-04T08:37:34.833Z"}
{"context":"RouterExplorer","level":"info","message":"Mapped {/users/:id, DELETE} route","timestamp":"2026-05-04T08:37:34.833Z"}
{"context":"RoutesResolver","level":"info","message":"WhitelistIpController {/whitelist-ip}:","timestamp":"2026-05-04T08:37:34.833Z"}
{"context":"RouterExplorer","level":"info","message":"Mapped {/whitelist-ip, POST} route","timestamp":"2026-05-04T08:37:34.834Z"}
{"context":"RouterExplorer","level":"info","message":"Mapped {/whitelist-ip, GET} route","timestamp":"2026-05-04T08:37:34.834Z"}
{"context":"RouterExplorer","level":"info","message":"Mapped {/whitelist-ip/:id, GET} route","timestamp":"2026-05-04T08:37:34.834Z"}
{"context":"RouterExplorer","level":"info","message":"Mapped {/whitelist-ip/:id, PATCH} route","timestamp":"2026-05-04T08:37:34.834Z"}
{"context":"RouterExplorer","level":"info","message":"Mapped {/whitelist-ip/:id, DELETE} route","timestamp":"2026-05-04T08:37:34.834Z"}
{"context":"RoutesResolver","level":"info","message":"RolesController {/roles}:","timestamp":"2026-05-04T08:37:34.835Z"}
{"context":"RouterExplorer","level":"info","message":"Mapped {/roles, POST} route","timestamp":"2026-05-04T08:37:34.835Z"}
{"context":"RouterExplorer","level":"info","message":"Mapped {/roles, GET} route","timestamp":"2026-05-04T08:37:34.835Z"}
{"context":"RouterExplorer","level":"info","message":"Mapped {/roles/:id, GET} route","timestamp":"2026-05-04T08:37:34.835Z"}
{"context":"RouterExplorer","level":"info","message":"Mapped {/roles/:id, PATCH} route","timestamp":"2026-05-04T08:37:34.835Z"}
{"context":"RouterExplorer","level":"info","message":"Mapped {/roles/:id, DELETE} route","timestamp":"2026-05-04T08:37:34.835Z"}
{"context":"RoutesResolver","level":"info","message":"PermissionsController {/permissions}:","timestamp":"2026-05-04T08:37:34.835Z"}
{"context":"RouterExplorer","level":"info","message":"Mapped {/permissions, POST} route","timestamp":"2026-05-04T08:37:34.835Z"}
{"context":"RouterExplorer","level":"info","message":"Mapped {/permissions, GET} route","timestamp":"2026-05-04T08:37:34.836Z"}
{"context":"RouterExplorer","level":"info","message":"Mapped {/permissions/:id, PATCH} route","timestamp":"2026-05-04T08:37:34.836Z"}
{"context":"RouterExplorer","level":"info","message":"Mapped {/permissions/:id, DELETE} route","timestamp":"2026-05-04T08:37:34.836Z"}
{"context":"RoutesResolver","level":"info","message":"AuthController {/auth}:","timestamp":"2026-05-04T08:37:34.836Z"}
{"context":"RouterExplorer","level":"info","message":"Mapped {/auth/register, POST} route","timestamp":"2026-05-04T08:37:34.836Z"}
{"context":"RouterExplorer","level":"info","message":"Mapped {/auth/login, POST} route","timestamp":"2026-05-04T08:37:34.836Z"}
{"context":"RouterExplorer","level":"info","message":"Mapped {/auth/refresh, POST} route","timestamp":"2026-05-04T08:37:34.837Z"}
{"context":"RouterExplorer","level":"info","message":"Mapped {/auth/logout, POST} route","timestamp":"2026-05-04T08:37:34.837Z"}
{"context":"RouterExplorer","level":"info","message":"Mapped {/auth/me, GET} route","timestamp":"2026-05-04T08:37:34.837Z"}
{"context":"RouterExplorer","level":"info","message":"Mapped {/auth/me/password, PATCH} route","timestamp":"2026-05-04T08:37:34.837Z"}
{"context":"RoutesResolver","level":"info","message":"AttributeController {/attribute}:","timestamp":"2026-05-04T08:37:34.838Z"}
{"context":"RouterExplorer","level":"info","message":"Mapped {/attribute, POST} route","timestamp":"2026-05-04T08:37:34.838Z"}
{"context":"RouterExplorer","level":"info","message":"Mapped {/attribute, GET} route","timestamp":"2026-05-04T08:37:34.838Z"}
{"context":"RouterExplorer","level":"info","message":"Mapped {/attribute/:id, GET} route","timestamp":"2026-05-04T08:37:34.839Z"}
{"context":"RouterExplorer","level":"info","message":"Mapped {/attribute/:id, PATCH} route","timestamp":"2026-05-04T08:37:34.839Z"}
{"context":"RouterExplorer","level":"info","message":"Mapped {/attribute/:id, DELETE} route","timestamp":"2026-05-04T08:37:34.839Z"}
{"context":"PrismaService","level":"info","message":"Kết nối database thành công","timestamp":"2026-05-04T08:37:34.878Z"}
{"context":"NestApplication","level":"info","message":"Nest application successfully started","timestamp":"2026-05-04T08:37:34.881Z"}
{"level":"info","message":"Khởi tạo ứng dụng...","timestamp":"2026-05-04T08:38:21.501Z"}
{"context":"NestFactory","level":"info","message":"Starting Nest application...","timestamp":"2026-05-04T08:38:21.572Z"}
{"context":"InstanceLoader","level":"info","message":"PassportModule dependencies initialized","timestamp":"2026-05-04T08:38:21.580Z"}
{"context":"InstanceLoader","level":"info","message":"ConfigHostModule dependencies initialized","timestamp":"2026-05-04T08:38:21.580Z"}
{"context":"PrismaService","level":"info","message":"🔌 Prisma Connection String: postgresql://admin:******@localhost:5433/kyc_asset_db?schema=public","timestamp":"2026-05-04T08:38:21.584Z"}
{"context":"InstanceLoader","level":"info","message":"AppModule dependencies initialized","timestamp":"2026-05-04T08:38:21.584Z"}
{"context":"InstanceLoader","level":"info","message":"ConfigModule dependencies initialized","timestamp":"2026-05-04T08:38:21.584Z"}
{"context":"InstanceLoader","level":"info","message":"CommonModule dependencies initialized","timestamp":"2026-05-04T08:38:21.584Z"}
{"context":"InstanceLoader","level":"info","message":"JwtModule dependencies initialized","timestamp":"2026-05-04T08:38:21.585Z"}
{"context":"InstanceLoader","level":"info","message":"PrismaModule dependencies initialized","timestamp":"2026-05-04T08:38:21.585Z"}
{"context":"InstanceLoader","level":"info","message":"AuthModule dependencies initialized","timestamp":"2026-05-04T08:38:21.587Z"}
{"context":"InstanceLoader","level":"info","message":"WhitelistIpModule dependencies initialized","timestamp":"2026-05-04T08:38:21.587Z"}
{"context":"InstanceLoader","level":"info","message":"AttributeModule dependencies initialized","timestamp":"2026-05-04T08:38:21.587Z"}
{"context":"InstanceLoader","level":"info","message":"UsersModule dependencies initialized","timestamp":"2026-05-04T08:38:21.587Z"}
{"context":"InstanceLoader","level":"info","message":"RolesModule dependencies initialized","timestamp":"2026-05-04T08:38:21.587Z"}
{"context":"InstanceLoader","level":"info","message":"PermissionsModule dependencies initialized","timestamp":"2026-05-04T08:38:21.587Z"}
{"context":"RoutesResolver","level":"info","message":"AppController {/}:","timestamp":"2026-05-04T08:38:21.610Z"}
{"context":"RouterExplorer","level":"info","message":"Mapped {/, GET} route","timestamp":"2026-05-04T08:38:21.611Z"}
{"context":"RoutesResolver","level":"info","message":"UsersController {/users}:","timestamp":"2026-05-04T08:38:21.611Z"}
{"context":"RouterExplorer","level":"info","message":"Mapped {/users, POST} route","timestamp":"2026-05-04T08:38:21.612Z"}
{"context":"RouterExplorer","level":"info","message":"Mapped {/users, GET} route","timestamp":"2026-05-04T08:38:21.612Z"}
{"context":"RouterExplorer","level":"info","message":"Mapped {/users/:id, GET} route","timestamp":"2026-05-04T08:38:21.612Z"}
{"context":"RouterExplorer","level":"info","message":"Mapped {/users/:id, PATCH} route","timestamp":"2026-05-04T08:38:21.613Z"}
{"context":"RouterExplorer","level":"info","message":"Mapped {/users/:id, DELETE} route","timestamp":"2026-05-04T08:38:21.613Z"}
{"context":"RoutesResolver","level":"info","message":"WhitelistIpController {/whitelist-ip}:","timestamp":"2026-05-04T08:38:21.613Z"}
{"context":"RouterExplorer","level":"info","message":"Mapped {/whitelist-ip, POST} route","timestamp":"2026-05-04T08:38:21.613Z"}
{"context":"RouterExplorer","level":"info","message":"Mapped {/whitelist-ip, GET} route","timestamp":"2026-05-04T08:38:21.613Z"}
{"context":"RouterExplorer","level":"info","message":"Mapped {/whitelist-ip/:id, GET} route","timestamp":"2026-05-04T08:38:21.613Z"}
{"context":"RouterExplorer","level":"info","message":"Mapped {/whitelist-ip/:id, PATCH} route","timestamp":"2026-05-04T08:38:21.614Z"}
{"context":"RouterExplorer","level":"info","message":"Mapped {/whitelist-ip/:id, DELETE} route","timestamp":"2026-05-04T08:38:21.614Z"}
{"context":"RoutesResolver","level":"info","message":"RolesController {/roles}:","timestamp":"2026-05-04T08:38:21.614Z"}
{"context":"RouterExplorer","level":"info","message":"Mapped {/roles, POST} route","timestamp":"2026-05-04T08:38:21.614Z"}
{"context":"RouterExplorer","level":"info","message":"Mapped {/roles, GET} route","timestamp":"2026-05-04T08:38:21.614Z"}
{"context":"RouterExplorer","level":"info","message":"Mapped {/roles/:id, GET} route","timestamp":"2026-05-04T08:38:21.614Z"}
{"context":"RouterExplorer","level":"info","message":"Mapped {/roles/:id, PATCH} route","timestamp":"2026-05-04T08:38:21.614Z"}
{"context":"RouterExplorer","level":"info","message":"Mapped {/roles/:id, DELETE} route","timestamp":"2026-05-04T08:38:21.615Z"}
{"context":"RoutesResolver","level":"info","message":"PermissionsController {/permissions}:","timestamp":"2026-05-04T08:38:21.615Z"}
{"context":"RouterExplorer","level":"info","message":"Mapped {/permissions, POST} route","timestamp":"2026-05-04T08:38:21.615Z"}
{"context":"RouterExplorer","level":"info","message":"Mapped {/permissions, GET} route","timestamp":"2026-05-04T08:38:21.615Z"}
{"context":"RouterExplorer","level":"info","message":"Mapped {/permissions/:id, PATCH} route","timestamp":"2026-05-04T08:38:21.616Z"}
{"context":"RouterExplorer","level":"info","message":"Mapped {/permissions/:id, DELETE} route","timestamp":"2026-05-04T08:38:21.616Z"}
{"context":"RoutesResolver","level":"info","message":"AuthController {/auth}:","timestamp":"2026-05-04T08:38:21.616Z"}
{"context":"RouterExplorer","level":"info","message":"Mapped {/auth/register, POST} route","timestamp":"2026-05-04T08:38:21.616Z"}
{"context":"RouterExplorer","level":"info","message":"Mapped {/auth/login, POST} route","timestamp":"2026-05-04T08:38:21.616Z"}
{"context":"RouterExplorer","level":"info","message":"Mapped {/auth/refresh, POST} route","timestamp":"2026-05-04T08:38:21.616Z"}
{"context":"RouterExplorer","level":"info","message":"Mapped {/auth/logout, POST} route","timestamp":"2026-05-04T08:38:21.617Z"}
{"context":"RouterExplorer","level":"info","message":"Mapped {/auth/me, GET} route","timestamp":"2026-05-04T08:38:21.617Z"}
{"context":"RouterExplorer","level":"info","message":"Mapped {/auth/me/password, PATCH} route","timestamp":"2026-05-04T08:38:21.617Z"}
{"context":"RoutesResolver","level":"info","message":"AttributeController {/attribute}:","timestamp":"2026-05-04T08:38:21.617Z"}
{"context":"RouterExplorer","level":"info","message":"Mapped {/attribute, POST} route","timestamp":"2026-05-04T08:38:21.617Z"}
{"context":"RouterExplorer","level":"info","message":"Mapped {/attribute, GET} route","timestamp":"2026-05-04T08:38:21.617Z"}
{"context":"RouterExplorer","level":"info","message":"Mapped {/attribute/:id, GET} route","timestamp":"2026-05-04T08:38:21.617Z"}
{"context":"RouterExplorer","level":"info","message":"Mapped {/attribute/:id, PATCH} route","timestamp":"2026-05-04T08:38:21.617Z"}
{"context":"RouterExplorer","level":"info","message":"Mapped {/attribute/:id, DELETE} route","timestamp":"2026-05-04T08:38:21.618Z"}
{"context":"PrismaService","level":"info","message":"Kết nối database thành công","timestamp":"2026-05-04T08:38:21.656Z"}
{"context":"NestApplication","level":"info","message":"Nest application successfully started","timestamp":"2026-05-04T08:38:21.659Z"}
{"level":"info","message":"Khởi tạo ứng dụng...","timestamp":"2026-05-04T08:38:29.012Z"}
{"context":"NestFactory","level":"info","message":"Starting Nest application...","timestamp":"2026-05-04T08:38:29.085Z"}
{"context":"InstanceLoader","level":"info","message":"PassportModule dependencies initialized","timestamp":"2026-05-04T08:38:29.092Z"}
{"context":"InstanceLoader","level":"info","message":"ConfigHostModule dependencies initialized","timestamp":"2026-05-04T08:38:29.093Z"}
{"context":"PrismaService","level":"info","message":"🔌 Prisma Connection String: postgresql://admin:******@localhost:5433/kyc_asset_db?schema=public","timestamp":"2026-05-04T08:38:29.096Z"}
{"context":"InstanceLoader","level":"info","message":"AppModule dependencies initialized","timestamp":"2026-05-04T08:38:29.096Z"}
{"context":"InstanceLoader","level":"info","message":"ConfigModule dependencies initialized","timestamp":"2026-05-04T08:38:29.096Z"}
{"context":"InstanceLoader","level":"info","message":"CommonModule dependencies initialized","timestamp":"2026-05-04T08:38:29.096Z"}
{"context":"InstanceLoader","level":"info","message":"JwtModule dependencies initialized","timestamp":"2026-05-04T08:38:29.097Z"}
{"context":"InstanceLoader","level":"info","message":"PrismaModule dependencies initialized","timestamp":"2026-05-04T08:38:29.097Z"}
{"context":"InstanceLoader","level":"info","message":"AuthModule dependencies initialized","timestamp":"2026-05-04T08:38:29.098Z"}
{"context":"InstanceLoader","level":"info","message":"WhitelistIpModule dependencies initialized","timestamp":"2026-05-04T08:38:29.098Z"}
{"context":"InstanceLoader","level":"info","message":"AttributeModule dependencies initialized","timestamp":"2026-05-04T08:38:29.098Z"}
{"context":"InstanceLoader","level":"info","message":"UsersModule dependencies initialized","timestamp":"2026-05-04T08:38:29.098Z"}
{"context":"InstanceLoader","level":"info","message":"RolesModule dependencies initialized","timestamp":"2026-05-04T08:38:29.098Z"}
{"context":"InstanceLoader","level":"info","message":"PermissionsModule dependencies initialized","timestamp":"2026-05-04T08:38:29.099Z"}
{"context":"RoutesResolver","level":"info","message":"AppController {/}:","timestamp":"2026-05-04T08:38:29.120Z"}
{"context":"RouterExplorer","level":"info","message":"Mapped {/, GET} route","timestamp":"2026-05-04T08:38:29.122Z"}
{"context":"RoutesResolver","level":"info","message":"UsersController {/users}:","timestamp":"2026-05-04T08:38:29.122Z"}
{"context":"RouterExplorer","level":"info","message":"Mapped {/users, POST} route","timestamp":"2026-05-04T08:38:29.122Z"}
{"context":"RouterExplorer","level":"info","message":"Mapped {/users, GET} route","timestamp":"2026-05-04T08:38:29.123Z"}
{"context":"RouterExplorer","level":"info","message":"Mapped {/users/:id, GET} route","timestamp":"2026-05-04T08:38:29.123Z"}
{"context":"RouterExplorer","level":"info","message":"Mapped {/users/:id, PATCH} route","timestamp":"2026-05-04T08:38:29.123Z"}
{"context":"RouterExplorer","level":"info","message":"Mapped {/users/:id, DELETE} route","timestamp":"2026-05-04T08:38:29.123Z"}
{"context":"RoutesResolver","level":"info","message":"WhitelistIpController {/whitelist-ip}:","timestamp":"2026-05-04T08:38:29.123Z"}
{"context":"RouterExplorer","level":"info","message":"Mapped {/whitelist-ip, POST} route","timestamp":"2026-05-04T08:38:29.124Z"}
{"context":"RouterExplorer","level":"info","message":"Mapped {/whitelist-ip, GET} route","timestamp":"2026-05-04T08:38:29.124Z"}
{"context":"RouterExplorer","level":"info","message":"Mapped {/whitelist-ip/:id, GET} route","timestamp":"2026-05-04T08:38:29.124Z"}
{"context":"RouterExplorer","level":"info","message":"Mapped {/whitelist-ip/:id, PATCH} route","timestamp":"2026-05-04T08:38:29.124Z"}
{"context":"RouterExplorer","level":"info","message":"Mapped {/whitelist-ip/:id, DELETE} route","timestamp":"2026-05-04T08:38:29.124Z"}
{"context":"RoutesResolver","level":"info","message":"RolesController {/roles}:","timestamp":"2026-05-04T08:38:29.124Z"}
{"context":"RouterExplorer","level":"info","message":"Mapped {/roles, POST} route","timestamp":"2026-05-04T08:38:29.125Z"}
{"context":"RouterExplorer","level":"info","message":"Mapped {/roles, GET} route","timestamp":"2026-05-04T08:38:29.125Z"}
{"context":"RouterExplorer","level":"info","message":"Mapped {/roles/:id, GET} route","timestamp":"2026-05-04T08:38:29.125Z"}
{"context":"RouterExplorer","level":"info","message":"Mapped {/roles/:id, PATCH} route","timestamp":"2026-05-04T08:38:29.125Z"}
{"context":"RouterExplorer","level":"info","message":"Mapped {/roles/:id, DELETE} route","timestamp":"2026-05-04T08:38:29.125Z"}
{"context":"RoutesResolver","level":"info","message":"PermissionsController {/permissions}:","timestamp":"2026-05-04T08:38:29.125Z"}
{"context":"RouterExplorer","level":"info","message":"Mapped {/permissions, POST} route","timestamp":"2026-05-04T08:38:29.125Z"}
{"context":"RouterExplorer","level":"info","message":"Mapped {/permissions, GET} route","timestamp":"2026-05-04T08:38:29.125Z"}
{"context":"RouterExplorer","level":"info","message":"Mapped {/permissions/:id, PATCH} route","timestamp":"2026-05-04T08:38:29.126Z"}
{"context":"RouterExplorer","level":"info","message":"Mapped {/permissions/:id, DELETE} route","timestamp":"2026-05-04T08:38:29.126Z"}
{"context":"RoutesResolver","level":"info","message":"AuthController {/auth}:","timestamp":"2026-05-04T08:38:29.126Z"}
{"context":"RouterExplorer","level":"info","message":"Mapped {/auth/register, POST} route","timestamp":"2026-05-04T08:38:29.126Z"}
{"context":"RouterExplorer","level":"info","message":"Mapped {/auth/login, POST} route","timestamp":"2026-05-04T08:38:29.126Z"}
{"context":"RouterExplorer","level":"info","message":"Mapped {/auth/refresh, POST} route","timestamp":"2026-05-04T08:38:29.127Z"}
{"context":"RouterExplorer","level":"info","message":"Mapped {/auth/logout, POST} route","timestamp":"2026-05-04T08:38:29.127Z"}
{"context":"RouterExplorer","level":"info","message":"Mapped {/auth/me, GET} route","timestamp":"2026-05-04T08:38:29.127Z"}
{"context":"RouterExplorer","level":"info","message":"Mapped {/auth/me/password, PATCH} route","timestamp":"2026-05-04T08:38:29.127Z"}
{"context":"RoutesResolver","level":"info","message":"AttributeController {/attribute}:","timestamp":"2026-05-04T08:38:29.127Z"}
{"context":"RouterExplorer","level":"info","message":"Mapped {/attribute, POST} route","timestamp":"2026-05-04T08:38:29.127Z"}
{"context":"RouterExplorer","level":"info","message":"Mapped {/attribute, GET} route","timestamp":"2026-05-04T08:38:29.128Z"}
{"context":"RouterExplorer","level":"info","message":"Mapped {/attribute/:id, GET} route","timestamp":"2026-05-04T08:38:29.128Z"}
{"context":"RouterExplorer","level":"info","message":"Mapped {/attribute/:id, PATCH} route","timestamp":"2026-05-04T08:38:29.128Z"}
{"context":"RouterExplorer","level":"info","message":"Mapped {/attribute/:id, DELETE} route","timestamp":"2026-05-04T08:38:29.128Z"}
{"context":"PrismaService","level":"info","message":"Kết nối database thành công","timestamp":"2026-05-04T08:38:29.166Z"}
{"context":"NestApplication","level":"info","message":"Nest application successfully started","timestamp":"2026-05-04T08:38:29.170Z"}
{"level":"info","message":"Khởi tạo ứng dụng...","timestamp":"2026-05-04T08:38:53.764Z"}
{"context":"NestFactory","level":"info","message":"Starting Nest application...","timestamp":"2026-05-04T08:38:53.835Z"}
{"context":"InstanceLoader","level":"info","message":"PassportModule dependencies initialized","timestamp":"2026-05-04T08:38:53.843Z"}
{"context":"InstanceLoader","level":"info","message":"ConfigHostModule dependencies initialized","timestamp":"2026-05-04T08:38:53.843Z"}
{"context":"PrismaService","level":"info","message":"🔌 Prisma Connection String: postgresql://admin:******@localhost:5433/kyc_asset_db?schema=public","timestamp":"2026-05-04T08:38:53.846Z"}
{"context":"InstanceLoader","level":"info","message":"AppModule dependencies initialized","timestamp":"2026-05-04T08:38:53.846Z"}
{"context":"InstanceLoader","level":"info","message":"ConfigModule dependencies initialized","timestamp":"2026-05-04T08:38:53.846Z"}
{"context":"InstanceLoader","level":"info","message":"CommonModule dependencies initialized","timestamp":"2026-05-04T08:38:53.846Z"}
{"context":"InstanceLoader","level":"info","message":"JwtModule dependencies initialized","timestamp":"2026-05-04T08:38:53.847Z"}
{"context":"InstanceLoader","level":"info","message":"PrismaModule dependencies initialized","timestamp":"2026-05-04T08:38:53.847Z"}
{"context":"InstanceLoader","level":"info","message":"AuthModule dependencies initialized","timestamp":"2026-05-04T08:38:53.849Z"}
{"context":"InstanceLoader","level":"info","message":"WhitelistIpModule dependencies initialized","timestamp":"2026-05-04T08:38:53.849Z"}
{"context":"InstanceLoader","level":"info","message":"AttributeModule dependencies initialized","timestamp":"2026-05-04T08:38:53.849Z"}
{"context":"InstanceLoader","level":"info","message":"UsersModule dependencies initialized","timestamp":"2026-05-04T08:38:53.850Z"}
{"context":"InstanceLoader","level":"info","message":"RolesModule dependencies initialized","timestamp":"2026-05-04T08:38:53.850Z"}
{"context":"InstanceLoader","level":"info","message":"PermissionsModule dependencies initialized","timestamp":"2026-05-04T08:38:53.850Z"}
{"context":"RoutesResolver","level":"info","message":"AppController {/}:","timestamp":"2026-05-04T08:38:53.872Z"}
{"context":"RouterExplorer","level":"info","message":"Mapped {/, GET} route","timestamp":"2026-05-04T08:38:53.873Z"}
{"context":"RoutesResolver","level":"info","message":"UsersController {/users}:","timestamp":"2026-05-04T08:38:53.873Z"}
{"context":"RouterExplorer","level":"info","message":"Mapped {/users, POST} route","timestamp":"2026-05-04T08:38:53.874Z"}
{"context":"RouterExplorer","level":"info","message":"Mapped {/users, GET} route","timestamp":"2026-05-04T08:38:53.874Z"}
{"context":"RouterExplorer","level":"info","message":"Mapped {/users/:id, GET} route","timestamp":"2026-05-04T08:38:53.874Z"}
{"context":"RouterExplorer","level":"info","message":"Mapped {/users/:id, PATCH} route","timestamp":"2026-05-04T08:38:53.875Z"}
{"context":"RouterExplorer","level":"info","message":"Mapped {/users/:id, DELETE} route","timestamp":"2026-05-04T08:38:53.875Z"}
{"context":"RoutesResolver","level":"info","message":"WhitelistIpController {/whitelist-ip}:","timestamp":"2026-05-04T08:38:53.875Z"}
{"context":"RouterExplorer","level":"info","message":"Mapped {/whitelist-ip, POST} route","timestamp":"2026-05-04T08:38:53.875Z"}
{"context":"RouterExplorer","level":"info","message":"Mapped {/whitelist-ip, GET} route","timestamp":"2026-05-04T08:38:53.875Z"}
{"context":"RouterExplorer","level":"info","message":"Mapped {/whitelist-ip/:id, GET} route","timestamp":"2026-05-04T08:38:53.875Z"}
{"context":"RouterExplorer","level":"info","message":"Mapped {/whitelist-ip/:id, PATCH} route","timestamp":"2026-05-04T08:38:53.876Z"}
{"context":"RouterExplorer","level":"info","message":"Mapped {/whitelist-ip/:id, DELETE} route","timestamp":"2026-05-04T08:38:53.876Z"}
{"context":"RoutesResolver","level":"info","message":"RolesController {/roles}:","timestamp":"2026-05-04T08:38:53.876Z"}
{"context":"RouterExplorer","level":"info","message":"Mapped {/roles, POST} route","timestamp":"2026-05-04T08:38:53.876Z"}
{"context":"RouterExplorer","level":"info","message":"Mapped {/roles, GET} route","timestamp":"2026-05-04T08:38:53.876Z"}
{"context":"RouterExplorer","level":"info","message":"Mapped {/roles/:id, GET} route","timestamp":"2026-05-04T08:38:53.876Z"}
{"context":"RouterExplorer","level":"info","message":"Mapped {/roles/:id, PATCH} route","timestamp":"2026-05-04T08:38:53.877Z"}
{"context":"RouterExplorer","level":"info","message":"Mapped {/roles/:id, DELETE} route","timestamp":"2026-05-04T08:38:53.877Z"}
{"context":"RoutesResolver","level":"info","message":"PermissionsController {/permissions}:","timestamp":"2026-05-04T08:38:53.877Z"}
{"context":"RouterExplorer","level":"info","message":"Mapped {/permissions, POST} route","timestamp":"2026-05-04T08:38:53.877Z"}
{"context":"RouterExplorer","level":"info","message":"Mapped {/permissions, GET} route","timestamp":"2026-05-04T08:38:53.877Z"}
{"context":"RouterExplorer","level":"info","message":"Mapped {/permissions/:id, PATCH} route","timestamp":"2026-05-04T08:38:53.877Z"}
{"context":"RouterExplorer","level":"info","message":"Mapped {/permissions/:id, DELETE} route","timestamp":"2026-05-04T08:38:53.877Z"}
{"context":"RoutesResolver","level":"info","message":"AuthController {/auth}:","timestamp":"2026-05-04T08:38:53.877Z"}
{"context":"RouterExplorer","level":"info","message":"Mapped {/auth/register, POST} route","timestamp":"2026-05-04T08:38:53.878Z"}
{"context":"RouterExplorer","level":"info","message":"Mapped {/auth/login, POST} route","timestamp":"2026-05-04T08:38:53.878Z"}
{"context":"RouterExplorer","level":"info","message":"Mapped {/auth/refresh, POST} route","timestamp":"2026-05-04T08:38:53.878Z"}
{"context":"RouterExplorer","level":"info","message":"Mapped {/auth/logout, POST} route","timestamp":"2026-05-04T08:38:53.878Z"}
{"context":"RouterExplorer","level":"info","message":"Mapped {/auth/me, GET} route","timestamp":"2026-05-04T08:38:53.878Z"}
{"context":"RouterExplorer","level":"info","message":"Mapped {/auth/me/password, PATCH} route","timestamp":"2026-05-04T08:38:53.879Z"}
{"context":"RoutesResolver","level":"info","message":"AttributeController {/attribute}:","timestamp":"2026-05-04T08:38:53.879Z"}
{"context":"RouterExplorer","level":"info","message":"Mapped {/attribute, POST} route","timestamp":"2026-05-04T08:38:53.879Z"}
{"context":"RouterExplorer","level":"info","message":"Mapped {/attribute, GET} route","timestamp":"2026-05-04T08:38:53.879Z"}
{"context":"RouterExplorer","level":"info","message":"Mapped {/attribute/:id, GET} route","timestamp":"2026-05-04T08:38:53.879Z"}
{"context":"RouterExplorer","level":"info","message":"Mapped {/attribute/:id, PATCH} route","timestamp":"2026-05-04T08:38:53.879Z"}
{"context":"RouterExplorer","level":"info","message":"Mapped {/attribute/:id, DELETE} route","timestamp":"2026-05-04T08:38:53.880Z"}
{"context":"PrismaService","level":"info","message":"Kết nối database thành công","timestamp":"2026-05-04T08:38:53.919Z"}
{"context":"NestApplication","level":"info","message":"Nest application successfully started","timestamp":"2026-05-04T08:38:53.922Z"}
{"level":"info","message":"Khởi tạo ứng dụng...","timestamp":"2026-05-04T08:41:24.142Z"}
{"context":"NestFactory","level":"info","message":"Starting Nest application...","timestamp":"2026-05-04T08:41:24.215Z"}
{"context":"InstanceLoader","level":"info","message":"PassportModule dependencies initialized","timestamp":"2026-05-04T08:41:24.224Z"}
{"context":"InstanceLoader","level":"info","message":"ConfigHostModule dependencies initialized","timestamp":"2026-05-04T08:41:24.224Z"}
{"context":"PrismaService","level":"info","message":"🔌 Prisma Connection String: postgresql://admin:******@localhost:5433/kyc_asset_db?schema=public","timestamp":"2026-05-04T08:41:24.227Z"}
{"context":"InstanceLoader","level":"info","message":"AppModule dependencies initialized","timestamp":"2026-05-04T08:41:24.227Z"}
{"context":"InstanceLoader","level":"info","message":"ConfigModule dependencies initialized","timestamp":"2026-05-04T08:41:24.228Z"}
{"context":"InstanceLoader","level":"info","message":"CommonModule dependencies initialized","timestamp":"2026-05-04T08:41:24.228Z"}
{"context":"InstanceLoader","level":"info","message":"JwtModule dependencies initialized","timestamp":"2026-05-04T08:41:24.228Z"}
{"context":"InstanceLoader","level":"info","message":"PrismaModule dependencies initialized","timestamp":"2026-05-04T08:41:24.229Z"}
{"context":"InstanceLoader","level":"info","message":"AuthModule dependencies initialized","timestamp":"2026-05-04T08:41:24.230Z"}
{"context":"InstanceLoader","level":"info","message":"WhitelistIpModule dependencies initialized","timestamp":"2026-05-04T08:41:24.230Z"}
{"context":"InstanceLoader","level":"info","message":"AttributeModule dependencies initialized","timestamp":"2026-05-04T08:41:24.230Z"}
{"context":"InstanceLoader","level":"info","message":"UsersModule dependencies initialized","timestamp":"2026-05-04T08:41:24.230Z"}
{"context":"InstanceLoader","level":"info","message":"RolesModule dependencies initialized","timestamp":"2026-05-04T08:41:24.231Z"}
{"context":"InstanceLoader","level":"info","message":"PermissionsModule dependencies initialized","timestamp":"2026-05-04T08:41:24.231Z"}
{"context":"RoutesResolver","level":"info","message":"AppController {/}:","timestamp":"2026-05-04T08:41:24.259Z"}
{"context":"RouterExplorer","level":"info","message":"Mapped {/, GET} route","timestamp":"2026-05-04T08:41:24.262Z"}
{"context":"RoutesResolver","level":"info","message":"UsersController {/users}:","timestamp":"2026-05-04T08:41:24.262Z"}
{"context":"RouterExplorer","level":"info","message":"Mapped {/users, POST} route","timestamp":"2026-05-04T08:41:24.263Z"}
{"context":"RouterExplorer","level":"info","message":"Mapped {/users, GET} route","timestamp":"2026-05-04T08:41:24.263Z"}
{"context":"RouterExplorer","level":"info","message":"Mapped {/users/:id, GET} route","timestamp":"2026-05-04T08:41:24.264Z"}
{"context":"RouterExplorer","level":"info","message":"Mapped {/users/:id, PATCH} route","timestamp":"2026-05-04T08:41:24.264Z"}
{"context":"RouterExplorer","level":"info","message":"Mapped {/users/:id, DELETE} route","timestamp":"2026-05-04T08:41:24.265Z"}
{"context":"RoutesResolver","level":"info","message":"WhitelistIpController {/whitelist-ip}:","timestamp":"2026-05-04T08:41:24.265Z"}
{"context":"RouterExplorer","level":"info","message":"Mapped {/whitelist-ip, POST} route","timestamp":"2026-05-04T08:41:24.266Z"}
{"context":"RouterExplorer","level":"info","message":"Mapped {/whitelist-ip, GET} route","timestamp":"2026-05-04T08:41:24.266Z"}
{"context":"RouterExplorer","level":"info","message":"Mapped {/whitelist-ip/:id, GET} route","timestamp":"2026-05-04T08:41:24.267Z"}
{"context":"RouterExplorer","level":"info","message":"Mapped {/whitelist-ip/:id, PATCH} route","timestamp":"2026-05-04T08:41:24.267Z"}
{"context":"RouterExplorer","level":"info","message":"Mapped {/whitelist-ip/:id, DELETE} route","timestamp":"2026-05-04T08:41:24.268Z"}
{"context":"RoutesResolver","level":"info","message":"RolesController {/roles}:","timestamp":"2026-05-04T08:41:24.268Z"}
{"context":"RouterExplorer","level":"info","message":"Mapped {/roles, POST} route","timestamp":"2026-05-04T08:41:24.268Z"}
{"context":"RouterExplorer","level":"info","message":"Mapped {/roles, GET} route","timestamp":"2026-05-04T08:41:24.269Z"}
{"context":"RouterExplorer","level":"info","message":"Mapped {/roles/:id, GET} route","timestamp":"2026-05-04T08:41:24.269Z"}
{"context":"RouterExplorer","level":"info","message":"Mapped {/roles/:id, PATCH} route","timestamp":"2026-05-04T08:41:24.269Z"}
{"context":"RouterExplorer","level":"info","message":"Mapped {/roles/:id, DELETE} route","timestamp":"2026-05-04T08:41:24.270Z"}
{"context":"RoutesResolver","level":"info","message":"PermissionsController {/permissions}:","timestamp":"2026-05-04T08:41:24.270Z"}
{"context":"RouterExplorer","level":"info","message":"Mapped {/permissions, POST} route","timestamp":"2026-05-04T08:41:24.270Z"}
{"context":"RouterExplorer","level":"info","message":"Mapped {/permissions, GET} route","timestamp":"2026-05-04T08:41:24.271Z"}
{"context":"RouterExplorer","level":"info","message":"Mapped {/permissions/:id, PATCH} route","timestamp":"2026-05-04T08:41:24.271Z"}
{"context":"RouterExplorer","level":"info","message":"Mapped {/permissions/:id, DELETE} route","timestamp":"2026-05-04T08:41:24.271Z"}
{"context":"RoutesResolver","level":"info","message":"AuthController {/auth}:","timestamp":"2026-05-04T08:41:24.272Z"}
{"context":"RouterExplorer","level":"info","message":"Mapped {/auth/register, POST} route","timestamp":"2026-05-04T08:41:24.272Z"}
{"context":"RouterExplorer","level":"info","message":"Mapped {/auth/login, POST} route","timestamp":"2026-05-04T08:41:24.272Z"}
{"context":"RouterExplorer","level":"info","message":"Mapped {/auth/refresh, POST} route","timestamp":"2026-05-04T08:41:24.273Z"}
{"context":"RouterExplorer","level":"info","message":"Mapped {/auth/logout, POST} route","timestamp":"2026-05-04T08:41:24.273Z"}
{"context":"RouterExplorer","level":"info","message":"Mapped {/auth/me, GET} route","timestamp":"2026-05-04T08:41:24.274Z"}
{"context":"RouterExplorer","level":"info","message":"Mapped {/auth/me/password, PATCH} route","timestamp":"2026-05-04T08:41:24.274Z"}
{"context":"RoutesResolver","level":"info","message":"AttributeController {/attribute}:","timestamp":"2026-05-04T08:41:24.274Z"}
{"context":"RouterExplorer","level":"info","message":"Mapped {/attribute, POST} route","timestamp":"2026-05-04T08:41:24.275Z"}
{"context":"RouterExplorer","level":"info","message":"Mapped {/attribute, GET} route","timestamp":"2026-05-04T08:41:24.275Z"}
{"context":"RouterExplorer","level":"info","message":"Mapped {/attribute/:id, GET} route","timestamp":"2026-05-04T08:41:24.276Z"}
{"context":"RouterExplorer","level":"info","message":"Mapped {/attribute/:id, PATCH} route","timestamp":"2026-05-04T08:41:24.276Z"}
{"context":"RouterExplorer","level":"info","message":"Mapped {/attribute/:id, DELETE} route","timestamp":"2026-05-04T08:41:24.276Z"}
{"context":"PrismaService","level":"info","message":"Kết nối database thành công","timestamp":"2026-05-04T08:41:24.324Z"}
{"context":"NestApplication","level":"info","message":"Nest application successfully started","timestamp":"2026-05-04T08:41:24.328Z"}
{"level":"info","message":"Khởi tạo ứng dụng...","timestamp":"2026-05-04T08:41:26.919Z"}
{"context":"NestFactory","level":"info","message":"Starting Nest application...","timestamp":"2026-05-04T08:41:26.987Z"}
{"context":"InstanceLoader","level":"info","message":"PassportModule dependencies initialized","timestamp":"2026-05-04T08:41:26.995Z"}
{"context":"InstanceLoader","level":"info","message":"ConfigHostModule dependencies initialized","timestamp":"2026-05-04T08:41:26.996Z"}
{"context":"PrismaService","level":"info","message":"🔌 Prisma Connection String: postgresql://admin:******@localhost:5433/kyc_asset_db?schema=public","timestamp":"2026-05-04T08:41:26.999Z"}
{"context":"InstanceLoader","level":"info","message":"AppModule dependencies initialized","timestamp":"2026-05-04T08:41:26.999Z"}
{"context":"InstanceLoader","level":"info","message":"ConfigModule dependencies initialized","timestamp":"2026-05-04T08:41:26.999Z"}
{"context":"InstanceLoader","level":"info","message":"CommonModule dependencies initialized","timestamp":"2026-05-04T08:41:27.000Z"}
{"context":"InstanceLoader","level":"info","message":"JwtModule dependencies initialized","timestamp":"2026-05-04T08:41:27.000Z"}
{"context":"InstanceLoader","level":"info","message":"PrismaModule dependencies initialized","timestamp":"2026-05-04T08:41:27.000Z"}
{"context":"InstanceLoader","level":"info","message":"AuthModule dependencies initialized","timestamp":"2026-05-04T08:41:27.001Z"}
{"context":"InstanceLoader","level":"info","message":"WhitelistIpModule dependencies initialized","timestamp":"2026-05-04T08:41:27.001Z"}
{"context":"InstanceLoader","level":"info","message":"AttributeModule dependencies initialized","timestamp":"2026-05-04T08:41:27.002Z"}
{"context":"InstanceLoader","level":"info","message":"UsersModule dependencies initialized","timestamp":"2026-05-04T08:41:27.002Z"}
{"context":"InstanceLoader","level":"info","message":"RolesModule dependencies initialized","timestamp":"2026-05-04T08:41:27.002Z"}
{"context":"InstanceLoader","level":"info","message":"PermissionsModule dependencies initialized","timestamp":"2026-05-04T08:41:27.002Z"}
{"context":"RoutesResolver","level":"info","message":"AppController {/}:","timestamp":"2026-05-04T08:41:27.024Z"}
{"context":"RouterExplorer","level":"info","message":"Mapped {/, GET} route","timestamp":"2026-05-04T08:41:27.025Z"}
{"context":"RoutesResolver","level":"info","message":"UsersController {/users}:","timestamp":"2026-05-04T08:41:27.025Z"}
{"context":"RouterExplorer","level":"info","message":"Mapped {/users, POST} route","timestamp":"2026-05-04T08:41:27.026Z"}
{"context":"RouterExplorer","level":"info","message":"Mapped {/users, GET} route","timestamp":"2026-05-04T08:41:27.026Z"}
{"context":"RouterExplorer","level":"info","message":"Mapped {/users/:id, GET} route","timestamp":"2026-05-04T08:41:27.026Z"}
{"context":"RouterExplorer","level":"info","message":"Mapped {/users/:id, PATCH} route","timestamp":"2026-05-04T08:41:27.026Z"}
{"context":"RouterExplorer","level":"info","message":"Mapped {/users/:id, DELETE} route","timestamp":"2026-05-04T08:41:27.027Z"}
{"context":"RoutesResolver","level":"info","message":"WhitelistIpController {/whitelist-ip}:","timestamp":"2026-05-04T08:41:27.027Z"}
{"context":"RouterExplorer","level":"info","message":"Mapped {/whitelist-ip, POST} route","timestamp":"2026-05-04T08:41:27.027Z"}
{"context":"RouterExplorer","level":"info","message":"Mapped {/whitelist-ip, GET} route","timestamp":"2026-05-04T08:41:27.028Z"}
{"context":"RouterExplorer","level":"info","message":"Mapped {/whitelist-ip/:id, GET} route","timestamp":"2026-05-04T08:41:27.028Z"}
{"context":"RouterExplorer","level":"info","message":"Mapped {/whitelist-ip/:id, PATCH} route","timestamp":"2026-05-04T08:41:27.028Z"}
{"context":"RouterExplorer","level":"info","message":"Mapped {/whitelist-ip/:id, DELETE} route","timestamp":"2026-05-04T08:41:27.028Z"}
{"context":"RoutesResolver","level":"info","message":"RolesController {/roles}:","timestamp":"2026-05-04T08:41:27.028Z"}
{"context":"RouterExplorer","level":"info","message":"Mapped {/roles, POST} route","timestamp":"2026-05-04T08:41:27.029Z"}
{"context":"RouterExplorer","level":"info","message":"Mapped {/roles, GET} route","timestamp":"2026-05-04T08:41:27.029Z"}
{"context":"RouterExplorer","level":"info","message":"Mapped {/roles/:id, GET} route","timestamp":"2026-05-04T08:41:27.029Z"}
{"context":"RouterExplorer","level":"info","message":"Mapped {/roles/:id, PATCH} route","timestamp":"2026-05-04T08:41:27.029Z"}
{"context":"RouterExplorer","level":"info","message":"Mapped {/roles/:id, DELETE} route","timestamp":"2026-05-04T08:41:27.029Z"}
{"context":"RoutesResolver","level":"info","message":"PermissionsController {/permissions}:","timestamp":"2026-05-04T08:41:27.029Z"}
{"context":"RouterExplorer","level":"info","message":"Mapped {/permissions, POST} route","timestamp":"2026-05-04T08:41:27.030Z"}
{"context":"RouterExplorer","level":"info","message":"Mapped {/permissions, GET} route","timestamp":"2026-05-04T08:41:27.030Z"}
{"context":"RouterExplorer","level":"info","message":"Mapped {/permissions/:id, PATCH} route","timestamp":"2026-05-04T08:41:27.030Z"}
{"context":"RouterExplorer","level":"info","message":"Mapped {/permissions/:id, DELETE} route","timestamp":"2026-05-04T08:41:27.030Z"}
{"context":"RoutesResolver","level":"info","message":"AuthController {/auth}:","timestamp":"2026-05-04T08:41:27.030Z"}
{"context":"RouterExplorer","level":"info","message":"Mapped {/auth/register, POST} route","timestamp":"2026-05-04T08:41:27.030Z"}
{"context":"RouterExplorer","level":"info","message":"Mapped {/auth/login, POST} route","timestamp":"2026-05-04T08:41:27.031Z"}
{"context":"RouterExplorer","level":"info","message":"Mapped {/auth/refresh, POST} route","timestamp":"2026-05-04T08:41:27.031Z"}
{"context":"RouterExplorer","level":"info","message":"Mapped {/auth/logout, POST} route","timestamp":"2026-05-04T08:41:27.031Z"}
{"context":"RouterExplorer","level":"info","message":"Mapped {/auth/me, GET} route","timestamp":"2026-05-04T08:41:27.031Z"}
{"context":"RouterExplorer","level":"info","message":"Mapped {/auth/me/password, PATCH} route","timestamp":"2026-05-04T08:41:27.031Z"}
{"context":"RoutesResolver","level":"info","message":"AttributeController {/attribute}:","timestamp":"2026-05-04T08:41:27.031Z"}
{"context":"RouterExplorer","level":"info","message":"Mapped {/attribute, POST} route","timestamp":"2026-05-04T08:41:27.032Z"}
{"context":"RouterExplorer","level":"info","message":"Mapped {/attribute, GET} route","timestamp":"2026-05-04T08:41:27.032Z"}
{"context":"RouterExplorer","level":"info","message":"Mapped {/attribute/:id, GET} route","timestamp":"2026-05-04T08:41:27.032Z"}
{"context":"RouterExplorer","level":"info","message":"Mapped {/attribute/:id, PATCH} route","timestamp":"2026-05-04T08:41:27.032Z"}
{"context":"RouterExplorer","level":"info","message":"Mapped {/attribute/:id, DELETE} route","timestamp":"2026-05-04T08:41:27.033Z"}
{"context":"PrismaService","level":"info","message":"Kết nối database thành công","timestamp":"2026-05-04T08:41:27.072Z"}
{"context":"NestApplication","level":"info","message":"Nest application successfully started","timestamp":"2026-05-04T08:41:27.075Z"}
{"level":"info","message":"Khởi tạo ứng dụng...","timestamp":"2026-05-04T08:41:41.115Z"}
{"context":"NestFactory","level":"info","message":"Starting Nest application...","timestamp":"2026-05-04T08:41:41.183Z"}
{"context":"InstanceLoader","level":"info","message":"PassportModule dependencies initialized","timestamp":"2026-05-04T08:41:41.192Z"}
{"context":"InstanceLoader","level":"info","message":"ConfigHostModule dependencies initialized","timestamp":"2026-05-04T08:41:41.192Z"}
{"context":"PrismaService","level":"info","message":"🔌 Prisma Connection String: postgresql://admin:******@localhost:5433/kyc_asset_db?schema=public","timestamp":"2026-05-04T08:41:41.195Z"}
{"context":"InstanceLoader","level":"info","message":"AppModule dependencies initialized","timestamp":"2026-05-04T08:41:41.195Z"}
{"context":"InstanceLoader","level":"info","message":"ConfigModule dependencies initialized","timestamp":"2026-05-04T08:41:41.195Z"}
{"context":"InstanceLoader","level":"info","message":"CommonModule dependencies initialized","timestamp":"2026-05-04T08:41:41.196Z"}
{"context":"InstanceLoader","level":"info","message":"JwtModule dependencies initialized","timestamp":"2026-05-04T08:41:41.197Z"}
{"context":"InstanceLoader","level":"info","message":"PrismaModule dependencies initialized","timestamp":"2026-05-04T08:41:41.197Z"}
{"context":"InstanceLoader","level":"info","message":"AuthModule dependencies initialized","timestamp":"2026-05-04T08:41:41.198Z"}
{"context":"InstanceLoader","level":"info","message":"WhitelistIpModule dependencies initialized","timestamp":"2026-05-04T08:41:41.198Z"}
{"context":"InstanceLoader","level":"info","message":"AttributeModule dependencies initialized","timestamp":"2026-05-04T08:41:41.198Z"}
{"context":"InstanceLoader","level":"info","message":"UsersModule dependencies initialized","timestamp":"2026-05-04T08:41:41.198Z"}
{"context":"InstanceLoader","level":"info","message":"RolesModule dependencies initialized","timestamp":"2026-05-04T08:41:41.198Z"}
{"context":"InstanceLoader","level":"info","message":"PermissionsModule dependencies initialized","timestamp":"2026-05-04T08:41:41.199Z"}
{"context":"RoutesResolver","level":"info","message":"AppController {/}:","timestamp":"2026-05-04T08:41:41.220Z"}
{"context":"RouterExplorer","level":"info","message":"Mapped {/, GET} route","timestamp":"2026-05-04T08:41:41.221Z"}
{"context":"RoutesResolver","level":"info","message":"UsersController {/users}:","timestamp":"2026-05-04T08:41:41.221Z"}
{"context":"RouterExplorer","level":"info","message":"Mapped {/users, POST} route","timestamp":"2026-05-04T08:41:41.222Z"}
{"context":"RouterExplorer","level":"info","message":"Mapped {/users, GET} route","timestamp":"2026-05-04T08:41:41.222Z"}
{"context":"RouterExplorer","level":"info","message":"Mapped {/users/:id, GET} route","timestamp":"2026-05-04T08:41:41.222Z"}
{"context":"RouterExplorer","level":"info","message":"Mapped {/users/:id, PATCH} route","timestamp":"2026-05-04T08:41:41.223Z"}
{"context":"RouterExplorer","level":"info","message":"Mapped {/users/:id, DELETE} route","timestamp":"2026-05-04T08:41:41.223Z"}
{"context":"RoutesResolver","level":"info","message":"WhitelistIpController {/whitelist-ip}:","timestamp":"2026-05-04T08:41:41.223Z"}
{"context":"RouterExplorer","level":"info","message":"Mapped {/whitelist-ip, POST} route","timestamp":"2026-05-04T08:41:41.223Z"}
{"context":"RouterExplorer","level":"info","message":"Mapped {/whitelist-ip, GET} route","timestamp":"2026-05-04T08:41:41.223Z"}
{"context":"RouterExplorer","level":"info","message":"Mapped {/whitelist-ip/:id, GET} route","timestamp":"2026-05-04T08:41:41.223Z"}
{"context":"RouterExplorer","level":"info","message":"Mapped {/whitelist-ip/:id, PATCH} route","timestamp":"2026-05-04T08:41:41.224Z"}
{"context":"RouterExplorer","level":"info","message":"Mapped {/whitelist-ip/:id, DELETE} route","timestamp":"2026-05-04T08:41:41.224Z"}
{"context":"RoutesResolver","level":"info","message":"RolesController {/roles}:","timestamp":"2026-05-04T08:41:41.224Z"}
{"context":"RouterExplorer","level":"info","message":"Mapped {/roles, POST} route","timestamp":"2026-05-04T08:41:41.224Z"}
{"context":"RouterExplorer","level":"info","message":"Mapped {/roles, GET} route","timestamp":"2026-05-04T08:41:41.224Z"}
{"context":"RouterExplorer","level":"info","message":"Mapped {/roles/:id, GET} route","timestamp":"2026-05-04T08:41:41.224Z"}
{"context":"RouterExplorer","level":"info","message":"Mapped {/roles/:id, PATCH} route","timestamp":"2026-05-04T08:41:41.224Z"}
{"context":"RouterExplorer","level":"info","message":"Mapped {/roles/:id, DELETE} route","timestamp":"2026-05-04T08:41:41.225Z"}
{"context":"RoutesResolver","level":"info","message":"PermissionsController {/permissions}:","timestamp":"2026-05-04T08:41:41.225Z"}
{"context":"RouterExplorer","level":"info","message":"Mapped {/permissions, POST} route","timestamp":"2026-05-04T08:41:41.225Z"}
{"context":"RouterExplorer","level":"info","message":"Mapped {/permissions, GET} route","timestamp":"2026-05-04T08:41:41.225Z"}
{"context":"RouterExplorer","level":"info","message":"Mapped {/permissions/:id, PATCH} route","timestamp":"2026-05-04T08:41:41.225Z"}
{"context":"RouterExplorer","level":"info","message":"Mapped {/permissions/:id, DELETE} route","timestamp":"2026-05-04T08:41:41.225Z"}
{"context":"RoutesResolver","level":"info","message":"AuthController {/auth}:","timestamp":"2026-05-04T08:41:41.226Z"}
{"context":"RouterExplorer","level":"info","message":"Mapped {/auth/register, POST} route","timestamp":"2026-05-04T08:41:41.226Z"}
{"context":"RouterExplorer","level":"info","message":"Mapped {/auth/login, POST} route","timestamp":"2026-05-04T08:41:41.226Z"}
{"context":"RouterExplorer","level":"info","message":"Mapped {/auth/refresh, POST} route","timestamp":"2026-05-04T08:41:41.226Z"}
{"context":"RouterExplorer","level":"info","message":"Mapped {/auth/logout, POST} route","timestamp":"2026-05-04T08:41:41.226Z"}
{"context":"RouterExplorer","level":"info","message":"Mapped {/auth/me, GET} route","timestamp":"2026-05-04T08:41:41.226Z"}
{"context":"RouterExplorer","level":"info","message":"Mapped {/auth/me/password, PATCH} route","timestamp":"2026-05-04T08:41:41.226Z"}
{"context":"RoutesResolver","level":"info","message":"AttributeController {/attribute}:","timestamp":"2026-05-04T08:41:41.227Z"}
{"context":"RouterExplorer","level":"info","message":"Mapped {/attribute, POST} route","timestamp":"2026-05-04T08:41:41.227Z"}
{"context":"RouterExplorer","level":"info","message":"Mapped {/attribute, GET} route","timestamp":"2026-05-04T08:41:41.227Z"}
{"context":"RouterExplorer","level":"info","message":"Mapped {/attribute/:id, GET} route","timestamp":"2026-05-04T08:41:41.227Z"}
{"context":"RouterExplorer","level":"info","message":"Mapped {/attribute/:id, PATCH} route","timestamp":"2026-05-04T08:41:41.227Z"}
{"context":"RouterExplorer","level":"info","message":"Mapped {/attribute/:id, DELETE} route","timestamp":"2026-05-04T08:41:41.227Z"}
{"context":"PrismaService","level":"info","message":"Kết nối database thành công","timestamp":"2026-05-04T08:41:41.265Z"}
{"context":"NestApplication","level":"info","message":"Nest application successfully started","timestamp":"2026-05-04T08:41:41.268Z"}
{"level":"info","message":"Khởi tạo ứng dụng...","timestamp":"2026-05-04T08:41:42.688Z"}
{"context":"NestFactory","level":"info","message":"Starting Nest application...","timestamp":"2026-05-04T08:41:42.763Z"}
{"context":"InstanceLoader","level":"info","message":"PassportModule dependencies initialized","timestamp":"2026-05-04T08:41:42.771Z"}
{"context":"InstanceLoader","level":"info","message":"ConfigHostModule dependencies initialized","timestamp":"2026-05-04T08:41:42.772Z"}
{"context":"PrismaService","level":"info","message":"🔌 Prisma Connection String: postgresql://admin:******@localhost:5433/kyc_asset_db?schema=public","timestamp":"2026-05-04T08:41:42.775Z"}
{"context":"InstanceLoader","level":"info","message":"AppModule dependencies initialized","timestamp":"2026-05-04T08:41:42.775Z"}
{"context":"InstanceLoader","level":"info","message":"ConfigModule dependencies initialized","timestamp":"2026-05-04T08:41:42.775Z"}
{"context":"InstanceLoader","level":"info","message":"CommonModule dependencies initialized","timestamp":"2026-05-04T08:41:42.776Z"}
{"context":"InstanceLoader","level":"info","message":"JwtModule dependencies initialized","timestamp":"2026-05-04T08:41:42.776Z"}
{"context":"InstanceLoader","level":"info","message":"PrismaModule dependencies initialized","timestamp":"2026-05-04T08:41:42.777Z"}
{"context":"InstanceLoader","level":"info","message":"AuthModule dependencies initialized","timestamp":"2026-05-04T08:41:42.778Z"}
{"context":"InstanceLoader","level":"info","message":"WhitelistIpModule dependencies initialized","timestamp":"2026-05-04T08:41:42.778Z"}
{"context":"InstanceLoader","level":"info","message":"AttributeModule dependencies initialized","timestamp":"2026-05-04T08:41:42.778Z"}
{"context":"InstanceLoader","level":"info","message":"UsersModule dependencies initialized","timestamp":"2026-05-04T08:41:42.778Z"}
{"context":"InstanceLoader","level":"info","message":"RolesModule dependencies initialized","timestamp":"2026-05-04T08:41:42.778Z"}
{"context":"InstanceLoader","level":"info","message":"PermissionsModule dependencies initialized","timestamp":"2026-05-04T08:41:42.779Z"}
{"context":"RoutesResolver","level":"info","message":"AppController {/}:","timestamp":"2026-05-04T08:41:42.803Z"}
{"context":"RouterExplorer","level":"info","message":"Mapped {/, GET} route","timestamp":"2026-05-04T08:41:42.805Z"}
{"context":"RoutesResolver","level":"info","message":"UsersController {/users}:","timestamp":"2026-05-04T08:41:42.805Z"}
{"context":"RouterExplorer","level":"info","message":"Mapped {/users, POST} route","timestamp":"2026-05-04T08:41:42.806Z"}
{"context":"RouterExplorer","level":"info","message":"Mapped {/users, GET} route","timestamp":"2026-05-04T08:41:42.806Z"}
{"context":"RouterExplorer","level":"info","message":"Mapped {/users/:id, GET} route","timestamp":"2026-05-04T08:41:42.807Z"}
{"context":"RouterExplorer","level":"info","message":"Mapped {/users/:id, PATCH} route","timestamp":"2026-05-04T08:41:42.807Z"}
{"context":"RouterExplorer","level":"info","message":"Mapped {/users/:id, DELETE} route","timestamp":"2026-05-04T08:41:42.808Z"}
{"context":"RoutesResolver","level":"info","message":"WhitelistIpController {/whitelist-ip}:","timestamp":"2026-05-04T08:41:42.808Z"}
{"context":"RouterExplorer","level":"info","message":"Mapped {/whitelist-ip, POST} route","timestamp":"2026-05-04T08:41:42.808Z"}
{"context":"RouterExplorer","level":"info","message":"Mapped {/whitelist-ip, GET} route","timestamp":"2026-05-04T08:41:42.808Z"}
{"context":"RouterExplorer","level":"info","message":"Mapped {/whitelist-ip/:id, GET} route","timestamp":"2026-05-04T08:41:42.809Z"}
{"context":"RouterExplorer","level":"info","message":"Mapped {/whitelist-ip/:id, PATCH} route","timestamp":"2026-05-04T08:41:42.809Z"}
{"context":"RouterExplorer","level":"info","message":"Mapped {/whitelist-ip/:id, DELETE} route","timestamp":"2026-05-04T08:41:42.809Z"}
{"context":"RoutesResolver","level":"info","message":"RolesController {/roles}:","timestamp":"2026-05-04T08:41:42.810Z"}
{"context":"RouterExplorer","level":"info","message":"Mapped {/roles, POST} route","timestamp":"2026-05-04T08:41:42.810Z"}
{"context":"RouterExplorer","level":"info","message":"Mapped {/roles, GET} route","timestamp":"2026-05-04T08:41:42.810Z"}
{"context":"RouterExplorer","level":"info","message":"Mapped {/roles/:id, GET} route","timestamp":"2026-05-04T08:41:42.810Z"}
{"context":"RouterExplorer","level":"info","message":"Mapped {/roles/:id, PATCH} route","timestamp":"2026-05-04T08:41:42.810Z"}
{"context":"RouterExplorer","level":"info","message":"Mapped {/roles/:id, DELETE} route","timestamp":"2026-05-04T08:41:42.811Z"}
{"context":"RoutesResolver","level":"info","message":"PermissionsController {/permissions}:","timestamp":"2026-05-04T08:41:42.811Z"}
{"context":"RouterExplorer","level":"info","message":"Mapped {/permissions, POST} route","timestamp":"2026-05-04T08:41:42.811Z"}
{"context":"RouterExplorer","level":"info","message":"Mapped {/permissions, GET} route","timestamp":"2026-05-04T08:41:42.811Z"}
{"context":"RouterExplorer","level":"info","message":"Mapped {/permissions/:id, PATCH} route","timestamp":"2026-05-04T08:41:42.812Z"}
{"context":"RouterExplorer","level":"info","message":"Mapped {/permissions/:id, DELETE} route","timestamp":"2026-05-04T08:41:42.812Z"}
{"context":"RoutesResolver","level":"info","message":"AuthController {/auth}:","timestamp":"2026-05-04T08:41:42.812Z"}
{"context":"RouterExplorer","level":"info","message":"Mapped {/auth/register, POST} route","timestamp":"2026-05-04T08:41:42.812Z"}
{"context":"RouterExplorer","level":"info","message":"Mapped {/auth/login, POST} route","timestamp":"2026-05-04T08:41:42.813Z"}
{"context":"RouterExplorer","level":"info","message":"Mapped {/auth/refresh, POST} route","timestamp":"2026-05-04T08:41:42.813Z"}
{"context":"RouterExplorer","level":"info","message":"Mapped {/auth/logout, POST} route","timestamp":"2026-05-04T08:41:42.813Z"}
{"context":"RouterExplorer","level":"info","message":"Mapped {/auth/me, GET} route","timestamp":"2026-05-04T08:41:42.813Z"}
{"context":"RouterExplorer","level":"info","message":"Mapped {/auth/me/password, PATCH} route","timestamp":"2026-05-04T08:41:42.813Z"}
{"context":"RoutesResolver","level":"info","message":"AttributeController {/attribute}:","timestamp":"2026-05-04T08:41:42.814Z"}
{"context":"RouterExplorer","level":"info","message":"Mapped {/attribute, POST} route","timestamp":"2026-05-04T08:41:42.814Z"}
{"context":"RouterExplorer","level":"info","message":"Mapped {/attribute, GET} route","timestamp":"2026-05-04T08:41:42.814Z"}
{"context":"RouterExplorer","level":"info","message":"Mapped {/attribute/:id, GET} route","timestamp":"2026-05-04T08:41:42.814Z"}
{"context":"RouterExplorer","level":"info","message":"Mapped {/attribute/:id, PATCH} route","timestamp":"2026-05-04T08:41:42.815Z"}
{"context":"RouterExplorer","level":"info","message":"Mapped {/attribute/:id, DELETE} route","timestamp":"2026-05-04T08:41:42.815Z"}
{"context":"PrismaService","level":"info","message":"Kết nối database thành công","timestamp":"2026-05-04T08:41:42.856Z"}
{"context":"NestApplication","level":"info","message":"Nest application successfully started","timestamp":"2026-05-04T08:41:42.857Z"}
{"level":"info","message":"Khởi tạo ứng dụng...","timestamp":"2026-05-04T08:49:59.742Z"}
{"context":"NestFactory","level":"info","message":"Starting Nest application...","timestamp":"2026-05-04T08:49:59.811Z"}
{"context":"InstanceLoader","level":"info","message":"PassportModule dependencies initialized","timestamp":"2026-05-04T08:49:59.819Z"}
{"context":"InstanceLoader","level":"info","message":"ConfigHostModule dependencies initialized","timestamp":"2026-05-04T08:49:59.820Z"}
{"context":"PrismaService","level":"info","message":"🔌 Prisma Connection String: postgresql://admin:******@localhost:5433/kyc_asset_db?schema=public","timestamp":"2026-05-04T08:49:59.822Z"}
{"context":"InstanceLoader","level":"info","message":"AppModule dependencies initialized","timestamp":"2026-05-04T08:49:59.822Z"}
{"context":"InstanceLoader","level":"info","message":"ConfigModule dependencies initialized","timestamp":"2026-05-04T08:49:59.822Z"}
{"context":"InstanceLoader","level":"info","message":"CommonModule dependencies initialized","timestamp":"2026-05-04T08:49:59.823Z"}
{"context":"InstanceLoader","level":"info","message":"JwtModule dependencies initialized","timestamp":"2026-05-04T08:49:59.823Z"}
{"context":"InstanceLoader","level":"info","message":"PrismaModule dependencies initialized","timestamp":"2026-05-04T08:49:59.823Z"}
{"context":"InstanceLoader","level":"info","message":"AuthModule dependencies initialized","timestamp":"2026-05-04T08:49:59.825Z"}
{"context":"InstanceLoader","level":"info","message":"WhitelistIpModule dependencies initialized","timestamp":"2026-05-04T08:49:59.825Z"}
{"context":"InstanceLoader","level":"info","message":"AttributeModule dependencies initialized","timestamp":"2026-05-04T08:49:59.825Z"}
{"context":"InstanceLoader","level":"info","message":"UsersModule dependencies initialized","timestamp":"2026-05-04T08:49:59.826Z"}
{"context":"InstanceLoader","level":"info","message":"RolesModule dependencies initialized","timestamp":"2026-05-04T08:49:59.826Z"}
{"context":"InstanceLoader","level":"info","message":"PermissionsModule dependencies initialized","timestamp":"2026-05-04T08:49:59.826Z"}
{"context":"RoutesResolver","level":"info","message":"AppController {/}:","timestamp":"2026-05-04T08:49:59.847Z"}
{"context":"RouterExplorer","level":"info","message":"Mapped {/, GET} route","timestamp":"2026-05-04T08:49:59.849Z"}
{"context":"RoutesResolver","level":"info","message":"UsersController {/users}:","timestamp":"2026-05-04T08:49:59.849Z"}
{"context":"RouterExplorer","level":"info","message":"Mapped {/users, POST} route","timestamp":"2026-05-04T08:49:59.849Z"}
{"context":"RouterExplorer","level":"info","message":"Mapped {/users, GET} route","timestamp":"2026-05-04T08:49:59.849Z"}
{"context":"RouterExplorer","level":"info","message":"Mapped {/users/:id, GET} route","timestamp":"2026-05-04T08:49:59.850Z"}
{"context":"RouterExplorer","level":"info","message":"Mapped {/users/:id, PATCH} route","timestamp":"2026-05-04T08:49:59.850Z"}
{"context":"RouterExplorer","level":"info","message":"Mapped {/users/:id, DELETE} route","timestamp":"2026-05-04T08:49:59.850Z"}
{"context":"RoutesResolver","level":"info","message":"WhitelistIpController {/whitelist-ip}:","timestamp":"2026-05-04T08:49:59.851Z"}
{"context":"RouterExplorer","level":"info","message":"Mapped {/whitelist-ip, POST} route","timestamp":"2026-05-04T08:49:59.851Z"}
{"context":"RouterExplorer","level":"info","message":"Mapped {/whitelist-ip, GET} route","timestamp":"2026-05-04T08:49:59.851Z"}
{"context":"RouterExplorer","level":"info","message":"Mapped {/whitelist-ip/:id, GET} route","timestamp":"2026-05-04T08:49:59.851Z"}
{"context":"RouterExplorer","level":"info","message":"Mapped {/whitelist-ip/:id, PATCH} route","timestamp":"2026-05-04T08:49:59.852Z"}
{"context":"RouterExplorer","level":"info","message":"Mapped {/whitelist-ip/:id, DELETE} route","timestamp":"2026-05-04T08:49:59.852Z"}
{"context":"RoutesResolver","level":"info","message":"RolesController {/roles}:","timestamp":"2026-05-04T08:49:59.852Z"}
{"context":"RouterExplorer","level":"info","message":"Mapped {/roles, POST} route","timestamp":"2026-05-04T08:49:59.852Z"}
{"context":"RouterExplorer","level":"info","message":"Mapped {/roles, GET} route","timestamp":"2026-05-04T08:49:59.852Z"}
{"context":"RouterExplorer","level":"info","message":"Mapped {/roles/:id, GET} route","timestamp":"2026-05-04T08:49:59.853Z"}
{"context":"RouterExplorer","level":"info","message":"Mapped {/roles/:id, PATCH} route","timestamp":"2026-05-04T08:49:59.853Z"}
{"context":"RouterExplorer","level":"info","message":"Mapped {/roles/:id, DELETE} route","timestamp":"2026-05-04T08:49:59.853Z"}
{"context":"RoutesResolver","level":"info","message":"PermissionsController {/permissions}:","timestamp":"2026-05-04T08:49:59.853Z"}
{"context":"RouterExplorer","level":"info","message":"Mapped {/permissions, POST} route","timestamp":"2026-05-04T08:49:59.853Z"}
{"context":"RouterExplorer","level":"info","message":"Mapped {/permissions, GET} route","timestamp":"2026-05-04T08:49:59.854Z"}
{"context":"RouterExplorer","level":"info","message":"Mapped {/permissions/:id, PATCH} route","timestamp":"2026-05-04T08:49:59.854Z"}
{"context":"RouterExplorer","level":"info","message":"Mapped {/permissions/:id, DELETE} route","timestamp":"2026-05-04T08:49:59.854Z"}
{"context":"RoutesResolver","level":"info","message":"AuthController {/auth}:","timestamp":"2026-05-04T08:49:59.854Z"}
{"context":"RouterExplorer","level":"info","message":"Mapped {/auth/register, POST} route","timestamp":"2026-05-04T08:49:59.854Z"}
{"context":"RouterExplorer","level":"info","message":"Mapped {/auth/login, POST} route","timestamp":"2026-05-04T08:49:59.854Z"}
{"context":"RouterExplorer","level":"info","message":"Mapped {/auth/refresh, POST} route","timestamp":"2026-05-04T08:49:59.855Z"}
{"context":"RouterExplorer","level":"info","message":"Mapped {/auth/logout, POST} route","timestamp":"2026-05-04T08:49:59.855Z"}
{"context":"RouterExplorer","level":"info","message":"Mapped {/auth/me, GET} route","timestamp":"2026-05-04T08:49:59.855Z"}
{"context":"RouterExplorer","level":"info","message":"Mapped {/auth/me/password, PATCH} route","timestamp":"2026-05-04T08:49:59.855Z"}
{"context":"RoutesResolver","level":"info","message":"AttributeController {/attribute}:","timestamp":"2026-05-04T08:49:59.855Z"}
{"context":"RouterExplorer","level":"info","message":"Mapped {/attribute, POST} route","timestamp":"2026-05-04T08:49:59.855Z"}
{"context":"RouterExplorer","level":"info","message":"Mapped {/attribute, GET} route","timestamp":"2026-05-04T08:49:59.855Z"}
{"context":"RouterExplorer","level":"info","message":"Mapped {/attribute/:id, GET} route","timestamp":"2026-05-04T08:49:59.856Z"}
{"context":"RouterExplorer","level":"info","message":"Mapped {/attribute/:id, PATCH} route","timestamp":"2026-05-04T08:49:59.856Z"}
{"context":"RouterExplorer","level":"info","message":"Mapped {/attribute/:id, DELETE} route","timestamp":"2026-05-04T08:49:59.856Z"}
{"context":"PrismaService","level":"info","message":"Kết nối database thành công","timestamp":"2026-05-04T08:49:59.894Z"}
{"context":"NestApplication","level":"info","message":"Nest application successfully started","timestamp":"2026-05-04T08:49:59.898Z"}
{"level":"info","message":"Khởi tạo ứng dụng...","timestamp":"2026-05-04T08:50:02.439Z"}
{"context":"NestFactory","level":"info","message":"Starting Nest application...","timestamp":"2026-05-04T08:50:02.511Z"}
{"context":"InstanceLoader","level":"info","message":"PassportModule dependencies initialized","timestamp":"2026-05-04T08:50:02.517Z"}
{"context":"InstanceLoader","level":"info","message":"ConfigHostModule dependencies initialized","timestamp":"2026-05-04T08:50:02.518Z"}
{"context":"PrismaService","level":"info","message":"🔌 Prisma Connection String: postgresql://admin:******@localhost:5433/kyc_asset_db?schema=public","timestamp":"2026-05-04T08:50:02.520Z"}
{"context":"InstanceLoader","level":"info","message":"AppModule dependencies initialized","timestamp":"2026-05-04T08:50:02.521Z"}
{"context":"InstanceLoader","level":"info","message":"ConfigModule dependencies initialized","timestamp":"2026-05-04T08:50:02.521Z"}
{"context":"InstanceLoader","level":"info","message":"CommonModule dependencies initialized","timestamp":"2026-05-04T08:50:02.521Z"}
{"context":"InstanceLoader","level":"info","message":"JwtModule dependencies initialized","timestamp":"2026-05-04T08:50:02.522Z"}
{"context":"InstanceLoader","level":"info","message":"PrismaModule dependencies initialized","timestamp":"2026-05-04T08:50:02.522Z"}
{"context":"InstanceLoader","level":"info","message":"AuthModule dependencies initialized","timestamp":"2026-05-04T08:50:02.523Z"}
{"context":"InstanceLoader","level":"info","message":"WhitelistIpModule dependencies initialized","timestamp":"2026-05-04T08:50:02.524Z"}
{"context":"InstanceLoader","level":"info","message":"AttributeModule dependencies initialized","timestamp":"2026-05-04T08:50:02.524Z"}
{"context":"InstanceLoader","level":"info","message":"UsersModule dependencies initialized","timestamp":"2026-05-04T08:50:02.524Z"}
{"context":"InstanceLoader","level":"info","message":"RolesModule dependencies initialized","timestamp":"2026-05-04T08:50:02.524Z"}
{"context":"InstanceLoader","level":"info","message":"PermissionsModule dependencies initialized","timestamp":"2026-05-04T08:50:02.524Z"}
{"context":"RoutesResolver","level":"info","message":"AppController {/}:","timestamp":"2026-05-04T08:50:02.547Z"}
{"context":"RouterExplorer","level":"info","message":"Mapped {/, GET} route","timestamp":"2026-05-04T08:50:02.549Z"}
{"context":"RoutesResolver","level":"info","message":"UsersController {/users}:","timestamp":"2026-05-04T08:50:02.549Z"}
{"context":"RouterExplorer","level":"info","message":"Mapped {/users, POST} route","timestamp":"2026-05-04T08:50:02.549Z"}
{"context":"RouterExplorer","level":"info","message":"Mapped {/users, GET} route","timestamp":"2026-05-04T08:50:02.549Z"}
{"context":"RouterExplorer","level":"info","message":"Mapped {/users/:id, GET} route","timestamp":"2026-05-04T08:50:02.550Z"}
{"context":"RouterExplorer","level":"info","message":"Mapped {/users/:id, PATCH} route","timestamp":"2026-05-04T08:50:02.550Z"}
{"context":"RouterExplorer","level":"info","message":"Mapped {/users/:id, DELETE} route","timestamp":"2026-05-04T08:50:02.550Z"}
{"context":"RoutesResolver","level":"info","message":"WhitelistIpController {/whitelist-ip}:","timestamp":"2026-05-04T08:50:02.550Z"}
{"context":"RouterExplorer","level":"info","message":"Mapped {/whitelist-ip, POST} route","timestamp":"2026-05-04T08:50:02.551Z"}
{"context":"RouterExplorer","level":"info","message":"Mapped {/whitelist-ip, GET} route","timestamp":"2026-05-04T08:50:02.551Z"}
{"context":"RouterExplorer","level":"info","message":"Mapped {/whitelist-ip/:id, GET} route","timestamp":"2026-05-04T08:50:02.551Z"}
{"context":"RouterExplorer","level":"info","message":"Mapped {/whitelist-ip/:id, PATCH} route","timestamp":"2026-05-04T08:50:02.551Z"}
{"context":"RouterExplorer","level":"info","message":"Mapped {/whitelist-ip/:id, DELETE} route","timestamp":"2026-05-04T08:50:02.552Z"}
{"context":"RoutesResolver","level":"info","message":"RolesController {/roles}:","timestamp":"2026-05-04T08:50:02.552Z"}
{"context":"RouterExplorer","level":"info","message":"Mapped {/roles, POST} route","timestamp":"2026-05-04T08:50:02.552Z"}
{"context":"RouterExplorer","level":"info","message":"Mapped {/roles, GET} route","timestamp":"2026-05-04T08:50:02.552Z"}
{"context":"RouterExplorer","level":"info","message":"Mapped {/roles/:id, GET} route","timestamp":"2026-05-04T08:50:02.552Z"}
{"context":"RouterExplorer","level":"info","message":"Mapped {/roles/:id, PATCH} route","timestamp":"2026-05-04T08:50:02.552Z"}
{"context":"RouterExplorer","level":"info","message":"Mapped {/roles/:id, DELETE} route","timestamp":"2026-05-04T08:50:02.552Z"}
{"context":"RoutesResolver","level":"info","message":"PermissionsController {/permissions}:","timestamp":"2026-05-04T08:50:02.552Z"}
{"context":"RouterExplorer","level":"info","message":"Mapped {/permissions, POST} route","timestamp":"2026-05-04T08:50:02.553Z"}
{"context":"RouterExplorer","level":"info","message":"Mapped {/permissions, GET} route","timestamp":"2026-05-04T08:50:02.553Z"}
{"context":"RouterExplorer","level":"info","message":"Mapped {/permissions/:id, PATCH} route","timestamp":"2026-05-04T08:50:02.553Z"}
{"context":"RouterExplorer","level":"info","message":"Mapped {/permissions/:id, DELETE} route","timestamp":"2026-05-04T08:50:02.553Z"}
{"context":"RoutesResolver","level":"info","message":"AuthController {/auth}:","timestamp":"2026-05-04T08:50:02.553Z"}
{"context":"RouterExplorer","level":"info","message":"Mapped {/auth/register, POST} route","timestamp":"2026-05-04T08:50:02.553Z"}
{"context":"RouterExplorer","level":"info","message":"Mapped {/auth/login, POST} route","timestamp":"2026-05-04T08:50:02.553Z"}
{"context":"RouterExplorer","level":"info","message":"Mapped {/auth/refresh, POST} route","timestamp":"2026-05-04T08:50:02.554Z"}
{"context":"RouterExplorer","level":"info","message":"Mapped {/auth/logout, POST} route","timestamp":"2026-05-04T08:50:02.554Z"}
{"context":"RouterExplorer","level":"info","message":"Mapped {/auth/me, GET} route","timestamp":"2026-05-04T08:50:02.554Z"}
{"context":"RouterExplorer","level":"info","message":"Mapped {/auth/me/password, PATCH} route","timestamp":"2026-05-04T08:50:02.554Z"}
{"context":"RoutesResolver","level":"info","message":"AttributeController {/attribute}:","timestamp":"2026-05-04T08:50:02.554Z"}
{"context":"RouterExplorer","level":"info","message":"Mapped {/attribute, POST} route","timestamp":"2026-05-04T08:50:02.554Z"}
{"context":"RouterExplorer","level":"info","message":"Mapped {/attribute, GET} route","timestamp":"2026-05-04T08:50:02.555Z"}
{"context":"RouterExplorer","level":"info","message":"Mapped {/attribute/:id, GET} route","timestamp":"2026-05-04T08:50:02.555Z"}
{"context":"RouterExplorer","level":"info","message":"Mapped {/attribute/:id, PATCH} route","timestamp":"2026-05-04T08:50:02.555Z"}
{"context":"RouterExplorer","level":"info","message":"Mapped {/attribute/:id, DELETE} route","timestamp":"2026-05-04T08:50:02.555Z"}
{"context":"PrismaService","level":"info","message":"Kết nối database thành công","timestamp":"2026-05-04T08:50:02.592Z"}
{"context":"NestApplication","level":"info","message":"Nest application successfully started","timestamp":"2026-05-04T08:50:02.593Z"}
{"level":"info","message":"Khởi tạo ứng dụng...","timestamp":"2026-05-04T08:51:45.135Z"}
{"context":"NestFactory","level":"info","message":"Starting Nest application...","timestamp":"2026-05-04T08:51:45.204Z"}
{"context":"InstanceLoader","level":"info","message":"PassportModule dependencies initialized","timestamp":"2026-05-04T08:51:45.212Z"}
{"context":"InstanceLoader","level":"info","message":"ConfigHostModule dependencies initialized","timestamp":"2026-05-04T08:51:45.212Z"}
{"context":"PrismaService","level":"info","message":"🔌 Prisma Connection String: postgresql://admin:******@localhost:5433/kyc_asset_db?schema=public","timestamp":"2026-05-04T08:51:45.216Z"}
{"context":"InstanceLoader","level":"info","message":"AppModule dependencies initialized","timestamp":"2026-05-04T08:51:45.216Z"}
{"context":"InstanceLoader","level":"info","message":"ConfigModule dependencies initialized","timestamp":"2026-05-04T08:51:45.216Z"}
{"context":"InstanceLoader","level":"info","message":"CommonModule dependencies initialized","timestamp":"2026-05-04T08:51:45.216Z"}
{"context":"InstanceLoader","level":"info","message":"JwtModule dependencies initialized","timestamp":"2026-05-04T08:51:45.217Z"}
{"context":"InstanceLoader","level":"info","message":"PrismaModule dependencies initialized","timestamp":"2026-05-04T08:51:45.217Z"}
{"context":"InstanceLoader","level":"info","message":"WhitelistIpModule dependencies initialized","timestamp":"2026-05-04T08:51:45.218Z"}
{"context":"InstanceLoader","level":"info","message":"AttributeModule dependencies initialized","timestamp":"2026-05-04T08:51:45.219Z"}
{"context":"InstanceLoader","level":"info","message":"UsersModule dependencies initialized","timestamp":"2026-05-04T08:51:45.219Z"}
{"context":"InstanceLoader","level":"info","message":"RolesModule dependencies initialized","timestamp":"2026-05-04T08:51:45.219Z"}
{"context":"InstanceLoader","level":"info","message":"PermissionsModule dependencies initialized","timestamp":"2026-05-04T08:51:45.219Z"}
{"context":"InstanceLoader","level":"info","message":"AuthModule dependencies initialized","timestamp":"2026-05-04T08:51:45.219Z"}
{"context":"RoutesResolver","level":"info","message":"AppController {/}:","timestamp":"2026-05-04T08:51:45.241Z"}
{"context":"RouterExplorer","level":"info","message":"Mapped {/, GET} route","timestamp":"2026-05-04T08:51:45.242Z"}
{"context":"RoutesResolver","level":"info","message":"UsersController {/users}:","timestamp":"2026-05-04T08:51:45.242Z"}
{"context":"RouterExplorer","level":"info","message":"Mapped {/users, POST} route","timestamp":"2026-05-04T08:51:45.243Z"}
{"context":"RouterExplorer","level":"info","message":"Mapped {/users, GET} route","timestamp":"2026-05-04T08:51:45.243Z"}
{"context":"RouterExplorer","level":"info","message":"Mapped {/users/:id, GET} route","timestamp":"2026-05-04T08:51:45.243Z"}
{"context":"RouterExplorer","level":"info","message":"Mapped {/users/:id, PATCH} route","timestamp":"2026-05-04T08:51:45.243Z"}
{"context":"RouterExplorer","level":"info","message":"Mapped {/users/:id, DELETE} route","timestamp":"2026-05-04T08:51:45.244Z"}
{"context":"RoutesResolver","level":"info","message":"WhitelistIpController {/whitelist-ip}:","timestamp":"2026-05-04T08:51:45.244Z"}
{"context":"RouterExplorer","level":"info","message":"Mapped {/whitelist-ip, POST} route","timestamp":"2026-05-04T08:51:45.244Z"}
{"context":"RouterExplorer","level":"info","message":"Mapped {/whitelist-ip, GET} route","timestamp":"2026-05-04T08:51:45.244Z"}
{"context":"RouterExplorer","level":"info","message":"Mapped {/whitelist-ip/:id, GET} route","timestamp":"2026-05-04T08:51:45.244Z"}
{"context":"RouterExplorer","level":"info","message":"Mapped {/whitelist-ip/:id, PATCH} route","timestamp":"2026-05-04T08:51:45.245Z"}
{"context":"RouterExplorer","level":"info","message":"Mapped {/whitelist-ip/:id, DELETE} route","timestamp":"2026-05-04T08:51:45.245Z"}
{"context":"RoutesResolver","level":"info","message":"RolesController {/roles}:","timestamp":"2026-05-04T08:51:45.245Z"}
{"context":"RouterExplorer","level":"info","message":"Mapped {/roles, POST} route","timestamp":"2026-05-04T08:51:45.245Z"}
{"context":"RouterExplorer","level":"info","message":"Mapped {/roles, GET} route","timestamp":"2026-05-04T08:51:45.245Z"}
{"context":"RouterExplorer","level":"info","message":"Mapped {/roles/:id, GET} route","timestamp":"2026-05-04T08:51:45.245Z"}
{"context":"RouterExplorer","level":"info","message":"Mapped {/roles/:id, PATCH} route","timestamp":"2026-05-04T08:51:45.245Z"}
{"context":"RouterExplorer","level":"info","message":"Mapped {/roles/:id, DELETE} route","timestamp":"2026-05-04T08:51:45.246Z"}
{"context":"RoutesResolver","level":"info","message":"PermissionsController {/permissions}:","timestamp":"2026-05-04T08:51:45.246Z"}
{"context":"RouterExplorer","level":"info","message":"Mapped {/permissions, POST} route","timestamp":"2026-05-04T08:51:45.246Z"}
{"context":"RouterExplorer","level":"info","message":"Mapped {/permissions, GET} route","timestamp":"2026-05-04T08:51:45.247Z"}
{"context":"RouterExplorer","level":"info","message":"Mapped {/permissions/:id, PATCH} route","timestamp":"2026-05-04T08:51:45.247Z"}
{"context":"RouterExplorer","level":"info","message":"Mapped {/permissions/:id, DELETE} route","timestamp":"2026-05-04T08:51:45.247Z"}
{"context":"RoutesResolver","level":"info","message":"AuthController {/auth}:","timestamp":"2026-05-04T08:51:45.247Z"}
{"context":"RouterExplorer","level":"info","message":"Mapped {/auth/register, POST} route","timestamp":"2026-05-04T08:51:45.248Z"}
{"context":"RouterExplorer","level":"info","message":"Mapped {/auth/login, POST} route","timestamp":"2026-05-04T08:51:45.248Z"}
{"context":"RouterExplorer","level":"info","message":"Mapped {/auth/refresh, POST} route","timestamp":"2026-05-04T08:51:45.248Z"}
{"context":"RouterExplorer","level":"info","message":"Mapped {/auth/logout, POST} route","timestamp":"2026-05-04T08:51:45.248Z"}
{"context":"RouterExplorer","level":"info","message":"Mapped {/auth/me, GET} route","timestamp":"2026-05-04T08:51:45.248Z"}
{"context":"RouterExplorer","level":"info","message":"Mapped {/auth/me/password, PATCH} route","timestamp":"2026-05-04T08:51:45.248Z"}
{"context":"RoutesResolver","level":"info","message":"AttributeController {/attribute}:","timestamp":"2026-05-04T08:51:45.249Z"}
{"context":"RouterExplorer","level":"info","message":"Mapped {/attribute, POST} route","timestamp":"2026-05-04T08:51:45.249Z"}
{"context":"RouterExplorer","level":"info","message":"Mapped {/attribute, GET} route","timestamp":"2026-05-04T08:51:45.249Z"}
{"context":"RouterExplorer","level":"info","message":"Mapped {/attribute/:id, GET} route","timestamp":"2026-05-04T08:51:45.249Z"}
{"context":"RouterExplorer","level":"info","message":"Mapped {/attribute/:id, PATCH} route","timestamp":"2026-05-04T08:51:45.249Z"}
{"context":"RouterExplorer","level":"info","message":"Mapped {/attribute/:id, DELETE} route","timestamp":"2026-05-04T08:51:45.249Z"}
{"context":"PrismaService","level":"info","message":"Kết nối database thành công","timestamp":"2026-05-04T08:51:45.287Z"}
{"context":"NestApplication","level":"info","message":"Nest application successfully started","timestamp":"2026-05-04T08:51:45.290Z"}
{"context":"AccessTokenGuard","level":"info","message":"isPublic: undefined","requestId":"6acb1bf8-7d17-47ba-a785-b97a13ec0c63","timestamp":"2026-05-04T08:53:27.257Z"}
{"context":"LoggerMiddleware","level":"warn","message":"[RequestID: 6acb1bf8-7d17-47ba-a785-b97a13ec0c63] GET /auth/me | Status: 401 | Duration: 3ms | IP: ::1 | UserAgent: Mozilla/5.0 (Windows NT 10.0; Win64; x64) AppleWebKit/537.36 (KHTML, like Gecko) Chrome/147.0.0.0 Safari/537.36","requestId":"6acb1bf8-7d17-47ba-a785-b97a13ec0c63","timestamp":"2026-05-04T08:53:27.261Z"}
{"context":"AccessTokenGuard","level":"info","message":"isPublic: true","requestId":"a3b15921-eccc-4a59-89c8-0ba58b786857","timestamp":"2026-05-04T08:53:37.755Z"}
{"context":"AccessTokenGuard","level":"info","message":"Public route, skipping authentication","requestId":"a3b15921-eccc-4a59-89c8-0ba58b786857","timestamp":"2026-05-04T08:53:37.755Z"}
{"context":"LoggerMiddleware","level":"info","message":"[RequestID: a3b15921-eccc-4a59-89c8-0ba58b786857] POST /auth/login | Status: 201 | Duration: 80ms | IP: ::1 | UserAgent: Mozilla/5.0 (Windows NT 10.0; Win64; x64) AppleWebKit/537.36 (KHTML, like Gecko) Chrome/147.0.0.0 Safari/537.36","requestId":"a3b15921-eccc-4a59-89c8-0ba58b786857","timestamp":"2026-05-04T08:53:37.834Z"}
{"context":"AccessTokenGuard","level":"info","message":"isPublic: undefined","requestId":"1d630ee1-ccd1-4788-9b04-3eb3f25c4c3d","timestamp":"2026-05-04T08:53:44.141Z"}
{"context":"LoggerMiddleware","level":"info","message":"[RequestID: 1d630ee1-ccd1-4788-9b04-3eb3f25c4c3d] GET /auth/me | Status: 304 | Duration: 12ms | IP: ::1 | UserAgent: Mozilla/5.0 (Windows NT 10.0; Win64; x64) AppleWebKit/537.36 (KHTML, like Gecko) Chrome/147.0.0.0 Safari/537.36","requestId":"1d630ee1-ccd1-4788-9b04-3eb3f25c4c3d","timestamp":"2026-05-04T08:53:44.154Z"}
{"context":"AccessTokenGuard","level":"info","message":"isPublic: undefined","requestId":"aa8db718-1fb2-44a9-854a-412d73e9d00a","timestamp":"2026-05-04T08:54:16.037Z"}
{"context":"AccessTokenStrategy","level":"warn","message":"Token lỗi thời: User customer_001 (ID: cc6d2974-22cf-4b0b-9590-4b701cfa3c00) thử truy cập bằng version 3, bản hiện tại là 4. IP: ::1","requestId":"aa8db718-1fb2-44a9-854a-412d73e9d00a","timestamp":"2026-05-04T08:54:16.054Z"}
{"context":"LoggerMiddleware","level":"warn","message":"[RequestID: aa8db718-1fb2-44a9-854a-412d73e9d00a] GET /auth/me | Status: 401 | Duration: 18ms | IP: ::1 | UserAgent: Mozilla/5.0 (Windows NT 10.0; Win64; x64) AppleWebKit/537.36 (KHTML, like Gecko) Chrome/147.0.0.0 Safari/537.36","requestId":"aa8db718-1fb2-44a9-854a-412d73e9d00a","timestamp":"2026-05-04T08:54:16.055Z"}
{"context":"AccessTokenGuard","level":"info","message":"isPublic: true","requestId":"7b4dd10b-6e16-46af-88e8-60fdd6f38923","timestamp":"2026-05-04T08:54:22.852Z"}
{"context":"AccessTokenGuard","level":"info","message":"Public route, skipping authentication","requestId":"7b4dd10b-6e16-46af-88e8-60fdd6f38923","timestamp":"2026-05-04T08:54:22.852Z"}
{"context":"LoggerMiddleware","level":"info","message":"[RequestID: 7b4dd10b-6e16-46af-88e8-60fdd6f38923] POST /auth/refresh | Status: 201 | Duration: 22ms | IP: ::1 | UserAgent: Mozilla/5.0 (Windows NT 10.0; Win64; x64) AppleWebKit/537.36 (KHTML, like Gecko) Chrome/147.0.0.0 Safari/537.36","requestId":"7b4dd10b-6e16-46af-88e8-60fdd6f38923","timestamp":"2026-05-04T08:54:22.873Z"}
{"context":"LoggerMiddleware","level":"warn","message":"[RequestID: cd6a63b4-55d5-4d89-b02c-0711e65306cc] GET /.well-known/appspecific/com.chrome.devtools.json | Status: 404 | Duration: 1ms | IP: ::1 | UserAgent: Mozilla/5.0 (Windows NT 10.0; Win64; x64) AppleWebKit/537.36 (KHTML, like Gecko) Chrome/147.0.0.0 Safari/537.36","requestId":"cd6a63b4-55d5-4d89-b02c-0711e65306cc","timestamp":"2026-05-04T08:54:27.486Z"}
{"context":"AccessTokenGuard","level":"info","message":"isPublic: undefined","requestId":"bb5a2527-4f69-41c9-a652-6ef273a8c857","timestamp":"2026-05-04T08:54:42.450Z"}
{"context":"LoggerMiddleware","level":"info","message":"[RequestID: bb5a2527-4f69-41c9-a652-6ef273a8c857] GET /auth/me | Status: 304 | Duration: 20ms | IP: ::1 | UserAgent: Mozilla/5.0 (Windows NT 10.0; Win64; x64) AppleWebKit/537.36 (KHTML, like Gecko) Chrome/147.0.0.0 Safari/537.36","requestId":"bb5a2527-4f69-41c9-a652-6ef273a8c857","timestamp":"2026-05-04T08:54:42.470Z"}
{"context":"AccessTokenGuard","level":"info","message":"isPublic: true","requestId":"d9ba6965-6004-4cc5-a440-e43f4bb29001","timestamp":"2026-05-04T08:55:49.708Z"}
{"context":"AccessTokenGuard","level":"info","message":"Public route, skipping authentication","requestId":"d9ba6965-6004-4cc5-a440-e43f4bb29001","timestamp":"2026-05-04T08:55:49.708Z"}
{"context":"LoggerMiddleware","level":"warn","message":"[RequestID: d9ba6965-6004-4cc5-a440-e43f4bb29001] POST /auth/refresh | Status: 401 | Duration: 14ms | IP: ::1 | UserAgent: Mozilla/5.0 (Windows NT 10.0; Win64; x64) AppleWebKit/537.36 (KHTML, like Gecko) Chrome/147.0.0.0 Safari/537.36","requestId":"d9ba6965-6004-4cc5-a440-e43f4bb29001","timestamp":"2026-05-04T08:55:49.721Z"}
{"context":"AccessTokenGuard","level":"info","message":"isPublic: true","requestId":"5790c637-b4b6-440d-91c5-d85aed7d8b1e","timestamp":"2026-05-04T08:56:08.347Z"}
{"context":"AccessTokenGuard","level":"info","message":"Public route, skipping authentication","requestId":"5790c637-b4b6-440d-91c5-d85aed7d8b1e","timestamp":"2026-05-04T08:56:08.347Z"}
{"context":"LoggerMiddleware","level":"info","message":"[RequestID: 5790c637-b4b6-440d-91c5-d85aed7d8b1e] POST /auth/login | Status: 201 | Duration: 60ms | IP: ::1 | UserAgent: Mozilla/5.0 (Windows NT 10.0; Win64; x64) AppleWebKit/537.36 (KHTML, like Gecko) Chrome/147.0.0.0 Safari/537.36","requestId":"5790c637-b4b6-440d-91c5-d85aed7d8b1e","timestamp":"2026-05-04T08:56:08.406Z"}
{"context":"AccessTokenGuard","level":"info","message":"isPublic: undefined","requestId":"25a9b639-37f5-42f4-b6e9-e733356ba227","timestamp":"2026-05-04T08:56:14.166Z"}
{"context":"LoggerMiddleware","level":"info","message":"[RequestID: 25a9b639-37f5-42f4-b6e9-e733356ba227] GET /auth/me | Status: 304 | Duration: 7ms | IP: ::1 | UserAgent: Mozilla/5.0 (Windows NT 10.0; Win64; x64) AppleWebKit/537.36 (KHTML, like Gecko) Chrome/147.0.0.0 Safari/537.36","requestId":"25a9b639-37f5-42f4-b6e9-e733356ba227","timestamp":"2026-05-04T08:56:14.173Z"}
{"context":"AccessTokenGuard","level":"info","message":"isPublic: true","requestId":"ce735a71-4df6-43ac-bdbd-0fe8ffece068","timestamp":"2026-05-04T08:56:30.622Z"}
{"context":"AccessTokenGuard","level":"info","message":"Public route, skipping authentication","requestId":"ce735a71-4df6-43ac-bdbd-0fe8ffece068","timestamp":"2026-05-04T08:56:30.623Z"}
{"context":"LoggerMiddleware","level":"info","message":"[RequestID: ce735a71-4df6-43ac-bdbd-0fe8ffece068] POST /auth/refresh | Status: 201 | Duration: 23ms | IP: ::1 | UserAgent: Mozilla/5.0 (Windows NT 10.0; Win64; x64) AppleWebKit/537.36 (KHTML, like Gecko) Chrome/147.0.0.0 Safari/537.36","requestId":"ce735a71-4df6-43ac-bdbd-0fe8ffece068","timestamp":"2026-05-04T08:56:30.645Z"}
{"context":"AccessTokenGuard","level":"info","message":"isPublic: true","requestId":"a83eae12-062e-48df-b198-00c2250de5b3","timestamp":"2026-05-04T08:57:03.796Z"}
{"context":"AccessTokenGuard","level":"info","message":"Public route, skipping authentication","requestId":"a83eae12-062e-48df-b198-00c2250de5b3","timestamp":"2026-05-04T08:57:03.796Z"}
{"context":"LoggerMiddleware","level":"info","message":"[RequestID: a83eae12-062e-48df-b198-00c2250de5b3] POST /auth/refresh | Status: 201 | Duration: 28ms | IP: ::1 | UserAgent: Mozilla/5.0 (Windows NT 10.0; Win64; x64) AppleWebKit/537.36 (KHTML, like Gecko) Chrome/147.0.0.0 Safari/537.36","requestId":"a83eae12-062e-48df-b198-00c2250de5b3","timestamp":"2026-05-04T08:57:03.824Z"}
{"context":"AccessTokenGuard","level":"info","message":"isPublic: true","requestId":"1629cbff-e3ac-4490-a2b2-56c76dbc7212","timestamp":"2026-05-04T08:57:36.792Z"}
{"context":"AccessTokenGuard","level":"info","message":"Public route, skipping authentication","requestId":"1629cbff-e3ac-4490-a2b2-56c76dbc7212","timestamp":"2026-05-04T08:57:36.792Z"}
{"context":"LoggerMiddleware","level":"info","message":"[RequestID: 1629cbff-e3ac-4490-a2b2-56c76dbc7212] POST /auth/refresh | Status: 201 | Duration: 29ms | IP: ::1 | UserAgent: Mozilla/5.0 (Windows NT 10.0; Win64; x64) AppleWebKit/537.36 (KHTML, like Gecko) Chrome/147.0.0.0 Safari/537.36","requestId":"1629cbff-e3ac-4490-a2b2-56c76dbc7212","timestamp":"2026-05-04T08:57:36.821Z"}
{"context":"AccessTokenGuard","level":"info","message":"isPublic: true","requestId":"e1d47f09-7725-410e-b9be-dca060c2b169","timestamp":"2026-05-04T08:57:58.139Z"}
{"context":"AccessTokenGuard","level":"info","message":"Public route, skipping authentication","requestId":"e1d47f09-7725-410e-b9be-dca060c2b169","timestamp":"2026-05-04T08:57:58.139Z"}
{"context":"LoggerMiddleware","level":"warn","message":"[RequestID: e1d47f09-7725-410e-b9be-dca060c2b169] POST /auth/refresh | Status: 401 | Duration: 25ms | IP: ::1 | UserAgent: Mozilla/5.0 (Windows NT 10.0; Win64; x64) AppleWebKit/537.36 (KHTML, like Gecko) Chrome/147.0.0.0 Safari/537.36","requestId":"e1d47f09-7725-410e-b9be-dca060c2b169","timestamp":"2026-05-04T08:57:58.164Z"}
{"context":"AccessTokenGuard","level":"info","message":"isPublic: undefined","requestId":"3cf432ab-d784-4baf-9f45-33409046562c","timestamp":"2026-05-04T08:59:07.381Z"}
{"context":"LoggerMiddleware","level":"info","message":"[RequestID: 3cf432ab-d784-4baf-9f45-33409046562c] GET /auth/me | Status: 304 | Duration: 16ms | IP: ::1 | UserAgent: Mozilla/5.0 (Windows NT 10.0; Win64; x64) AppleWebKit/537.36 (KHTML, like Gecko) Chrome/147.0.0.0 Safari/537.36","requestId":"3cf432ab-d784-4baf-9f45-33409046562c","timestamp":"2026-05-04T08:59:07.397Z"}
{"level":"info","message":"Khởi tạo ứng dụng...","timestamp":"2026-05-04T09:00:33.104Z"}
{"context":"NestFactory","level":"info","message":"Starting Nest application...","timestamp":"2026-05-04T09:00:33.173Z"}
{"context":"InstanceLoader","level":"info","message":"PassportModule dependencies initialized","timestamp":"2026-05-04T09:00:33.181Z"}
{"context":"InstanceLoader","level":"info","message":"ConfigHostModule dependencies initialized","timestamp":"2026-05-04T09:00:33.182Z"}
{"context":"PrismaService","level":"info","message":"🔌 Prisma Connection String: postgresql://admin:******@localhost:5433/kyc_asset_db?schema=public","timestamp":"2026-05-04T09:00:33.184Z"}
{"context":"InstanceLoader","level":"info","message":"AppModule dependencies initialized","timestamp":"2026-05-04T09:00:33.184Z"}
{"context":"InstanceLoader","level":"info","message":"ConfigModule dependencies initialized","timestamp":"2026-05-04T09:00:33.184Z"}
{"context":"InstanceLoader","level":"info","message":"CommonModule dependencies initialized","timestamp":"2026-05-04T09:00:33.184Z"}
{"context":"InstanceLoader","level":"info","message":"JwtModule dependencies initialized","timestamp":"2026-05-04T09:00:33.185Z"}
{"context":"InstanceLoader","level":"info","message":"PrismaModule dependencies initialized","timestamp":"2026-05-04T09:00:33.185Z"}
{"context":"InstanceLoader","level":"info","message":"WhitelistIpModule dependencies initialized","timestamp":"2026-05-04T09:00:33.188Z"}
{"context":"InstanceLoader","level":"info","message":"AttributeModule dependencies initialized","timestamp":"2026-05-04T09:00:33.188Z"}
{"context":"InstanceLoader","level":"info","message":"UsersModule dependencies initialized","timestamp":"2026-05-04T09:00:33.188Z"}
{"context":"InstanceLoader","level":"info","message":"RolesModule dependencies initialized","timestamp":"2026-05-04T09:00:33.189Z"}
{"context":"InstanceLoader","level":"info","message":"PermissionsModule dependencies initialized","timestamp":"2026-05-04T09:00:33.189Z"}
{"context":"InstanceLoader","level":"info","message":"AuthModule dependencies initialized","timestamp":"2026-05-04T09:00:33.189Z"}
{"context":"RoutesResolver","level":"info","message":"AppController {/}:","timestamp":"2026-05-04T09:00:33.211Z"}
{"context":"RouterExplorer","level":"info","message":"Mapped {/, GET} route","timestamp":"2026-05-04T09:00:33.212Z"}
{"context":"RoutesResolver","level":"info","message":"UsersController {/users}:","timestamp":"2026-05-04T09:00:33.212Z"}
{"context":"RouterExplorer","level":"info","message":"Mapped {/users, POST} route","timestamp":"2026-05-04T09:00:33.212Z"}
{"context":"RouterExplorer","level":"info","message":"Mapped {/users, GET} route","timestamp":"2026-05-04T09:00:33.212Z"}
{"context":"RouterExplorer","level":"info","message":"Mapped {/users/:id, GET} route","timestamp":"2026-05-04T09:00:33.213Z"}
{"context":"RouterExplorer","level":"info","message":"Mapped {/users/:id, PATCH} route","timestamp":"2026-05-04T09:00:33.213Z"}
{"context":"RouterExplorer","level":"info","message":"Mapped {/users/:id, DELETE} route","timestamp":"2026-05-04T09:00:33.213Z"}
{"context":"RoutesResolver","level":"info","message":"WhitelistIpController {/whitelist-ip}:","timestamp":"2026-05-04T09:00:33.213Z"}
{"context":"RouterExplorer","level":"info","message":"Mapped {/whitelist-ip, POST} route","timestamp":"2026-05-04T09:00:33.213Z"}
{"context":"RouterExplorer","level":"info","message":"Mapped {/whitelist-ip, GET} route","timestamp":"2026-05-04T09:00:33.214Z"}
{"context":"RouterExplorer","level":"info","message":"Mapped {/whitelist-ip/:id, GET} route","timestamp":"2026-05-04T09:00:33.214Z"}
{"context":"RouterExplorer","level":"info","message":"Mapped {/whitelist-ip/:id, PATCH} route","timestamp":"2026-05-04T09:00:33.214Z"}
{"context":"RouterExplorer","level":"info","message":"Mapped {/whitelist-ip/:id, DELETE} route","timestamp":"2026-05-04T09:00:33.214Z"}
{"context":"RoutesResolver","level":"info","message":"RolesController {/roles}:","timestamp":"2026-05-04T09:00:33.214Z"}
{"context":"RouterExplorer","level":"info","message":"Mapped {/roles, POST} route","timestamp":"2026-05-04T09:00:33.214Z"}
{"context":"RouterExplorer","level":"info","message":"Mapped {/roles, GET} route","timestamp":"2026-05-04T09:00:33.215Z"}
{"context":"RouterExplorer","level":"info","message":"Mapped {/roles/:id, GET} route","timestamp":"2026-05-04T09:00:33.215Z"}
{"context":"RouterExplorer","level":"info","message":"Mapped {/roles/:id, PATCH} route","timestamp":"2026-05-04T09:00:33.215Z"}
{"context":"RouterExplorer","level":"info","message":"Mapped {/roles/:id, DELETE} route","timestamp":"2026-05-04T09:00:33.215Z"}
{"context":"RoutesResolver","level":"info","message":"PermissionsController {/permissions}:","timestamp":"2026-05-04T09:00:33.215Z"}
{"context":"RouterExplorer","level":"info","message":"Mapped {/permissions, POST} route","timestamp":"2026-05-04T09:00:33.215Z"}
{"context":"RouterExplorer","level":"info","message":"Mapped {/permissions, GET} route","timestamp":"2026-05-04T09:00:33.216Z"}
{"context":"RouterExplorer","level":"info","message":"Mapped {/permissions/:id, PATCH} route","timestamp":"2026-05-04T09:00:33.216Z"}
{"context":"RouterExplorer","level":"info","message":"Mapped {/permissions/:id, DELETE} route","timestamp":"2026-05-04T09:00:33.216Z"}
{"context":"RoutesResolver","level":"info","message":"AuthController {/auth}:","timestamp":"2026-05-04T09:00:33.216Z"}
{"context":"RouterExplorer","level":"info","message":"Mapped {/auth/register, POST} route","timestamp":"2026-05-04T09:00:33.217Z"}
{"context":"RouterExplorer","level":"info","message":"Mapped {/auth/login, POST} route","timestamp":"2026-05-04T09:00:33.217Z"}
{"context":"RouterExplorer","level":"info","message":"Mapped {/auth/refresh, POST} route","timestamp":"2026-05-04T09:00:33.217Z"}
{"context":"RouterExplorer","level":"info","message":"Mapped {/auth/logout, POST} route","timestamp":"2026-05-04T09:00:33.217Z"}
{"context":"RouterExplorer","level":"info","message":"Mapped {/auth/me, GET} route","timestamp":"2026-05-04T09:00:33.217Z"}
{"context":"RouterExplorer","level":"info","message":"Mapped {/auth/me/password, PATCH} route","timestamp":"2026-05-04T09:00:33.217Z"}
{"context":"RoutesResolver","level":"info","message":"AttributeController {/attribute}:","timestamp":"2026-05-04T09:00:33.218Z"}
{"context":"RouterExplorer","level":"info","message":"Mapped {/attribute, POST} route","timestamp":"2026-05-04T09:00:33.218Z"}
{"context":"RouterExplorer","level":"info","message":"Mapped {/attribute, GET} route","timestamp":"2026-05-04T09:00:33.218Z"}
{"context":"RouterExplorer","level":"info","message":"Mapped {/attribute/:id, GET} route","timestamp":"2026-05-04T09:00:33.218Z"}
{"context":"RouterExplorer","level":"info","message":"Mapped {/attribute/:id, PATCH} route","timestamp":"2026-05-04T09:00:33.218Z"}
{"context":"RouterExplorer","level":"info","message":"Mapped {/attribute/:id, DELETE} route","timestamp":"2026-05-04T09:00:33.218Z"}
{"context":"PrismaService","level":"info","message":"Kết nối database thành công","timestamp":"2026-05-04T09:00:33.257Z"}
{"context":"NestApplication","level":"info","message":"Nest application successfully started","timestamp":"2026-05-04T09:00:33.261Z"}
{"level":"info","message":"Khởi tạo ứng dụng...","timestamp":"2026-05-04T09:07:40.672Z"}
{"context":"NestFactory","level":"info","message":"Starting Nest application...","timestamp":"2026-05-04T09:07:40.741Z"}
{"context":"InstanceLoader","level":"info","message":"PassportModule dependencies initialized","timestamp":"2026-05-04T09:07:40.749Z"}
{"context":"InstanceLoader","level":"info","message":"ConfigHostModule dependencies initialized","timestamp":"2026-05-04T09:07:40.749Z"}
{"context":"PrismaService","level":"info","message":"🔌 Prisma Connection String: postgresql://admin:******@localhost:5433/kyc_asset_db?schema=public","timestamp":"2026-05-04T09:07:40.752Z"}
{"context":"InstanceLoader","level":"info","message":"AppModule dependencies initialized","timestamp":"2026-05-04T09:07:40.752Z"}
{"context":"InstanceLoader","level":"info","message":"ConfigModule dependencies initialized","timestamp":"2026-05-04T09:07:40.753Z"}
{"context":"InstanceLoader","level":"info","message":"CommonModule dependencies initialized","timestamp":"2026-05-04T09:07:40.753Z"}
{"context":"InstanceLoader","level":"info","message":"JwtModule dependencies initialized","timestamp":"2026-05-04T09:07:40.753Z"}
{"context":"InstanceLoader","level":"info","message":"PrismaModule dependencies initialized","timestamp":"2026-05-04T09:07:40.754Z"}
{"context":"InstanceLoader","level":"info","message":"WhitelistIpModule dependencies initialized","timestamp":"2026-05-04T09:07:40.755Z"}
{"context":"InstanceLoader","level":"info","message":"AttributeModule dependencies initialized","timestamp":"2026-05-04T09:07:40.755Z"}
{"context":"InstanceLoader","level":"info","message":"UsersModule dependencies initialized","timestamp":"2026-05-04T09:07:40.755Z"}
{"context":"InstanceLoader","level":"info","message":"RolesModule dependencies initialized","timestamp":"2026-05-04T09:07:40.755Z"}
{"context":"InstanceLoader","level":"info","message":"PermissionsModule dependencies initialized","timestamp":"2026-05-04T09:07:40.755Z"}
{"context":"InstanceLoader","level":"info","message":"AuthModule dependencies initialized","timestamp":"2026-05-04T09:07:40.755Z"}
{"context":"RoutesResolver","level":"info","message":"AppController {/}:","timestamp":"2026-05-04T09:07:40.777Z"}
{"context":"RouterExplorer","level":"info","message":"Mapped {/, GET} route","timestamp":"2026-05-04T09:07:40.778Z"}
{"context":"RoutesResolver","level":"info","message":"UsersController {/users}:","timestamp":"2026-05-04T09:07:40.779Z"}
{"context":"RouterExplorer","level":"info","message":"Mapped {/users, POST} route","timestamp":"2026-05-04T09:07:40.779Z"}
{"context":"RouterExplorer","level":"info","message":"Mapped {/users, GET} route","timestamp":"2026-05-04T09:07:40.779Z"}
{"context":"RouterExplorer","level":"info","message":"Mapped {/users/:id, GET} route","timestamp":"2026-05-04T09:07:40.779Z"}
{"context":"RouterExplorer","level":"info","message":"Mapped {/users/:id, PATCH} route","timestamp":"2026-05-04T09:07:40.780Z"}
{"context":"RouterExplorer","level":"info","message":"Mapped {/users/:id, DELETE} route","timestamp":"2026-05-04T09:07:40.780Z"}
{"context":"RoutesResolver","level":"info","message":"WhitelistIpController {/whitelist-ip}:","timestamp":"2026-05-04T09:07:40.780Z"}
{"context":"RouterExplorer","level":"info","message":"Mapped {/whitelist-ip, POST} route","timestamp":"2026-05-04T09:07:40.780Z"}
{"context":"RouterExplorer","level":"info","message":"Mapped {/whitelist-ip, GET} route","timestamp":"2026-05-04T09:07:40.780Z"}
{"context":"RouterExplorer","level":"info","message":"Mapped {/whitelist-ip/:id, GET} route","timestamp":"2026-05-04T09:07:40.780Z"}
{"context":"RouterExplorer","level":"info","message":"Mapped {/whitelist-ip/:id, PATCH} route","timestamp":"2026-05-04T09:07:40.781Z"}
{"context":"RouterExplorer","level":"info","message":"Mapped {/whitelist-ip/:id, DELETE} route","timestamp":"2026-05-04T09:07:40.781Z"}
{"context":"RoutesResolver","level":"info","message":"RolesController {/roles}:","timestamp":"2026-05-04T09:07:40.781Z"}
{"context":"RouterExplorer","level":"info","message":"Mapped {/roles, POST} route","timestamp":"2026-05-04T09:07:40.781Z"}
{"context":"RouterExplorer","level":"info","message":"Mapped {/roles, GET} route","timestamp":"2026-05-04T09:07:40.781Z"}
{"context":"RouterExplorer","level":"info","message":"Mapped {/roles/:id, GET} route","timestamp":"2026-05-04T09:07:40.781Z"}
{"context":"RouterExplorer","level":"info","message":"Mapped {/roles/:id, PATCH} route","timestamp":"2026-05-04T09:07:40.781Z"}
{"context":"RouterExplorer","level":"info","message":"Mapped {/roles/:id, DELETE} route","timestamp":"2026-05-04T09:07:40.781Z"}
{"context":"RoutesResolver","level":"info","message":"PermissionsController {/permissions}:","timestamp":"2026-05-04T09:07:40.782Z"}
{"context":"RouterExplorer","level":"info","message":"Mapped {/permissions, POST} route","timestamp":"2026-05-04T09:07:40.782Z"}
{"context":"RouterExplorer","level":"info","message":"Mapped {/permissions, GET} route","timestamp":"2026-05-04T09:07:40.782Z"}
{"context":"RouterExplorer","level":"info","message":"Mapped {/permissions/:id, PATCH} route","timestamp":"2026-05-04T09:07:40.782Z"}
{"context":"RouterExplorer","level":"info","message":"Mapped {/permissions/:id, DELETE} route","timestamp":"2026-05-04T09:07:40.782Z"}
{"context":"RoutesResolver","level":"info","message":"AuthController {/auth}:","timestamp":"2026-05-04T09:07:40.782Z"}
{"context":"RouterExplorer","level":"info","message":"Mapped {/auth/register, POST} route","timestamp":"2026-05-04T09:07:40.783Z"}
{"context":"RouterExplorer","level":"info","message":"Mapped {/auth/login, POST} route","timestamp":"2026-05-04T09:07:40.783Z"}
{"context":"RouterExplorer","level":"info","message":"Mapped {/auth/refresh, POST} route","timestamp":"2026-05-04T09:07:40.783Z"}
{"context":"RouterExplorer","level":"info","message":"Mapped {/auth/logout, POST} route","timestamp":"2026-05-04T09:07:40.783Z"}
{"context":"RouterExplorer","level":"info","message":"Mapped {/auth/me, GET} route","timestamp":"2026-05-04T09:07:40.783Z"}
{"context":"RouterExplorer","level":"info","message":"Mapped {/auth/me/password, PATCH} route","timestamp":"2026-05-04T09:07:40.783Z"}
{"context":"RoutesResolver","level":"info","message":"AttributeController {/attribute}:","timestamp":"2026-05-04T09:07:40.784Z"}
{"context":"RouterExplorer","level":"info","message":"Mapped {/attribute, POST} route","timestamp":"2026-05-04T09:07:40.784Z"}
{"context":"RouterExplorer","level":"info","message":"Mapped {/attribute, GET} route","timestamp":"2026-05-04T09:07:40.784Z"}
{"context":"RouterExplorer","level":"info","message":"Mapped {/attribute/:id, GET} route","timestamp":"2026-05-04T09:07:40.784Z"}
{"context":"RouterExplorer","level":"info","message":"Mapped {/attribute/:id, PATCH} route","timestamp":"2026-05-04T09:07:40.784Z"}
{"context":"RouterExplorer","level":"info","message":"Mapped {/attribute/:id, DELETE} route","timestamp":"2026-05-04T09:07:40.784Z"}
{"context":"PrismaService","level":"info","message":"Kết nối database thành công","timestamp":"2026-05-04T09:07:40.821Z"}
{"context":"NestApplication","level":"info","message":"Nest application successfully started","timestamp":"2026-05-04T09:07:40.824Z"}
{"level":"info","message":"Khởi tạo ứng dụng...","timestamp":"2026-05-04T09:07:54.295Z"}
{"context":"NestFactory","level":"info","message":"Starting Nest application...","timestamp":"2026-05-04T09:07:54.370Z"}
{"context":"InstanceLoader","level":"info","message":"PassportModule dependencies initialized","timestamp":"2026-05-04T09:07:54.379Z"}
{"context":"InstanceLoader","level":"info","message":"ConfigHostModule dependencies initialized","timestamp":"2026-05-04T09:07:54.379Z"}
{"context":"PrismaService","level":"info","message":"🔌 Prisma Connection String: postgresql://admin:******@localhost:5433/kyc_asset_db?schema=public","timestamp":"2026-05-04T09:07:54.381Z"}
{"context":"InstanceLoader","level":"info","message":"AppModule dependencies initialized","timestamp":"2026-05-04T09:07:54.382Z"}
{"context":"InstanceLoader","level":"info","message":"ConfigModule dependencies initialized","timestamp":"2026-05-04T09:07:54.382Z"}
{"context":"InstanceLoader","level":"info","message":"CommonModule dependencies initialized","timestamp":"2026-05-04T09:07:54.382Z"}
{"context":"InstanceLoader","level":"info","message":"JwtModule dependencies initialized","timestamp":"2026-05-04T09:07:54.382Z"}
{"context":"InstanceLoader","level":"info","message":"PrismaModule dependencies initialized","timestamp":"2026-05-04T09:07:54.383Z"}
{"context":"InstanceLoader","level":"info","message":"WhitelistIpModule dependencies initialized","timestamp":"2026-05-04T09:07:54.385Z"}
{"context":"InstanceLoader","level":"info","message":"AttributeModule dependencies initialized","timestamp":"2026-05-04T09:07:54.385Z"}
{"context":"InstanceLoader","level":"info","message":"UsersModule dependencies initialized","timestamp":"2026-05-04T09:07:54.385Z"}
{"context":"InstanceLoader","level":"info","message":"RolesModule dependencies initialized","timestamp":"2026-05-04T09:07:54.385Z"}
{"context":"InstanceLoader","level":"info","message":"PermissionsModule dependencies initialized","timestamp":"2026-05-04T09:07:54.385Z"}
{"context":"InstanceLoader","level":"info","message":"AuthModule dependencies initialized","timestamp":"2026-05-04T09:07:54.385Z"}
{"context":"RoutesResolver","level":"info","message":"AppController {/}:","timestamp":"2026-05-04T09:07:54.408Z"}
{"context":"RouterExplorer","level":"info","message":"Mapped {/, GET} route","timestamp":"2026-05-04T09:07:54.409Z"}
{"context":"RoutesResolver","level":"info","message":"UsersController {/users}:","timestamp":"2026-05-04T09:07:54.409Z"}
{"context":"RouterExplorer","level":"info","message":"Mapped {/users, POST} route","timestamp":"2026-05-04T09:07:54.410Z"}
{"context":"RouterExplorer","level":"info","message":"Mapped {/users, GET} route","timestamp":"2026-05-04T09:07:54.410Z"}
{"context":"RouterExplorer","level":"info","message":"Mapped {/users/:id, GET} route","timestamp":"2026-05-04T09:07:54.410Z"}
{"context":"RouterExplorer","level":"info","message":"Mapped {/users/:id, PATCH} route","timestamp":"2026-05-04T09:07:54.410Z"}
{"context":"RouterExplorer","level":"info","message":"Mapped {/users/:id, DELETE} route","timestamp":"2026-05-04T09:07:54.411Z"}
{"context":"RoutesResolver","level":"info","message":"WhitelistIpController {/whitelist-ip}:","timestamp":"2026-05-04T09:07:54.411Z"}
{"context":"RouterExplorer","level":"info","message":"Mapped {/whitelist-ip, POST} route","timestamp":"2026-05-04T09:07:54.411Z"}
{"context":"RouterExplorer","level":"info","message":"Mapped {/whitelist-ip, GET} route","timestamp":"2026-05-04T09:07:54.411Z"}
{"context":"RouterExplorer","level":"info","message":"Mapped {/whitelist-ip/:id, GET} route","timestamp":"2026-05-04T09:07:54.411Z"}
{"context":"RouterExplorer","level":"info","message":"Mapped {/whitelist-ip/:id, PATCH} route","timestamp":"2026-05-04T09:07:54.412Z"}
{"context":"RouterExplorer","level":"info","message":"Mapped {/whitelist-ip/:id, DELETE} route","timestamp":"2026-05-04T09:07:54.412Z"}
{"context":"RoutesResolver","level":"info","message":"RolesController {/roles}:","timestamp":"2026-05-04T09:07:54.412Z"}
{"context":"RouterExplorer","level":"info","message":"Mapped {/roles, POST} route","timestamp":"2026-05-04T09:07:54.412Z"}
{"context":"RouterExplorer","level":"info","message":"Mapped {/roles, GET} route","timestamp":"2026-05-04T09:07:54.412Z"}
{"context":"RouterExplorer","level":"info","message":"Mapped {/roles/:id, GET} route","timestamp":"2026-05-04T09:07:54.412Z"}
{"context":"RouterExplorer","level":"info","message":"Mapped {/roles/:id, PATCH} route","timestamp":"2026-05-04T09:07:54.412Z"}
{"context":"RouterExplorer","level":"info","message":"Mapped {/roles/:id, DELETE} route","timestamp":"2026-05-04T09:07:54.413Z"}
{"context":"RoutesResolver","level":"info","message":"PermissionsController {/permissions}:","timestamp":"2026-05-04T09:07:54.413Z"}
{"context":"RouterExplorer","level":"info","message":"Mapped {/permissions, POST} route","timestamp":"2026-05-04T09:07:54.413Z"}
{"context":"RouterExplorer","level":"info","message":"Mapped {/permissions, GET} route","timestamp":"2026-05-04T09:07:54.413Z"}
{"context":"RouterExplorer","level":"info","message":"Mapped {/permissions/:id, PATCH} route","timestamp":"2026-05-04T09:07:54.413Z"}
{"context":"RouterExplorer","level":"info","message":"Mapped {/permissions/:id, DELETE} route","timestamp":"2026-05-04T09:07:54.413Z"}
{"context":"RoutesResolver","level":"info","message":"AuthController {/auth}:","timestamp":"2026-05-04T09:07:54.414Z"}
{"context":"RouterExplorer","level":"info","message":"Mapped {/auth/register, POST} route","timestamp":"2026-05-04T09:07:54.414Z"}
{"context":"RouterExplorer","level":"info","message":"Mapped {/auth/login, POST} route","timestamp":"2026-05-04T09:07:54.414Z"}
{"context":"RouterExplorer","level":"info","message":"Mapped {/auth/refresh, POST} route","timestamp":"2026-05-04T09:07:54.414Z"}
{"context":"RouterExplorer","level":"info","message":"Mapped {/auth/logout, POST} route","timestamp":"2026-05-04T09:07:54.414Z"}
{"context":"RouterExplorer","level":"info","message":"Mapped {/auth/me, GET} route","timestamp":"2026-05-04T09:07:54.414Z"}
{"context":"RouterExplorer","level":"info","message":"Mapped {/auth/me/password, PATCH} route","timestamp":"2026-05-04T09:07:54.415Z"}
{"context":"RoutesResolver","level":"info","message":"AttributeController {/attribute}:","timestamp":"2026-05-04T09:07:54.415Z"}
{"context":"RouterExplorer","level":"info","message":"Mapped {/attribute, POST} route","timestamp":"2026-05-04T09:07:54.415Z"}
{"context":"RouterExplorer","level":"info","message":"Mapped {/attribute, GET} route","timestamp":"2026-05-04T09:07:54.415Z"}
{"context":"RouterExplorer","level":"info","message":"Mapped {/attribute/:id, GET} route","timestamp":"2026-05-04T09:07:54.415Z"}
{"context":"RouterExplorer","level":"info","message":"Mapped {/attribute/:id, PATCH} route","timestamp":"2026-05-04T09:07:54.415Z"}
{"context":"RouterExplorer","level":"info","message":"Mapped {/attribute/:id, DELETE} route","timestamp":"2026-05-04T09:07:54.415Z"}
{"context":"PrismaService","level":"info","message":"Kết nối database thành công","timestamp":"2026-05-04T09:07:54.454Z"}
{"context":"NestApplication","level":"info","message":"Nest application successfully started","timestamp":"2026-05-04T09:07:54.458Z"}
{"context":"AccessTokenGuard","level":"info","message":"isPublic: true","requestId":"1949c9de-7afa-485f-97e4-6fb3d808f4ab","timestamp":"2026-05-04T09:08:57.938Z"}
{"context":"AccessTokenGuard","level":"info","message":"Public route, skipping authentication","requestId":"1949c9de-7afa-485f-97e4-6fb3d808f4ab","timestamp":"2026-05-04T09:08:57.938Z"}
{"context":"LoggerMiddleware","level":"info","message":"[RequestID: 1949c9de-7afa-485f-97e4-6fb3d808f4ab] POST /auth/login | Status: 201 | Duration: 120ms | IP: ::1 | UserAgent: Mozilla/5.0 (Windows NT 10.0; Win64; x64) AppleWebKit/537.36 (KHTML, like Gecko) Chrome/147.0.0.0 Safari/537.36","requestId":"1949c9de-7afa-485f-97e4-6fb3d808f4ab","timestamp":"2026-05-04T09:08:58.056Z"}
{"context":"AccessTokenGuard","level":"info","message":"isPublic: undefined","requestId":"0a75a627-4fc6-4063-a291-dc5ee456a3a1","timestamp":"2026-05-04T09:09:05.469Z"}
{"context":"LoggerMiddleware","level":"info","message":"[RequestID: 0a75a627-4fc6-4063-a291-dc5ee456a3a1] GET /auth/me | Status: 304 | Duration: 16ms | IP: ::1 | UserAgent: Mozilla/5.0 (Windows NT 10.0; Win64; x64) AppleWebKit/537.36 (KHTML, like Gecko) Chrome/147.0.0.0 Safari/537.36","requestId":"0a75a627-4fc6-4063-a291-dc5ee456a3a1","timestamp":"2026-05-04T09:09:05.484Z"}
{"context":"AccessTokenGuard","level":"info","message":"isPublic: true","requestId":"dc0c1ea0-c65b-4cdb-a61c-5d641ea9e74f","timestamp":"2026-05-04T09:09:10.357Z"}
{"context":"AccessTokenGuard","level":"info","message":"Public route, skipping authentication","requestId":"dc0c1ea0-c65b-4cdb-a61c-5d641ea9e74f","timestamp":"2026-05-04T09:09:10.357Z"}
{"context":"LoggerMiddleware","level":"info","message":"[RequestID: dc0c1ea0-c65b-4cdb-a61c-5d641ea9e74f] POST /auth/refresh | Status: 201 | Duration: 19ms | IP: ::1 | UserAgent: Mozilla/5.0 (Windows NT 10.0; Win64; x64) AppleWebKit/537.36 (KHTML, like Gecko) Chrome/147.0.0.0 Safari/537.36","requestId":"dc0c1ea0-c65b-4cdb-a61c-5d641ea9e74f","timestamp":"2026-05-04T09:09:10.376Z"}
{"context":"AccessTokenGuard","level":"info","message":"isPublic: true","requestId":"0a7e227a-5ccb-4047-b774-4e537221f3c4","timestamp":"2026-05-04T09:09:48.845Z"}
{"context":"AccessTokenGuard","level":"info","message":"Public route, skipping authentication","requestId":"0a7e227a-5ccb-4047-b774-4e537221f3c4","timestamp":"2026-05-04T09:09:48.845Z"}
{"context":"LoggerMiddleware","level":"info","message":"[RequestID: 0a7e227a-5ccb-4047-b774-4e537221f3c4] POST /auth/refresh | Status: 201 | Duration: 23ms | IP: ::1 | UserAgent: Mozilla/5.0 (Windows NT 10.0; Win64; x64) AppleWebKit/537.36 (KHTML, like Gecko) Chrome/147.0.0.0 Safari/537.36","requestId":"0a7e227a-5ccb-4047-b774-4e537221f3c4","timestamp":"2026-05-04T09:09:48.867Z"}
{"context":"AccessTokenGuard","level":"info","message":"isPublic: undefined","requestId":"31ee495f-ee80-4e83-ae13-613aa2d74967","timestamp":"2026-05-04T09:09:58.685Z"}
{"context":"LoggerMiddleware","level":"info","message":"[RequestID: 31ee495f-ee80-4e83-ae13-613aa2d74967] GET /auth/me | Status: 304 | Duration: 10ms | IP: ::1 | UserAgent: Mozilla/5.0 (Windows NT 10.0; Win64; x64) AppleWebKit/537.36 (KHTML, like Gecko) Chrome/147.0.0.0 Safari/537.36","requestId":"31ee495f-ee80-4e83-ae13-613aa2d74967","timestamp":"2026-05-04T09:09:58.695Z"}
{"context":"AccessTokenGuard","level":"info","message":"isPublic: true","requestId":"cbf5fd4f-71d0-4834-a1d6-68a034f20ac2","timestamp":"2026-05-04T09:10:04.748Z"}
{"context":"AccessTokenGuard","level":"info","message":"Public route, skipping authentication","requestId":"cbf5fd4f-71d0-4834-a1d6-68a034f20ac2","timestamp":"2026-05-04T09:10:04.749Z"}
{"context":"LoggerMiddleware","level":"warn","message":"[RequestID: cbf5fd4f-71d0-4834-a1d6-68a034f20ac2] POST /auth/refresh | Status: 401 | Duration: 19ms | IP: ::1 | UserAgent: Mozilla/5.0 (Windows NT 10.0; Win64; x64) AppleWebKit/537.36 (KHTML, like Gecko) Chrome/147.0.0.0 Safari/537.36","requestId":"cbf5fd4f-71d0-4834-a1d6-68a034f20ac2","timestamp":"2026-05-04T09:10:04.768Z"}
{"context":"AccessTokenGuard","level":"info","message":"isPublic: undefined","requestId":"fa1971d1-e5e7-4583-83f6-483129b7825d","timestamp":"2026-05-04T09:10:08.861Z"}
{"context":"AccessTokenStrategy","level":"warn","message":"Token lỗi thời: User customer_001 (ID: cc6d2974-22cf-4b0b-9590-4b701cfa3c00) thử truy cập bằng version 4, bản hiện tại là 5. IP: ::1","requestId":"fa1971d1-e5e7-4583-83f6-483129b7825d","timestamp":"2026-05-04T09:10:08.866Z"}
{"context":"LoggerMiddleware","level":"warn","message":"[RequestID: fa1971d1-e5e7-4583-83f6-483129b7825d] GET /auth/me | Status: 401 | Duration: 7ms | IP: ::1 | UserAgent: Mozilla/5.0 (Windows NT 10.0; Win64; x64) AppleWebKit/537.36 (KHTML, like Gecko) Chrome/147.0.0.0 Safari/537.36","requestId":"fa1971d1-e5e7-4583-83f6-483129b7825d","timestamp":"2026-05-04T09:10:08.868Z"}
{"level":"info","message":"Khởi tạo ứng dụng...","timestamp":"2026-05-04T09:43:24.895Z"}
{"context":"NestFactory","level":"info","message":"Starting Nest application...","timestamp":"2026-05-04T09:43:24.976Z"}
{"context":"InstanceLoader","level":"info","message":"PassportModule dependencies initialized","timestamp":"2026-05-04T09:43:24.984Z"}
{"context":"InstanceLoader","level":"info","message":"ConfigHostModule dependencies initialized","timestamp":"2026-05-04T09:43:24.984Z"}
{"context":"PrismaService","level":"info","message":"🔌 Prisma Connection String: postgresql://admin:******@localhost:5433/kyc_asset_db?schema=public","timestamp":"2026-05-04T09:43:24.986Z"}
{"context":"InstanceLoader","level":"info","message":"AppModule dependencies initialized","timestamp":"2026-05-04T09:43:24.987Z"}
{"context":"InstanceLoader","level":"info","message":"ConfigModule dependencies initialized","timestamp":"2026-05-04T09:43:24.987Z"}
{"context":"InstanceLoader","level":"info","message":"CommonModule dependencies initialized","timestamp":"2026-05-04T09:43:24.987Z"}
{"context":"InstanceLoader","level":"info","message":"JwtModule dependencies initialized","timestamp":"2026-05-04T09:43:24.988Z"}
{"context":"InstanceLoader","level":"info","message":"PrismaModule dependencies initialized","timestamp":"2026-05-04T09:43:24.988Z"}
{"context":"InstanceLoader","level":"info","message":"WhitelistIpModule dependencies initialized","timestamp":"2026-05-04T09:43:24.990Z"}
{"context":"InstanceLoader","level":"info","message":"AttributeModule dependencies initialized","timestamp":"2026-05-04T09:43:24.990Z"}
{"context":"InstanceLoader","level":"info","message":"UsersModule dependencies initialized","timestamp":"2026-05-04T09:43:24.990Z"}
{"context":"InstanceLoader","level":"info","message":"RolesModule dependencies initialized","timestamp":"2026-05-04T09:43:24.990Z"}
{"context":"InstanceLoader","level":"info","message":"PermissionsModule dependencies initialized","timestamp":"2026-05-04T09:43:24.990Z"}
{"context":"InstanceLoader","level":"info","message":"AuthModule dependencies initialized","timestamp":"2026-05-04T09:43:24.990Z"}
{"context":"RoutesResolver","level":"info","message":"AppController {/}:","timestamp":"2026-05-04T09:43:25.013Z"}
{"context":"RouterExplorer","level":"info","message":"Mapped {/, GET} route","timestamp":"2026-05-04T09:43:25.014Z"}
{"context":"RoutesResolver","level":"info","message":"UsersController {/users}:","timestamp":"2026-05-04T09:43:25.014Z"}
{"context":"RouterExplorer","level":"info","message":"Mapped {/users, POST} route","timestamp":"2026-05-04T09:43:25.014Z"}
{"context":"RouterExplorer","level":"info","message":"Mapped {/users, GET} route","timestamp":"2026-05-04T09:43:25.015Z"}
{"context":"RouterExplorer","level":"info","message":"Mapped {/users/:id, GET} route","timestamp":"2026-05-04T09:43:25.015Z"}
{"context":"RouterExplorer","level":"info","message":"Mapped {/users/:id, PATCH} route","timestamp":"2026-05-04T09:43:25.015Z"}
{"context":"RouterExplorer","level":"info","message":"Mapped {/users/:id, DELETE} route","timestamp":"2026-05-04T09:43:25.015Z"}
{"context":"RoutesResolver","level":"info","message":"WhitelistIpController {/whitelist-ip}:","timestamp":"2026-05-04T09:43:25.015Z"}
{"context":"RouterExplorer","level":"info","message":"Mapped {/whitelist-ip, POST} route","timestamp":"2026-05-04T09:43:25.016Z"}
{"context":"RouterExplorer","level":"info","message":"Mapped {/whitelist-ip, GET} route","timestamp":"2026-05-04T09:43:25.016Z"}
{"context":"RouterExplorer","level":"info","message":"Mapped {/whitelist-ip/:id, GET} route","timestamp":"2026-05-04T09:43:25.016Z"}
{"context":"RouterExplorer","level":"info","message":"Mapped {/whitelist-ip/:id, PATCH} route","timestamp":"2026-05-04T09:43:25.016Z"}
{"context":"RouterExplorer","level":"info","message":"Mapped {/whitelist-ip/:id, DELETE} route","timestamp":"2026-05-04T09:43:25.016Z"}
{"context":"RoutesResolver","level":"info","message":"RolesController {/roles}:","timestamp":"2026-05-04T09:43:25.016Z"}
{"context":"RouterExplorer","level":"info","message":"Mapped {/roles, POST} route","timestamp":"2026-05-04T09:43:25.016Z"}
{"context":"RouterExplorer","level":"info","message":"Mapped {/roles, GET} route","timestamp":"2026-05-04T09:43:25.017Z"}
{"context":"RouterExplorer","level":"info","message":"Mapped {/roles/:id, GET} route","timestamp":"2026-05-04T09:43:25.017Z"}
{"context":"RouterExplorer","level":"info","message":"Mapped {/roles/:id, PATCH} route","timestamp":"2026-05-04T09:43:25.017Z"}
{"context":"RouterExplorer","level":"info","message":"Mapped {/roles/:id, DELETE} route","timestamp":"2026-05-04T09:43:25.017Z"}
{"context":"RoutesResolver","level":"info","message":"PermissionsController {/permissions}:","timestamp":"2026-05-04T09:43:25.017Z"}
{"context":"RouterExplorer","level":"info","message":"Mapped {/permissions, POST} route","timestamp":"2026-05-04T09:43:25.017Z"}
{"context":"RouterExplorer","level":"info","message":"Mapped {/permissions, GET} route","timestamp":"2026-05-04T09:43:25.017Z"}
{"context":"RouterExplorer","level":"info","message":"Mapped {/permissions/:id, PATCH} route","timestamp":"2026-05-04T09:43:25.018Z"}
{"context":"RouterExplorer","level":"info","message":"Mapped {/permissions/:id, DELETE} route","timestamp":"2026-05-04T09:43:25.018Z"}
{"context":"RoutesResolver","level":"info","message":"AuthController {/auth}:","timestamp":"2026-05-04T09:43:25.018Z"}
{"context":"RouterExplorer","level":"info","message":"Mapped {/auth/register, POST} route","timestamp":"2026-05-04T09:43:25.018Z"}
{"context":"RouterExplorer","level":"info","message":"Mapped {/auth/login, POST} route","timestamp":"2026-05-04T09:43:25.018Z"}
{"context":"RouterExplorer","level":"info","message":"Mapped {/auth/refresh, POST} route","timestamp":"2026-05-04T09:43:25.018Z"}
{"context":"RouterExplorer","level":"info","message":"Mapped {/auth/logout, POST} route","timestamp":"2026-05-04T09:43:25.019Z"}
{"context":"RouterExplorer","level":"info","message":"Mapped {/auth/me, GET} route","timestamp":"2026-05-04T09:43:25.019Z"}
{"context":"RouterExplorer","level":"info","message":"Mapped {/auth/me/password, PATCH} route","timestamp":"2026-05-04T09:43:25.019Z"}
{"context":"RoutesResolver","level":"info","message":"AttributeController {/attribute}:","timestamp":"2026-05-04T09:43:25.019Z"}
{"context":"RouterExplorer","level":"info","message":"Mapped {/attribute, POST} route","timestamp":"2026-05-04T09:43:25.019Z"}
{"context":"RouterExplorer","level":"info","message":"Mapped {/attribute, GET} route","timestamp":"2026-05-04T09:43:25.019Z"}
{"context":"RouterExplorer","level":"info","message":"Mapped {/attribute/:id, GET} route","timestamp":"2026-05-04T09:43:25.019Z"}
{"context":"RouterExplorer","level":"info","message":"Mapped {/attribute/:id, PATCH} route","timestamp":"2026-05-04T09:43:25.019Z"}
{"context":"RouterExplorer","level":"info","message":"Mapped {/attribute/:id, DELETE} route","timestamp":"2026-05-04T09:43:25.020Z"}
{"context":"PrismaService","level":"info","message":"Kết nối database thành công","timestamp":"2026-05-04T09:43:25.060Z"}
{"context":"NestApplication","level":"info","message":"Nest application successfully started","timestamp":"2026-05-04T09:43:25.061Z"}
{"level":"info","message":"Khởi tạo ứng dụng...","timestamp":"2026-05-04T09:43:26.941Z"}
{"context":"NestFactory","level":"info","message":"Starting Nest application...","timestamp":"2026-05-04T09:43:27.015Z"}
{"context":"InstanceLoader","level":"info","message":"PassportModule dependencies initialized","timestamp":"2026-05-04T09:43:27.023Z"}
{"context":"InstanceLoader","level":"info","message":"ConfigHostModule dependencies initialized","timestamp":"2026-05-04T09:43:27.024Z"}
{"context":"PrismaService","level":"info","message":"🔌 Prisma Connection String: postgresql://admin:******@localhost:5433/kyc_asset_db?schema=public","timestamp":"2026-05-04T09:43:27.026Z"}
{"context":"InstanceLoader","level":"info","message":"AppModule dependencies initialized","timestamp":"2026-05-04T09:43:27.026Z"}
{"context":"InstanceLoader","level":"info","message":"ConfigModule dependencies initialized","timestamp":"2026-05-04T09:43:27.027Z"}
{"context":"InstanceLoader","level":"info","message":"CommonModule dependencies initialized","timestamp":"2026-05-04T09:43:27.027Z"}
{"context":"InstanceLoader","level":"info","message":"JwtModule dependencies initialized","timestamp":"2026-05-04T09:43:27.028Z"}
{"context":"InstanceLoader","level":"info","message":"PrismaModule dependencies initialized","timestamp":"2026-05-04T09:43:27.029Z"}
{"context":"InstanceLoader","level":"info","message":"WhitelistIpModule dependencies initialized","timestamp":"2026-05-04T09:43:27.030Z"}
{"context":"InstanceLoader","level":"info","message":"AttributeModule dependencies initialized","timestamp":"2026-05-04T09:43:27.030Z"}
{"context":"InstanceLoader","level":"info","message":"UsersModule dependencies initialized","timestamp":"2026-05-04T09:43:27.030Z"}
{"context":"InstanceLoader","level":"info","message":"RolesModule dependencies initialized","timestamp":"2026-05-04T09:43:27.030Z"}
{"context":"InstanceLoader","level":"info","message":"PermissionsModule dependencies initialized","timestamp":"2026-05-04T09:43:27.030Z"}
{"context":"InstanceLoader","level":"info","message":"AuthModule dependencies initialized","timestamp":"2026-05-04T09:43:27.030Z"}
{"context":"RoutesResolver","level":"info","message":"AppController {/}:","timestamp":"2026-05-04T09:43:27.052Z"}
{"context":"RouterExplorer","level":"info","message":"Mapped {/, GET} route","timestamp":"2026-05-04T09:43:27.054Z"}
{"context":"RoutesResolver","level":"info","message":"UsersController {/users}:","timestamp":"2026-05-04T09:43:27.054Z"}
{"context":"RouterExplorer","level":"info","message":"Mapped {/users, POST} route","timestamp":"2026-05-04T09:43:27.054Z"}
{"context":"RouterExplorer","level":"info","message":"Mapped {/users, GET} route","timestamp":"2026-05-04T09:43:27.054Z"}
{"context":"RouterExplorer","level":"info","message":"Mapped {/users/:id, GET} route","timestamp":"2026-05-04T09:43:27.055Z"}
{"context":"RouterExplorer","level":"info","message":"Mapped {/users/:id, PATCH} route","timestamp":"2026-05-04T09:43:27.055Z"}
{"context":"RouterExplorer","level":"info","message":"Mapped {/users/:id, DELETE} route","timestamp":"2026-05-04T09:43:27.055Z"}
{"context":"RoutesResolver","level":"info","message":"WhitelistIpController {/whitelist-ip}:","timestamp":"2026-05-04T09:43:27.055Z"}
{"context":"RouterExplorer","level":"info","message":"Mapped {/whitelist-ip, POST} route","timestamp":"2026-05-04T09:43:27.055Z"}
{"context":"RouterExplorer","level":"info","message":"Mapped {/whitelist-ip, GET} route","timestamp":"2026-05-04T09:43:27.056Z"}
{"context":"RouterExplorer","level":"info","message":"Mapped {/whitelist-ip/:id, GET} route","timestamp":"2026-05-04T09:43:27.056Z"}
{"context":"RouterExplorer","level":"info","message":"Mapped {/whitelist-ip/:id, PATCH} route","timestamp":"2026-05-04T09:43:27.056Z"}
{"context":"RouterExplorer","level":"info","message":"Mapped {/whitelist-ip/:id, DELETE} route","timestamp":"2026-05-04T09:43:27.056Z"}
{"context":"RoutesResolver","level":"info","message":"RolesController {/roles}:","timestamp":"2026-05-04T09:43:27.056Z"}
{"context":"RouterExplorer","level":"info","message":"Mapped {/roles, POST} route","timestamp":"2026-05-04T09:43:27.056Z"}
{"context":"RouterExplorer","level":"info","message":"Mapped {/roles, GET} route","timestamp":"2026-05-04T09:43:27.056Z"}
{"context":"RouterExplorer","level":"info","message":"Mapped {/roles/:id, GET} route","timestamp":"2026-05-04T09:43:27.057Z"}
{"context":"RouterExplorer","level":"info","message":"Mapped {/roles/:id, PATCH} route","timestamp":"2026-05-04T09:43:27.057Z"}
{"context":"RouterExplorer","level":"info","message":"Mapped {/roles/:id, DELETE} route","timestamp":"2026-05-04T09:43:27.057Z"}
{"context":"RoutesResolver","level":"info","message":"PermissionsController {/permissions}:","timestamp":"2026-05-04T09:43:27.057Z"}
{"context":"RouterExplorer","level":"info","message":"Mapped {/permissions, POST} route","timestamp":"2026-05-04T09:43:27.057Z"}
{"context":"RouterExplorer","level":"info","message":"Mapped {/permissions, GET} route","timestamp":"2026-05-04T09:43:27.057Z"}
{"context":"RouterExplorer","level":"info","message":"Mapped {/permissions/:id, PATCH} route","timestamp":"2026-05-04T09:43:27.057Z"}
{"context":"RouterExplorer","level":"info","message":"Mapped {/permissions/:id, DELETE} route","timestamp":"2026-05-04T09:43:27.057Z"}
{"context":"RoutesResolver","level":"info","message":"AuthController {/auth}:","timestamp":"2026-05-04T09:43:27.058Z"}
{"context":"RouterExplorer","level":"info","message":"Mapped {/auth/register, POST} route","timestamp":"2026-05-04T09:43:27.058Z"}
{"context":"RouterExplorer","level":"info","message":"Mapped {/auth/login, POST} route","timestamp":"2026-05-04T09:43:27.059Z"}
{"context":"RouterExplorer","level":"info","message":"Mapped {/auth/refresh, POST} route","timestamp":"2026-05-04T09:43:27.059Z"}
{"context":"RouterExplorer","level":"info","message":"Mapped {/auth/logout, POST} route","timestamp":"2026-05-04T09:43:27.059Z"}
{"context":"RouterExplorer","level":"info","message":"Mapped {/auth/me, GET} route","timestamp":"2026-05-04T09:43:27.059Z"}
{"context":"RouterExplorer","level":"info","message":"Mapped {/auth/me/password, PATCH} route","timestamp":"2026-05-04T09:43:27.059Z"}
{"context":"RoutesResolver","level":"info","message":"AttributeController {/attribute}:","timestamp":"2026-05-04T09:43:27.060Z"}
{"context":"RouterExplorer","level":"info","message":"Mapped {/attribute, POST} route","timestamp":"2026-05-04T09:43:27.060Z"}
{"context":"RouterExplorer","level":"info","message":"Mapped {/attribute, GET} route","timestamp":"2026-05-04T09:43:27.060Z"}
{"context":"RouterExplorer","level":"info","message":"Mapped {/attribute/:id, GET} route","timestamp":"2026-05-04T09:43:27.060Z"}
{"context":"RouterExplorer","level":"info","message":"Mapped {/attribute/:id, PATCH} route","timestamp":"2026-05-04T09:43:27.060Z"}
{"context":"RouterExplorer","level":"info","message":"Mapped {/attribute/:id, DELETE} route","timestamp":"2026-05-04T09:43:27.060Z"}
{"context":"PrismaService","level":"info","message":"Kết nối database thành công","timestamp":"2026-05-04T09:43:27.099Z"}
{"context":"NestApplication","level":"info","message":"Nest application successfully started","timestamp":"2026-05-04T09:43:27.103Z"}
{"context":"AccessTokenGuard","level":"info","message":"isPublic: true","requestId":"8cadb7ee-3cf9-4371-8acc-03f1b0f3919e","timestamp":"2026-05-04T09:49:10.988Z"}
{"context":"AccessTokenGuard","level":"info","message":"Public route, skipping authentication","requestId":"8cadb7ee-3cf9-4371-8acc-03f1b0f3919e","timestamp":"2026-05-04T09:49:10.989Z"}
{"context":"LoggerMiddleware","level":"info","message":"[RequestID: 8cadb7ee-3cf9-4371-8acc-03f1b0f3919e] POST /auth/register | Status: 201 | Duration: 133ms | IP: ::1 | UserAgent: Mozilla/5.0 (Windows NT 10.0; Win64; x64) AppleWebKit/537.36 (KHTML, like Gecko) Chrome/147.0.0.0 Safari/537.36","requestId":"8cadb7ee-3cf9-4371-8acc-03f1b0f3919e","timestamp":"2026-05-04T09:49:11.121Z"}
{"context":"AccessTokenGuard","level":"info","message":"isPublic: true","requestId":"4d01f5dc-fbd0-43b2-8189-1666c53b0e6e","timestamp":"2026-05-04T09:49:37.873Z"}
{"context":"AccessTokenGuard","level":"info","message":"Public route, skipping authentication","requestId":"4d01f5dc-fbd0-43b2-8189-1666c53b0e6e","timestamp":"2026-05-04T09:49:37.874Z"}
{"context":"LoggerMiddleware","level":"info","message":"[RequestID: 4d01f5dc-fbd0-43b2-8189-1666c53b0e6e] POST /auth/login | Status: 201 | Duration: 63ms | IP: ::1 | UserAgent: Mozilla/5.0 (Windows NT 10.0; Win64; x64) AppleWebKit/537.36 (KHTML, like Gecko) Chrome/147.0.0.0 Safari/537.36","requestId":"4d01f5dc-fbd0-43b2-8189-1666c53b0e6e","timestamp":"2026-05-04T09:49:37.936Z"}
{"context":"AccessTokenGuard","level":"info","message":"isPublic: undefined","requestId":"528ddfcf-7d58-4e31-9c8f-4bceb9c0c6f2","timestamp":"2026-05-04T09:49:56.239Z"}
{"context":"LoggerMiddleware","level":"info","message":"[RequestID: 528ddfcf-7d58-4e31-9c8f-4bceb9c0c6f2] GET /auth/me | Status: 304 | Duration: 22ms | IP: ::1 | UserAgent: Mozilla/5.0 (Windows NT 10.0; Win64; x64) AppleWebKit/537.36 (KHTML, like Gecko) Chrome/147.0.0.0 Safari/537.36","requestId":"528ddfcf-7d58-4e31-9c8f-4bceb9c0c6f2","timestamp":"2026-05-04T09:49:56.261Z"}
{"context":"AccessTokenGuard","level":"info","message":"isPublic: true","requestId":"75e3b4e0-2c2b-4eca-8deb-239dd4ef7dde","timestamp":"2026-05-04T09:50:10.387Z"}
{"context":"AccessTokenGuard","level":"info","message":"Public route, skipping authentication","requestId":"75e3b4e0-2c2b-4eca-8deb-239dd4ef7dde","timestamp":"2026-05-04T09:50:10.387Z"}
{"context":"LoggerMiddleware","level":"info","message":"[RequestID: 75e3b4e0-2c2b-4eca-8deb-239dd4ef7dde] POST /auth/refresh | Status: 201 | Duration: 29ms | IP: ::1 | UserAgent: Mozilla/5.0 (Windows NT 10.0; Win64; x64) AppleWebKit/537.36 (KHTML, like Gecko) Chrome/147.0.0.0 Safari/537.36","requestId":"75e3b4e0-2c2b-4eca-8deb-239dd4ef7dde","timestamp":"2026-05-04T09:50:10.416Z"}
{"context":"AccessTokenGuard","level":"info","message":"isPublic: undefined","requestId":"14422ebb-bfb2-4ea1-bf23-b7344d577369","timestamp":"2026-05-04T09:50:18.407Z"}
{"context":"LoggerMiddleware","level":"info","message":"[RequestID: 14422ebb-bfb2-4ea1-bf23-b7344d577369] GET /auth/me | Status: 304 | Duration: 11ms | IP: ::1 | UserAgent: Mozilla/5.0 (Windows NT 10.0; Win64; x64) AppleWebKit/537.36 (KHTML, like Gecko) Chrome/147.0.0.0 Safari/537.36","requestId":"14422ebb-bfb2-4ea1-bf23-b7344d577369","timestamp":"2026-05-04T09:50:18.417Z"}
{"context":"AccessTokenGuard","level":"info","message":"isPublic: undefined","requestId":"f7ffb3c8-01cf-44cd-ae00-050a8e7892bf","timestamp":"2026-05-04T09:50:22.518Z"}
{"context":"LoggerMiddleware","level":"info","message":"[RequestID: f7ffb3c8-01cf-44cd-ae00-050a8e7892bf] GET /auth/me | Status: 304 | Duration: 10ms | IP: ::1 | UserAgent: Mozilla/5.0 (Windows NT 10.0; Win64; x64) AppleWebKit/537.36 (KHTML, like Gecko) Chrome/147.0.0.0 Safari/537.36","requestId":"f7ffb3c8-01cf-44cd-ae00-050a8e7892bf","timestamp":"2026-05-04T09:50:22.528Z"}
{"context":"AccessTokenGuard","level":"info","message":"isPublic: undefined","requestId":"40f16019-b338-48f0-b782-1911fc976975","timestamp":"2026-05-04T09:50:23.162Z"}
{"context":"LoggerMiddleware","level":"info","message":"[RequestID: 40f16019-b338-48f0-b782-1911fc976975] GET /auth/me | Status: 304 | Duration: 8ms | IP: ::1 | UserAgent: Mozilla/5.0 (Windows NT 10.0; Win64; x64) AppleWebKit/537.36 (KHTML, like Gecko) Chrome/147.0.0.0 Safari/537.36","requestId":"40f16019-b338-48f0-b782-1911fc976975","timestamp":"2026-05-04T09:50:23.169Z"}
{"context":"AccessTokenGuard","level":"info","message":"isPublic: true","requestId":"da8d3e06-72ae-40da-881a-412c013e6929","timestamp":"2026-05-04T09:50:30.518Z"}
{"context":"AccessTokenGuard","level":"info","message":"Public route, skipping authentication","requestId":"da8d3e06-72ae-40da-881a-412c013e6929","timestamp":"2026-05-04T09:50:30.519Z"}
{"context":"LoggerMiddleware","level":"info","message":"[RequestID: da8d3e06-72ae-40da-881a-412c013e6929] POST /auth/refresh | Status: 201 | Duration: 20ms | IP: ::1 | UserAgent: Mozilla/5.0 (Windows NT 10.0; Win64; x64) AppleWebKit/537.36 (KHTML, like Gecko) Chrome/147.0.0.0 Safari/537.36","requestId":"da8d3e06-72ae-40da-881a-412c013e6929","timestamp":"2026-05-04T09:50:30.538Z"}
{"context":"AccessTokenGuard","level":"info","message":"isPublic: undefined","requestId":"3cf6b2de-da22-466f-9861-91d589e6c3f7","timestamp":"2026-05-04T09:51:01.821Z"}
{"context":"LoggerMiddleware","level":"info","message":"[RequestID: 3cf6b2de-da22-466f-9861-91d589e6c3f7] GET /auth/me | Status: 304 | Duration: 20ms | IP: ::1 | UserAgent: Mozilla/5.0 (Windows NT 10.0; Win64; x64) AppleWebKit/537.36 (KHTML, like Gecko) Chrome/147.0.0.0 Safari/537.36","requestId":"3cf6b2de-da22-466f-9861-91d589e6c3f7","timestamp":"2026-05-04T09:51:01.842Z"}
{"context":"AccessTokenGuard","level":"info","message":"isPublic: true","requestId":"ccfe00a3-6ca5-4488-92c7-5d837854015f","timestamp":"2026-05-04T09:52:43.627Z"}
{"context":"AccessTokenGuard","level":"info","message":"Public route, skipping authentication","requestId":"ccfe00a3-6ca5-4488-92c7-5d837854015f","timestamp":"2026-05-04T09:52:43.628Z"}
{"context":"LoggerMiddleware","level":"info","message":"[RequestID: ccfe00a3-6ca5-4488-92c7-5d837854015f] POST /auth/login | Status: 201 | Duration: 59ms | IP: ::1 | UserAgent: Mozilla/5.0 (Windows NT 10.0; Win64; x64) AppleWebKit/537.36 (KHTML, like Gecko) Chrome/147.0.0.0 Safari/537.36","requestId":"ccfe00a3-6ca5-4488-92c7-5d837854015f","timestamp":"2026-05-04T09:52:43.686Z"}
{"context":"AccessTokenGuard","level":"info","message":"isPublic: true","requestId":"fe5897b8-0fd7-4eac-9998-fcd78d4bf1be","timestamp":"2026-05-04T09:52:48.254Z"}
{"context":"AccessTokenGuard","level":"info","message":"Public route, skipping authentication","requestId":"fe5897b8-0fd7-4eac-9998-fcd78d4bf1be","timestamp":"2026-05-04T09:52:48.254Z"}
{"context":"LoggerMiddleware","level":"info","message":"[RequestID: fe5897b8-0fd7-4eac-9998-fcd78d4bf1be] POST /auth/login | Status: 201 | Duration: 60ms | IP: ::1 | UserAgent: Mozilla/5.0 (Windows NT 10.0; Win64; x64) AppleWebKit/537.36 (KHTML, like Gecko) Chrome/147.0.0.0 Safari/537.36","requestId":"fe5897b8-0fd7-4eac-9998-fcd78d4bf1be","timestamp":"2026-05-04T09:52:48.313Z"}
{"context":"AccessTokenGuard","level":"info","message":"isPublic: undefined","requestId":"9125a9f2-e72a-4d69-928b-993fd94e0a50","timestamp":"2026-05-04T09:52:54.459Z"}
{"context":"LoggerMiddleware","level":"info","message":"[RequestID: 9125a9f2-e72a-4d69-928b-993fd94e0a50] GET /auth/me | Status: 304 | Duration: 7ms | IP: ::1 | UserAgent: Mozilla/5.0 (Windows NT 10.0; Win64; x64) AppleWebKit/537.36 (KHTML, like Gecko) Chrome/147.0.0.0 Safari/537.36","requestId":"9125a9f2-e72a-4d69-928b-993fd94e0a50","timestamp":"2026-05-04T09:52:54.466Z"}
{"context":"AccessTokenGuard","level":"info","message":"isPublic: true","requestId":"a3040c04-9ec9-4fb7-95e2-9c2c5f5f91f7","timestamp":"2026-05-04T09:52:59.828Z"}
{"context":"AccessTokenGuard","level":"info","message":"Public route, skipping authentication","requestId":"a3040c04-9ec9-4fb7-95e2-9c2c5f5f91f7","timestamp":"2026-05-04T09:52:59.829Z"}
{"context":"LoggerMiddleware","level":"info","message":"[RequestID: a3040c04-9ec9-4fb7-95e2-9c2c5f5f91f7] POST /auth/refresh | Status: 201 | Duration: 18ms | IP: ::1 | UserAgent: Mozilla/5.0 (Windows NT 10.0; Win64; x64) AppleWebKit/537.36 (KHTML, like Gecko) Chrome/147.0.0.0 Safari/537.36","requestId":"a3040c04-9ec9-4fb7-95e2-9c2c5f5f91f7","timestamp":"2026-05-04T09:52:59.846Z"}
{"context":"AccessTokenGuard","level":"info","message":"isPublic: undefined","requestId":"08e78825-06c7-49ae-b3d9-47e3a1c0ff5f","timestamp":"2026-05-04T09:53:05.219Z"}
{"context":"LoggerMiddleware","level":"info","message":"[RequestID: 08e78825-06c7-49ae-b3d9-47e3a1c0ff5f] GET /auth/me | Status: 304 | Duration: 10ms | IP: ::1 | UserAgent: Mozilla/5.0 (Windows NT 10.0; Win64; x64) AppleWebKit/537.36 (KHTML, like Gecko) Chrome/147.0.0.0 Safari/537.36","requestId":"08e78825-06c7-49ae-b3d9-47e3a1c0ff5f","timestamp":"2026-05-04T09:53:05.229Z"}
{"context":"AccessTokenGuard","level":"info","message":"isPublic: true","requestId":"e40ccf98-8fdf-449b-955c-02c9893d3b7f","timestamp":"2026-05-04T09:53:25.377Z"}
{"context":"AccessTokenGuard","level":"info","message":"Public route, skipping authentication","requestId":"e40ccf98-8fdf-449b-955c-02c9893d3b7f","timestamp":"2026-05-04T09:53:25.377Z"}
{"context":"LoggerMiddleware","level":"info","message":"[RequestID: e40ccf98-8fdf-449b-955c-02c9893d3b7f] POST /auth/login | Status: 201 | Duration: 58ms | IP: ::1 | UserAgent: Mozilla/5.0 (Windows NT 10.0; Win64; x64) AppleWebKit/537.36 (KHTML, like Gecko) Chrome/147.0.0.0 Safari/537.36","requestId":"e40ccf98-8fdf-449b-955c-02c9893d3b7f","timestamp":"2026-05-04T09:53:25.435Z"}
{"context":"AccessTokenGuard","level":"info","message":"isPublic: true","requestId":"692cb048-7d41-4d08-85dd-b478baf5a772","timestamp":"2026-05-04T09:53:37.127Z"}
{"context":"AccessTokenGuard","level":"info","message":"Public route, skipping authentication","requestId":"692cb048-7d41-4d08-85dd-b478baf5a772","timestamp":"2026-05-04T09:53:37.127Z"}
{"context":"LoggerMiddleware","level":"info","message":"[RequestID: 692cb048-7d41-4d08-85dd-b478baf5a772] POST /auth/login | Status: 201 | Duration: 67ms | IP: ::1 | UserAgent: Mozilla/5.0 (Windows NT 10.0; Win64; x64) AppleWebKit/537.36 (KHTML, like Gecko) Chrome/147.0.0.0 Safari/537.36","requestId":"692cb048-7d41-4d08-85dd-b478baf5a772","timestamp":"2026-05-04T09:53:37.193Z"}
{"context":"AccessTokenGuard","level":"info","message":"isPublic: undefined","requestId":"ac51a143-dbe8-4ee8-ad87-205a63ec61d1","timestamp":"2026-05-04T09:53:41.336Z"}
{"context":"LoggerMiddleware","level":"info","message":"[RequestID: ac51a143-dbe8-4ee8-ad87-205a63ec61d1] GET /auth/me | Status: 304 | Duration: 13ms | IP: ::1 | UserAgent: Mozilla/5.0 (Windows NT 10.0; Win64; x64) AppleWebKit/537.36 (KHTML, like Gecko) Chrome/147.0.0.0 Safari/537.36","requestId":"ac51a143-dbe8-4ee8-ad87-205a63ec61d1","timestamp":"2026-05-04T09:53:41.348Z"}
{"context":"AccessTokenGuard","level":"info","message":"isPublic: undefined","requestId":"d4014a48-91ed-4129-ba68-007ad1013df1","timestamp":"2026-05-04T09:53:48.526Z"}
{"context":"LoggerMiddleware","level":"info","message":"[RequestID: d4014a48-91ed-4129-ba68-007ad1013df1] GET /auth/me | Status: 304 | Duration: 9ms | IP: ::1 | UserAgent: Mozilla/5.0 (Windows NT 10.0; Win64; x64) AppleWebKit/537.36 (KHTML, like Gecko) Chrome/147.0.0.0 Safari/537.36","requestId":"d4014a48-91ed-4129-ba68-007ad1013df1","timestamp":"2026-05-04T09:53:48.534Z"}
{"context":"AccessTokenGuard","level":"info","message":"isPublic: undefined","requestId":"883181b5-0024-4f39-aedd-705cd3d54b20","timestamp":"2026-05-04T09:53:49.307Z"}
{"context":"LoggerMiddleware","level":"info","message":"[RequestID: 883181b5-0024-4f39-aedd-705cd3d54b20] GET /auth/me | Status: 304 | Duration: 8ms | IP: ::1 | UserAgent: Mozilla/5.0 (Windows NT 10.0; Win64; x64) AppleWebKit/537.36 (KHTML, like Gecko) Chrome/147.0.0.0 Safari/537.36","requestId":"883181b5-0024-4f39-aedd-705cd3d54b20","timestamp":"2026-05-04T09:53:49.315Z"}
{"context":"AccessTokenGuard","level":"info","message":"isPublic: undefined","requestId":"a18141b7-4ed1-49f2-b620-ea0c24a217f0","timestamp":"2026-05-04T09:53:49.836Z"}
{"context":"LoggerMiddleware","level":"info","message":"[RequestID: a18141b7-4ed1-49f2-b620-ea0c24a217f0] GET /auth/me | Status: 304 | Duration: 8ms | IP: ::1 | UserAgent: Mozilla/5.0 (Windows NT 10.0; Win64; x64) AppleWebKit/537.36 (KHTML, like Gecko) Chrome/147.0.0.0 Safari/537.36","requestId":"a18141b7-4ed1-49f2-b620-ea0c24a217f0","timestamp":"2026-05-04T09:53:49.843Z"}
{"context":"AccessTokenGuard","level":"info","message":"isPublic: undefined","requestId":"2e54a082-c5ef-441f-9bbb-d9cb0c9166c8","timestamp":"2026-05-04T09:53:50.285Z"}
{"context":"LoggerMiddleware","level":"info","message":"[RequestID: 2e54a082-c5ef-441f-9bbb-d9cb0c9166c8] GET /auth/me | Status: 304 | Duration: 7ms | IP: ::1 | UserAgent: Mozilla/5.0 (Windows NT 10.0; Win64; x64) AppleWebKit/537.36 (KHTML, like Gecko) Chrome/147.0.0.0 Safari/537.36","requestId":"2e54a082-c5ef-441f-9bbb-d9cb0c9166c8","timestamp":"2026-05-04T09:53:50.291Z"}
{"context":"AccessTokenGuard","level":"info","message":"isPublic: true","requestId":"50be2095-bd20-4f90-bc43-458ffb8e17bd","timestamp":"2026-05-04T09:55:19.935Z"}
{"context":"AccessTokenGuard","level":"info","message":"Public route, skipping authentication","requestId":"50be2095-bd20-4f90-bc43-458ffb8e17bd","timestamp":"2026-05-04T09:55:19.935Z"}
{"context":"LoggerMiddleware","level":"info","message":"[RequestID: 50be2095-bd20-4f90-bc43-458ffb8e17bd] POST /auth/refresh | Status: 201 | Duration: 23ms | IP: ::1 | UserAgent: Mozilla/5.0 (Windows NT 10.0; Win64; x64) AppleWebKit/537.36 (KHTML, like Gecko) Chrome/147.0.0.0 Safari/537.36","requestId":"50be2095-bd20-4f90-bc43-458ffb8e17bd","timestamp":"2026-05-04T09:55:19.957Z"}
{"context":"AccessTokenGuard","level":"info","message":"isPublic: undefined","requestId":"52900a96-0e8f-49c3-9b0e-5306388f018c","timestamp":"2026-05-04T09:55:44.509Z"}
{"context":"LoggerMiddleware","level":"info","message":"[RequestID: 52900a96-0e8f-49c3-9b0e-5306388f018c] GET /auth/me | Status: 304 | Duration: 16ms | IP: ::1 | UserAgent: Mozilla/5.0 (Windows NT 10.0; Win64; x64) AppleWebKit/537.36 (KHTML, like Gecko) Chrome/147.0.0.0 Safari/537.36","requestId":"52900a96-0e8f-49c3-9b0e-5306388f018c","timestamp":"2026-05-04T09:55:44.526Z"}
{"context":"AccessTokenGuard","level":"info","message":"isPublic: undefined","requestId":"c416c084-6cb8-44e7-91a8-d6cb94dc810c","timestamp":"2026-05-04T09:55:56.209Z"}
{"context":"LoggerMiddleware","level":"info","message":"[RequestID: c416c084-6cb8-44e7-91a8-d6cb94dc810c] GET /auth/me | Status: 304 | Duration: 19ms | IP: ::1 | UserAgent: Mozilla/5.0 (Windows NT 10.0; Win64; x64) AppleWebKit/537.36 (KHTML, like Gecko) Chrome/147.0.0.0 Safari/537.36","requestId":"c416c084-6cb8-44e7-91a8-d6cb94dc810c","timestamp":"2026-05-04T09:55:56.228Z"}
{"level":"info","message":"Khởi tạo ứng dụng...","timestamp":"2026-05-04T09:56:57.732Z"}
{"context":"NestFactory","level":"info","message":"Starting Nest application...","timestamp":"2026-05-04T09:56:57.805Z"}
{"context":"InstanceLoader","level":"info","message":"PassportModule dependencies initialized","timestamp":"2026-05-04T09:56:57.813Z"}
{"context":"InstanceLoader","level":"info","message":"ConfigHostModule dependencies initialized","timestamp":"2026-05-04T09:56:57.813Z"}
{"context":"PrismaService","level":"info","message":"🔌 Prisma Connection String: postgresql://admin:******@localhost:5433/kyc_asset_db?schema=public","timestamp":"2026-05-04T09:56:57.815Z"}
{"context":"InstanceLoader","level":"info","message":"AppModule dependencies initialized","timestamp":"2026-05-04T09:56:57.816Z"}
{"context":"InstanceLoader","level":"info","message":"ConfigModule dependencies initialized","timestamp":"2026-05-04T09:56:57.816Z"}
{"context":"InstanceLoader","level":"info","message":"CommonModule dependencies initialized","timestamp":"2026-05-04T09:56:57.816Z"}
{"context":"InstanceLoader","level":"info","message":"JwtModule dependencies initialized","timestamp":"2026-05-04T09:56:57.817Z"}
{"context":"InstanceLoader","level":"info","message":"PrismaModule dependencies initialized","timestamp":"2026-05-04T09:56:57.817Z"}
{"context":"InstanceLoader","level":"info","message":"WhitelistIpModule dependencies initialized","timestamp":"2026-05-04T09:56:57.818Z"}
{"context":"InstanceLoader","level":"info","message":"AttributeModule dependencies initialized","timestamp":"2026-05-04T09:56:57.818Z"}
{"context":"InstanceLoader","level":"info","message":"UsersModule dependencies initialized","timestamp":"2026-05-04T09:56:57.818Z"}
{"context":"InstanceLoader","level":"info","message":"RolesModule dependencies initialized","timestamp":"2026-05-04T09:56:57.819Z"}
{"context":"InstanceLoader","level":"info","message":"PermissionsModule dependencies initialized","timestamp":"2026-05-04T09:56:57.819Z"}
{"context":"InstanceLoader","level":"info","message":"AuthModule dependencies initialized","timestamp":"2026-05-04T09:56:57.819Z"}
{"context":"RoutesResolver","level":"info","message":"AppController {/}:","timestamp":"2026-05-04T09:56:57.841Z"}
{"context":"RouterExplorer","level":"info","message":"Mapped {/, GET} route","timestamp":"2026-05-04T09:56:57.842Z"}
{"context":"RoutesResolver","level":"info","message":"UsersController {/users}:","timestamp":"2026-05-04T09:56:57.842Z"}
{"context":"RouterExplorer","level":"info","message":"Mapped {/users, POST} route","timestamp":"2026-05-04T09:56:57.843Z"}
{"context":"RouterExplorer","level":"info","message":"Mapped {/users, GET} route","timestamp":"2026-05-04T09:56:57.843Z"}
{"context":"RouterExplorer","level":"info","message":"Mapped {/users/:id, GET} route","timestamp":"2026-05-04T09:56:57.843Z"}
{"context":"RouterExplorer","level":"info","message":"Mapped {/users/:id, PATCH} route","timestamp":"2026-05-04T09:56:57.844Z"}
{"context":"RouterExplorer","level":"info","message":"Mapped {/users/:id, DELETE} route","timestamp":"2026-05-04T09:56:57.844Z"}
{"context":"RoutesResolver","level":"info","message":"WhitelistIpController {/whitelist-ip}:","timestamp":"2026-05-04T09:56:57.844Z"}
{"context":"RouterExplorer","level":"info","message":"Mapped {/whitelist-ip, POST} route","timestamp":"2026-05-04T09:56:57.844Z"}
{"context":"RouterExplorer","level":"info","message":"Mapped {/whitelist-ip, GET} route","timestamp":"2026-05-04T09:56:57.845Z"}
{"context":"RouterExplorer","level":"info","message":"Mapped {/whitelist-ip/:id, GET} route","timestamp":"2026-05-04T09:56:57.845Z"}
{"context":"RouterExplorer","level":"info","message":"Mapped {/whitelist-ip/:id, PATCH} route","timestamp":"2026-05-04T09:56:57.845Z"}
{"context":"RouterExplorer","level":"info","message":"Mapped {/whitelist-ip/:id, DELETE} route","timestamp":"2026-05-04T09:56:57.845Z"}
{"context":"RoutesResolver","level":"info","message":"RolesController {/roles}:","timestamp":"2026-05-04T09:56:57.846Z"}
{"context":"RouterExplorer","level":"info","message":"Mapped {/roles, POST} route","timestamp":"2026-05-04T09:56:57.846Z"}
{"context":"RouterExplorer","level":"info","message":"Mapped {/roles, GET} route","timestamp":"2026-05-04T09:56:57.846Z"}
{"context":"RouterExplorer","level":"info","message":"Mapped {/roles/:id, GET} route","timestamp":"2026-05-04T09:56:57.846Z"}
{"context":"RouterExplorer","level":"info","message":"Mapped {/roles/:id, PATCH} route","timestamp":"2026-05-04T09:56:57.846Z"}
{"context":"RouterExplorer","level":"info","message":"Mapped {/roles/:id, DELETE} route","timestamp":"2026-05-04T09:56:57.847Z"}
{"context":"RoutesResolver","level":"info","message":"PermissionsController {/permissions}:","timestamp":"2026-05-04T09:56:57.847Z"}
{"context":"RouterExplorer","level":"info","message":"Mapped {/permissions, POST} route","timestamp":"2026-05-04T09:56:57.847Z"}
{"context":"RouterExplorer","level":"info","message":"Mapped {/permissions, GET} route","timestamp":"2026-05-04T09:56:57.847Z"}
{"context":"RouterExplorer","level":"info","message":"Mapped {/permissions/:id, PATCH} route","timestamp":"2026-05-04T09:56:57.847Z"}
{"context":"RouterExplorer","level":"info","message":"Mapped {/permissions/:id, DELETE} route","timestamp":"2026-05-04T09:56:57.848Z"}
{"context":"RoutesResolver","level":"info","message":"AuthController {/auth}:","timestamp":"2026-05-04T09:56:57.848Z"}
{"context":"RouterExplorer","level":"info","message":"Mapped {/auth/register, POST} route","timestamp":"2026-05-04T09:56:57.848Z"}
{"context":"RouterExplorer","level":"info","message":"Mapped {/auth/login, POST} route","timestamp":"2026-05-04T09:56:57.848Z"}
{"context":"RouterExplorer","level":"info","message":"Mapped {/auth/refresh, POST} route","timestamp":"2026-05-04T09:56:57.848Z"}
{"context":"RouterExplorer","level":"info","message":"Mapped {/auth/logout, POST} route","timestamp":"2026-05-04T09:56:57.849Z"}
{"context":"RouterExplorer","level":"info","message":"Mapped {/auth/me, GET} route","timestamp":"2026-05-04T09:56:57.849Z"}
{"context":"RouterExplorer","level":"info","message":"Mapped {/auth/me/password, PATCH} route","timestamp":"2026-05-04T09:56:57.849Z"}
{"context":"RoutesResolver","level":"info","message":"AttributeController {/attribute}:","timestamp":"2026-05-04T09:56:57.849Z"}
{"context":"RouterExplorer","level":"info","message":"Mapped {/attribute, POST} route","timestamp":"2026-05-04T09:56:57.850Z"}
{"context":"RouterExplorer","level":"info","message":"Mapped {/attribute, GET} route","timestamp":"2026-05-04T09:56:57.850Z"}
{"context":"RouterExplorer","level":"info","message":"Mapped {/attribute/:id, GET} route","timestamp":"2026-05-04T09:56:57.850Z"}
{"context":"RouterExplorer","level":"info","message":"Mapped {/attribute/:id, PATCH} route","timestamp":"2026-05-04T09:56:57.850Z"}
{"context":"RouterExplorer","level":"info","message":"Mapped {/attribute/:id, DELETE} route","timestamp":"2026-05-04T09:56:57.851Z"}
{"context":"PrismaService","level":"info","message":"Kết nối database thành công","timestamp":"2026-05-04T09:56:57.889Z"}
{"context":"NestApplication","level":"info","message":"Nest application successfully started","timestamp":"2026-05-04T09:56:57.893Z"}
{"context":"AccessTokenGuard","level":"info","message":"isPublic: undefined","requestId":"852660dd-b74f-4e1e-8582-9393dd20d7df","timestamp":"2026-05-04T09:56:59.050Z"}
{"context":"AccessTokenStrategy","level":"info","message":"user: {\"id\":\"7133ea1e-0236-4517-9a36-e9f9c4adaf94\",\"username\":\"customer_002\",\"hashed_password\":\"scrypt:2dad6c549a7746b6dfda77d0337dee36:da93dd3cf6ab88db4f0ddfab0f46bf54e3913925987367798518c04acbd05489b29adcd4550c737c8ec36ebe0770b3acb3331ce8b25c29e0b89d041264dc4d26\",\"displayName\":\"Nguyễn Văn A\",\"token_version\":1,\"isActive\":true,\"createdAt\":\"2026-05-04T09:49:11.080Z\",\"updatedAt\":\"2026-05-04T09:49:11.080Z\",\"deletedAt\":null,\"roles\":[]}","requestId":"852660dd-b74f-4e1e-8582-9393dd20d7df","timestamp":"2026-05-04T09:56:59.101Z"}
{"context":"LoggerMiddleware","level":"info","message":"[RequestID: 852660dd-b74f-4e1e-8582-9393dd20d7df] GET /auth/me | Status: 304 | Duration: 56ms | IP: ::1 | UserAgent: Mozilla/5.0 (Windows NT 10.0; Win64; x64) AppleWebKit/537.36 (KHTML, like Gecko) Chrome/147.0.0.0 Safari/537.36","requestId":"852660dd-b74f-4e1e-8582-9393dd20d7df","timestamp":"2026-05-04T09:56:59.107Z"}
{"level":"info","message":"Khởi tạo ứng dụng...","timestamp":"2026-05-04T09:58:56.730Z"}
{"context":"NestFactory","level":"info","message":"Starting Nest application...","timestamp":"2026-05-04T09:58:56.807Z"}
{"context":"InstanceLoader","level":"info","message":"PassportModule dependencies initialized","timestamp":"2026-05-04T09:58:56.816Z"}
{"context":"InstanceLoader","level":"info","message":"ConfigHostModule dependencies initialized","timestamp":"2026-05-04T09:58:56.817Z"}
{"context":"PrismaService","level":"info","message":"🔌 Prisma Connection String: postgresql://admin:******@localhost:5433/kyc_asset_db?schema=public","timestamp":"2026-05-04T09:58:56.819Z"}
{"context":"InstanceLoader","level":"info","message":"AppModule dependencies initialized","timestamp":"2026-05-04T09:58:56.819Z"}
{"context":"InstanceLoader","level":"info","message":"ConfigModule dependencies initialized","timestamp":"2026-05-04T09:58:56.820Z"}
{"context":"InstanceLoader","level":"info","message":"CommonModule dependencies initialized","timestamp":"2026-05-04T09:58:56.820Z"}
{"context":"InstanceLoader","level":"info","message":"JwtModule dependencies initialized","timestamp":"2026-05-04T09:58:56.820Z"}
{"context":"InstanceLoader","level":"info","message":"PrismaModule dependencies initialized","timestamp":"2026-05-04T09:58:56.821Z"}
{"context":"InstanceLoader","level":"info","message":"WhitelistIpModule dependencies initialized","timestamp":"2026-05-04T09:58:56.823Z"}
{"context":"InstanceLoader","level":"info","message":"AttributeModule dependencies initialized","timestamp":"2026-05-04T09:58:56.823Z"}
{"context":"InstanceLoader","level":"info","message":"UsersModule dependencies initialized","timestamp":"2026-05-04T09:58:56.823Z"}
{"context":"InstanceLoader","level":"info","message":"RolesModule dependencies initialized","timestamp":"2026-05-04T09:58:56.823Z"}
{"context":"InstanceLoader","level":"info","message":"PermissionsModule dependencies initialized","timestamp":"2026-05-04T09:58:56.823Z"}
{"context":"InstanceLoader","level":"info","message":"AuthModule dependencies initialized","timestamp":"2026-05-04T09:58:56.823Z"}
{"context":"RoutesResolver","level":"info","message":"AppController {/}:","timestamp":"2026-05-04T09:58:56.846Z"}
{"context":"RouterExplorer","level":"info","message":"Mapped {/, GET} route","timestamp":"2026-05-04T09:58:56.848Z"}
{"context":"RoutesResolver","level":"info","message":"UsersController {/users}:","timestamp":"2026-05-04T09:58:56.848Z"}
{"context":"RouterExplorer","level":"info","message":"Mapped {/users, POST} route","timestamp":"2026-05-04T09:58:56.848Z"}
{"context":"RouterExplorer","level":"info","message":"Mapped {/users, GET} route","timestamp":"2026-05-04T09:58:56.849Z"}
{"context":"RouterExplorer","level":"info","message":"Mapped {/users/:id, GET} route","timestamp":"2026-05-04T09:58:56.849Z"}
{"context":"RouterExplorer","level":"info","message":"Mapped {/users/:id, PATCH} route","timestamp":"2026-05-04T09:58:56.849Z"}
{"context":"RouterExplorer","level":"info","message":"Mapped {/users/:id, DELETE} route","timestamp":"2026-05-04T09:58:56.850Z"}
{"context":"RoutesResolver","level":"info","message":"WhitelistIpController {/whitelist-ip}:","timestamp":"2026-05-04T09:58:56.850Z"}
{"context":"RouterExplorer","level":"info","message":"Mapped {/whitelist-ip, POST} route","timestamp":"2026-05-04T09:58:56.850Z"}
{"context":"RouterExplorer","level":"info","message":"Mapped {/whitelist-ip, GET} route","timestamp":"2026-05-04T09:58:56.850Z"}
{"context":"RouterExplorer","level":"info","message":"Mapped {/whitelist-ip/:id, GET} route","timestamp":"2026-05-04T09:58:56.851Z"}
{"context":"RouterExplorer","level":"info","message":"Mapped {/whitelist-ip/:id, PATCH} route","timestamp":"2026-05-04T09:58:56.851Z"}
{"context":"RouterExplorer","level":"info","message":"Mapped {/whitelist-ip/:id, DELETE} route","timestamp":"2026-05-04T09:58:56.851Z"}
{"context":"RoutesResolver","level":"info","message":"RolesController {/roles}:","timestamp":"2026-05-04T09:58:56.851Z"}
{"context":"RouterExplorer","level":"info","message":"Mapped {/roles, POST} route","timestamp":"2026-05-04T09:58:56.851Z"}
{"context":"RouterExplorer","level":"info","message":"Mapped {/roles, GET} route","timestamp":"2026-05-04T09:58:56.852Z"}
{"context":"RouterExplorer","level":"info","message":"Mapped {/roles/:id, GET} route","timestamp":"2026-05-04T09:58:56.852Z"}
{"context":"RouterExplorer","level":"info","message":"Mapped {/roles/:id, PATCH} route","timestamp":"2026-05-04T09:58:56.852Z"}
{"context":"RouterExplorer","level":"info","message":"Mapped {/roles/:id, DELETE} route","timestamp":"2026-05-04T09:58:56.852Z"}
{"context":"RoutesResolver","level":"info","message":"PermissionsController {/permissions}:","timestamp":"2026-05-04T09:58:56.852Z"}
{"context":"RouterExplorer","level":"info","message":"Mapped {/permissions, POST} route","timestamp":"2026-05-04T09:58:56.853Z"}
{"context":"RouterExplorer","level":"info","message":"Mapped {/permissions, GET} route","timestamp":"2026-05-04T09:58:56.853Z"}
{"context":"RouterExplorer","level":"info","message":"Mapped {/permissions/:id, PATCH} route","timestamp":"2026-05-04T09:58:56.853Z"}
{"context":"RouterExplorer","level":"info","message":"Mapped {/permissions/:id, DELETE} route","timestamp":"2026-05-04T09:58:56.853Z"}
{"context":"RoutesResolver","level":"info","message":"AuthController {/auth}:","timestamp":"2026-05-04T09:58:56.854Z"}
{"context":"RouterExplorer","level":"info","message":"Mapped {/auth/register, POST} route","timestamp":"2026-05-04T09:58:56.854Z"}
{"context":"RouterExplorer","level":"info","message":"Mapped {/auth/login, POST} route","timestamp":"2026-05-04T09:58:56.854Z"}
{"context":"RouterExplorer","level":"info","message":"Mapped {/auth/refresh, POST} route","timestamp":"2026-05-04T09:58:56.854Z"}
{"context":"RouterExplorer","level":"info","message":"Mapped {/auth/logout, POST} route","timestamp":"2026-05-04T09:58:56.854Z"}
{"context":"RouterExplorer","level":"info","message":"Mapped {/auth/me, GET} route","timestamp":"2026-05-04T09:58:56.855Z"}
{"context":"RouterExplorer","level":"info","message":"Mapped {/auth/me/password, PATCH} route","timestamp":"2026-05-04T09:58:56.855Z"}
{"context":"RoutesResolver","level":"info","message":"AttributeController {/attribute}:","timestamp":"2026-05-04T09:58:56.855Z"}
{"context":"RouterExplorer","level":"info","message":"Mapped {/attribute, POST} route","timestamp":"2026-05-04T09:58:56.855Z"}
{"context":"RouterExplorer","level":"info","message":"Mapped {/attribute, GET} route","timestamp":"2026-05-04T09:58:56.855Z"}
{"context":"RouterExplorer","level":"info","message":"Mapped {/attribute/:id, GET} route","timestamp":"2026-05-04T09:58:56.855Z"}
{"context":"RouterExplorer","level":"info","message":"Mapped {/attribute/:id, PATCH} route","timestamp":"2026-05-04T09:58:56.856Z"}
{"context":"RouterExplorer","level":"info","message":"Mapped {/attribute/:id, DELETE} route","timestamp":"2026-05-04T09:58:56.856Z"}
{"context":"PrismaService","level":"info","message":"Kết nối database thành công","timestamp":"2026-05-04T09:58:56.906Z"}
{"context":"NestApplication","level":"info","message":"Nest application successfully started","timestamp":"2026-05-04T09:58:56.911Z"}
{"context":"AccessTokenGuard","level":"info","message":"isPublic: undefined","requestId":"98e6c480-08c8-41fb-b8b7-121e36b6782e","timestamp":"2026-05-04T09:58:58.253Z"}
{"context":"AccessTokenStrategy","level":"info","message":"user: {\"id\":\"7133ea1e-0236-4517-9a36-e9f9c4adaf94\",\"username\":\"customer_002\",\"hashed_password\":\"scrypt:2dad6c549a7746b6dfda77d0337dee36:da93dd3cf6ab88db4f0ddfab0f46bf54e3913925987367798518c04acbd05489b29adcd4550c737c8ec36ebe0770b3acb3331ce8b25c29e0b89d041264dc4d26\",\"displayName\":\"Nguyễn Văn A\",\"token_version\":1,\"isActive\":true,\"createdAt\":\"2026-05-04T09:49:11.080Z\",\"updatedAt\":\"2026-05-04T09:49:11.080Z\",\"deletedAt\":null,\"roles\":[]}","requestId":"98e6c480-08c8-41fb-b8b7-121e36b6782e","timestamp":"2026-05-04T09:58:58.317Z"}
{"context":"AuthService","level":"info","message":"payload: {\"id\":\"7133ea1e-0236-4517-9a36-e9f9c4adaf94\",\"username\":\"customer_002\",\"displayName\":\"Nguyễn Văn A\",\"token_version\":1,\"isActive\":true,\"createdAt\":\"2026-05-04T09:49:11.080Z\",\"updatedAt\":\"2026-05-04T09:49:11.080Z\",\"deletedAt\":null,\"roles\":[]}","requestId":"98e6c480-08c8-41fb-b8b7-121e36b6782e","timestamp":"2026-05-04T09:58:58.318Z"}
{"context":"AuthService","level":"info","message":"user: {\"id\":\"cc6d2974-22cf-4b0b-9590-4b701cfa3c00\",\"username\":\"customer_001\",\"hashed_password\":\"scrypt:61b7465b5cc602c81ecaa66e31f0f570:064a122e33f58ab9bedcc806f62492b81e4451665c71c7dc3a5afd28b63aa6017713b59fb84dc9594c530b3bbe79c2bf5c738ae510f3152bf09f34a3b6d02482\",\"displayName\":\"Nguyễn Văn A\",\"token_version\":5,\"isActive\":true,\"createdAt\":\"2026-05-03T15:37:18.203Z\",\"updatedAt\":\"2026-05-04T09:10:04.759Z\",\"deletedAt\":null,\"roles\":[]}","requestId":"98e6c480-08c8-41fb-b8b7-121e36b6782e","timestamp":"2026-05-04T09:58:58.322Z"}
{"context":"LoggerMiddleware","level":"info","message":"[RequestID: 98e6c480-08c8-41fb-b8b7-121e36b6782e] GET /auth/me | Status: 304 | Duration: 72ms | IP: ::1 | UserAgent: Mozilla/5.0 (Windows NT 10.0; Win64; x64) AppleWebKit/537.36 (KHTML, like Gecko) Chrome/147.0.0.0 Safari/537.36","requestId":"98e6c480-08c8-41fb-b8b7-121e36b6782e","timestamp":"2026-05-04T09:58:58.325Z"}
{"level":"info","message":"Khởi tạo ứng dụng...","timestamp":"2026-05-04T10:04:01.888Z"}
{"context":"NestFactory","level":"info","message":"Starting Nest application...","timestamp":"2026-05-04T10:04:01.960Z"}
{"context":"InstanceLoader","level":"info","message":"PassportModule dependencies initialized","timestamp":"2026-05-04T10:04:01.968Z"}
{"context":"InstanceLoader","level":"info","message":"ConfigHostModule dependencies initialized","timestamp":"2026-05-04T10:04:01.969Z"}
{"context":"PrismaService","level":"info","message":"🔌 Prisma Connection String: postgresql://admin:******@localhost:5433/kyc_asset_db?schema=public","timestamp":"2026-05-04T10:04:01.971Z"}
{"context":"InstanceLoader","level":"info","message":"AppModule dependencies initialized","timestamp":"2026-05-04T10:04:01.971Z"}
{"context":"InstanceLoader","level":"info","message":"ConfigModule dependencies initialized","timestamp":"2026-05-04T10:04:01.972Z"}
{"context":"InstanceLoader","level":"info","message":"CommonModule dependencies initialized","timestamp":"2026-05-04T10:04:01.972Z"}
{"context":"InstanceLoader","level":"info","message":"JwtModule dependencies initialized","timestamp":"2026-05-04T10:04:01.972Z"}
{"context":"InstanceLoader","level":"info","message":"PrismaModule dependencies initialized","timestamp":"2026-05-04T10:04:01.972Z"}
{"context":"InstanceLoader","level":"info","message":"WhitelistIpModule dependencies initialized","timestamp":"2026-05-04T10:04:01.974Z"}
{"context":"InstanceLoader","level":"info","message":"AttributeModule dependencies initialized","timestamp":"2026-05-04T10:04:01.974Z"}
{"context":"InstanceLoader","level":"info","message":"UsersModule dependencies initialized","timestamp":"2026-05-04T10:04:01.975Z"}
{"context":"InstanceLoader","level":"info","message":"RolesModule dependencies initialized","timestamp":"2026-05-04T10:04:01.975Z"}
{"context":"InstanceLoader","level":"info","message":"PermissionsModule dependencies initialized","timestamp":"2026-05-04T10:04:01.975Z"}
{"context":"InstanceLoader","level":"info","message":"AuthModule dependencies initialized","timestamp":"2026-05-04T10:04:01.975Z"}
{"context":"RoutesResolver","level":"info","message":"AppController {/}:","timestamp":"2026-05-04T10:04:01.997Z"}
{"context":"RouterExplorer","level":"info","message":"Mapped {/, GET} route","timestamp":"2026-05-04T10:04:01.998Z"}
{"context":"RoutesResolver","level":"info","message":"UsersController {/users}:","timestamp":"2026-05-04T10:04:01.998Z"}
{"context":"RouterExplorer","level":"info","message":"Mapped {/users, POST} route","timestamp":"2026-05-04T10:04:01.999Z"}
{"context":"RouterExplorer","level":"info","message":"Mapped {/users, GET} route","timestamp":"2026-05-04T10:04:01.999Z"}
{"context":"RouterExplorer","level":"info","message":"Mapped {/users/:id, GET} route","timestamp":"2026-05-04T10:04:01.999Z"}
{"context":"RouterExplorer","level":"info","message":"Mapped {/users/:id, PATCH} route","timestamp":"2026-05-04T10:04:01.999Z"}
{"context":"RouterExplorer","level":"info","message":"Mapped {/users/:id, DELETE} route","timestamp":"2026-05-04T10:04:02.000Z"}
{"context":"RoutesResolver","level":"info","message":"WhitelistIpController {/whitelist-ip}:","timestamp":"2026-05-04T10:04:02.000Z"}
{"context":"RouterExplorer","level":"info","message":"Mapped {/whitelist-ip, POST} route","timestamp":"2026-05-04T10:04:02.000Z"}
{"context":"RouterExplorer","level":"info","message":"Mapped {/whitelist-ip, GET} route","timestamp":"2026-05-04T10:04:02.000Z"}
{"context":"RouterExplorer","level":"info","message":"Mapped {/whitelist-ip/:id, GET} route","timestamp":"2026-05-04T10:04:02.000Z"}
{"context":"RouterExplorer","level":"info","message":"Mapped {/whitelist-ip/:id, PATCH} route","timestamp":"2026-05-04T10:04:02.000Z"}
{"context":"RouterExplorer","level":"info","message":"Mapped {/whitelist-ip/:id, DELETE} route","timestamp":"2026-05-04T10:04:02.001Z"}
{"context":"RoutesResolver","level":"info","message":"RolesController {/roles}:","timestamp":"2026-05-04T10:04:02.001Z"}
{"context":"RouterExplorer","level":"info","message":"Mapped {/roles, POST} route","timestamp":"2026-05-04T10:04:02.001Z"}
{"context":"RouterExplorer","level":"info","message":"Mapped {/roles, GET} route","timestamp":"2026-05-04T10:04:02.001Z"}
{"context":"RouterExplorer","level":"info","message":"Mapped {/roles/:id, GET} route","timestamp":"2026-05-04T10:04:02.001Z"}
{"context":"RouterExplorer","level":"info","message":"Mapped {/roles/:id, PATCH} route","timestamp":"2026-05-04T10:04:02.001Z"}
{"context":"RouterExplorer","level":"info","message":"Mapped {/roles/:id, DELETE} route","timestamp":"2026-05-04T10:04:02.001Z"}
{"context":"RoutesResolver","level":"info","message":"PermissionsController {/permissions}:","timestamp":"2026-05-04T10:04:02.001Z"}
{"context":"RouterExplorer","level":"info","message":"Mapped {/permissions, POST} route","timestamp":"2026-05-04T10:04:02.002Z"}
{"context":"RouterExplorer","level":"info","message":"Mapped {/permissions, GET} route","timestamp":"2026-05-04T10:04:02.002Z"}
{"context":"RouterExplorer","level":"info","message":"Mapped {/permissions/:id, PATCH} route","timestamp":"2026-05-04T10:04:02.002Z"}
{"context":"RouterExplorer","level":"info","message":"Mapped {/permissions/:id, DELETE} route","timestamp":"2026-05-04T10:04:02.002Z"}
{"context":"RoutesResolver","level":"info","message":"AuthController {/auth}:","timestamp":"2026-05-04T10:04:02.002Z"}
{"context":"RouterExplorer","level":"info","message":"Mapped {/auth/register, POST} route","timestamp":"2026-05-04T10:04:02.002Z"}
{"context":"RouterExplorer","level":"info","message":"Mapped {/auth/login, POST} route","timestamp":"2026-05-04T10:04:02.002Z"}
{"context":"RouterExplorer","level":"info","message":"Mapped {/auth/refresh, POST} route","timestamp":"2026-05-04T10:04:02.003Z"}
{"context":"RouterExplorer","level":"info","message":"Mapped {/auth/logout, POST} route","timestamp":"2026-05-04T10:04:02.003Z"}
{"context":"RouterExplorer","level":"info","message":"Mapped {/auth/me, GET} route","timestamp":"2026-05-04T10:04:02.003Z"}
{"context":"RouterExplorer","level":"info","message":"Mapped {/auth/me/password, PATCH} route","timestamp":"2026-05-04T10:04:02.003Z"}
{"context":"RoutesResolver","level":"info","message":"AttributeController {/attribute}:","timestamp":"2026-05-04T10:04:02.003Z"}
{"context":"RouterExplorer","level":"info","message":"Mapped {/attribute, POST} route","timestamp":"2026-05-04T10:04:02.003Z"}
{"context":"RouterExplorer","level":"info","message":"Mapped {/attribute, GET} route","timestamp":"2026-05-04T10:04:02.004Z"}
{"context":"RouterExplorer","level":"info","message":"Mapped {/attribute/:id, GET} route","timestamp":"2026-05-04T10:04:02.004Z"}
{"context":"RouterExplorer","level":"info","message":"Mapped {/attribute/:id, PATCH} route","timestamp":"2026-05-04T10:04:02.004Z"}
{"context":"RouterExplorer","level":"info","message":"Mapped {/attribute/:id, DELETE} route","timestamp":"2026-05-04T10:04:02.004Z"}
{"context":"PrismaService","level":"info","message":"Kết nối database thành công","timestamp":"2026-05-04T10:04:02.044Z"}
{"context":"NestApplication","level":"info","message":"Nest application successfully started","timestamp":"2026-05-04T10:04:02.048Z"}
{"context":"AccessTokenGuard","level":"info","message":"isPublic: undefined","requestId":"04fcf400-f4c5-49c0-b8f1-24bcd8c2a40c","timestamp":"2026-05-04T10:04:04.085Z"}
{"context":"AccessTokenStrategy","level":"info","message":"user: {\"id\":\"7133ea1e-0236-4517-9a36-e9f9c4adaf94\",\"username\":\"customer_002\",\"hashed_password\":\"scrypt:2dad6c549a7746b6dfda77d0337dee36:da93dd3cf6ab88db4f0ddfab0f46bf54e3913925987367798518c04acbd05489b29adcd4550c737c8ec36ebe0770b3acb3331ce8b25c29e0b89d041264dc4d26\",\"displayName\":\"Nguyễn Văn A\",\"token_version\":1,\"isActive\":true,\"createdAt\":\"2026-05-04T09:49:11.080Z\",\"updatedAt\":\"2026-05-04T09:49:11.080Z\",\"deletedAt\":null,\"roles\":[]}","requestId":"04fcf400-f4c5-49c0-b8f1-24bcd8c2a40c","timestamp":"2026-05-04T10:04:04.135Z"}
{"context":"AuthService","level":"info","message":"payload: {\"sub\":\"7133ea1e-0236-4517-9a36-e9f9c4adaf94\",\"username\":\"customer_002\",\"displayName\":\"Nguyễn Văn A\",\"tokenVersion\":1,\"roles\":[]}","requestId":"04fcf400-f4c5-49c0-b8f1-24bcd8c2a40c","timestamp":"2026-05-04T10:04:04.136Z"}
{"context":"AuthService","level":"info","message":"user: {\"id\":\"7133ea1e-0236-4517-9a36-e9f9c4adaf94\",\"username\":\"customer_002\",\"hashed_password\":\"scrypt:2dad6c549a7746b6dfda77d0337dee36:da93dd3cf6ab88db4f0ddfab0f46bf54e3913925987367798518c04acbd05489b29adcd4550c737c8ec36ebe0770b3acb3331ce8b25c29e0b89d041264dc4d26\",\"displayName\":\"Nguyễn Văn A\",\"token_version\":1,\"isActive\":true,\"createdAt\":\"2026-05-04T09:49:11.080Z\",\"updatedAt\":\"2026-05-04T09:49:11.080Z\",\"deletedAt\":null,\"roles\":[]}","requestId":"04fcf400-f4c5-49c0-b8f1-24bcd8c2a40c","timestamp":"2026-05-04T10:04:04.139Z"}
{"context":"LoggerMiddleware","level":"info","message":"[RequestID: 04fcf400-f4c5-49c0-b8f1-24bcd8c2a40c] GET /auth/me | Status: 200 | Duration: 57ms | IP: ::1 | UserAgent: Mozilla/5.0 (Windows NT 10.0; Win64; x64) AppleWebKit/537.36 (KHTML, like Gecko) Chrome/147.0.0.0 Safari/537.36","requestId":"04fcf400-f4c5-49c0-b8f1-24bcd8c2a40c","timestamp":"2026-05-04T10:04:04.141Z"}
{"level":"info","message":"Khởi tạo ứng dụng...","timestamp":"2026-05-04T10:04:44.845Z"}
{"context":"NestFactory","level":"info","message":"Starting Nest application...","timestamp":"2026-05-04T10:04:44.914Z"}
{"context":"InstanceLoader","level":"info","message":"PassportModule dependencies initialized","timestamp":"2026-05-04T10:04:44.922Z"}
{"context":"InstanceLoader","level":"info","message":"ConfigHostModule dependencies initialized","timestamp":"2026-05-04T10:04:44.922Z"}
{"context":"PrismaService","level":"info","message":"🔌 Prisma Connection String: postgresql://admin:******@localhost:5433/kyc_asset_db?schema=public","timestamp":"2026-05-04T10:04:44.925Z"}
{"context":"InstanceLoader","level":"info","message":"AppModule dependencies initialized","timestamp":"2026-05-04T10:04:44.925Z"}
{"context":"InstanceLoader","level":"info","message":"ConfigModule dependencies initialized","timestamp":"2026-05-04T10:04:44.926Z"}
{"context":"InstanceLoader","level":"info","message":"CommonModule dependencies initialized","timestamp":"2026-05-04T10:04:44.926Z"}
{"context":"InstanceLoader","level":"info","message":"JwtModule dependencies initialized","timestamp":"2026-05-04T10:04:44.926Z"}
{"context":"InstanceLoader","level":"info","message":"PrismaModule dependencies initialized","timestamp":"2026-05-04T10:04:44.927Z"}
{"context":"InstanceLoader","level":"info","message":"WhitelistIpModule dependencies initialized","timestamp":"2026-05-04T10:04:44.928Z"}
{"context":"InstanceLoader","level":"info","message":"AttributeModule dependencies initialized","timestamp":"2026-05-04T10:04:44.928Z"}
{"context":"InstanceLoader","level":"info","message":"UsersModule dependencies initialized","timestamp":"2026-05-04T10:04:44.929Z"}
{"context":"InstanceLoader","level":"info","message":"RolesModule dependencies initialized","timestamp":"2026-05-04T10:04:44.929Z"}
{"context":"InstanceLoader","level":"info","message":"PermissionsModule dependencies initialized","timestamp":"2026-05-04T10:04:44.929Z"}
{"context":"InstanceLoader","level":"info","message":"AuthModule dependencies initialized","timestamp":"2026-05-04T10:04:44.929Z"}
{"context":"RoutesResolver","level":"info","message":"AppController {/}:","timestamp":"2026-05-04T10:04:44.951Z"}
{"context":"RouterExplorer","level":"info","message":"Mapped {/, GET} route","timestamp":"2026-05-04T10:04:44.952Z"}
{"context":"RoutesResolver","level":"info","message":"UsersController {/users}:","timestamp":"2026-05-04T10:04:44.953Z"}
{"context":"RouterExplorer","level":"info","message":"Mapped {/users, POST} route","timestamp":"2026-05-04T10:04:44.953Z"}
{"context":"RouterExplorer","level":"info","message":"Mapped {/users, GET} route","timestamp":"2026-05-04T10:04:44.953Z"}
{"context":"RouterExplorer","level":"info","message":"Mapped {/users/:id, GET} route","timestamp":"2026-05-04T10:04:44.953Z"}
{"context":"RouterExplorer","level":"info","message":"Mapped {/users/:id, PATCH} route","timestamp":"2026-05-04T10:04:44.954Z"}
{"context":"RouterExplorer","level":"info","message":"Mapped {/users/:id, DELETE} route","timestamp":"2026-05-04T10:04:44.954Z"}
{"context":"RoutesResolver","level":"info","message":"WhitelistIpController {/whitelist-ip}:","timestamp":"2026-05-04T10:04:44.954Z"}
{"context":"RouterExplorer","level":"info","message":"Mapped {/whitelist-ip, POST} route","timestamp":"2026-05-04T10:04:44.954Z"}
{"context":"RouterExplorer","level":"info","message":"Mapped {/whitelist-ip, GET} route","timestamp":"2026-05-04T10:04:44.954Z"}
{"context":"RouterExplorer","level":"info","message":"Mapped {/whitelist-ip/:id, GET} route","timestamp":"2026-05-04T10:04:44.955Z"}
{"context":"RouterExplorer","level":"info","message":"Mapped {/whitelist-ip/:id, PATCH} route","timestamp":"2026-05-04T10:04:44.955Z"}
{"context":"RouterExplorer","level":"info","message":"Mapped {/whitelist-ip/:id, DELETE} route","timestamp":"2026-05-04T10:04:44.955Z"}
{"context":"RoutesResolver","level":"info","message":"RolesController {/roles}:","timestamp":"2026-05-04T10:04:44.955Z"}
{"context":"RouterExplorer","level":"info","message":"Mapped {/roles, POST} route","timestamp":"2026-05-04T10:04:44.955Z"}
{"context":"RouterExplorer","level":"info","message":"Mapped {/roles, GET} route","timestamp":"2026-05-04T10:04:44.955Z"}
{"context":"RouterExplorer","level":"info","message":"Mapped {/roles/:id, GET} route","timestamp":"2026-05-04T10:04:44.955Z"}
{"context":"RouterExplorer","level":"info","message":"Mapped {/roles/:id, PATCH} route","timestamp":"2026-05-04T10:04:44.956Z"}
{"context":"RouterExplorer","level":"info","message":"Mapped {/roles/:id, DELETE} route","timestamp":"2026-05-04T10:04:44.956Z"}
{"context":"RoutesResolver","level":"info","message":"PermissionsController {/permissions}:","timestamp":"2026-05-04T10:04:44.956Z"}
{"context":"RouterExplorer","level":"info","message":"Mapped {/permissions, POST} route","timestamp":"2026-05-04T10:04:44.956Z"}
{"context":"RouterExplorer","level":"info","message":"Mapped {/permissions, GET} route","timestamp":"2026-05-04T10:04:44.956Z"}
{"context":"RouterExplorer","level":"info","message":"Mapped {/permissions/:id, PATCH} route","timestamp":"2026-05-04T10:04:44.956Z"}
{"context":"RouterExplorer","level":"info","message":"Mapped {/permissions/:id, DELETE} route","timestamp":"2026-05-04T10:04:44.956Z"}
{"context":"RoutesResolver","level":"info","message":"AuthController {/auth}:","timestamp":"2026-05-04T10:04:44.957Z"}
{"context":"RouterExplorer","level":"info","message":"Mapped {/auth/register, POST} route","timestamp":"2026-05-04T10:04:44.957Z"}
{"context":"RouterExplorer","level":"info","message":"Mapped {/auth/login, POST} route","timestamp":"2026-05-04T10:04:44.957Z"}
{"context":"RouterExplorer","level":"info","message":"Mapped {/auth/refresh, POST} route","timestamp":"2026-05-04T10:04:44.957Z"}
{"context":"RouterExplorer","level":"info","message":"Mapped {/auth/logout, POST} route","timestamp":"2026-05-04T10:04:44.958Z"}
{"context":"RouterExplorer","level":"info","message":"Mapped {/auth/me, GET} route","timestamp":"2026-05-04T10:04:44.958Z"}
{"context":"RouterExplorer","level":"info","message":"Mapped {/auth/me/password, PATCH} route","timestamp":"2026-05-04T10:04:44.958Z"}
{"context":"RoutesResolver","level":"info","message":"AttributeController {/attribute}:","timestamp":"2026-05-04T10:04:44.958Z"}
{"context":"RouterExplorer","level":"info","message":"Mapped {/attribute, POST} route","timestamp":"2026-05-04T10:04:44.958Z"}
{"context":"RouterExplorer","level":"info","message":"Mapped {/attribute, GET} route","timestamp":"2026-05-04T10:04:44.958Z"}
{"context":"RouterExplorer","level":"info","message":"Mapped {/attribute/:id, GET} route","timestamp":"2026-05-04T10:04:44.959Z"}
{"context":"RouterExplorer","level":"info","message":"Mapped {/attribute/:id, PATCH} route","timestamp":"2026-05-04T10:04:44.959Z"}
{"context":"RouterExplorer","level":"info","message":"Mapped {/attribute/:id, DELETE} route","timestamp":"2026-05-04T10:04:44.959Z"}
{"context":"PrismaService","level":"info","message":"Kết nối database thành công","timestamp":"2026-05-04T10:04:44.996Z"}
{"context":"NestApplication","level":"info","message":"Nest application successfully started","timestamp":"2026-05-04T10:04:45.000Z"}
{"context":"AccessTokenGuard","level":"info","message":"isPublic: undefined","requestId":"185a69d7-16e3-4a33-810d-10dcaadc1e60","timestamp":"2026-05-04T10:05:00.100Z"}
{"context":"AccessTokenStrategy","level":"info","message":"user: {\"id\":\"7133ea1e-0236-4517-9a36-e9f9c4adaf94\",\"username\":\"customer_002\",\"hashed_password\":\"scrypt:2dad6c549a7746b6dfda77d0337dee36:da93dd3cf6ab88db4f0ddfab0f46bf54e3913925987367798518c04acbd05489b29adcd4550c737c8ec36ebe0770b3acb3331ce8b25c29e0b89d041264dc4d26\",\"displayName\":\"Nguyễn Văn A\",\"token_version\":1,\"isActive\":true,\"createdAt\":\"2026-05-04T09:49:11.080Z\",\"updatedAt\":\"2026-05-04T09:49:11.080Z\",\"deletedAt\":null,\"roles\":[]}","requestId":"185a69d7-16e3-4a33-810d-10dcaadc1e60","timestamp":"2026-05-04T10:05:00.159Z"}
{"context":"AuthService","level":"info","message":"payload: {\"id\":\"7133ea1e-0236-4517-9a36-e9f9c4adaf94\",\"username\":\"customer_002\",\"hashed_password\":\"scrypt:2dad6c549a7746b6dfda77d0337dee36:da93dd3cf6ab88db4f0ddfab0f46bf54e3913925987367798518c04acbd05489b29adcd4550c737c8ec36ebe0770b3acb3331ce8b25c29e0b89d041264dc4d26\",\"displayName\":\"Nguyễn Văn A\",\"token_version\":1,\"isActive\":true,\"createdAt\":\"2026-05-04T09:49:11.080Z\",\"updatedAt\":\"2026-05-04T09:49:11.080Z\",\"deletedAt\":null,\"roles\":[]}","requestId":"185a69d7-16e3-4a33-810d-10dcaadc1e60","timestamp":"2026-05-04T10:05:00.161Z"}
{"context":"AuthService","level":"info","message":"user: {\"id\":\"cc6d2974-22cf-4b0b-9590-4b701cfa3c00\",\"username\":\"customer_001\",\"hashed_password\":\"scrypt:61b7465b5cc602c81ecaa66e31f0f570:064a122e33f58ab9bedcc806f62492b81e4451665c71c7dc3a5afd28b63aa6017713b59fb84dc9594c530b3bbe79c2bf5c738ae510f3152bf09f34a3b6d02482\",\"displayName\":\"Nguyễn Văn A\",\"token_version\":5,\"isActive\":true,\"createdAt\":\"2026-05-03T15:37:18.203Z\",\"updatedAt\":\"2026-05-04T09:10:04.759Z\",\"deletedAt\":null,\"roles\":[]}","requestId":"185a69d7-16e3-4a33-810d-10dcaadc1e60","timestamp":"2026-05-04T10:05:00.166Z"}
{"context":"LoggerMiddleware","level":"info","message":"[RequestID: 185a69d7-16e3-4a33-810d-10dcaadc1e60] GET /auth/me | Status: 200 | Duration: 70ms | IP: ::1 | UserAgent: Mozilla/5.0 (Windows NT 10.0; Win64; x64) AppleWebKit/537.36 (KHTML, like Gecko) Chrome/147.0.0.0 Safari/537.36","requestId":"185a69d7-16e3-4a33-810d-10dcaadc1e60","timestamp":"2026-05-04T10:05:00.169Z"}
{"level":"info","message":"Khởi tạo ứng dụng...","timestamp":"2026-05-04T12:18:31.956Z"}
{"context":"NestFactory","level":"info","message":"Starting Nest application...","timestamp":"2026-05-04T12:18:32.035Z"}
{"context":"InstanceLoader","level":"info","message":"PassportModule dependencies initialized","timestamp":"2026-05-04T12:18:32.043Z"}
{"context":"InstanceLoader","level":"info","message":"ConfigHostModule dependencies initialized","timestamp":"2026-05-04T12:18:32.044Z"}
{"context":"PrismaService","level":"info","message":"🔌 Prisma Connection String: postgresql://admin:******@localhost:5433/kyc_asset_db?schema=public","timestamp":"2026-05-04T12:18:32.047Z"}
{"context":"InstanceLoader","level":"info","message":"AppModule dependencies initialized","timestamp":"2026-05-04T12:18:32.048Z"}
{"context":"InstanceLoader","level":"info","message":"ConfigModule dependencies initialized","timestamp":"2026-05-04T12:18:32.048Z"}
{"context":"InstanceLoader","level":"info","message":"CommonModule dependencies initialized","timestamp":"2026-05-04T12:18:32.048Z"}
{"context":"InstanceLoader","level":"info","message":"JwtModule dependencies initialized","timestamp":"2026-05-04T12:18:32.048Z"}
{"context":"InstanceLoader","level":"info","message":"PrismaModule dependencies initialized","timestamp":"2026-05-04T12:18:32.049Z"}
{"context":"InstanceLoader","level":"info","message":"WhitelistIpModule dependencies initialized","timestamp":"2026-05-04T12:18:32.050Z"}
{"context":"InstanceLoader","level":"info","message":"AttributeModule dependencies initialized","timestamp":"2026-05-04T12:18:32.050Z"}
{"context":"InstanceLoader","level":"info","message":"UsersModule dependencies initialized","timestamp":"2026-05-04T12:18:32.050Z"}
{"context":"InstanceLoader","level":"info","message":"RolesModule dependencies initialized","timestamp":"2026-05-04T12:18:32.051Z"}
{"context":"InstanceLoader","level":"info","message":"PermissionsModule dependencies initialized","timestamp":"2026-05-04T12:18:32.051Z"}
{"context":"InstanceLoader","level":"info","message":"AuthModule dependencies initialized","timestamp":"2026-05-04T12:18:32.051Z"}
{"context":"RoutesResolver","level":"info","message":"AppController {/}:","timestamp":"2026-05-04T12:18:32.072Z"}
{"context":"RouterExplorer","level":"info","message":"Mapped {/, GET} route","timestamp":"2026-05-04T12:18:32.074Z"}
{"context":"RoutesResolver","level":"info","message":"UsersController {/users}:","timestamp":"2026-05-04T12:18:32.074Z"}
{"context":"RouterExplorer","level":"info","message":"Mapped {/users, POST} route","timestamp":"2026-05-04T12:18:32.074Z"}
{"context":"RouterExplorer","level":"info","message":"Mapped {/users, GET} route","timestamp":"2026-05-04T12:18:32.074Z"}
{"context":"RouterExplorer","level":"info","message":"Mapped {/users/:id, GET} route","timestamp":"2026-05-04T12:18:32.075Z"}
{"context":"RouterExplorer","level":"info","message":"Mapped {/users/:id, PATCH} route","timestamp":"2026-05-04T12:18:32.075Z"}
{"context":"RouterExplorer","level":"info","message":"Mapped {/users/:id, DELETE} route","timestamp":"2026-05-04T12:18:32.075Z"}
{"context":"RoutesResolver","level":"info","message":"WhitelistIpController {/whitelist-ip}:","timestamp":"2026-05-04T12:18:32.075Z"}
{"context":"RouterExplorer","level":"info","message":"Mapped {/whitelist-ip, POST} route","timestamp":"2026-05-04T12:18:32.075Z"}
{"context":"RouterExplorer","level":"info","message":"Mapped {/whitelist-ip, GET} route","timestamp":"2026-05-04T12:18:32.075Z"}
{"context":"RouterExplorer","level":"info","message":"Mapped {/whitelist-ip/:id, GET} route","timestamp":"2026-05-04T12:18:32.076Z"}
{"context":"RouterExplorer","level":"info","message":"Mapped {/whitelist-ip/:id, PATCH} route","timestamp":"2026-05-04T12:18:32.076Z"}
{"context":"RouterExplorer","level":"info","message":"Mapped {/whitelist-ip/:id, DELETE} route","timestamp":"2026-05-04T12:18:32.076Z"}
{"context":"RoutesResolver","level":"info","message":"RolesController {/roles}:","timestamp":"2026-05-04T12:18:32.076Z"}
{"context":"RouterExplorer","level":"info","message":"Mapped {/roles, POST} route","timestamp":"2026-05-04T12:18:32.076Z"}
{"context":"RouterExplorer","level":"info","message":"Mapped {/roles, GET} route","timestamp":"2026-05-04T12:18:32.076Z"}
{"context":"RouterExplorer","level":"info","message":"Mapped {/roles/:id, GET} route","timestamp":"2026-05-04T12:18:32.077Z"}
{"context":"RouterExplorer","level":"info","message":"Mapped {/roles/:id, PATCH} route","timestamp":"2026-05-04T12:18:32.077Z"}
{"context":"RouterExplorer","level":"info","message":"Mapped {/roles/:id, DELETE} route","timestamp":"2026-05-04T12:18:32.077Z"}
{"context":"RoutesResolver","level":"info","message":"PermissionsController {/permissions}:","timestamp":"2026-05-04T12:18:32.077Z"}
{"context":"RouterExplorer","level":"info","message":"Mapped {/permissions, POST} route","timestamp":"2026-05-04T12:18:32.077Z"}
{"context":"RouterExplorer","level":"info","message":"Mapped {/permissions, GET} route","timestamp":"2026-05-04T12:18:32.078Z"}
{"context":"RouterExplorer","level":"info","message":"Mapped {/permissions/:id, PATCH} route","timestamp":"2026-05-04T12:18:32.078Z"}
{"context":"RouterExplorer","level":"info","message":"Mapped {/permissions/:id, DELETE} route","timestamp":"2026-05-04T12:18:32.078Z"}
{"context":"RoutesResolver","level":"info","message":"AuthController {/auth}:","timestamp":"2026-05-04T12:18:32.078Z"}
{"context":"RouterExplorer","level":"info","message":"Mapped {/auth/register, POST} route","timestamp":"2026-05-04T12:18:32.078Z"}
{"context":"RouterExplorer","level":"info","message":"Mapped {/auth/login, POST} route","timestamp":"2026-05-04T12:18:32.078Z"}
{"context":"RouterExplorer","level":"info","message":"Mapped {/auth/refresh, POST} route","timestamp":"2026-05-04T12:18:32.079Z"}
{"context":"RouterExplorer","level":"info","message":"Mapped {/auth/logout, POST} route","timestamp":"2026-05-04T12:18:32.079Z"}
{"context":"RouterExplorer","level":"info","message":"Mapped {/auth/me, GET} route","timestamp":"2026-05-04T12:18:32.079Z"}
{"context":"RouterExplorer","level":"info","message":"Mapped {/auth/me/password, PATCH} route","timestamp":"2026-05-04T12:18:32.079Z"}
{"context":"RoutesResolver","level":"info","message":"AttributeController {/attribute}:","timestamp":"2026-05-04T12:18:32.079Z"}
{"context":"RouterExplorer","level":"info","message":"Mapped {/attribute, POST} route","timestamp":"2026-05-04T12:18:32.079Z"}
{"context":"RouterExplorer","level":"info","message":"Mapped {/attribute, GET} route","timestamp":"2026-05-04T12:18:32.080Z"}
{"context":"RouterExplorer","level":"info","message":"Mapped {/attribute/:id, GET} route","timestamp":"2026-05-04T12:18:32.080Z"}
{"context":"RouterExplorer","level":"info","message":"Mapped {/attribute/:id, PATCH} route","timestamp":"2026-05-04T12:18:32.080Z"}
{"context":"RouterExplorer","level":"info","message":"Mapped {/attribute/:id, DELETE} route","timestamp":"2026-05-04T12:18:32.080Z"}
{"context":"PrismaService","level":"info","message":"Kết nối database thành công","timestamp":"2026-05-04T12:18:32.118Z"}
{"context":"NestApplication","level":"info","message":"Nest application successfully started","timestamp":"2026-05-04T12:18:32.121Z"}
{"level":"info","message":"Khởi tạo ứng dụng...","timestamp":"2026-05-04T12:18:32.899Z"}
{"context":"NestFactory","level":"info","message":"Starting Nest application...","timestamp":"2026-05-04T12:18:32.965Z"}
{"context":"InstanceLoader","level":"info","message":"PassportModule dependencies initialized","timestamp":"2026-05-04T12:18:32.973Z"}
{"context":"InstanceLoader","level":"info","message":"ConfigHostModule dependencies initialized","timestamp":"2026-05-04T12:18:32.973Z"}
{"context":"PrismaService","level":"info","message":"🔌 Prisma Connection String: postgresql://admin:******@localhost:5433/kyc_asset_db?schema=public","timestamp":"2026-05-04T12:18:32.976Z"}
{"context":"InstanceLoader","level":"info","message":"AppModule dependencies initialized","timestamp":"2026-05-04T12:18:32.976Z"}
{"context":"InstanceLoader","level":"info","message":"ConfigModule dependencies initialized","timestamp":"2026-05-04T12:18:32.976Z"}
{"context":"InstanceLoader","level":"info","message":"CommonModule dependencies initialized","timestamp":"2026-05-04T12:18:32.977Z"}
{"context":"InstanceLoader","level":"info","message":"JwtModule dependencies initialized","timestamp":"2026-05-04T12:18:32.977Z"}
{"context":"InstanceLoader","level":"info","message":"PrismaModule dependencies initialized","timestamp":"2026-05-04T12:18:32.977Z"}
{"context":"InstanceLoader","level":"info","message":"WhitelistIpModule dependencies initialized","timestamp":"2026-05-04T12:18:32.978Z"}
{"context":"InstanceLoader","level":"info","message":"AttributeModule dependencies initialized","timestamp":"2026-05-04T12:18:32.979Z"}
{"context":"InstanceLoader","level":"info","message":"UsersModule dependencies initialized","timestamp":"2026-05-04T12:18:32.979Z"}
{"context":"InstanceLoader","level":"info","message":"RolesModule dependencies initialized","timestamp":"2026-05-04T12:18:32.979Z"}
{"context":"InstanceLoader","level":"info","message":"PermissionsModule dependencies initialized","timestamp":"2026-05-04T12:18:32.979Z"}
{"context":"InstanceLoader","level":"info","message":"AuthModule dependencies initialized","timestamp":"2026-05-04T12:18:32.979Z"}
{"context":"RoutesResolver","level":"info","message":"AppController {/}:","timestamp":"2026-05-04T12:18:33.001Z"}
{"context":"RouterExplorer","level":"info","message":"Mapped {/, GET} route","timestamp":"2026-05-04T12:18:33.002Z"}
{"context":"RoutesResolver","level":"info","message":"UsersController {/users}:","timestamp":"2026-05-04T12:18:33.002Z"}
{"context":"RouterExplorer","level":"info","message":"Mapped {/users, POST} route","timestamp":"2026-05-04T12:18:33.003Z"}
{"context":"RouterExplorer","level":"info","message":"Mapped {/users, GET} route","timestamp":"2026-05-04T12:18:33.003Z"}
{"context":"RouterExplorer","level":"info","message":"Mapped {/users/:id, GET} route","timestamp":"2026-05-04T12:18:33.003Z"}
{"context":"RouterExplorer","level":"info","message":"Mapped {/users/:id, PATCH} route","timestamp":"2026-05-04T12:18:33.003Z"}
{"context":"RouterExplorer","level":"info","message":"Mapped {/users/:id, DELETE} route","timestamp":"2026-05-04T12:18:33.004Z"}
{"context":"RoutesResolver","level":"info","message":"WhitelistIpController {/whitelist-ip}:","timestamp":"2026-05-04T12:18:33.004Z"}
{"context":"RouterExplorer","level":"info","message":"Mapped {/whitelist-ip, POST} route","timestamp":"2026-05-04T12:18:33.004Z"}
{"context":"RouterExplorer","level":"info","message":"Mapped {/whitelist-ip, GET} route","timestamp":"2026-05-04T12:18:33.004Z"}
{"context":"RouterExplorer","level":"info","message":"Mapped {/whitelist-ip/:id, GET} route","timestamp":"2026-05-04T12:18:33.004Z"}
{"context":"RouterExplorer","level":"info","message":"Mapped {/whitelist-ip/:id, PATCH} route","timestamp":"2026-05-04T12:18:33.004Z"}
{"context":"RouterExplorer","level":"info","message":"Mapped {/whitelist-ip/:id, DELETE} route","timestamp":"2026-05-04T12:18:33.005Z"}
{"context":"RoutesResolver","level":"info","message":"RolesController {/roles}:","timestamp":"2026-05-04T12:18:33.005Z"}
{"context":"RouterExplorer","level":"info","message":"Mapped {/roles, POST} route","timestamp":"2026-05-04T12:18:33.005Z"}
{"context":"RouterExplorer","level":"info","message":"Mapped {/roles, GET} route","timestamp":"2026-05-04T12:18:33.005Z"}
{"context":"RouterExplorer","level":"info","message":"Mapped {/roles/:id, GET} route","timestamp":"2026-05-04T12:18:33.005Z"}
{"context":"RouterExplorer","level":"info","message":"Mapped {/roles/:id, PATCH} route","timestamp":"2026-05-04T12:18:33.005Z"}
{"context":"RouterExplorer","level":"info","message":"Mapped {/roles/:id, DELETE} route","timestamp":"2026-05-04T12:18:33.005Z"}
{"context":"RoutesResolver","level":"info","message":"PermissionsController {/permissions}:","timestamp":"2026-05-04T12:18:33.005Z"}
{"context":"RouterExplorer","level":"info","message":"Mapped {/permissions, POST} route","timestamp":"2026-05-04T12:18:33.006Z"}
{"context":"RouterExplorer","level":"info","message":"Mapped {/permissions, GET} route","timestamp":"2026-05-04T12:18:33.006Z"}
{"context":"RouterExplorer","level":"info","message":"Mapped {/permissions/:id, PATCH} route","timestamp":"2026-05-04T12:18:33.006Z"}
{"context":"RouterExplorer","level":"info","message":"Mapped {/permissions/:id, DELETE} route","timestamp":"2026-05-04T12:18:33.006Z"}
{"context":"RoutesResolver","level":"info","message":"AuthController {/auth}:","timestamp":"2026-05-04T12:18:33.006Z"}
{"context":"RouterExplorer","level":"info","message":"Mapped {/auth/register, POST} route","timestamp":"2026-05-04T12:18:33.007Z"}
{"context":"RouterExplorer","level":"info","message":"Mapped {/auth/login, POST} route","timestamp":"2026-05-04T12:18:33.007Z"}
{"context":"RouterExplorer","level":"info","message":"Mapped {/auth/refresh, POST} route","timestamp":"2026-05-04T12:18:33.007Z"}
{"context":"RouterExplorer","level":"info","message":"Mapped {/auth/logout, POST} route","timestamp":"2026-05-04T12:18:33.007Z"}
{"context":"RouterExplorer","level":"info","message":"Mapped {/auth/me, GET} route","timestamp":"2026-05-04T12:18:33.007Z"}
{"context":"RouterExplorer","level":"info","message":"Mapped {/auth/me/password, PATCH} route","timestamp":"2026-05-04T12:18:33.008Z"}
{"context":"RoutesResolver","level":"info","message":"AttributeController {/attribute}:","timestamp":"2026-05-04T12:18:33.008Z"}
{"context":"RouterExplorer","level":"info","message":"Mapped {/attribute, POST} route","timestamp":"2026-05-04T12:18:33.008Z"}
{"context":"RouterExplorer","level":"info","message":"Mapped {/attribute, GET} route","timestamp":"2026-05-04T12:18:33.008Z"}
{"context":"RouterExplorer","level":"info","message":"Mapped {/attribute/:id, GET} route","timestamp":"2026-05-04T12:18:33.008Z"}
{"context":"RouterExplorer","level":"info","message":"Mapped {/attribute/:id, PATCH} route","timestamp":"2026-05-04T12:18:33.008Z"}
{"context":"RouterExplorer","level":"info","message":"Mapped {/attribute/:id, DELETE} route","timestamp":"2026-05-04T12:18:33.009Z"}
{"context":"PrismaService","level":"info","message":"Kết nối database thành công","timestamp":"2026-05-04T12:18:33.046Z"}
{"context":"NestApplication","level":"info","message":"Nest application successfully started","timestamp":"2026-05-04T12:18:33.050Z"}
{"level":"info","message":"Khởi tạo ứng dụng...","timestamp":"2026-05-04T12:18:34.010Z"}
{"context":"NestFactory","level":"info","message":"Starting Nest application...","timestamp":"2026-05-04T12:18:34.084Z"}
{"context":"InstanceLoader","level":"info","message":"PassportModule dependencies initialized","timestamp":"2026-05-04T12:18:34.092Z"}
{"context":"InstanceLoader","level":"info","message":"ConfigHostModule dependencies initialized","timestamp":"2026-05-04T12:18:34.092Z"}
{"context":"PrismaService","level":"info","message":"🔌 Prisma Connection String: postgresql://admin:******@localhost:5433/kyc_asset_db?schema=public","timestamp":"2026-05-04T12:18:34.095Z"}
{"context":"InstanceLoader","level":"info","message":"AppModule dependencies initialized","timestamp":"2026-05-04T12:18:34.095Z"}
{"context":"InstanceLoader","level":"info","message":"ConfigModule dependencies initialized","timestamp":"2026-05-04T12:18:34.095Z"}
{"context":"InstanceLoader","level":"info","message":"CommonModule dependencies initialized","timestamp":"2026-05-04T12:18:34.096Z"}
{"context":"InstanceLoader","level":"info","message":"JwtModule dependencies initialized","timestamp":"2026-05-04T12:18:34.096Z"}
{"context":"InstanceLoader","level":"info","message":"PrismaModule dependencies initialized","timestamp":"2026-05-04T12:18:34.097Z"}
{"context":"InstanceLoader","level":"info","message":"WhitelistIpModule dependencies initialized","timestamp":"2026-05-04T12:18:34.098Z"}
{"context":"InstanceLoader","level":"info","message":"AttributeModule dependencies initialized","timestamp":"2026-05-04T12:18:34.098Z"}
{"context":"InstanceLoader","level":"info","message":"UsersModule dependencies initialized","timestamp":"2026-05-04T12:18:34.098Z"}
{"context":"InstanceLoader","level":"info","message":"RolesModule dependencies initialized","timestamp":"2026-05-04T12:18:34.098Z"}
{"context":"InstanceLoader","level":"info","message":"PermissionsModule dependencies initialized","timestamp":"2026-05-04T12:18:34.098Z"}
{"context":"InstanceLoader","level":"info","message":"AuthModule dependencies initialized","timestamp":"2026-05-04T12:18:34.099Z"}
{"context":"RoutesResolver","level":"info","message":"AppController {/}:","timestamp":"2026-05-04T12:18:34.121Z"}
{"context":"RouterExplorer","level":"info","message":"Mapped {/, GET} route","timestamp":"2026-05-04T12:18:34.122Z"}
{"context":"RoutesResolver","level":"info","message":"UsersController {/users}:","timestamp":"2026-05-04T12:18:34.122Z"}
{"context":"RouterExplorer","level":"info","message":"Mapped {/users, POST} route","timestamp":"2026-05-04T12:18:34.122Z"}
{"context":"RouterExplorer","level":"info","message":"Mapped {/users, GET} route","timestamp":"2026-05-04T12:18:34.123Z"}
{"context":"RouterExplorer","level":"info","message":"Mapped {/users/:id, GET} route","timestamp":"2026-05-04T12:18:34.123Z"}
{"context":"RouterExplorer","level":"info","message":"Mapped {/users/:id, PATCH} route","timestamp":"2026-05-04T12:18:34.123Z"}
{"context":"RouterExplorer","level":"info","message":"Mapped {/users/:id, DELETE} route","timestamp":"2026-05-04T12:18:34.123Z"}
{"context":"RoutesResolver","level":"info","message":"WhitelistIpController {/whitelist-ip}:","timestamp":"2026-05-04T12:18:34.123Z"}
{"context":"RouterExplorer","level":"info","message":"Mapped {/whitelist-ip, POST} route","timestamp":"2026-05-04T12:18:34.124Z"}
{"context":"RouterExplorer","level":"info","message":"Mapped {/whitelist-ip, GET} route","timestamp":"2026-05-04T12:18:34.124Z"}
{"context":"RouterExplorer","level":"info","message":"Mapped {/whitelist-ip/:id, GET} route","timestamp":"2026-05-04T12:18:34.124Z"}
{"context":"RouterExplorer","level":"info","message":"Mapped {/whitelist-ip/:id, PATCH} route","timestamp":"2026-05-04T12:18:34.124Z"}
{"context":"RouterExplorer","level":"info","message":"Mapped {/whitelist-ip/:id, DELETE} route","timestamp":"2026-05-04T12:18:34.124Z"}
{"context":"RoutesResolver","level":"info","message":"RolesController {/roles}:","timestamp":"2026-05-04T12:18:34.124Z"}
{"context":"RouterExplorer","level":"info","message":"Mapped {/roles, POST} route","timestamp":"2026-05-04T12:18:34.125Z"}
{"context":"RouterExplorer","level":"info","message":"Mapped {/roles, GET} route","timestamp":"2026-05-04T12:18:34.125Z"}
{"context":"RouterExplorer","level":"info","message":"Mapped {/roles/:id, GET} route","timestamp":"2026-05-04T12:18:34.125Z"}
{"context":"RouterExplorer","level":"info","message":"Mapped {/roles/:id, PATCH} route","timestamp":"2026-05-04T12:18:34.125Z"}
{"context":"RouterExplorer","level":"info","message":"Mapped {/roles/:id, DELETE} route","timestamp":"2026-05-04T12:18:34.125Z"}
{"context":"RoutesResolver","level":"info","message":"PermissionsController {/permissions}:","timestamp":"2026-05-04T12:18:34.125Z"}
{"context":"RouterExplorer","level":"info","message":"Mapped {/permissions, POST} route","timestamp":"2026-05-04T12:18:34.125Z"}
{"context":"RouterExplorer","level":"info","message":"Mapped {/permissions, GET} route","timestamp":"2026-05-04T12:18:34.126Z"}
{"context":"RouterExplorer","level":"info","message":"Mapped {/permissions/:id, PATCH} route","timestamp":"2026-05-04T12:18:34.126Z"}
{"context":"RouterExplorer","level":"info","message":"Mapped {/permissions/:id, DELETE} route","timestamp":"2026-05-04T12:18:34.126Z"}
{"context":"RoutesResolver","level":"info","message":"AuthController {/auth}:","timestamp":"2026-05-04T12:18:34.126Z"}
{"context":"RouterExplorer","level":"info","message":"Mapped {/auth/register, POST} route","timestamp":"2026-05-04T12:18:34.126Z"}
{"context":"RouterExplorer","level":"info","message":"Mapped {/auth/login, POST} route","timestamp":"2026-05-04T12:18:34.126Z"}
{"context":"RouterExplorer","level":"info","message":"Mapped {/auth/refresh, POST} route","timestamp":"2026-05-04T12:18:34.127Z"}
{"context":"RouterExplorer","level":"info","message":"Mapped {/auth/logout, POST} route","timestamp":"2026-05-04T12:18:34.127Z"}
{"context":"RouterExplorer","level":"info","message":"Mapped {/auth/me, GET} route","timestamp":"2026-05-04T12:18:34.127Z"}
{"context":"RouterExplorer","level":"info","message":"Mapped {/auth/me/password, PATCH} route","timestamp":"2026-05-04T12:18:34.127Z"}
{"context":"RoutesResolver","level":"info","message":"AttributeController {/attribute}:","timestamp":"2026-05-04T12:18:34.127Z"}
{"context":"RouterExplorer","level":"info","message":"Mapped {/attribute, POST} route","timestamp":"2026-05-04T12:18:34.127Z"}
{"context":"RouterExplorer","level":"info","message":"Mapped {/attribute, GET} route","timestamp":"2026-05-04T12:18:34.127Z"}
{"context":"RouterExplorer","level":"info","message":"Mapped {/attribute/:id, GET} route","timestamp":"2026-05-04T12:18:34.128Z"}
{"context":"RouterExplorer","level":"info","message":"Mapped {/attribute/:id, PATCH} route","timestamp":"2026-05-04T12:18:34.128Z"}
{"context":"RouterExplorer","level":"info","message":"Mapped {/attribute/:id, DELETE} route","timestamp":"2026-05-04T12:18:34.128Z"}
{"context":"PrismaService","level":"info","message":"Kết nối database thành công","timestamp":"2026-05-04T12:18:34.165Z"}
{"context":"NestApplication","level":"info","message":"Nest application successfully started","timestamp":"2026-05-04T12:18:34.166Z"}
{"level":"info","message":"Khởi tạo ứng dụng...","timestamp":"2026-05-04T12:22:29.117Z"}
{"context":"NestFactory","level":"info","message":"Starting Nest application...","timestamp":"2026-05-04T12:22:29.185Z"}
{"context":"InstanceLoader","level":"info","message":"PassportModule dependencies initialized","timestamp":"2026-05-04T12:22:29.193Z"}
{"context":"InstanceLoader","level":"info","message":"ConfigHostModule dependencies initialized","timestamp":"2026-05-04T12:22:29.194Z"}
{"context":"PrismaService","level":"info","message":"🔌 Prisma Connection String: postgresql://admin:******@localhost:5433/kyc_asset_db?schema=public","timestamp":"2026-05-04T12:22:29.197Z"}
{"context":"InstanceLoader","level":"info","message":"AppModule dependencies initialized","timestamp":"2026-05-04T12:22:29.197Z"}
{"context":"InstanceLoader","level":"info","message":"ConfigModule dependencies initialized","timestamp":"2026-05-04T12:22:29.197Z"}
{"context":"InstanceLoader","level":"info","message":"CommonModule dependencies initialized","timestamp":"2026-05-04T12:22:29.197Z"}
{"context":"InstanceLoader","level":"info","message":"JwtModule dependencies initialized","timestamp":"2026-05-04T12:22:29.198Z"}
{"context":"InstanceLoader","level":"info","message":"PrismaModule dependencies initialized","timestamp":"2026-05-04T12:22:29.198Z"}
{"context":"InstanceLoader","level":"info","message":"WhitelistIpModule dependencies initialized","timestamp":"2026-05-04T12:22:29.199Z"}
{"context":"InstanceLoader","level":"info","message":"AttributeModule dependencies initialized","timestamp":"2026-05-04T12:22:29.199Z"}
{"context":"InstanceLoader","level":"info","message":"UsersModule dependencies initialized","timestamp":"2026-05-04T12:22:29.200Z"}
{"context":"InstanceLoader","level":"info","message":"RolesModule dependencies initialized","timestamp":"2026-05-04T12:22:29.200Z"}
{"context":"InstanceLoader","level":"info","message":"PermissionsModule dependencies initialized","timestamp":"2026-05-04T12:22:29.200Z"}
{"context":"InstanceLoader","level":"info","message":"AuthModule dependencies initialized","timestamp":"2026-05-04T12:22:29.200Z"}
{"context":"RoutesResolver","level":"info","message":"AppController {/}:","timestamp":"2026-05-04T12:22:29.221Z"}
{"context":"RouterExplorer","level":"info","message":"Mapped {/, GET} route","timestamp":"2026-05-04T12:22:29.222Z"}
{"context":"RoutesResolver","level":"info","message":"UsersController {/users}:","timestamp":"2026-05-04T12:22:29.223Z"}
{"context":"RouterExplorer","level":"info","message":"Mapped {/users, POST} route","timestamp":"2026-05-04T12:22:29.223Z"}
{"context":"RouterExplorer","level":"info","message":"Mapped {/users, GET} route","timestamp":"2026-05-04T12:22:29.223Z"}
{"context":"RouterExplorer","level":"info","message":"Mapped {/users/:id, GET} route","timestamp":"2026-05-04T12:22:29.223Z"}
{"context":"RouterExplorer","level":"info","message":"Mapped {/users/:id, PATCH} route","timestamp":"2026-05-04T12:22:29.224Z"}
{"context":"RouterExplorer","level":"info","message":"Mapped {/users/:id, DELETE} route","timestamp":"2026-05-04T12:22:29.224Z"}
{"context":"RoutesResolver","level":"info","message":"WhitelistIpController {/whitelist-ip}:","timestamp":"2026-05-04T12:22:29.224Z"}
{"context":"RouterExplorer","level":"info","message":"Mapped {/whitelist-ip, POST} route","timestamp":"2026-05-04T12:22:29.224Z"}
{"context":"RouterExplorer","level":"info","message":"Mapped {/whitelist-ip, GET} route","timestamp":"2026-05-04T12:22:29.224Z"}
{"context":"RouterExplorer","level":"info","message":"Mapped {/whitelist-ip/:id, GET} route","timestamp":"2026-05-04T12:22:29.225Z"}
{"context":"RouterExplorer","level":"info","message":"Mapped {/whitelist-ip/:id, PATCH} route","timestamp":"2026-05-04T12:22:29.225Z"}
{"context":"RouterExplorer","level":"info","message":"Mapped {/whitelist-ip/:id, DELETE} route","timestamp":"2026-05-04T12:22:29.225Z"}
{"context":"RoutesResolver","level":"info","message":"RolesController {/roles}:","timestamp":"2026-05-04T12:22:29.225Z"}
{"context":"RouterExplorer","level":"info","message":"Mapped {/roles, POST} route","timestamp":"2026-05-04T12:22:29.225Z"}
{"context":"RouterExplorer","level":"info","message":"Mapped {/roles, GET} route","timestamp":"2026-05-04T12:22:29.225Z"}
{"context":"RouterExplorer","level":"info","message":"Mapped {/roles/:id, GET} route","timestamp":"2026-05-04T12:22:29.225Z"}
{"context":"RouterExplorer","level":"info","message":"Mapped {/roles/:id, PATCH} route","timestamp":"2026-05-04T12:22:29.226Z"}
{"context":"RouterExplorer","level":"info","message":"Mapped {/roles/:id, DELETE} route","timestamp":"2026-05-04T12:22:29.226Z"}
{"context":"RoutesResolver","level":"info","message":"PermissionsController {/permissions}:","timestamp":"2026-05-04T12:22:29.226Z"}
{"context":"RouterExplorer","level":"info","message":"Mapped {/permissions, POST} route","timestamp":"2026-05-04T12:22:29.226Z"}
{"context":"RouterExplorer","level":"info","message":"Mapped {/permissions, GET} route","timestamp":"2026-05-04T12:22:29.226Z"}
{"context":"RouterExplorer","level":"info","message":"Mapped {/permissions/:id, PATCH} route","timestamp":"2026-05-04T12:22:29.226Z"}
{"context":"RouterExplorer","level":"info","message":"Mapped {/permissions/:id, DELETE} route","timestamp":"2026-05-04T12:22:29.226Z"}
{"context":"RoutesResolver","level":"info","message":"AuthController {/auth}:","timestamp":"2026-05-04T12:22:29.227Z"}
{"context":"RouterExplorer","level":"info","message":"Mapped {/auth/register, POST} route","timestamp":"2026-05-04T12:22:29.227Z"}
{"context":"RouterExplorer","level":"info","message":"Mapped {/auth/login, POST} route","timestamp":"2026-05-04T12:22:29.227Z"}
{"context":"RouterExplorer","level":"info","message":"Mapped {/auth/refresh, POST} route","timestamp":"2026-05-04T12:22:29.227Z"}
{"context":"RouterExplorer","level":"info","message":"Mapped {/auth/logout, POST} route","timestamp":"2026-05-04T12:22:29.227Z"}
{"context":"RouterExplorer","level":"info","message":"Mapped {/auth/me, GET} route","timestamp":"2026-05-04T12:22:29.228Z"}
{"context":"RouterExplorer","level":"info","message":"Mapped {/auth/me/password, PATCH} route","timestamp":"2026-05-04T12:22:29.228Z"}
{"context":"RoutesResolver","level":"info","message":"AttributeController {/attribute}:","timestamp":"2026-05-04T12:22:29.228Z"}
{"context":"RouterExplorer","level":"info","message":"Mapped {/attribute, POST} route","timestamp":"2026-05-04T12:22:29.228Z"}
{"context":"RouterExplorer","level":"info","message":"Mapped {/attribute, GET} route","timestamp":"2026-05-04T12:22:29.229Z"}
{"context":"RouterExplorer","level":"info","message":"Mapped {/attribute/:id, GET} route","timestamp":"2026-05-04T12:22:29.229Z"}
{"context":"RouterExplorer","level":"info","message":"Mapped {/attribute/:id, PATCH} route","timestamp":"2026-05-04T12:22:29.229Z"}
{"context":"RouterExplorer","level":"info","message":"Mapped {/attribute/:id, DELETE} route","timestamp":"2026-05-04T12:22:29.229Z"}
{"context":"PrismaService","level":"info","message":"Kết nối database thành công","timestamp":"2026-05-04T12:22:29.266Z"}
{"context":"NestApplication","level":"info","message":"Nest application successfully started","timestamp":"2026-05-04T12:22:29.269Z"}
{"level":"info","message":"Khởi tạo ứng dụng...","timestamp":"2026-05-04T12:27:12.464Z"}
{"context":"NestFactory","level":"info","message":"Starting Nest application...","timestamp":"2026-05-04T12:27:12.538Z"}
{"context":"InstanceLoader","level":"info","message":"PassportModule dependencies initialized","timestamp":"2026-05-04T12:27:12.545Z"}
{"context":"InstanceLoader","level":"info","message":"ConfigHostModule dependencies initialized","timestamp":"2026-05-04T12:27:12.546Z"}
{"context":"PrismaService","level":"info","message":"🔌 Prisma Connection String: postgresql://admin:******@localhost:5433/kyc_asset_db?schema=public","timestamp":"2026-05-04T12:27:12.548Z"}
{"context":"InstanceLoader","level":"info","message":"AppModule dependencies initialized","timestamp":"2026-05-04T12:27:12.549Z"}
{"context":"InstanceLoader","level":"info","message":"ConfigModule dependencies initialized","timestamp":"2026-05-04T12:27:12.549Z"}
{"context":"InstanceLoader","level":"info","message":"CommonModule dependencies initialized","timestamp":"2026-05-04T12:27:12.549Z"}
{"context":"InstanceLoader","level":"info","message":"JwtModule dependencies initialized","timestamp":"2026-05-04T12:27:12.550Z"}
{"context":"InstanceLoader","level":"info","message":"PrismaModule dependencies initialized","timestamp":"2026-05-04T12:27:12.550Z"}
{"context":"InstanceLoader","level":"info","message":"WhitelistIpModule dependencies initialized","timestamp":"2026-05-04T12:27:12.552Z"}
{"context":"InstanceLoader","level":"info","message":"AttributeModule dependencies initialized","timestamp":"2026-05-04T12:27:12.552Z"}
{"context":"InstanceLoader","level":"info","message":"UsersModule dependencies initialized","timestamp":"2026-05-04T12:27:12.552Z"}
{"context":"InstanceLoader","level":"info","message":"RolesModule dependencies initialized","timestamp":"2026-05-04T12:27:12.552Z"}
{"context":"InstanceLoader","level":"info","message":"PermissionsModule dependencies initialized","timestamp":"2026-05-04T12:27:12.552Z"}
{"context":"InstanceLoader","level":"info","message":"AuthModule dependencies initialized","timestamp":"2026-05-04T12:27:12.553Z"}
{"context":"RoutesResolver","level":"info","message":"AppController {/}:","timestamp":"2026-05-04T12:27:12.575Z"}
{"context":"RouterExplorer","level":"info","message":"Mapped {/, GET} route","timestamp":"2026-05-04T12:27:12.576Z"}
{"context":"RoutesResolver","level":"info","message":"UsersController {/users}:","timestamp":"2026-05-04T12:27:12.577Z"}
{"context":"RouterExplorer","level":"info","message":"Mapped {/users, POST} route","timestamp":"2026-05-04T12:27:12.577Z"}
{"context":"RouterExplorer","level":"info","message":"Mapped {/users, GET} route","timestamp":"2026-05-04T12:27:12.577Z"}
{"context":"RouterExplorer","level":"info","message":"Mapped {/users/:id, GET} route","timestamp":"2026-05-04T12:27:12.577Z"}
{"context":"RouterExplorer","level":"info","message":"Mapped {/users/:id, PATCH} route","timestamp":"2026-05-04T12:27:12.578Z"}
{"context":"RouterExplorer","level":"info","message":"Mapped {/users/:id, DELETE} route","timestamp":"2026-05-04T12:27:12.578Z"}
{"context":"RoutesResolver","level":"info","message":"WhitelistIpController {/whitelist-ip}:","timestamp":"2026-05-04T12:27:12.578Z"}
{"context":"RouterExplorer","level":"info","message":"Mapped {/whitelist-ip, POST} route","timestamp":"2026-05-04T12:27:12.578Z"}
{"context":"RouterExplorer","level":"info","message":"Mapped {/whitelist-ip, GET} route","timestamp":"2026-05-04T12:27:12.578Z"}
{"context":"RouterExplorer","level":"info","message":"Mapped {/whitelist-ip/:id, GET} route","timestamp":"2026-05-04T12:27:12.579Z"}
{"context":"RouterExplorer","level":"info","message":"Mapped {/whitelist-ip/:id, PATCH} route","timestamp":"2026-05-04T12:27:12.579Z"}
{"context":"RouterExplorer","level":"info","message":"Mapped {/whitelist-ip/:id, DELETE} route","timestamp":"2026-05-04T12:27:12.580Z"}
{"context":"RoutesResolver","level":"info","message":"RolesController {/roles}:","timestamp":"2026-05-04T12:27:12.580Z"}
{"context":"RouterExplorer","level":"info","message":"Mapped {/roles, POST} route","timestamp":"2026-05-04T12:27:12.580Z"}
{"context":"RouterExplorer","level":"info","message":"Mapped {/roles, GET} route","timestamp":"2026-05-04T12:27:12.580Z"}
{"context":"RouterExplorer","level":"info","message":"Mapped {/roles/:id, GET} route","timestamp":"2026-05-04T12:27:12.580Z"}
{"context":"RouterExplorer","level":"info","message":"Mapped {/roles/:id, PATCH} route","timestamp":"2026-05-04T12:27:12.580Z"}
{"context":"RouterExplorer","level":"info","message":"Mapped {/roles/:id, DELETE} route","timestamp":"2026-05-04T12:27:12.581Z"}
{"context":"RoutesResolver","level":"info","message":"PermissionsController {/permissions}:","timestamp":"2026-05-04T12:27:12.581Z"}
{"context":"RouterExplorer","level":"info","message":"Mapped {/permissions, POST} route","timestamp":"2026-05-04T12:27:12.581Z"}
{"context":"RouterExplorer","level":"info","message":"Mapped {/permissions, GET} route","timestamp":"2026-05-04T12:27:12.581Z"}
{"context":"RouterExplorer","level":"info","message":"Mapped {/permissions/:id, PATCH} route","timestamp":"2026-05-04T12:27:12.581Z"}
{"context":"RouterExplorer","level":"info","message":"Mapped {/permissions/:id, DELETE} route","timestamp":"2026-05-04T12:27:12.581Z"}
{"context":"RoutesResolver","level":"info","message":"AuthController {/auth}:","timestamp":"2026-05-04T12:27:12.581Z"}
{"context":"RouterExplorer","level":"info","message":"Mapped {/auth/register, POST} route","timestamp":"2026-05-04T12:27:12.582Z"}
{"context":"RouterExplorer","level":"info","message":"Mapped {/auth/login, POST} route","timestamp":"2026-05-04T12:27:12.582Z"}
{"context":"RouterExplorer","level":"info","message":"Mapped {/auth/refresh, POST} route","timestamp":"2026-05-04T12:27:12.582Z"}
{"context":"RouterExplorer","level":"info","message":"Mapped {/auth/logout, POST} route","timestamp":"2026-05-04T12:27:12.582Z"}
{"context":"RouterExplorer","level":"info","message":"Mapped {/auth/me, GET} route","timestamp":"2026-05-04T12:27:12.582Z"}
{"context":"RouterExplorer","level":"info","message":"Mapped {/auth/me/password, PATCH} route","timestamp":"2026-05-04T12:27:12.582Z"}
{"context":"RoutesResolver","level":"info","message":"AttributeController {/attribute}:","timestamp":"2026-05-04T12:27:12.582Z"}
{"context":"RouterExplorer","level":"info","message":"Mapped {/attribute, POST} route","timestamp":"2026-05-04T12:27:12.583Z"}
{"context":"RouterExplorer","level":"info","message":"Mapped {/attribute, GET} route","timestamp":"2026-05-04T12:27:12.583Z"}
{"context":"RouterExplorer","level":"info","message":"Mapped {/attribute/:id, GET} route","timestamp":"2026-05-04T12:27:12.583Z"}
{"context":"RouterExplorer","level":"info","message":"Mapped {/attribute/:id, PATCH} route","timestamp":"2026-05-04T12:27:12.583Z"}
{"context":"RouterExplorer","level":"info","message":"Mapped {/attribute/:id, DELETE} route","timestamp":"2026-05-04T12:27:12.583Z"}
{"context":"PrismaService","level":"info","message":"Kết nối database thành công","timestamp":"2026-05-04T12:27:12.621Z"}
{"context":"NestApplication","level":"info","message":"Nest application successfully started","timestamp":"2026-05-04T12:27:12.624Z"}
{"level":"info","message":"Khởi tạo ứng dụng...","timestamp":"2026-05-04T12:27:49.722Z"}
{"context":"NestFactory","level":"info","message":"Starting Nest application...","timestamp":"2026-05-04T12:27:49.790Z"}
{"context":"InstanceLoader","level":"info","message":"PassportModule dependencies initialized","timestamp":"2026-05-04T12:27:49.798Z"}
{"context":"InstanceLoader","level":"info","message":"ConfigHostModule dependencies initialized","timestamp":"2026-05-04T12:27:49.799Z"}
{"context":"PrismaService","level":"info","message":"🔌 Prisma Connection String: postgresql://admin:******@localhost:5433/kyc_asset_db?schema=public","timestamp":"2026-05-04T12:27:49.801Z"}
{"context":"InstanceLoader","level":"info","message":"AppModule dependencies initialized","timestamp":"2026-05-04T12:27:49.801Z"}
{"context":"InstanceLoader","level":"info","message":"ConfigModule dependencies initialized","timestamp":"2026-05-04T12:27:49.801Z"}
{"context":"InstanceLoader","level":"info","message":"CommonModule dependencies initialized","timestamp":"2026-05-04T12:27:49.802Z"}
{"context":"InstanceLoader","level":"info","message":"JwtModule dependencies initialized","timestamp":"2026-05-04T12:27:49.802Z"}
{"context":"InstanceLoader","level":"info","message":"PrismaModule dependencies initialized","timestamp":"2026-05-04T12:27:49.803Z"}
{"context":"InstanceLoader","level":"info","message":"WhitelistIpModule dependencies initialized","timestamp":"2026-05-04T12:27:49.805Z"}
{"context":"InstanceLoader","level":"info","message":"AttributeModule dependencies initialized","timestamp":"2026-05-04T12:27:49.805Z"}
{"context":"InstanceLoader","level":"info","message":"UsersModule dependencies initialized","timestamp":"2026-05-04T12:27:49.805Z"}
{"context":"InstanceLoader","level":"info","message":"RolesModule dependencies initialized","timestamp":"2026-05-04T12:27:49.805Z"}
{"context":"InstanceLoader","level":"info","message":"PermissionsModule dependencies initialized","timestamp":"2026-05-04T12:27:49.805Z"}
{"context":"InstanceLoader","level":"info","message":"AuthModule dependencies initialized","timestamp":"2026-05-04T12:27:49.805Z"}
{"context":"RoutesResolver","level":"info","message":"AppController {/}:","timestamp":"2026-05-04T12:27:49.827Z"}
{"context":"RouterExplorer","level":"info","message":"Mapped {/, GET} route","timestamp":"2026-05-04T12:27:49.829Z"}
{"context":"RoutesResolver","level":"info","message":"UsersController {/users}:","timestamp":"2026-05-04T12:27:49.829Z"}
{"context":"RouterExplorer","level":"info","message":"Mapped {/users, POST} route","timestamp":"2026-05-04T12:27:49.830Z"}
{"context":"RouterExplorer","level":"info","message":"Mapped {/users, GET} route","timestamp":"2026-05-04T12:27:49.830Z"}
{"context":"RouterExplorer","level":"info","message":"Mapped {/users/:id, GET} route","timestamp":"2026-05-04T12:27:49.830Z"}
{"context":"RouterExplorer","level":"info","message":"Mapped {/users/:id, PATCH} route","timestamp":"2026-05-04T12:27:49.830Z"}
{"context":"RouterExplorer","level":"info","message":"Mapped {/users/:id, DELETE} route","timestamp":"2026-05-04T12:27:49.831Z"}
{"context":"RoutesResolver","level":"info","message":"WhitelistIpController {/whitelist-ip}:","timestamp":"2026-05-04T12:27:49.831Z"}
{"context":"RouterExplorer","level":"info","message":"Mapped {/whitelist-ip, POST} route","timestamp":"2026-05-04T12:27:49.831Z"}
{"context":"RouterExplorer","level":"info","message":"Mapped {/whitelist-ip, GET} route","timestamp":"2026-05-04T12:27:49.831Z"}
{"context":"RouterExplorer","level":"info","message":"Mapped {/whitelist-ip/:id, GET} route","timestamp":"2026-05-04T12:27:49.831Z"}
{"context":"RouterExplorer","level":"info","message":"Mapped {/whitelist-ip/:id, PATCH} route","timestamp":"2026-05-04T12:27:49.832Z"}
{"context":"RouterExplorer","level":"info","message":"Mapped {/whitelist-ip/:id, DELETE} route","timestamp":"2026-05-04T12:27:49.832Z"}
{"context":"RoutesResolver","level":"info","message":"RolesController {/roles}:","timestamp":"2026-05-04T12:27:49.832Z"}
{"context":"RouterExplorer","level":"info","message":"Mapped {/roles, POST} route","timestamp":"2026-05-04T12:27:49.832Z"}
{"context":"RouterExplorer","level":"info","message":"Mapped {/roles, GET} route","timestamp":"2026-05-04T12:27:49.832Z"}
{"context":"RouterExplorer","level":"info","message":"Mapped {/roles/:id, GET} route","timestamp":"2026-05-04T12:27:49.833Z"}
{"context":"RouterExplorer","level":"info","message":"Mapped {/roles/:id, PATCH} route","timestamp":"2026-05-04T12:27:49.833Z"}
{"context":"RouterExplorer","level":"info","message":"Mapped {/roles/:id, DELETE} route","timestamp":"2026-05-04T12:27:49.833Z"}
{"context":"RoutesResolver","level":"info","message":"PermissionsController {/permissions}:","timestamp":"2026-05-04T12:27:49.833Z"}
{"context":"RouterExplorer","level":"info","message":"Mapped {/permissions, POST} route","timestamp":"2026-05-04T12:27:49.833Z"}
{"context":"RouterExplorer","level":"info","message":"Mapped {/permissions, GET} route","timestamp":"2026-05-04T12:27:49.833Z"}
{"context":"RouterExplorer","level":"info","message":"Mapped {/permissions/:id, PATCH} route","timestamp":"2026-05-04T12:27:49.833Z"}
{"context":"RouterExplorer","level":"info","message":"Mapped {/permissions/:id, DELETE} route","timestamp":"2026-05-04T12:27:49.834Z"}
{"context":"RoutesResolver","level":"info","message":"AuthController {/auth}:","timestamp":"2026-05-04T12:27:49.834Z"}
{"context":"RouterExplorer","level":"info","message":"Mapped {/auth/register, POST} route","timestamp":"2026-05-04T12:27:49.834Z"}
{"context":"RouterExplorer","level":"info","message":"Mapped {/auth/login, POST} route","timestamp":"2026-05-04T12:27:49.834Z"}
{"context":"RouterExplorer","level":"info","message":"Mapped {/auth/refresh, POST} route","timestamp":"2026-05-04T12:27:49.834Z"}
{"context":"RouterExplorer","level":"info","message":"Mapped {/auth/logout, POST} route","timestamp":"2026-05-04T12:27:49.835Z"}
{"context":"RouterExplorer","level":"info","message":"Mapped {/auth/me, GET} route","timestamp":"2026-05-04T12:27:49.835Z"}
{"context":"RouterExplorer","level":"info","message":"Mapped {/auth/me/password, PATCH} route","timestamp":"2026-05-04T12:27:49.835Z"}
{"context":"RoutesResolver","level":"info","message":"AttributeController {/attribute}:","timestamp":"2026-05-04T12:27:49.835Z"}
{"context":"RouterExplorer","level":"info","message":"Mapped {/attribute, POST} route","timestamp":"2026-05-04T12:27:49.835Z"}
{"context":"RouterExplorer","level":"info","message":"Mapped {/attribute, GET} route","timestamp":"2026-05-04T12:27:49.835Z"}
{"context":"RouterExplorer","level":"info","message":"Mapped {/attribute/:id, GET} route","timestamp":"2026-05-04T12:27:49.836Z"}
{"context":"RouterExplorer","level":"info","message":"Mapped {/attribute/:id, PATCH} route","timestamp":"2026-05-04T12:27:49.836Z"}
{"context":"RouterExplorer","level":"info","message":"Mapped {/attribute/:id, DELETE} route","timestamp":"2026-05-04T12:27:49.836Z"}
{"context":"PrismaService","level":"info","message":"Kết nối database thành công","timestamp":"2026-05-04T12:27:49.877Z"}
{"context":"NestApplication","level":"info","message":"Nest application successfully started","timestamp":"2026-05-04T12:27:49.882Z"}
{"context":"AccessTokenGuard","level":"info","message":"isPublic: true","requestId":"fbb10588-e3e1-421f-aa80-5b9987332d38","timestamp":"2026-05-04T12:28:05.237Z"}
{"context":"AccessTokenGuard","level":"info","message":"Public route, skipping authentication","requestId":"fbb10588-e3e1-421f-aa80-5b9987332d38","timestamp":"2026-05-04T12:28:05.237Z"}
{"context":"LoggerMiddleware","level":"info","message":"[RequestID: fbb10588-e3e1-421f-aa80-5b9987332d38] POST /auth/login | Status: 201 | Duration: 120ms | IP: ::1 | UserAgent: Mozilla/5.0 (Windows NT 10.0; Win64; x64) AppleWebKit/537.36 (KHTML, like Gecko) Chrome/147.0.0.0 Safari/537.36","requestId":"fbb10588-e3e1-421f-aa80-5b9987332d38","timestamp":"2026-05-04T12:28:05.356Z"}
{"context":"AccessTokenGuard","level":"info","message":"isPublic: true","requestId":"a12e52ba-8938-454b-b022-0cb9ff712dbf","timestamp":"2026-05-04T12:43:21.238Z"}
{"context":"AccessTokenGuard","level":"info","message":"Public route, skipping authentication","requestId":"a12e52ba-8938-454b-b022-0cb9ff712dbf","timestamp":"2026-05-04T12:43:21.239Z"}
{"context":"LoggerMiddleware","level":"info","message":"[RequestID: a12e52ba-8938-454b-b022-0cb9ff712dbf] POST /auth/register | Status: 201 | Duration: 62ms | IP: ::1 | UserAgent: Mozilla/5.0 (Windows NT 10.0; Win64; x64) AppleWebKit/537.36 (KHTML, like Gecko) Chrome/147.0.0.0 Safari/537.36","requestId":"a12e52ba-8938-454b-b022-0cb9ff712dbf","timestamp":"2026-05-04T12:43:21.301Z"}
{"level":"info","message":"Khởi tạo ứng dụng...","timestamp":"2026-05-04T12:44:45.678Z"}
{"context":"NestFactory","level":"info","message":"Starting Nest application...","timestamp":"2026-05-04T12:44:45.753Z"}
{"context":"InstanceLoader","level":"info","message":"PassportModule dependencies initialized","timestamp":"2026-05-04T12:44:45.765Z"}
{"context":"InstanceLoader","level":"info","message":"ConfigHostModule dependencies initialized","timestamp":"2026-05-04T12:44:45.766Z"}
{"context":"PrismaService","level":"info","message":"🔌 Prisma Connection String: postgresql://admin:******@localhost:5433/kyc_asset_db?schema=public","timestamp":"2026-05-04T12:44:45.769Z"}
{"context":"InstanceLoader","level":"info","message":"AppModule dependencies initialized","timestamp":"2026-05-04T12:44:45.769Z"}
{"context":"InstanceLoader","level":"info","message":"ConfigModule dependencies initialized","timestamp":"2026-05-04T12:44:45.770Z"}
{"context":"InstanceLoader","level":"info","message":"CommonModule dependencies initialized","timestamp":"2026-05-04T12:44:45.770Z"}
{"context":"InstanceLoader","level":"info","message":"JwtModule dependencies initialized","timestamp":"2026-05-04T12:44:45.771Z"}
{"context":"InstanceLoader","level":"info","message":"PrismaModule dependencies initialized","timestamp":"2026-05-04T12:44:45.772Z"}
{"context":"InstanceLoader","level":"info","message":"WhitelistIpModule dependencies initialized","timestamp":"2026-05-04T12:44:45.773Z"}
{"context":"InstanceLoader","level":"info","message":"AttributeModule dependencies initialized","timestamp":"2026-05-04T12:44:45.773Z"}
{"context":"InstanceLoader","level":"info","message":"UsersModule dependencies initialized","timestamp":"2026-05-04T12:44:45.774Z"}
{"context":"InstanceLoader","level":"info","message":"RolesModule dependencies initialized","timestamp":"2026-05-04T12:44:45.774Z"}
{"context":"InstanceLoader","level":"info","message":"PermissionsModule dependencies initialized","timestamp":"2026-05-04T12:44:45.774Z"}
{"context":"InstanceLoader","level":"info","message":"AuthModule dependencies initialized","timestamp":"2026-05-04T12:44:45.774Z"}
{"context":"RoutesResolver","level":"info","message":"AppController {/}:","timestamp":"2026-05-04T12:44:45.801Z"}
{"context":"RouterExplorer","level":"info","message":"Mapped {/, GET} route","timestamp":"2026-05-04T12:44:45.802Z"}
{"context":"RoutesResolver","level":"info","message":"UsersController {/users}:","timestamp":"2026-05-04T12:44:45.802Z"}
{"context":"RouterExplorer","level":"info","message":"Mapped {/users, POST} route","timestamp":"2026-05-04T12:44:45.802Z"}
{"context":"RouterExplorer","level":"info","message":"Mapped {/users, GET} route","timestamp":"2026-05-04T12:44:45.803Z"}
{"context":"RouterExplorer","level":"info","message":"Mapped {/users/:id, GET} route","timestamp":"2026-05-04T12:44:45.803Z"}
{"context":"RouterExplorer","level":"info","message":"Mapped {/users/:id, PATCH} route","timestamp":"2026-05-04T12:44:45.803Z"}
{"context":"RouterExplorer","level":"info","message":"Mapped {/users/:id, DELETE} route","timestamp":"2026-05-04T12:44:45.804Z"}
{"context":"RoutesResolver","level":"info","message":"WhitelistIpController {/whitelist-ip}:","timestamp":"2026-05-04T12:44:45.804Z"}
{"context":"RouterExplorer","level":"info","message":"Mapped {/whitelist-ip, POST} route","timestamp":"2026-05-04T12:44:45.804Z"}
{"context":"RouterExplorer","level":"info","message":"Mapped {/whitelist-ip, GET} route","timestamp":"2026-05-04T12:44:45.804Z"}
{"context":"RouterExplorer","level":"info","message":"Mapped {/whitelist-ip/:id, GET} route","timestamp":"2026-05-04T12:44:45.804Z"}
{"context":"RouterExplorer","level":"info","message":"Mapped {/whitelist-ip/:id, PATCH} route","timestamp":"2026-05-04T12:44:45.805Z"}
{"context":"RouterExplorer","level":"info","message":"Mapped {/whitelist-ip/:id, DELETE} route","timestamp":"2026-05-04T12:44:45.805Z"}
{"context":"RoutesResolver","level":"info","message":"RolesController {/roles}:","timestamp":"2026-05-04T12:44:45.805Z"}
{"context":"RouterExplorer","level":"info","message":"Mapped {/roles, POST} route","timestamp":"2026-05-04T12:44:45.805Z"}
{"context":"RouterExplorer","level":"info","message":"Mapped {/roles, GET} route","timestamp":"2026-05-04T12:44:45.805Z"}
{"context":"RouterExplorer","level":"info","message":"Mapped {/roles/:id, GET} route","timestamp":"2026-05-04T12:44:45.805Z"}
{"context":"RouterExplorer","level":"info","message":"Mapped {/roles/:id, PATCH} route","timestamp":"2026-05-04T12:44:45.806Z"}
{"context":"RouterExplorer","level":"info","message":"Mapped {/roles/:id, DELETE} route","timestamp":"2026-05-04T12:44:45.806Z"}
{"context":"RoutesResolver","level":"info","message":"PermissionsController {/permissions}:","timestamp":"2026-05-04T12:44:45.806Z"}
{"context":"RouterExplorer","level":"info","message":"Mapped {/permissions, POST} route","timestamp":"2026-05-04T12:44:45.806Z"}
{"context":"RouterExplorer","level":"info","message":"Mapped {/permissions, GET} route","timestamp":"2026-05-04T12:44:45.806Z"}
{"context":"RouterExplorer","level":"info","message":"Mapped {/permissions/:id, PATCH} route","timestamp":"2026-05-04T12:44:45.807Z"}
{"context":"RouterExplorer","level":"info","message":"Mapped {/permissions/:id, DELETE} route","timestamp":"2026-05-04T12:44:45.807Z"}
{"context":"RoutesResolver","level":"info","message":"AuthController {/auth}:","timestamp":"2026-05-04T12:44:45.807Z"}
{"context":"RouterExplorer","level":"info","message":"Mapped {/auth/register, POST} route","timestamp":"2026-05-04T12:44:45.807Z"}
{"context":"RouterExplorer","level":"info","message":"Mapped {/auth/login, POST} route","timestamp":"2026-05-04T12:44:45.808Z"}
{"context":"RouterExplorer","level":"info","message":"Mapped {/auth/refresh, POST} route","timestamp":"2026-05-04T12:44:45.808Z"}
{"context":"RouterExplorer","level":"info","message":"Mapped {/auth/logout, POST} route","timestamp":"2026-05-04T12:44:45.808Z"}
{"context":"RouterExplorer","level":"info","message":"Mapped {/auth/me, GET} route","timestamp":"2026-05-04T12:44:45.808Z"}
{"context":"RouterExplorer","level":"info","message":"Mapped {/auth/me/password, PATCH} route","timestamp":"2026-05-04T12:44:45.808Z"}
{"context":"RoutesResolver","level":"info","message":"AttributeController {/attribute}:","timestamp":"2026-05-04T12:44:45.809Z"}
{"context":"RouterExplorer","level":"info","message":"Mapped {/attribute, POST} route","timestamp":"2026-05-04T12:44:45.809Z"}
{"context":"RouterExplorer","level":"info","message":"Mapped {/attribute, GET} route","timestamp":"2026-05-04T12:44:45.809Z"}
{"context":"RouterExplorer","level":"info","message":"Mapped {/attribute/:id, GET} route","timestamp":"2026-05-04T12:44:45.809Z"}
{"context":"RouterExplorer","level":"info","message":"Mapped {/attribute/:id, PATCH} route","timestamp":"2026-05-04T12:44:45.810Z"}
{"context":"RouterExplorer","level":"info","message":"Mapped {/attribute/:id, DELETE} route","timestamp":"2026-05-04T12:44:45.810Z"}
{"context":"PrismaService","level":"info","message":"Kết nối database thành công","timestamp":"2026-05-04T12:44:45.852Z"}
{"context":"NestApplication","level":"info","message":"Nest application successfully started","timestamp":"2026-05-04T12:44:45.856Z"}
{"context":"AccessTokenGuard","level":"info","message":"isPublic: true","requestId":"04dde3fb-4c07-4b43-bd8f-065c96818d79","timestamp":"2026-05-04T12:44:52.669Z"}
{"context":"AccessTokenGuard","level":"info","message":"Public route, skipping authentication","requestId":"04dde3fb-4c07-4b43-bd8f-065c96818d79","timestamp":"2026-05-04T12:44:52.670Z"}
{"context":"LoggerMiddleware","level":"info","message":"[RequestID: 04dde3fb-4c07-4b43-bd8f-065c96818d79] POST /auth/register | Status: 201 | Duration: 113ms | IP: ::1 | UserAgent: Mozilla/5.0 (Windows NT 10.0; Win64; x64) AppleWebKit/537.36 (KHTML, like Gecko) Chrome/147.0.0.0 Safari/537.36","requestId":"04dde3fb-4c07-4b43-bd8f-065c96818d79","timestamp":"2026-05-04T12:44:52.781Z"}
{"level":"info","message":"Khởi tạo ứng dụng...","timestamp":"2026-05-04T12:45:31.460Z"}
{"context":"NestFactory","level":"info","message":"Starting Nest application...","timestamp":"2026-05-04T12:45:31.532Z"}
{"context":"InstanceLoader","level":"info","message":"PassportModule dependencies initialized","timestamp":"2026-05-04T12:45:31.540Z"}
{"context":"InstanceLoader","level":"info","message":"ConfigHostModule dependencies initialized","timestamp":"2026-05-04T12:45:31.541Z"}
{"context":"PrismaService","level":"info","message":"🔌 Prisma Connection String: postgresql://admin:******@localhost:5433/kyc_asset_db?schema=public","timestamp":"2026-05-04T12:45:31.543Z"}
{"context":"InstanceLoader","level":"info","message":"AppModule dependencies initialized","timestamp":"2026-05-04T12:45:31.543Z"}
{"context":"InstanceLoader","level":"info","message":"ConfigModule dependencies initialized","timestamp":"2026-05-04T12:45:31.543Z"}
{"context":"InstanceLoader","level":"info","message":"CommonModule dependencies initialized","timestamp":"2026-05-04T12:45:31.544Z"}
{"context":"InstanceLoader","level":"info","message":"JwtModule dependencies initialized","timestamp":"2026-05-04T12:45:31.544Z"}
{"context":"InstanceLoader","level":"info","message":"PrismaModule dependencies initialized","timestamp":"2026-05-04T12:45:31.545Z"}
{"context":"InstanceLoader","level":"info","message":"WhitelistIpModule dependencies initialized","timestamp":"2026-05-04T12:45:31.546Z"}
{"context":"InstanceLoader","level":"info","message":"AttributeModule dependencies initialized","timestamp":"2026-05-04T12:45:31.546Z"}
{"context":"InstanceLoader","level":"info","message":"UsersModule dependencies initialized","timestamp":"2026-05-04T12:45:31.546Z"}
{"context":"InstanceLoader","level":"info","message":"RolesModule dependencies initialized","timestamp":"2026-05-04T12:45:31.547Z"}
{"context":"InstanceLoader","level":"info","message":"PermissionsModule dependencies initialized","timestamp":"2026-05-04T12:45:31.547Z"}
{"context":"InstanceLoader","level":"info","message":"AuthModule dependencies initialized","timestamp":"2026-05-04T12:45:31.547Z"}
{"context":"RoutesResolver","level":"info","message":"AppController {/}:","timestamp":"2026-05-04T12:45:31.569Z"}
{"context":"RouterExplorer","level":"info","message":"Mapped {/, GET} route","timestamp":"2026-05-04T12:45:31.570Z"}
{"context":"RoutesResolver","level":"info","message":"UsersController {/users}:","timestamp":"2026-05-04T12:45:31.570Z"}
{"context":"RouterExplorer","level":"info","message":"Mapped {/users, POST} route","timestamp":"2026-05-04T12:45:31.571Z"}
{"context":"RouterExplorer","level":"info","message":"Mapped {/users, GET} route","timestamp":"2026-05-04T12:45:31.571Z"}
{"context":"RouterExplorer","level":"info","message":"Mapped {/users/:id, GET} route","timestamp":"2026-05-04T12:45:31.571Z"}
{"context":"RouterExplorer","level":"info","message":"Mapped {/users/:id, PATCH} route","timestamp":"2026-05-04T12:45:31.572Z"}
{"context":"RouterExplorer","level":"info","message":"Mapped {/users/:id, DELETE} route","timestamp":"2026-05-04T12:45:31.572Z"}
{"context":"RoutesResolver","level":"info","message":"WhitelistIpController {/whitelist-ip}:","timestamp":"2026-05-04T12:45:31.572Z"}
{"context":"RouterExplorer","level":"info","message":"Mapped {/whitelist-ip, POST} route","timestamp":"2026-05-04T12:45:31.572Z"}
{"context":"RouterExplorer","level":"info","message":"Mapped {/whitelist-ip, GET} route","timestamp":"2026-05-04T12:45:31.572Z"}
{"context":"RouterExplorer","level":"info","message":"Mapped {/whitelist-ip/:id, GET} route","timestamp":"2026-05-04T12:45:31.573Z"}
{"context":"RouterExplorer","level":"info","message":"Mapped {/whitelist-ip/:id, PATCH} route","timestamp":"2026-05-04T12:45:31.573Z"}
{"context":"RouterExplorer","level":"info","message":"Mapped {/whitelist-ip/:id, DELETE} route","timestamp":"2026-05-04T12:45:31.573Z"}
{"context":"RoutesResolver","level":"info","message":"RolesController {/roles}:","timestamp":"2026-05-04T12:45:31.573Z"}
{"context":"RouterExplorer","level":"info","message":"Mapped {/roles, POST} route","timestamp":"2026-05-04T12:45:31.573Z"}
{"context":"RouterExplorer","level":"info","message":"Mapped {/roles, GET} route","timestamp":"2026-05-04T12:45:31.573Z"}
{"context":"RouterExplorer","level":"info","message":"Mapped {/roles/:id, GET} route","timestamp":"2026-05-04T12:45:31.574Z"}
{"context":"RouterExplorer","level":"info","message":"Mapped {/roles/:id, PATCH} route","timestamp":"2026-05-04T12:45:31.574Z"}
{"context":"RouterExplorer","level":"info","message":"Mapped {/roles/:id, DELETE} route","timestamp":"2026-05-04T12:45:31.574Z"}
{"context":"RoutesResolver","level":"info","message":"PermissionsController {/permissions}:","timestamp":"2026-05-04T12:45:31.574Z"}
{"context":"RouterExplorer","level":"info","message":"Mapped {/permissions, POST} route","timestamp":"2026-05-04T12:45:31.574Z"}
{"context":"RouterExplorer","level":"info","message":"Mapped {/permissions, GET} route","timestamp":"2026-05-04T12:45:31.575Z"}
{"context":"RouterExplorer","level":"info","message":"Mapped {/permissions/:id, PATCH} route","timestamp":"2026-05-04T12:45:31.575Z"}
{"context":"RouterExplorer","level":"info","message":"Mapped {/permissions/:id, DELETE} route","timestamp":"2026-05-04T12:45:31.575Z"}
{"context":"RoutesResolver","level":"info","message":"AuthController {/auth}:","timestamp":"2026-05-04T12:45:31.575Z"}
{"context":"RouterExplorer","level":"info","message":"Mapped {/auth/register, POST} route","timestamp":"2026-05-04T12:45:31.575Z"}
{"context":"RouterExplorer","level":"info","message":"Mapped {/auth/login, POST} route","timestamp":"2026-05-04T12:45:31.575Z"}
{"context":"RouterExplorer","level":"info","message":"Mapped {/auth/refresh, POST} route","timestamp":"2026-05-04T12:45:31.575Z"}
{"context":"RouterExplorer","level":"info","message":"Mapped {/auth/logout, POST} route","timestamp":"2026-05-04T12:45:31.576Z"}
{"context":"RouterExplorer","level":"info","message":"Mapped {/auth/me, GET} route","timestamp":"2026-05-04T12:45:31.576Z"}
{"context":"RouterExplorer","level":"info","message":"Mapped {/auth/me/password, PATCH} route","timestamp":"2026-05-04T12:45:31.576Z"}
{"context":"RoutesResolver","level":"info","message":"AttributeController {/attribute}:","timestamp":"2026-05-04T12:45:31.576Z"}
{"context":"RouterExplorer","level":"info","message":"Mapped {/attribute, POST} route","timestamp":"2026-05-04T12:45:31.576Z"}
{"context":"RouterExplorer","level":"info","message":"Mapped {/attribute, GET} route","timestamp":"2026-05-04T12:45:31.576Z"}
{"context":"RouterExplorer","level":"info","message":"Mapped {/attribute/:id, GET} route","timestamp":"2026-05-04T12:45:31.576Z"}
{"context":"RouterExplorer","level":"info","message":"Mapped {/attribute/:id, PATCH} route","timestamp":"2026-05-04T12:45:31.577Z"}
{"context":"RouterExplorer","level":"info","message":"Mapped {/attribute/:id, DELETE} route","timestamp":"2026-05-04T12:45:31.577Z"}
{"context":"PrismaService","level":"info","message":"Kết nối database thành công","timestamp":"2026-05-04T12:45:31.615Z"}
{"context":"NestApplication","level":"info","message":"Nest application successfully started","timestamp":"2026-05-04T12:45:31.620Z"}
{"level":"info","message":"Khởi tạo ứng dụng...","timestamp":"2026-05-04T12:45:41.041Z"}
{"context":"NestFactory","level":"info","message":"Starting Nest application...","timestamp":"2026-05-04T12:45:41.114Z"}
{"context":"InstanceLoader","level":"info","message":"PassportModule dependencies initialized","timestamp":"2026-05-04T12:45:41.121Z"}
{"context":"InstanceLoader","level":"info","message":"ConfigHostModule dependencies initialized","timestamp":"2026-05-04T12:45:41.122Z"}
{"context":"PrismaService","level":"info","message":"🔌 Prisma Connection String: postgresql://admin:******@localhost:5433/kyc_asset_db?schema=public","timestamp":"2026-05-04T12:45:41.124Z"}
{"context":"InstanceLoader","level":"info","message":"AppModule dependencies initialized","timestamp":"2026-05-04T12:45:41.124Z"}
{"context":"InstanceLoader","level":"info","message":"ConfigModule dependencies initialized","timestamp":"2026-05-04T12:45:41.125Z"}
{"context":"InstanceLoader","level":"info","message":"CommonModule dependencies initialized","timestamp":"2026-05-04T12:45:41.125Z"}
{"context":"InstanceLoader","level":"info","message":"JwtModule dependencies initialized","timestamp":"2026-05-04T12:45:41.125Z"}
{"context":"InstanceLoader","level":"info","message":"PrismaModule dependencies initialized","timestamp":"2026-05-04T12:45:41.126Z"}
{"context":"InstanceLoader","level":"info","message":"WhitelistIpModule dependencies initialized","timestamp":"2026-05-04T12:45:41.127Z"}
{"context":"InstanceLoader","level":"info","message":"AttributeModule dependencies initialized","timestamp":"2026-05-04T12:45:41.127Z"}
{"context":"InstanceLoader","level":"info","message":"UsersModule dependencies initialized","timestamp":"2026-05-04T12:45:41.127Z"}
{"context":"InstanceLoader","level":"info","message":"RolesModule dependencies initialized","timestamp":"2026-05-04T12:45:41.127Z"}
{"context":"InstanceLoader","level":"info","message":"PermissionsModule dependencies initialized","timestamp":"2026-05-04T12:45:41.127Z"}
{"context":"InstanceLoader","level":"info","message":"AuthModule dependencies initialized","timestamp":"2026-05-04T12:45:41.128Z"}
{"context":"RoutesResolver","level":"info","message":"AppController {/}:","timestamp":"2026-05-04T12:45:41.149Z"}
{"context":"RouterExplorer","level":"info","message":"Mapped {/, GET} route","timestamp":"2026-05-04T12:45:41.150Z"}
{"context":"RoutesResolver","level":"info","message":"UsersController {/users}:","timestamp":"2026-05-04T12:45:41.150Z"}
{"context":"RouterExplorer","level":"info","message":"Mapped {/users, POST} route","timestamp":"2026-05-04T12:45:41.151Z"}
{"context":"RouterExplorer","level":"info","message":"Mapped {/users, GET} route","timestamp":"2026-05-04T12:45:41.151Z"}
{"context":"RouterExplorer","level":"info","message":"Mapped {/users/:id, GET} route","timestamp":"2026-05-04T12:45:41.151Z"}
{"context":"RouterExplorer","level":"info","message":"Mapped {/users/:id, PATCH} route","timestamp":"2026-05-04T12:45:41.151Z"}
{"context":"RouterExplorer","level":"info","message":"Mapped {/users/:id, DELETE} route","timestamp":"2026-05-04T12:45:41.152Z"}
{"context":"RoutesResolver","level":"info","message":"WhitelistIpController {/whitelist-ip}:","timestamp":"2026-05-04T12:45:41.152Z"}
{"context":"RouterExplorer","level":"info","message":"Mapped {/whitelist-ip, POST} route","timestamp":"2026-05-04T12:45:41.152Z"}
{"context":"RouterExplorer","level":"info","message":"Mapped {/whitelist-ip, GET} route","timestamp":"2026-05-04T12:45:41.152Z"}
{"context":"RouterExplorer","level":"info","message":"Mapped {/whitelist-ip/:id, GET} route","timestamp":"2026-05-04T12:45:41.152Z"}
{"context":"RouterExplorer","level":"info","message":"Mapped {/whitelist-ip/:id, PATCH} route","timestamp":"2026-05-04T12:45:41.152Z"}
{"context":"RouterExplorer","level":"info","message":"Mapped {/whitelist-ip/:id, DELETE} route","timestamp":"2026-05-04T12:45:41.153Z"}
{"context":"RoutesResolver","level":"info","message":"RolesController {/roles}:","timestamp":"2026-05-04T12:45:41.153Z"}
{"context":"RouterExplorer","level":"info","message":"Mapped {/roles, POST} route","timestamp":"2026-05-04T12:45:41.153Z"}
{"context":"RouterExplorer","level":"info","message":"Mapped {/roles, GET} route","timestamp":"2026-05-04T12:45:41.153Z"}
{"context":"RouterExplorer","level":"info","message":"Mapped {/roles/:id, GET} route","timestamp":"2026-05-04T12:45:41.153Z"}
{"context":"RouterExplorer","level":"info","message":"Mapped {/roles/:id, PATCH} route","timestamp":"2026-05-04T12:45:41.154Z"}
{"context":"RouterExplorer","level":"info","message":"Mapped {/roles/:id, DELETE} route","timestamp":"2026-05-04T12:45:41.154Z"}
{"context":"RoutesResolver","level":"info","message":"PermissionsController {/permissions}:","timestamp":"2026-05-04T12:45:41.154Z"}
{"context":"RouterExplorer","level":"info","message":"Mapped {/permissions, POST} route","timestamp":"2026-05-04T12:45:41.154Z"}
{"context":"RouterExplorer","level":"info","message":"Mapped {/permissions, GET} route","timestamp":"2026-05-04T12:45:41.154Z"}
{"context":"RouterExplorer","level":"info","message":"Mapped {/permissions/:id, PATCH} route","timestamp":"2026-05-04T12:45:41.155Z"}
{"context":"RouterExplorer","level":"info","message":"Mapped {/permissions/:id, DELETE} route","timestamp":"2026-05-04T12:45:41.155Z"}
{"context":"RoutesResolver","level":"info","message":"AuthController {/auth}:","timestamp":"2026-05-04T12:45:41.155Z"}
{"context":"RouterExplorer","level":"info","message":"Mapped {/auth/register, POST} route","timestamp":"2026-05-04T12:45:41.155Z"}
{"context":"RouterExplorer","level":"info","message":"Mapped {/auth/login, POST} route","timestamp":"2026-05-04T12:45:41.155Z"}
{"context":"RouterExplorer","level":"info","message":"Mapped {/auth/refresh, POST} route","timestamp":"2026-05-04T12:45:41.156Z"}
{"context":"RouterExplorer","level":"info","message":"Mapped {/auth/logout, POST} route","timestamp":"2026-05-04T12:45:41.156Z"}
{"context":"RouterExplorer","level":"info","message":"Mapped {/auth/me, GET} route","timestamp":"2026-05-04T12:45:41.156Z"}
{"context":"RouterExplorer","level":"info","message":"Mapped {/auth/me/password, PATCH} route","timestamp":"2026-05-04T12:45:41.156Z"}
{"context":"RoutesResolver","level":"info","message":"AttributeController {/attribute}:","timestamp":"2026-05-04T12:45:41.156Z"}
{"context":"RouterExplorer","level":"info","message":"Mapped {/attribute, POST} route","timestamp":"2026-05-04T12:45:41.157Z"}
{"context":"RouterExplorer","level":"info","message":"Mapped {/attribute, GET} route","timestamp":"2026-05-04T12:45:41.157Z"}
{"context":"RouterExplorer","level":"info","message":"Mapped {/attribute/:id, GET} route","timestamp":"2026-05-04T12:45:41.157Z"}
{"context":"RouterExplorer","level":"info","message":"Mapped {/attribute/:id, PATCH} route","timestamp":"2026-05-04T12:45:41.157Z"}
{"context":"RouterExplorer","level":"info","message":"Mapped {/attribute/:id, DELETE} route","timestamp":"2026-05-04T12:45:41.157Z"}
{"context":"PrismaService","level":"info","message":"Kết nối database thành công","timestamp":"2026-05-04T12:45:41.195Z"}
{"context":"NestApplication","level":"info","message":"Nest application successfully started","timestamp":"2026-05-04T12:45:41.198Z"}
{"context":"AccessTokenGuard","level":"info","message":"isPublic: true","requestId":"5908c36e-b313-41c2-9cc9-d79abe57a828","timestamp":"2026-05-04T12:46:02.613Z"}
{"context":"AccessTokenGuard","level":"info","message":"Public route, skipping authentication","requestId":"5908c36e-b313-41c2-9cc9-d79abe57a828","timestamp":"2026-05-04T12:46:02.614Z"}
{"context":"LoggerMiddleware","level":"info","message":"[RequestID: 5908c36e-b313-41c2-9cc9-d79abe57a828] POST /auth/register | Status: 201 | Duration: 117ms | IP: ::1 | UserAgent: Mozilla/5.0 (Windows NT 10.0; Win64; x64) AppleWebKit/537.36 (KHTML, like Gecko) Chrome/147.0.0.0 Safari/537.36","requestId":"5908c36e-b313-41c2-9cc9-d79abe57a828","timestamp":"2026-05-04T12:46:02.730Z"}
{"level":"info","message":"Khởi tạo ứng dụng...","timestamp":"2026-05-04T12:47:34.135Z"}
{"context":"NestFactory","level":"info","message":"Starting Nest application...","timestamp":"2026-05-04T12:47:34.207Z"}
{"context":"InstanceLoader","level":"info","message":"PassportModule dependencies initialized","timestamp":"2026-05-04T12:47:34.214Z"}
{"context":"InstanceLoader","level":"info","message":"ConfigHostModule dependencies initialized","timestamp":"2026-05-04T12:47:34.215Z"}
{"context":"PrismaService","level":"info","message":"🔌 Prisma Connection String: postgresql://admin:******@localhost:5433/kyc_asset_db?schema=public","timestamp":"2026-05-04T12:47:34.218Z"}
{"context":"InstanceLoader","level":"info","message":"AppModule dependencies initialized","timestamp":"2026-05-04T12:47:34.218Z"}
{"context":"InstanceLoader","level":"info","message":"ConfigModule dependencies initialized","timestamp":"2026-05-04T12:47:34.218Z"}
{"context":"InstanceLoader","level":"info","message":"CommonModule dependencies initialized","timestamp":"2026-05-04T12:47:34.218Z"}
{"context":"InstanceLoader","level":"info","message":"JwtModule dependencies initialized","timestamp":"2026-05-04T12:47:34.219Z"}
{"context":"InstanceLoader","level":"info","message":"PrismaModule dependencies initialized","timestamp":"2026-05-04T12:47:34.219Z"}
{"context":"InstanceLoader","level":"info","message":"WhitelistIpModule dependencies initialized","timestamp":"2026-05-04T12:47:34.220Z"}
{"context":"InstanceLoader","level":"info","message":"AttributeModule dependencies initialized","timestamp":"2026-05-04T12:47:34.220Z"}
{"context":"InstanceLoader","level":"info","message":"UsersModule dependencies initialized","timestamp":"2026-05-04T12:47:34.221Z"}
{"context":"InstanceLoader","level":"info","message":"RolesModule dependencies initialized","timestamp":"2026-05-04T12:47:34.221Z"}
{"context":"InstanceLoader","level":"info","message":"PermissionsModule dependencies initialized","timestamp":"2026-05-04T12:47:34.221Z"}
{"context":"InstanceLoader","level":"info","message":"AuthModule dependencies initialized","timestamp":"2026-05-04T12:47:34.221Z"}
{"context":"RoutesResolver","level":"info","message":"AppController {/}:","timestamp":"2026-05-04T12:47:34.243Z"}
{"context":"RouterExplorer","level":"info","message":"Mapped {/, GET} route","timestamp":"2026-05-04T12:47:34.244Z"}
{"context":"RoutesResolver","level":"info","message":"UsersController {/users}:","timestamp":"2026-05-04T12:47:34.244Z"}
{"context":"RouterExplorer","level":"info","message":"Mapped {/users, POST} route","timestamp":"2026-05-04T12:47:34.245Z"}
{"context":"RouterExplorer","level":"info","message":"Mapped {/users, GET} route","timestamp":"2026-05-04T12:47:34.245Z"}
{"context":"RouterExplorer","level":"info","message":"Mapped {/users/:id, GET} route","timestamp":"2026-05-04T12:47:34.245Z"}
{"context":"RouterExplorer","level":"info","message":"Mapped {/users/:id, PATCH} route","timestamp":"2026-05-04T12:47:34.245Z"}
{"context":"RouterExplorer","level":"info","message":"Mapped {/users/:id, DELETE} route","timestamp":"2026-05-04T12:47:34.246Z"}
{"context":"RoutesResolver","level":"info","message":"WhitelistIpController {/whitelist-ip}:","timestamp":"2026-05-04T12:47:34.246Z"}
{"context":"RouterExplorer","level":"info","message":"Mapped {/whitelist-ip, POST} route","timestamp":"2026-05-04T12:47:34.246Z"}
{"context":"RouterExplorer","level":"info","message":"Mapped {/whitelist-ip, GET} route","timestamp":"2026-05-04T12:47:34.246Z"}
{"context":"RouterExplorer","level":"info","message":"Mapped {/whitelist-ip/:id, GET} route","timestamp":"2026-05-04T12:47:34.246Z"}
{"context":"RouterExplorer","level":"info","message":"Mapped {/whitelist-ip/:id, PATCH} route","timestamp":"2026-05-04T12:47:34.247Z"}
{"context":"RouterExplorer","level":"info","message":"Mapped {/whitelist-ip/:id, DELETE} route","timestamp":"2026-05-04T12:47:34.247Z"}
{"context":"RoutesResolver","level":"info","message":"RolesController {/roles}:","timestamp":"2026-05-04T12:47:34.247Z"}
{"context":"RouterExplorer","level":"info","message":"Mapped {/roles, POST} route","timestamp":"2026-05-04T12:47:34.247Z"}
{"context":"RouterExplorer","level":"info","message":"Mapped {/roles, GET} route","timestamp":"2026-05-04T12:47:34.247Z"}
{"context":"RouterExplorer","level":"info","message":"Mapped {/roles/:id, GET} route","timestamp":"2026-05-04T12:47:34.247Z"}
{"context":"RouterExplorer","level":"info","message":"Mapped {/roles/:id, PATCH} route","timestamp":"2026-05-04T12:47:34.247Z"}
{"context":"RouterExplorer","level":"info","message":"Mapped {/roles/:id, DELETE} route","timestamp":"2026-05-04T12:47:34.248Z"}
{"context":"RoutesResolver","level":"info","message":"PermissionsController {/permissions}:","timestamp":"2026-05-04T12:47:34.248Z"}
{"context":"RouterExplorer","level":"info","message":"Mapped {/permissions, POST} route","timestamp":"2026-05-04T12:47:34.248Z"}
{"context":"RouterExplorer","level":"info","message":"Mapped {/permissions, GET} route","timestamp":"2026-05-04T12:47:34.248Z"}
{"context":"RouterExplorer","level":"info","message":"Mapped {/permissions/:id, PATCH} route","timestamp":"2026-05-04T12:47:34.248Z"}
{"context":"RouterExplorer","level":"info","message":"Mapped {/permissions/:id, DELETE} route","timestamp":"2026-05-04T12:47:34.249Z"}
{"context":"RoutesResolver","level":"info","message":"AuthController {/auth}:","timestamp":"2026-05-04T12:47:34.249Z"}
{"context":"RouterExplorer","level":"info","message":"Mapped {/auth/register, POST} route","timestamp":"2026-05-04T12:47:34.249Z"}
{"context":"RouterExplorer","level":"info","message":"Mapped {/auth/login, POST} route","timestamp":"2026-05-04T12:47:34.250Z"}
{"context":"RouterExplorer","level":"info","message":"Mapped {/auth/refresh, POST} route","timestamp":"2026-05-04T12:47:34.250Z"}
{"context":"RouterExplorer","level":"info","message":"Mapped {/auth/logout, POST} route","timestamp":"2026-05-04T12:47:34.250Z"}
{"context":"RouterExplorer","level":"info","message":"Mapped {/auth/me, GET} route","timestamp":"2026-05-04T12:47:34.250Z"}
{"context":"RouterExplorer","level":"info","message":"Mapped {/auth/me/password, PATCH} route","timestamp":"2026-05-04T12:47:34.251Z"}
{"context":"RoutesResolver","level":"info","message":"AttributeController {/attribute}:","timestamp":"2026-05-04T12:47:34.251Z"}
{"context":"RouterExplorer","level":"info","message":"Mapped {/attribute, POST} route","timestamp":"2026-05-04T12:47:34.251Z"}
{"context":"RouterExplorer","level":"info","message":"Mapped {/attribute, GET} route","timestamp":"2026-05-04T12:47:34.251Z"}
{"context":"RouterExplorer","level":"info","message":"Mapped {/attribute/:id, GET} route","timestamp":"2026-05-04T12:47:34.251Z"}
{"context":"RouterExplorer","level":"info","message":"Mapped {/attribute/:id, PATCH} route","timestamp":"2026-05-04T12:47:34.252Z"}
{"context":"RouterExplorer","level":"info","message":"Mapped {/attribute/:id, DELETE} route","timestamp":"2026-05-04T12:47:34.252Z"}
{"context":"PrismaService","level":"info","message":"Kết nối database thành công","timestamp":"2026-05-04T12:47:34.289Z"}
{"context":"NestApplication","level":"info","message":"Nest application successfully started","timestamp":"2026-05-04T12:47:34.293Z"}
{"context":"AccessTokenGuard","level":"info","message":"isPublic: true","requestId":"49b92041-0398-4cc2-bcfc-3a93281ae8df","timestamp":"2026-05-04T12:47:40.660Z"}
{"context":"AccessTokenGuard","level":"info","message":"Public route, skipping authentication","requestId":"49b92041-0398-4cc2-bcfc-3a93281ae8df","timestamp":"2026-05-04T12:47:40.661Z"}
{"context":"LoggerMiddleware","level":"info","message":"[RequestID: 49b92041-0398-4cc2-bcfc-3a93281ae8df] POST /auth/register | Status: 201 | Duration: 104ms | IP: ::1 | UserAgent: Mozilla/5.0 (Windows NT 10.0; Win64; x64) AppleWebKit/537.36 (KHTML, like Gecko) Chrome/147.0.0.0 Safari/537.36","requestId":"49b92041-0398-4cc2-bcfc-3a93281ae8df","timestamp":"2026-05-04T12:47:40.763Z"}
{"context":"AccessTokenGuard","level":"info","message":"isPublic: undefined","requestId":"9d04105a-8fc4-4375-a1a8-f711bb18a0eb","timestamp":"2026-05-04T12:50:46.164Z"}
{"context":"AccessTokenStrategy","level":"info","message":"user: {\"id\":\"cc6d2974-22cf-4b0b-9590-4b701cfa3c00\",\"username\":\"customer_001\",\"hashed_password\":\"scrypt:61b7465b5cc602c81ecaa66e31f0f570:064a122e33f58ab9bedcc806f62492b81e4451665c71c7dc3a5afd28b63aa6017713b59fb84dc9594c530b3bbe79c2bf5c738ae510f3152bf09f34a3b6d02482\",\"displayName\":\"Nguyễn Văn A\",\"token_version\":5,\"isActive\":true,\"createdAt\":\"2026-05-03T15:37:18.203Z\",\"updatedAt\":\"2026-05-04T09:10:04.759Z\",\"deletedAt\":null,\"roles\":[]}","requestId":"9d04105a-8fc4-4375-a1a8-f711bb18a0eb","timestamp":"2026-05-04T12:50:46.185Z"}
{"context":"AccessTokenStrategy","level":"warn","message":"Token lỗi thời: User customer_001 (ID: undefined) thử truy cập bằng version 1, bản hiện tại là 5. IP: ::1","requestId":"9d04105a-8fc4-4375-a1a8-f711bb18a0eb","timestamp":"2026-05-04T12:50:46.185Z"}
{"context":"LoggerMiddleware","level":"warn","message":"[RequestID: 9d04105a-8fc4-4375-a1a8-f711bb18a0eb] POST /whitelist-ip | Status: 401 | Duration: 23ms | IP: ::1 | UserAgent: Mozilla/5.0 (Windows NT 10.0; Win64; x64) AppleWebKit/537.36 (KHTML, like Gecko) Chrome/147.0.0.0 Safari/537.36","requestId":"9d04105a-8fc4-4375-a1a8-f711bb18a0eb","timestamp":"2026-05-04T12:50:46.187Z"}
{"context":"AccessTokenGuard","level":"info","message":"isPublic: true","requestId":"2a3d65c1-1a80-4f0d-ae44-e60d894ffc70","timestamp":"2026-05-04T12:51:01.624Z"}
{"context":"AccessTokenGuard","level":"info","message":"Public route, skipping authentication","requestId":"2a3d65c1-1a80-4f0d-ae44-e60d894ffc70","timestamp":"2026-05-04T12:51:01.625Z"}
{"context":"LoggerMiddleware","level":"info","message":"[RequestID: 2a3d65c1-1a80-4f0d-ae44-e60d894ffc70] POST /auth/login | Status: 201 | Duration: 46ms | IP: ::1 | UserAgent: Mozilla/5.0 (Windows NT 10.0; Win64; x64) AppleWebKit/537.36 (KHTML, like Gecko) Chrome/147.0.0.0 Safari/537.36","requestId":"2a3d65c1-1a80-4f0d-ae44-e60d894ffc70","timestamp":"2026-05-04T12:51:01.670Z"}
{"context":"AccessTokenGuard","level":"info","message":"isPublic: undefined","requestId":"ffc66a16-e685-4b1d-a903-f48362f815eb","timestamp":"2026-05-04T12:51:08.740Z"}
{"context":"AccessTokenStrategy","level":"info","message":"user: {\"id\":\"cc6d2974-22cf-4b0b-9590-4b701cfa3c00\",\"username\":\"customer_001\",\"hashed_password\":\"scrypt:61b7465b5cc602c81ecaa66e31f0f570:064a122e33f58ab9bedcc806f62492b81e4451665c71c7dc3a5afd28b63aa6017713b59fb84dc9594c530b3bbe79c2bf5c738ae510f3152bf09f34a3b6d02482\",\"displayName\":\"Nguyễn Văn A\",\"token_version\":5,\"isActive\":true,\"createdAt\":\"2026-05-03T15:37:18.203Z\",\"updatedAt\":\"2026-05-04T09:10:04.759Z\",\"deletedAt\":null,\"roles\":[]}","requestId":"ffc66a16-e685-4b1d-a903-f48362f815eb","timestamp":"2026-05-04T12:51:08.745Z"}
{"context":"LoggerMiddleware","level":"info","message":"[RequestID: ffc66a16-e685-4b1d-a903-f48362f815eb] POST /whitelist-ip | Status: 201 | Duration: 17ms | IP: ::1 | UserAgent: Mozilla/5.0 (Windows NT 10.0; Win64; x64) AppleWebKit/537.36 (KHTML, like Gecko) Chrome/147.0.0.0 Safari/537.36","requestId":"ffc66a16-e685-4b1d-a903-f48362f815eb","timestamp":"2026-05-04T12:51:08.757Z"}
{"context":"AccessTokenGuard","level":"info","message":"isPublic: undefined","requestId":"cba6fd57-e57e-4ed8-b19c-ced17c729953","timestamp":"2026-05-04T12:51:51.819Z"}
{"context":"AccessTokenStrategy","level":"info","message":"user: {\"id\":\"cc6d2974-22cf-4b0b-9590-4b701cfa3c00\",\"username\":\"customer_001\",\"hashed_password\":\"scrypt:61b7465b5cc602c81ecaa66e31f0f570:064a122e33f58ab9bedcc806f62492b81e4451665c71c7dc3a5afd28b63aa6017713b59fb84dc9594c530b3bbe79c2bf5c738ae510f3152bf09f34a3b6d02482\",\"displayName\":\"Nguyễn Văn A\",\"token_version\":5,\"isActive\":true,\"createdAt\":\"2026-05-03T15:37:18.203Z\",\"updatedAt\":\"2026-05-04T09:10:04.759Z\",\"deletedAt\":null,\"roles\":[]}","requestId":"cba6fd57-e57e-4ed8-b19c-ced17c729953","timestamp":"2026-05-04T12:51:51.832Z"}
{"context":"LoggerMiddleware","level":"error","message":"[RequestID: cba6fd57-e57e-4ed8-b19c-ced17c729953] GET /whitelist-ip?page=1&limit=10&sortBy=name&sortOrder=asc | Status: 500 | Duration: 36ms | IP: ::1 | UserAgent: Mozilla/5.0 (Windows NT 10.0; Win64; x64) AppleWebKit/537.36 (KHTML, like Gecko) Chrome/147.0.0.0 Safari/537.36","requestId":"cba6fd57-e57e-4ed8-b19c-ced17c729953","stack":[null],"timestamp":"2026-05-04T12:51:51.856Z"}
{"level":"info","message":"Khởi tạo ứng dụng...","timestamp":"2026-05-04T12:57:30.441Z"}
{"context":"NestFactory","level":"info","message":"Starting Nest application...","timestamp":"2026-05-04T12:57:30.513Z"}
{"context":"InstanceLoader","level":"info","message":"PassportModule dependencies initialized","timestamp":"2026-05-04T12:57:30.521Z"}
{"context":"InstanceLoader","level":"info","message":"ConfigHostModule dependencies initialized","timestamp":"2026-05-04T12:57:30.521Z"}
{"context":"PrismaService","level":"info","message":"🔌 Prisma Connection String: postgresql://admin:******@localhost:5433/kyc_asset_db?schema=public","timestamp":"2026-05-04T12:57:30.524Z"}
{"context":"InstanceLoader","level":"info","message":"AppModule dependencies initialized","timestamp":"2026-05-04T12:57:30.524Z"}
{"context":"InstanceLoader","level":"info","message":"ConfigModule dependencies initialized","timestamp":"2026-05-04T12:57:30.525Z"}
{"context":"InstanceLoader","level":"info","message":"CommonModule dependencies initialized","timestamp":"2026-05-04T12:57:30.525Z"}
{"context":"InstanceLoader","level":"info","message":"JwtModule dependencies initialized","timestamp":"2026-05-04T12:57:30.525Z"}
{"context":"InstanceLoader","level":"info","message":"PrismaModule dependencies initialized","timestamp":"2026-05-04T12:57:30.526Z"}
{"context":"InstanceLoader","level":"info","message":"WhitelistIpModule dependencies initialized","timestamp":"2026-05-04T12:57:30.527Z"}
{"context":"InstanceLoader","level":"info","message":"AttributeModule dependencies initialized","timestamp":"2026-05-04T12:57:30.527Z"}
{"context":"InstanceLoader","level":"info","message":"UsersModule dependencies initialized","timestamp":"2026-05-04T12:57:30.527Z"}
{"context":"InstanceLoader","level":"info","message":"RolesModule dependencies initialized","timestamp":"2026-05-04T12:57:30.527Z"}
{"context":"InstanceLoader","level":"info","message":"PermissionsModule dependencies initialized","timestamp":"2026-05-04T12:57:30.527Z"}
{"context":"InstanceLoader","level":"info","message":"AuthModule dependencies initialized","timestamp":"2026-05-04T12:57:30.527Z"}
{"context":"RoutesResolver","level":"info","message":"AppController {/}:","timestamp":"2026-05-04T12:57:30.548Z"}
{"context":"RouterExplorer","level":"info","message":"Mapped {/, GET} route","timestamp":"2026-05-04T12:57:30.549Z"}
{"context":"RoutesResolver","level":"info","message":"UsersController {/users}:","timestamp":"2026-05-04T12:57:30.550Z"}
{"context":"RouterExplorer","level":"info","message":"Mapped {/users, POST} route","timestamp":"2026-05-04T12:57:30.550Z"}
{"context":"RouterExplorer","level":"info","message":"Mapped {/users, GET} route","timestamp":"2026-05-04T12:57:30.551Z"}
{"context":"RouterExplorer","level":"info","message":"Mapped {/users/:id, GET} route","timestamp":"2026-05-04T12:57:30.551Z"}
{"context":"RouterExplorer","level":"info","message":"Mapped {/users/:id, PATCH} route","timestamp":"2026-05-04T12:57:30.552Z"}
{"context":"RouterExplorer","level":"info","message":"Mapped {/users/:id, DELETE} route","timestamp":"2026-05-04T12:57:30.552Z"}
{"context":"RoutesResolver","level":"info","message":"WhitelistIpController {/whitelist-ip}:","timestamp":"2026-05-04T12:57:30.552Z"}
{"context":"RouterExplorer","level":"info","message":"Mapped {/whitelist-ip, POST} route","timestamp":"2026-05-04T12:57:30.552Z"}
{"context":"RouterExplorer","level":"info","message":"Mapped {/whitelist-ip, GET} route","timestamp":"2026-05-04T12:57:30.552Z"}
{"context":"RouterExplorer","level":"info","message":"Mapped {/whitelist-ip/:id, GET} route","timestamp":"2026-05-04T12:57:30.552Z"}
{"context":"RouterExplorer","level":"info","message":"Mapped {/whitelist-ip/:id, PATCH} route","timestamp":"2026-05-04T12:57:30.553Z"}
{"context":"RouterExplorer","level":"info","message":"Mapped {/whitelist-ip/:id, DELETE} route","timestamp":"2026-05-04T12:57:30.553Z"}
{"context":"RoutesResolver","level":"info","message":"RolesController {/roles}:","timestamp":"2026-05-04T12:57:30.553Z"}
{"context":"RouterExplorer","level":"info","message":"Mapped {/roles, POST} route","timestamp":"2026-05-04T12:57:30.553Z"}
{"context":"RouterExplorer","level":"info","message":"Mapped {/roles, GET} route","timestamp":"2026-05-04T12:57:30.553Z"}
{"context":"RouterExplorer","level":"info","message":"Mapped {/roles/:id, GET} route","timestamp":"2026-05-04T12:57:30.553Z"}
{"context":"RouterExplorer","level":"info","message":"Mapped {/roles/:id, PATCH} route","timestamp":"2026-05-04T12:57:30.553Z"}
{"context":"RouterExplorer","level":"info","message":"Mapped {/roles/:id, DELETE} route","timestamp":"2026-05-04T12:57:30.554Z"}
{"context":"RoutesResolver","level":"info","message":"PermissionsController {/permissions}:","timestamp":"2026-05-04T12:57:30.554Z"}
{"context":"RouterExplorer","level":"info","message":"Mapped {/permissions, POST} route","timestamp":"2026-05-04T12:57:30.554Z"}
{"context":"RouterExplorer","level":"info","message":"Mapped {/permissions, GET} route","timestamp":"2026-05-04T12:57:30.554Z"}
{"context":"RouterExplorer","level":"info","message":"Mapped {/permissions/:id, PATCH} route","timestamp":"2026-05-04T12:57:30.554Z"}
{"context":"RouterExplorer","level":"info","message":"Mapped {/permissions/:id, DELETE} route","timestamp":"2026-05-04T12:57:30.554Z"}
{"context":"RoutesResolver","level":"info","message":"AuthController {/auth}:","timestamp":"2026-05-04T12:57:30.554Z"}
{"context":"RouterExplorer","level":"info","message":"Mapped {/auth/register, POST} route","timestamp":"2026-05-04T12:57:30.555Z"}
{"context":"RouterExplorer","level":"info","message":"Mapped {/auth/login, POST} route","timestamp":"2026-05-04T12:57:30.555Z"}
{"context":"RouterExplorer","level":"info","message":"Mapped {/auth/refresh, POST} route","timestamp":"2026-05-04T12:57:30.555Z"}
{"context":"RouterExplorer","level":"info","message":"Mapped {/auth/logout, POST} route","timestamp":"2026-05-04T12:57:30.555Z"}
{"context":"RouterExplorer","level":"info","message":"Mapped {/auth/me, GET} route","timestamp":"2026-05-04T12:57:30.555Z"}
{"context":"RouterExplorer","level":"info","message":"Mapped {/auth/me/password, PATCH} route","timestamp":"2026-05-04T12:57:30.556Z"}
{"context":"RoutesResolver","level":"info","message":"AttributeController {/attribute}:","timestamp":"2026-05-04T12:57:30.556Z"}
{"context":"RouterExplorer","level":"info","message":"Mapped {/attribute, POST} route","timestamp":"2026-05-04T12:57:30.556Z"}
{"context":"RouterExplorer","level":"info","message":"Mapped {/attribute, GET} route","timestamp":"2026-05-04T12:57:30.556Z"}
{"context":"RouterExplorer","level":"info","message":"Mapped {/attribute/:id, GET} route","timestamp":"2026-05-04T12:57:30.557Z"}
{"context":"RouterExplorer","level":"info","message":"Mapped {/attribute/:id, PATCH} route","timestamp":"2026-05-04T12:57:30.557Z"}
{"context":"RouterExplorer","level":"info","message":"Mapped {/attribute/:id, DELETE} route","timestamp":"2026-05-04T12:57:30.557Z"}
{"context":"PrismaService","level":"info","message":"Kết nối database thành công","timestamp":"2026-05-04T12:57:30.599Z"}
{"context":"NestApplication","level":"info","message":"Nest application successfully started","timestamp":"2026-05-04T12:57:30.602Z"}
{"context":"AccessTokenGuard","level":"info","message":"isPublic: undefined","requestId":"f36f2b2c-31b4-40c9-a177-f9b5deefb77c","timestamp":"2026-05-04T12:57:33.266Z"}
{"context":"AccessTokenStrategy","level":"info","message":"user: {\"id\":\"cc6d2974-22cf-4b0b-9590-4b701cfa3c00\",\"username\":\"customer_001\",\"hashed_password\":\"scrypt:61b7465b5cc602c81ecaa66e31f0f570:064a122e33f58ab9bedcc806f62492b81e4451665c71c7dc3a5afd28b63aa6017713b59fb84dc9594c530b3bbe79c2bf5c738ae510f3152bf09f34a3b6d02482\",\"displayName\":\"Nguyễn Văn A\",\"token_version\":5,\"isActive\":true,\"createdAt\":\"2026-05-03T15:37:18.203Z\",\"updatedAt\":\"2026-05-04T09:10:04.759Z\",\"deletedAt\":null,\"roles\":[]}","requestId":"f36f2b2c-31b4-40c9-a177-f9b5deefb77c","timestamp":"2026-05-04T12:57:33.339Z"}
{"context":"AllExceptionsFilter","level":"error","message":"[RequestID: f36f2b2c-31b4-40c9-a177-f9b5deefb77c] GET /whitelist-ip?page=1&limit=10&sortBy=name&sortOrder=asc | Status: 500 | Error: \nInvalid `model.findMany()` invocation in\nC:\\Users\\ATT\\Documents\\Workspace\\ATT\\KYC Asset for ATTPAY\\backend\\be-kyc-asset\\src\\modules\\whitelist-ip\\repositories\\whitelist-ip.repository.ts:34:15\n\n  31 \n  32 const model = this.getModel(ctx);\n  33 const operations = [\n→ 34   model.findMany({\n         where: {},\n         skip: 0,\n         take: 10,\n         orderBy: {\n           name: \"asc\",\n           ~~~~\n       ?   id?: SortOrder,\n       ?   address?: SortOrder,\n       ?   description?: SortOrder | SortOrderInput,\n       ?   isActive?: SortOrder,\n       ?   createdAt?: SortOrder,\n       ?   updatedAt?: SortOrder\n         }\n       })\n\nUnknown argument `name`. Available options are marked with ?.","requestId":"f36f2b2c-31b4-40c9-a177-f9b5deefb77c","stack":["PrismaClientValidationError: \nInvalid `model.findMany()` invocation in\nC:\\Users\\ATT\\Documents\\Workspace\\ATT\\KYC Asset for ATTPAY\\backend\\be-kyc-asset\\src\\modules\\whitelist-ip\\repositories\\whitelist-ip.repository.ts:34:15\n\n  31 \n  32 const model = this.getModel(ctx);\n  33 const operations = [\n→ 34   model.findMany({\n         where: {},\n         skip: 0,\n         take: 10,\n         orderBy: {\n           name: \"asc\",\n           ~~~~\n       ?   id?: SortOrder,\n       ?   address?: SortOrder,\n       ?   description?: SortOrder | SortOrderInput,\n       ?   isActive?: SortOrder,\n       ?   createdAt?: SortOrder,\n       ?   updatedAt?: SortOrder\n         }\n       })\n\nUnknown argument `name`. Available options are marked with ?.\n    at throwValidationException (C:\\Users\\ATT\\Documents\\Workspace\\ATT\\KYC Asset for ATTPAY\\backend\\be-kyc-asset\\node_modules\\@prisma\\client\\src\\runtime\\core\\errorRendering\\throwValidationException.ts:46:9)\n    at zr.handleRequestError (C:\\Users\\ATT\\Documents\\Workspace\\ATT\\KYC Asset for ATTPAY\\backend\\be-kyc-asset\\node_modules\\@prisma\\client\\src\\runtime\\RequestHandler.ts:211:7)\n    at zr.handleAndLogRequestError (C:\\Users\\ATT\\Documents\\Workspace\\ATT\\KYC Asset for ATTPAY\\backend\\be-kyc-asset\\node_modules\\@prisma\\client\\src\\runtime\\RequestHandler.ts:183:12)\n    at zr.request (C:\\Users\\ATT\\Documents\\Workspace\\ATT\\KYC Asset for ATTPAY\\backend\\be-kyc-asset\\node_modules\\@prisma\\client\\src\\runtime\\RequestHandler.ts:152:12)\n    at process.processTicksAndRejections (node:internal/process/task_queues:104:5)\n    at async a (C:\\Users\\ATT\\Documents\\Workspace\\ATT\\KYC Asset for ATTPAY\\backend\\be-kyc-asset\\node_modules\\@prisma\\client\\src\\runtime\\getPrismaClient.ts:963:24)"],"timestamp":"2026-05-04T12:57:33.367Z"}
{"context":"LoggerMiddleware","level":"error","message":"[RequestID: f36f2b2c-31b4-40c9-a177-f9b5deefb77c] GET /whitelist-ip?page=1&limit=10&sortBy=name&sortOrder=asc | Status: 500 | Duration: 104ms | IP: ::1 | UserAgent: Mozilla/5.0 (Windows NT 10.0; Win64; x64) AppleWebKit/537.36 (KHTML, like Gecko) Chrome/147.0.0.0 Safari/537.36","requestId":"f36f2b2c-31b4-40c9-a177-f9b5deefb77c","stack":[null],"timestamp":"2026-05-04T12:57:33.370Z"}
{"context":"AccessTokenGuard","level":"info","message":"isPublic: undefined","requestId":"7b65a1e5-5365-4bc0-abc1-91138fce70de","timestamp":"2026-05-04T12:58:40.186Z"}
{"context":"AccessTokenStrategy","level":"info","message":"user: {\"id\":\"cc6d2974-22cf-4b0b-9590-4b701cfa3c00\",\"username\":\"customer_001\",\"hashed_password\":\"scrypt:61b7465b5cc602c81ecaa66e31f0f570:064a122e33f58ab9bedcc806f62492b81e4451665c71c7dc3a5afd28b63aa6017713b59fb84dc9594c530b3bbe79c2bf5c738ae510f3152bf09f34a3b6d02482\",\"displayName\":\"Nguyễn Văn A\",\"token_version\":5,\"isActive\":true,\"createdAt\":\"2026-05-03T15:37:18.203Z\",\"updatedAt\":\"2026-05-04T09:10:04.759Z\",\"deletedAt\":null,\"roles\":[]}","requestId":"7b65a1e5-5365-4bc0-abc1-91138fce70de","timestamp":"2026-05-04T12:58:40.203Z"}
{"context":"LoggerMiddleware","level":"info","message":"[RequestID: 7b65a1e5-5365-4bc0-abc1-91138fce70de] GET /whitelist-ip?page=1&limit=10&sortOrder=asc | Status: 200 | Duration: 29ms | IP: ::1 | UserAgent: Mozilla/5.0 (Windows NT 10.0; Win64; x64) AppleWebKit/537.36 (KHTML, like Gecko) Chrome/147.0.0.0 Safari/537.36","requestId":"7b65a1e5-5365-4bc0-abc1-91138fce70de","timestamp":"2026-05-04T12:58:40.215Z"}
{"level":"info","message":"Khởi tạo ứng dụng...","timestamp":"2026-05-04T12:59:16.286Z"}
{"context":"NestFactory","level":"info","message":"Starting Nest application...","timestamp":"2026-05-04T12:59:16.360Z"}
{"context":"InstanceLoader","level":"info","message":"PassportModule dependencies initialized","timestamp":"2026-05-04T12:59:16.367Z"}
{"context":"InstanceLoader","level":"info","message":"ConfigHostModule dependencies initialized","timestamp":"2026-05-04T12:59:16.368Z"}
{"context":"PrismaService","level":"info","message":"🔌 Prisma Connection String: postgresql://admin:******@localhost:5433/kyc_asset_db?schema=public","timestamp":"2026-05-04T12:59:16.370Z"}
{"context":"InstanceLoader","level":"info","message":"AppModule dependencies initialized","timestamp":"2026-05-04T12:59:16.370Z"}
{"context":"InstanceLoader","level":"info","message":"ConfigModule dependencies initialized","timestamp":"2026-05-04T12:59:16.371Z"}
{"context":"InstanceLoader","level":"info","message":"CommonModule dependencies initialized","timestamp":"2026-05-04T12:59:16.371Z"}
{"context":"InstanceLoader","level":"info","message":"JwtModule dependencies initialized","timestamp":"2026-05-04T12:59:16.371Z"}
{"context":"InstanceLoader","level":"info","message":"PrismaModule dependencies initialized","timestamp":"2026-05-04T12:59:16.372Z"}
{"context":"InstanceLoader","level":"info","message":"WhitelistIpModule dependencies initialized","timestamp":"2026-05-04T12:59:16.373Z"}
{"context":"InstanceLoader","level":"info","message":"AttributeModule dependencies initialized","timestamp":"2026-05-04T12:59:16.373Z"}
{"context":"InstanceLoader","level":"info","message":"UsersModule dependencies initialized","timestamp":"2026-05-04T12:59:16.373Z"}
{"context":"InstanceLoader","level":"info","message":"RolesModule dependencies initialized","timestamp":"2026-05-04T12:59:16.373Z"}
{"context":"InstanceLoader","level":"info","message":"PermissionsModule dependencies initialized","timestamp":"2026-05-04T12:59:16.373Z"}
{"context":"InstanceLoader","level":"info","message":"AuthModule dependencies initialized","timestamp":"2026-05-04T12:59:16.373Z"}
{"context":"RoutesResolver","level":"info","message":"AppController {/}:","timestamp":"2026-05-04T12:59:16.396Z"}
{"context":"RouterExplorer","level":"info","message":"Mapped {/, GET} route","timestamp":"2026-05-04T12:59:16.397Z"}
{"context":"RoutesResolver","level":"info","message":"UsersController {/users}:","timestamp":"2026-05-04T12:59:16.398Z"}
{"context":"RouterExplorer","level":"info","message":"Mapped {/users, POST} route","timestamp":"2026-05-04T12:59:16.398Z"}
{"context":"RouterExplorer","level":"info","message":"Mapped {/users, GET} route","timestamp":"2026-05-04T12:59:16.398Z"}
{"context":"RouterExplorer","level":"info","message":"Mapped {/users/:id, GET} route","timestamp":"2026-05-04T12:59:16.398Z"}
{"context":"RouterExplorer","level":"info","message":"Mapped {/users/:id, PATCH} route","timestamp":"2026-05-04T12:59:16.399Z"}
{"context":"RouterExplorer","level":"info","message":"Mapped {/users/:id, DELETE} route","timestamp":"2026-05-04T12:59:16.399Z"}
{"context":"RoutesResolver","level":"info","message":"WhitelistIpController {/whitelist-ip}:","timestamp":"2026-05-04T12:59:16.399Z"}
{"context":"RouterExplorer","level":"info","message":"Mapped {/whitelist-ip, POST} route","timestamp":"2026-05-04T12:59:16.399Z"}
{"context":"RouterExplorer","level":"info","message":"Mapped {/whitelist-ip, GET} route","timestamp":"2026-05-04T12:59:16.399Z"}
{"context":"RouterExplorer","level":"info","message":"Mapped {/whitelist-ip/:id, GET} route","timestamp":"2026-05-04T12:59:16.399Z"}
{"context":"RouterExplorer","level":"info","message":"Mapped {/whitelist-ip/:id, PATCH} route","timestamp":"2026-05-04T12:59:16.400Z"}
{"context":"RouterExplorer","level":"info","message":"Mapped {/whitelist-ip/:id, DELETE} route","timestamp":"2026-05-04T12:59:16.400Z"}
{"context":"RoutesResolver","level":"info","message":"RolesController {/roles}:","timestamp":"2026-05-04T12:59:16.400Z"}
{"context":"RouterExplorer","level":"info","message":"Mapped {/roles, POST} route","timestamp":"2026-05-04T12:59:16.401Z"}
{"context":"RouterExplorer","level":"info","message":"Mapped {/roles, GET} route","timestamp":"2026-05-04T12:59:16.401Z"}
{"context":"RouterExplorer","level":"info","message":"Mapped {/roles/:id, GET} route","timestamp":"2026-05-04T12:59:16.401Z"}
{"context":"RouterExplorer","level":"info","message":"Mapped {/roles/:id, PATCH} route","timestamp":"2026-05-04T12:59:16.401Z"}
{"context":"RouterExplorer","level":"info","message":"Mapped {/roles/:id, DELETE} route","timestamp":"2026-05-04T12:59:16.402Z"}
{"context":"RoutesResolver","level":"info","message":"PermissionsController {/permissions}:","timestamp":"2026-05-04T12:59:16.402Z"}
{"context":"RouterExplorer","level":"info","message":"Mapped {/permissions, POST} route","timestamp":"2026-05-04T12:59:16.402Z"}
{"context":"RouterExplorer","level":"info","message":"Mapped {/permissions, GET} route","timestamp":"2026-05-04T12:59:16.402Z"}
{"context":"RouterExplorer","level":"info","message":"Mapped {/permissions/:id, PATCH} route","timestamp":"2026-05-04T12:59:16.402Z"}
{"context":"RouterExplorer","level":"info","message":"Mapped {/permissions/:id, DELETE} route","timestamp":"2026-05-04T12:59:16.403Z"}
{"context":"RoutesResolver","level":"info","message":"AuthController {/auth}:","timestamp":"2026-05-04T12:59:16.403Z"}
{"context":"RouterExplorer","level":"info","message":"Mapped {/auth/register, POST} route","timestamp":"2026-05-04T12:59:16.403Z"}
{"context":"RouterExplorer","level":"info","message":"Mapped {/auth/login, POST} route","timestamp":"2026-05-04T12:59:16.403Z"}
{"context":"RouterExplorer","level":"info","message":"Mapped {/auth/refresh, POST} route","timestamp":"2026-05-04T12:59:16.403Z"}
{"context":"RouterExplorer","level":"info","message":"Mapped {/auth/logout, POST} route","timestamp":"2026-05-04T12:59:16.404Z"}
{"context":"RouterExplorer","level":"info","message":"Mapped {/auth/me, GET} route","timestamp":"2026-05-04T12:59:16.404Z"}
{"context":"RouterExplorer","level":"info","message":"Mapped {/auth/me/password, PATCH} route","timestamp":"2026-05-04T12:59:16.404Z"}
{"context":"RoutesResolver","level":"info","message":"AttributeController {/attribute}:","timestamp":"2026-05-04T12:59:16.404Z"}
{"context":"RouterExplorer","level":"info","message":"Mapped {/attribute, POST} route","timestamp":"2026-05-04T12:59:16.404Z"}
{"context":"RouterExplorer","level":"info","message":"Mapped {/attribute, GET} route","timestamp":"2026-05-04T12:59:16.405Z"}
{"context":"RouterExplorer","level":"info","message":"Mapped {/attribute/:id, GET} route","timestamp":"2026-05-04T12:59:16.405Z"}
{"context":"RouterExplorer","level":"info","message":"Mapped {/attribute/:id, PATCH} route","timestamp":"2026-05-04T12:59:16.405Z"}
{"context":"RouterExplorer","level":"info","message":"Mapped {/attribute/:id, DELETE} route","timestamp":"2026-05-04T12:59:16.405Z"}
{"context":"PrismaService","level":"info","message":"Kết nối database thành công","timestamp":"2026-05-04T12:59:16.448Z"}
{"context":"NestApplication","level":"info","message":"Nest application successfully started","timestamp":"2026-05-04T12:59:16.453Z"}
{"context":"AccessTokenGuard","level":"info","message":"isPublic: undefined","requestId":"636e770c-2f32-433d-b445-2ae4849f3b2c","timestamp":"2026-05-04T13:01:10.131Z"}
{"context":"AccessTokenStrategy","level":"info","message":"user: {\"id\":\"cc6d2974-22cf-4b0b-9590-4b701cfa3c00\",\"username\":\"customer_001\",\"hashed_password\":\"scrypt:61b7465b5cc602c81ecaa66e31f0f570:064a122e33f58ab9bedcc806f62492b81e4451665c71c7dc3a5afd28b63aa6017713b59fb84dc9594c530b3bbe79c2bf5c738ae510f3152bf09f34a3b6d02482\",\"displayName\":\"Nguyễn Văn A\",\"token_version\":5,\"isActive\":true,\"createdAt\":\"2026-05-03T15:37:18.203Z\",\"updatedAt\":\"2026-05-04T09:10:04.759Z\",\"deletedAt\":null,\"roles\":[]}","requestId":"636e770c-2f32-433d-b445-2ae4849f3b2c","timestamp":"2026-05-04T13:01:10.192Z"}
{"context":"LoggerMiddleware","level":"info","message":"[RequestID: 636e770c-2f32-433d-b445-2ae4849f3b2c] GET /attribute?search=department&page=1&limit=10&sortOrder=asc | Status: 200 | Duration: 78ms | IP: ::1 | UserAgent: Mozilla/5.0 (Windows NT 10.0; Win64; x64) AppleWebKit/537.36 (KHTML, like Gecko) Chrome/147.0.0.0 Safari/537.36","requestId":"636e770c-2f32-433d-b445-2ae4849f3b2c","timestamp":"2026-05-04T13:01:10.207Z"}
{"context":"AccessTokenGuard","level":"info","message":"isPublic: undefined","requestId":"b19bc9bc-991e-4612-b64e-edc7f7143206","timestamp":"2026-05-04T13:01:13.920Z"}
{"context":"AccessTokenStrategy","level":"info","message":"user: {\"id\":\"cc6d2974-22cf-4b0b-9590-4b701cfa3c00\",\"username\":\"customer_001\",\"hashed_password\":\"scrypt:61b7465b5cc602c81ecaa66e31f0f570:064a122e33f58ab9bedcc806f62492b81e4451665c71c7dc3a5afd28b63aa6017713b59fb84dc9594c530b3bbe79c2bf5c738ae510f3152bf09f34a3b6d02482\",\"displayName\":\"Nguyễn Văn A\",\"token_version\":5,\"isActive\":true,\"createdAt\":\"2026-05-03T15:37:18.203Z\",\"updatedAt\":\"2026-05-04T09:10:04.759Z\",\"deletedAt\":null,\"roles\":[]}","requestId":"b19bc9bc-991e-4612-b64e-edc7f7143206","timestamp":"2026-05-04T13:01:13.925Z"}
{"context":"LoggerMiddleware","level":"info","message":"[RequestID: b19bc9bc-991e-4612-b64e-edc7f7143206] GET /attribute?page=1&limit=10&sortOrder=asc | Status: 200 | Duration: 12ms | IP: ::1 | UserAgent: Mozilla/5.0 (Windows NT 10.0; Win64; x64) AppleWebKit/537.36 (KHTML, like Gecko) Chrome/147.0.0.0 Safari/537.36","requestId":"b19bc9bc-991e-4612-b64e-edc7f7143206","timestamp":"2026-05-04T13:01:13.932Z"}
{"level":"info","message":"Khởi tạo ứng dụng...","timestamp":"2026-05-04T13:27:10.488Z"}
{"context":"NestFactory","level":"info","message":"Starting Nest application...","timestamp":"2026-05-04T13:27:10.566Z"}
{"context":"InstanceLoader","level":"info","message":"PassportModule dependencies initialized","timestamp":"2026-05-04T13:27:10.574Z"}
{"context":"InstanceLoader","level":"info","message":"ConfigHostModule dependencies initialized","timestamp":"2026-05-04T13:27:10.576Z"}
{"context":"PrismaService","level":"info","message":"🔌 Prisma Connection String: postgresql://admin:******@localhost:5433/kyc_asset_db?schema=public","timestamp":"2026-05-04T13:27:10.579Z"}
{"context":"InstanceLoader","level":"info","message":"AppModule dependencies initialized","timestamp":"2026-05-04T13:27:10.579Z"}
{"context":"InstanceLoader","level":"info","message":"ConfigModule dependencies initialized","timestamp":"2026-05-04T13:27:10.579Z"}
{"context":"InstanceLoader","level":"info","message":"CommonModule dependencies initialized","timestamp":"2026-05-04T13:27:10.580Z"}
{"context":"InstanceLoader","level":"info","message":"JwtModule dependencies initialized","timestamp":"2026-05-04T13:27:10.582Z"}
{"context":"InstanceLoader","level":"info","message":"PrismaModule dependencies initialized","timestamp":"2026-05-04T13:27:10.582Z"}
{"context":"InstanceLoader","level":"info","message":"WhitelistIpModule dependencies initialized","timestamp":"2026-05-04T13:27:10.585Z"}
{"context":"InstanceLoader","level":"info","message":"AttributeModule dependencies initialized","timestamp":"2026-05-04T13:27:10.586Z"}
{"context":"InstanceLoader","level":"info","message":"UsersModule dependencies initialized","timestamp":"2026-05-04T13:27:10.586Z"}
{"context":"InstanceLoader","level":"info","message":"RolesModule dependencies initialized","timestamp":"2026-05-04T13:27:10.586Z"}
{"context":"InstanceLoader","level":"info","message":"PermissionsModule dependencies initialized","timestamp":"2026-05-04T13:27:10.586Z"}
{"context":"InstanceLoader","level":"info","message":"AuthModule dependencies initialized","timestamp":"2026-05-04T13:27:10.587Z"}
{"context":"RoutesResolver","level":"info","message":"AppController {/}:","timestamp":"2026-05-04T13:27:10.609Z"}
{"context":"RouterExplorer","level":"info","message":"Mapped {/, GET} route","timestamp":"2026-05-04T13:27:10.610Z"}
{"context":"RoutesResolver","level":"info","message":"UsersController {/users}:","timestamp":"2026-05-04T13:27:10.610Z"}
{"context":"RouterExplorer","level":"info","message":"Mapped {/users, POST} route","timestamp":"2026-05-04T13:27:10.610Z"}
{"context":"RouterExplorer","level":"info","message":"Mapped {/users, GET} route","timestamp":"2026-05-04T13:27:10.611Z"}
{"context":"RouterExplorer","level":"info","message":"Mapped {/users/:id, GET} route","timestamp":"2026-05-04T13:27:10.611Z"}
{"context":"RouterExplorer","level":"info","message":"Mapped {/users/:id, PATCH} route","timestamp":"2026-05-04T13:27:10.611Z"}
{"context":"RouterExplorer","level":"info","message":"Mapped {/users/:id, DELETE} route","timestamp":"2026-05-04T13:27:10.611Z"}
{"context":"RoutesResolver","level":"info","message":"WhitelistIpController {/whitelist-ip}:","timestamp":"2026-05-04T13:27:10.612Z"}
{"context":"RouterExplorer","level":"info","message":"Mapped {/whitelist-ip, POST} route","timestamp":"2026-05-04T13:27:10.612Z"}
{"context":"RouterExplorer","level":"info","message":"Mapped {/whitelist-ip, GET} route","timestamp":"2026-05-04T13:27:10.612Z"}
{"context":"RouterExplorer","level":"info","message":"Mapped {/whitelist-ip/:id, GET} route","timestamp":"2026-05-04T13:27:10.612Z"}
{"context":"RouterExplorer","level":"info","message":"Mapped {/whitelist-ip/:id, PATCH} route","timestamp":"2026-05-04T13:27:10.612Z"}
{"context":"RouterExplorer","level":"info","message":"Mapped {/whitelist-ip/:id, DELETE} route","timestamp":"2026-05-04T13:27:10.613Z"}
{"context":"RoutesResolver","level":"info","message":"RolesController {/roles}:","timestamp":"2026-05-04T13:27:10.613Z"}
{"context":"RouterExplorer","level":"info","message":"Mapped {/roles, POST} route","timestamp":"2026-05-04T13:27:10.613Z"}
{"context":"RouterExplorer","level":"info","message":"Mapped {/roles, GET} route","timestamp":"2026-05-04T13:27:10.613Z"}
{"context":"RouterExplorer","level":"info","message":"Mapped {/roles/:id, GET} route","timestamp":"2026-05-04T13:27:10.613Z"}
{"context":"RouterExplorer","level":"info","message":"Mapped {/roles/:id, PATCH} route","timestamp":"2026-05-04T13:27:10.613Z"}
{"context":"RouterExplorer","level":"info","message":"Mapped {/roles/:id, DELETE} route","timestamp":"2026-05-04T13:27:10.614Z"}
{"context":"RoutesResolver","level":"info","message":"PermissionsController {/permissions}:","timestamp":"2026-05-04T13:27:10.614Z"}
{"context":"RouterExplorer","level":"info","message":"Mapped {/permissions, POST} route","timestamp":"2026-05-04T13:27:10.614Z"}
{"context":"RouterExplorer","level":"info","message":"Mapped {/permissions, GET} route","timestamp":"2026-05-04T13:27:10.614Z"}
{"context":"RouterExplorer","level":"info","message":"Mapped {/permissions/:id, PATCH} route","timestamp":"2026-05-04T13:27:10.614Z"}
{"context":"RouterExplorer","level":"info","message":"Mapped {/permissions/:id, DELETE} route","timestamp":"2026-05-04T13:27:10.614Z"}
{"context":"RoutesResolver","level":"info","message":"AuthController {/auth}:","timestamp":"2026-05-04T13:27:10.614Z"}
{"context":"RouterExplorer","level":"info","message":"Mapped {/auth/register, POST} route","timestamp":"2026-05-04T13:27:10.615Z"}
{"context":"RouterExplorer","level":"info","message":"Mapped {/auth/login, POST} route","timestamp":"2026-05-04T13:27:10.615Z"}
{"context":"RouterExplorer","level":"info","message":"Mapped {/auth/refresh, POST} route","timestamp":"2026-05-04T13:27:10.615Z"}
{"context":"RouterExplorer","level":"info","message":"Mapped {/auth/logout, POST} route","timestamp":"2026-05-04T13:27:10.615Z"}
{"context":"RouterExplorer","level":"info","message":"Mapped {/auth/me, GET} route","timestamp":"2026-05-04T13:27:10.615Z"}
{"context":"RouterExplorer","level":"info","message":"Mapped {/auth/me/password, PATCH} route","timestamp":"2026-05-04T13:27:10.616Z"}
{"context":"RoutesResolver","level":"info","message":"AttributeController {/attribute}:","timestamp":"2026-05-04T13:27:10.616Z"}
{"context":"RouterExplorer","level":"info","message":"Mapped {/attribute, POST} route","timestamp":"2026-05-04T13:27:10.616Z"}
{"context":"RouterExplorer","level":"info","message":"Mapped {/attribute, GET} route","timestamp":"2026-05-04T13:27:10.616Z"}
{"context":"RouterExplorer","level":"info","message":"Mapped {/attribute/:id, GET} route","timestamp":"2026-05-04T13:27:10.616Z"}
{"context":"RouterExplorer","level":"info","message":"Mapped {/attribute/:id, PATCH} route","timestamp":"2026-05-04T13:27:10.616Z"}
{"context":"RouterExplorer","level":"info","message":"Mapped {/attribute/:id, DELETE} route","timestamp":"2026-05-04T13:27:10.616Z"}
{"context":"PrismaService","level":"info","message":"Kết nối database thành công","timestamp":"2026-05-04T13:27:10.655Z"}
{"context":"NestApplication","level":"info","message":"Nest application successfully started","timestamp":"2026-05-04T13:27:10.658Z"}
{"level":"info","message":"Khởi tạo ứng dụng...","timestamp":"2026-05-04T13:27:12.998Z"}
{"context":"NestFactory","level":"info","message":"Starting Nest application...","timestamp":"2026-05-04T13:27:13.065Z"}
{"context":"InstanceLoader","level":"info","message":"PassportModule dependencies initialized","timestamp":"2026-05-04T13:27:13.072Z"}
{"context":"InstanceLoader","level":"info","message":"ConfigHostModule dependencies initialized","timestamp":"2026-05-04T13:27:13.073Z"}
{"context":"PrismaService","level":"info","message":"🔌 Prisma Connection String: postgresql://admin:******@localhost:5433/kyc_asset_db?schema=public","timestamp":"2026-05-04T13:27:13.076Z"}
{"context":"InstanceLoader","level":"info","message":"AppModule dependencies initialized","timestamp":"2026-05-04T13:27:13.076Z"}
{"context":"InstanceLoader","level":"info","message":"ConfigModule dependencies initialized","timestamp":"2026-05-04T13:27:13.076Z"}
{"context":"InstanceLoader","level":"info","message":"CommonModule dependencies initialized","timestamp":"2026-05-04T13:27:13.077Z"}
{"context":"InstanceLoader","level":"info","message":"JwtModule dependencies initialized","timestamp":"2026-05-04T13:27:13.077Z"}
{"context":"InstanceLoader","level":"info","message":"PrismaModule dependencies initialized","timestamp":"2026-05-04T13:27:13.077Z"}
{"context":"InstanceLoader","level":"info","message":"WhitelistIpModule dependencies initialized","timestamp":"2026-05-04T13:27:13.079Z"}
{"context":"InstanceLoader","level":"info","message":"AttributeModule dependencies initialized","timestamp":"2026-05-04T13:27:13.079Z"}
{"context":"InstanceLoader","level":"info","message":"UsersModule dependencies initialized","timestamp":"2026-05-04T13:27:13.079Z"}
{"context":"InstanceLoader","level":"info","message":"RolesModule dependencies initialized","timestamp":"2026-05-04T13:27:13.079Z"}
{"context":"InstanceLoader","level":"info","message":"PermissionsModule dependencies initialized","timestamp":"2026-05-04T13:27:13.079Z"}
{"context":"InstanceLoader","level":"info","message":"AuthModule dependencies initialized","timestamp":"2026-05-04T13:27:13.079Z"}
{"context":"RoutesResolver","level":"info","message":"AppController {/}:","timestamp":"2026-05-04T13:27:13.100Z"}
{"context":"RouterExplorer","level":"info","message":"Mapped {/, GET} route","timestamp":"2026-05-04T13:27:13.101Z"}
{"context":"RoutesResolver","level":"info","message":"UsersController {/users}:","timestamp":"2026-05-04T13:27:13.102Z"}
{"context":"RouterExplorer","level":"info","message":"Mapped {/users, POST} route","timestamp":"2026-05-04T13:27:13.102Z"}
{"context":"RouterExplorer","level":"info","message":"Mapped {/users, GET} route","timestamp":"2026-05-04T13:27:13.102Z"}
{"context":"RouterExplorer","level":"info","message":"Mapped {/users/:id, GET} route","timestamp":"2026-05-04T13:27:13.103Z"}
{"context":"RouterExplorer","level":"info","message":"Mapped {/users/:id, PATCH} route","timestamp":"2026-05-04T13:27:13.103Z"}
{"context":"RouterExplorer","level":"info","message":"Mapped {/users/:id, DELETE} route","timestamp":"2026-05-04T13:27:13.103Z"}
{"context":"RoutesResolver","level":"info","message":"WhitelistIpController {/whitelist-ip}:","timestamp":"2026-05-04T13:27:13.103Z"}
{"context":"RouterExplorer","level":"info","message":"Mapped {/whitelist-ip, POST} route","timestamp":"2026-05-04T13:27:13.103Z"}
{"context":"RouterExplorer","level":"info","message":"Mapped {/whitelist-ip, GET} route","timestamp":"2026-05-04T13:27:13.104Z"}
{"context":"RouterExplorer","level":"info","message":"Mapped {/whitelist-ip/:id, GET} route","timestamp":"2026-05-04T13:27:13.104Z"}
{"context":"RouterExplorer","level":"info","message":"Mapped {/whitelist-ip/:id, PATCH} route","timestamp":"2026-05-04T13:27:13.104Z"}
{"context":"RouterExplorer","level":"info","message":"Mapped {/whitelist-ip/:id, DELETE} route","timestamp":"2026-05-04T13:27:13.105Z"}
{"context":"RoutesResolver","level":"info","message":"RolesController {/roles}:","timestamp":"2026-05-04T13:27:13.105Z"}
{"context":"RouterExplorer","level":"info","message":"Mapped {/roles, POST} route","timestamp":"2026-05-04T13:27:13.105Z"}
{"context":"RouterExplorer","level":"info","message":"Mapped {/roles, GET} route","timestamp":"2026-05-04T13:27:13.105Z"}
{"context":"RouterExplorer","level":"info","message":"Mapped {/roles/:id, GET} route","timestamp":"2026-05-04T13:27:13.105Z"}
{"context":"RouterExplorer","level":"info","message":"Mapped {/roles/:id, PATCH} route","timestamp":"2026-05-04T13:27:13.105Z"}
{"context":"RouterExplorer","level":"info","message":"Mapped {/roles/:id, DELETE} route","timestamp":"2026-05-04T13:27:13.106Z"}
{"context":"RoutesResolver","level":"info","message":"PermissionsController {/permissions}:","timestamp":"2026-05-04T13:27:13.106Z"}
{"context":"RouterExplorer","level":"info","message":"Mapped {/permissions, POST} route","timestamp":"2026-05-04T13:27:13.106Z"}
{"context":"RouterExplorer","level":"info","message":"Mapped {/permissions, GET} route","timestamp":"2026-05-04T13:27:13.106Z"}
{"context":"RouterExplorer","level":"info","message":"Mapped {/permissions/:id, PATCH} route","timestamp":"2026-05-04T13:27:13.107Z"}
{"context":"RouterExplorer","level":"info","message":"Mapped {/permissions/:id, DELETE} route","timestamp":"2026-05-04T13:27:13.107Z"}
{"context":"RoutesResolver","level":"info","message":"AuthController {/auth}:","timestamp":"2026-05-04T13:27:13.107Z"}
{"context":"RouterExplorer","level":"info","message":"Mapped {/auth/register, POST} route","timestamp":"2026-05-04T13:27:13.107Z"}
{"context":"RouterExplorer","level":"info","message":"Mapped {/auth/login, POST} route","timestamp":"2026-05-04T13:27:13.107Z"}
{"context":"RouterExplorer","level":"info","message":"Mapped {/auth/refresh, POST} route","timestamp":"2026-05-04T13:27:13.107Z"}
{"context":"RouterExplorer","level":"info","message":"Mapped {/auth/logout, POST} route","timestamp":"2026-05-04T13:27:13.108Z"}
{"context":"RouterExplorer","level":"info","message":"Mapped {/auth/me, GET} route","timestamp":"2026-05-04T13:27:13.108Z"}
{"context":"RouterExplorer","level":"info","message":"Mapped {/auth/me/password, PATCH} route","timestamp":"2026-05-04T13:27:13.108Z"}
{"context":"RoutesResolver","level":"info","message":"AttributeController {/attribute}:","timestamp":"2026-05-04T13:27:13.108Z"}
{"context":"RouterExplorer","level":"info","message":"Mapped {/attribute, POST} route","timestamp":"2026-05-04T13:27:13.108Z"}
{"context":"RouterExplorer","level":"info","message":"Mapped {/attribute, GET} route","timestamp":"2026-05-04T13:27:13.109Z"}
{"context":"RouterExplorer","level":"info","message":"Mapped {/attribute/:id, GET} route","timestamp":"2026-05-04T13:27:13.109Z"}
{"context":"RouterExplorer","level":"info","message":"Mapped {/attribute/:id, PATCH} route","timestamp":"2026-05-04T13:27:13.109Z"}
{"context":"RouterExplorer","level":"info","message":"Mapped {/attribute/:id, DELETE} route","timestamp":"2026-05-04T13:27:13.109Z"}
{"context":"PrismaService","level":"info","message":"Kết nối database thành công","timestamp":"2026-05-04T13:27:13.146Z"}
{"context":"NestApplication","level":"info","message":"Nest application successfully started","timestamp":"2026-05-04T13:27:13.150Z"}
{"context":"AccessTokenGuard","level":"info","message":"isPublic: true","requestId":"594386b5-bb9d-43bd-9ffe-f469a2167704","timestamp":"2026-05-04T13:39:30.215Z"}
{"context":"AccessTokenGuard","level":"info","message":"Public route, skipping authentication","requestId":"594386b5-bb9d-43bd-9ffe-f469a2167704","timestamp":"2026-05-04T13:39:30.216Z"}
{"context":"LoggerMiddleware","level":"info","message":"[RequestID: 594386b5-bb9d-43bd-9ffe-f469a2167704] POST /auth/login | Status: 201 | Duration: 94ms | IP: ::1 | UserAgent: Mozilla/5.0 (Windows NT 10.0; Win64; x64) AppleWebKit/537.36 (KHTML, like Gecko) Chrome/147.0.0.0 Safari/537.36","requestId":"594386b5-bb9d-43bd-9ffe-f469a2167704","timestamp":"2026-05-04T13:39:30.308Z"}
{"context":"LoggerMiddleware","level":"warn","message":"[RequestID: 33c2efc2-430b-4e13-970e-fd3c9c8364d1] OPTIONS /auth/login | Status: 404 | Duration: 4ms | IP: ::1 | UserAgent: Mozilla/5.0 (Windows NT 10.0; Win64; x64) AppleWebKit/537.36 (KHTML, like Gecko) Chrome/147.0.0.0 Safari/537.36","requestId":"33c2efc2-430b-4e13-970e-fd3c9c8364d1","timestamp":"2026-05-04T15:21:50.829Z"}
{"context":"LoggerMiddleware","level":"warn","message":"[RequestID: 31ac5b9d-57d2-4bb7-8665-42bee6d2e257] OPTIONS /auth/login | Status: 404 | Duration: 1ms | IP: ::1 | UserAgent: Mozilla/5.0 (Windows NT 10.0; Win64; x64) AppleWebKit/537.36 (KHTML, like Gecko) Chrome/147.0.0.0 Safari/537.36","requestId":"31ac5b9d-57d2-4bb7-8665-42bee6d2e257","timestamp":"2026-05-04T15:21:56.309Z"}
{"context":"LoggerMiddleware","level":"warn","message":"[RequestID: 21dc1782-f377-4938-a488-da5eaad46f42] OPTIONS /auth/login | Status: 404 | Duration: 0ms | IP: ::1 | UserAgent: Mozilla/5.0 (Windows NT 10.0; Win64; x64) AppleWebKit/537.36 (KHTML, like Gecko) Chrome/147.0.0.0 Safari/537.36","requestId":"21dc1782-f377-4938-a488-da5eaad46f42","timestamp":"2026-05-04T15:21:57.212Z"}
{"context":"LoggerMiddleware","level":"warn","message":"[RequestID: 67e3cf16-1626-474a-948f-825cf18fe64b] OPTIONS /auth/login | Status: 404 | Duration: 0ms | IP: ::1 | UserAgent: Mozilla/5.0 (Windows NT 10.0; Win64; x64) AppleWebKit/537.36 (KHTML, like Gecko) Chrome/147.0.0.0 Safari/537.36","requestId":"67e3cf16-1626-474a-948f-825cf18fe64b","timestamp":"2026-05-04T15:21:57.763Z"}
{"context":"LoggerMiddleware","level":"warn","message":"[RequestID: fd008817-fb81-4df2-bf11-18400bf2c541] OPTIONS /auth/login | Status: 404 | Duration: 1ms | IP: ::1 | UserAgent: Mozilla/5.0 (Windows NT 10.0; Win64; x64) AppleWebKit/537.36 (KHTML, like Gecko) Chrome/147.0.0.0 Safari/537.36","requestId":"fd008817-fb81-4df2-bf11-18400bf2c541","timestamp":"2026-05-04T15:21:58.453Z"}
{"context":"LoggerMiddleware","level":"warn","message":"[RequestID: 53e21d2a-dd7e-429b-b3d0-b5a2ca99c58a] OPTIONS /auth/login | Status: 404 | Duration: 0ms | IP: ::1 | UserAgent: Mozilla/5.0 (Windows NT 10.0; Win64; x64) AppleWebKit/537.36 (KHTML, like Gecko) Chrome/147.0.0.0 Safari/537.36","requestId":"53e21d2a-dd7e-429b-b3d0-b5a2ca99c58a","timestamp":"2026-05-04T15:21:58.788Z"}
{"context":"LoggerMiddleware","level":"warn","message":"[RequestID: 151387a7-2f4d-49c4-aa66-f296e287de50] OPTIONS /auth/login | Status: 404 | Duration: 0ms | IP: ::1 | UserAgent: Mozilla/5.0 (Windows NT 10.0; Win64; x64) AppleWebKit/537.36 (KHTML, like Gecko) Chrome/147.0.0.0 Safari/537.36","requestId":"151387a7-2f4d-49c4-aa66-f296e287de50","timestamp":"2026-05-04T15:21:59.285Z"}
{"context":"LoggerMiddleware","level":"warn","message":"[RequestID: b91d715e-6b25-4e56-8a13-841371130a47] OPTIONS /auth/login | Status: 404 | Duration: 1ms | IP: ::1 | UserAgent: Mozilla/5.0 (Windows NT 10.0; Win64; x64) AppleWebKit/537.36 (KHTML, like Gecko) Chrome/147.0.0.0 Safari/537.36","requestId":"b91d715e-6b25-4e56-8a13-841371130a47","timestamp":"2026-05-04T15:21:59.778Z"}
{"context":"LoggerMiddleware","level":"warn","message":"[RequestID: 487ba8f1-b309-49e1-be6e-1365b53776aa] OPTIONS /auth/login | Status: 404 | Duration: 1ms | IP: ::1 | UserAgent: Mozilla/5.0 (Windows NT 10.0; Win64; x64) AppleWebKit/537.36 (KHTML, like Gecko) Chrome/147.0.0.0 Safari/537.36","requestId":"487ba8f1-b309-49e1-be6e-1365b53776aa","timestamp":"2026-05-04T15:22:00.315Z"}
{"context":"LoggerMiddleware","level":"warn","message":"[RequestID: a9460555-990b-465e-ba9c-a64f1b678067] OPTIONS /auth/login | Status: 404 | Duration: 1ms | IP: ::1 | UserAgent: Mozilla/5.0 (Windows NT 10.0; Win64; x64) AppleWebKit/537.36 (KHTML, like Gecko) Chrome/147.0.0.0 Safari/537.36","requestId":"a9460555-990b-465e-ba9c-a64f1b678067","timestamp":"2026-05-04T15:22:06.827Z"}
{"context":"LoggerMiddleware","level":"warn","message":"[RequestID: 4d6770e9-38b5-42a8-b2ef-7717da904793] OPTIONS /auth/login | Status: 404 | Duration: 1ms | IP: ::1 | UserAgent: Mozilla/5.0 (Windows NT 10.0; Win64; x64) AppleWebKit/537.36 (KHTML, like Gecko) Chrome/147.0.0.0 Safari/537.36","requestId":"4d6770e9-38b5-42a8-b2ef-7717da904793","timestamp":"2026-05-04T15:22:08.106Z"}
{"context":"LoggerMiddleware","level":"warn","message":"[RequestID: 45b98157-4ed4-495e-a11a-371cd9e68d9e] OPTIONS /auth/login | Status: 404 | Duration: 0ms | IP: ::1 | UserAgent: Mozilla/5.0 (Windows NT 10.0; Win64; x64) AppleWebKit/537.36 (KHTML, like Gecko) Chrome/147.0.0.0 Safari/537.36","requestId":"45b98157-4ed4-495e-a11a-371cd9e68d9e","timestamp":"2026-05-04T15:22:08.552Z"}
{"context":"LoggerMiddleware","level":"warn","message":"[RequestID: 7a60a751-41f6-470f-b962-a75f524ba778] OPTIONS /auth/login | Status: 404 | Duration: 0ms | IP: ::1 | UserAgent: Mozilla/5.0 (Windows NT 10.0; Win64; x64) AppleWebKit/537.36 (KHTML, like Gecko) Chrome/147.0.0.0 Safari/537.36","requestId":"7a60a751-41f6-470f-b962-a75f524ba778","timestamp":"2026-05-04T15:22:12.785Z"}
{"context":"LoggerMiddleware","level":"warn","message":"[RequestID: 51143c47-8898-4dfd-8d0d-f11ca2ad31df] OPTIONS /auth/login | Status: 404 | Duration: 0ms | IP: ::1 | UserAgent: Mozilla/5.0 (Windows NT 10.0; Win64; x64) AppleWebKit/537.36 (KHTML, like Gecko) Chrome/147.0.0.0 Safari/537.36","requestId":"51143c47-8898-4dfd-8d0d-f11ca2ad31df","timestamp":"2026-05-04T15:22:20.946Z"}
{"context":"LoggerMiddleware","level":"warn","message":"[RequestID: b4e2d1a6-6d06-4900-ab53-b53ebdbb1160] OPTIONS /auth/login | Status: 404 | Duration: 0ms | IP: ::1 | UserAgent: Mozilla/5.0 (Windows NT 10.0; Win64; x64) AppleWebKit/537.36 (KHTML, like Gecko) Chrome/147.0.0.0 Safari/537.36","requestId":"b4e2d1a6-6d06-4900-ab53-b53ebdbb1160","timestamp":"2026-05-04T15:22:21.706Z"}
{"context":"LoggerMiddleware","level":"warn","message":"[RequestID: 5dbbb964-17c8-4bf7-ab68-14ea2ee7adb5] OPTIONS /auth/login | Status: 404 | Duration: 0ms | IP: ::1 | UserAgent: Mozilla/5.0 (Windows NT 10.0; Win64; x64) AppleWebKit/537.36 (KHTML, like Gecko) Chrome/147.0.0.0 Safari/537.36","requestId":"5dbbb964-17c8-4bf7-ab68-14ea2ee7adb5","timestamp":"2026-05-04T15:22:22.272Z"}
{"level":"info","message":"Khởi tạo ứng dụng...","timestamp":"2026-05-04T15:27:30.845Z"}
{"context":"NestFactory","level":"info","message":"Starting Nest application...","timestamp":"2026-05-04T15:27:30.927Z"}
{"context":"InstanceLoader","level":"info","message":"PassportModule dependencies initialized","timestamp":"2026-05-04T15:27:30.935Z"}
{"context":"InstanceLoader","level":"info","message":"ConfigHostModule dependencies initialized","timestamp":"2026-05-04T15:27:30.935Z"}
{"context":"PrismaService","level":"info","message":"🔌 Prisma Connection String: postgresql://admin:******@localhost:5433/kyc_asset_db?schema=public","timestamp":"2026-05-04T15:27:30.937Z"}
{"context":"InstanceLoader","level":"info","message":"AppModule dependencies initialized","timestamp":"2026-05-04T15:27:30.938Z"}
{"context":"InstanceLoader","level":"info","message":"ConfigModule dependencies initialized","timestamp":"2026-05-04T15:27:30.938Z"}
{"context":"InstanceLoader","level":"info","message":"CommonModule dependencies initialized","timestamp":"2026-05-04T15:27:30.938Z"}
{"context":"InstanceLoader","level":"info","message":"JwtModule dependencies initialized","timestamp":"2026-05-04T15:27:30.939Z"}
{"context":"InstanceLoader","level":"info","message":"PrismaModule dependencies initialized","timestamp":"2026-05-04T15:27:30.939Z"}
{"context":"InstanceLoader","level":"info","message":"WhitelistIpModule dependencies initialized","timestamp":"2026-05-04T15:27:30.941Z"}
{"context":"InstanceLoader","level":"info","message":"AttributeModule dependencies initialized","timestamp":"2026-05-04T15:27:30.941Z"}
{"context":"InstanceLoader","level":"info","message":"UsersModule dependencies initialized","timestamp":"2026-05-04T15:27:30.941Z"}
{"context":"InstanceLoader","level":"info","message":"RolesModule dependencies initialized","timestamp":"2026-05-04T15:27:30.942Z"}
{"context":"InstanceLoader","level":"info","message":"PermissionsModule dependencies initialized","timestamp":"2026-05-04T15:27:30.942Z"}
{"context":"InstanceLoader","level":"info","message":"AuthModule dependencies initialized","timestamp":"2026-05-04T15:27:30.942Z"}
{"context":"RoutesResolver","level":"info","message":"AppController {/}:","timestamp":"2026-05-04T15:27:30.963Z"}
{"context":"RouterExplorer","level":"info","message":"Mapped {/, GET} route","timestamp":"2026-05-04T15:27:30.964Z"}
{"context":"RoutesResolver","level":"info","message":"UsersController {/users}:","timestamp":"2026-05-04T15:27:30.964Z"}
{"context":"RouterExplorer","level":"info","message":"Mapped {/users, POST} route","timestamp":"2026-05-04T15:27:30.965Z"}
{"context":"RouterExplorer","level":"info","message":"Mapped {/users, GET} route","timestamp":"2026-05-04T15:27:30.965Z"}
{"context":"RouterExplorer","level":"info","message":"Mapped {/users/:id, GET} route","timestamp":"2026-05-04T15:27:30.965Z"}
{"context":"RouterExplorer","level":"info","message":"Mapped {/users/:id, PATCH} route","timestamp":"2026-05-04T15:27:30.965Z"}
{"context":"RouterExplorer","level":"info","message":"Mapped {/users/:id, DELETE} route","timestamp":"2026-05-04T15:27:30.966Z"}
{"context":"RoutesResolver","level":"info","message":"WhitelistIpController {/whitelist-ip}:","timestamp":"2026-05-04T15:27:30.966Z"}
{"context":"RouterExplorer","level":"info","message":"Mapped {/whitelist-ip, POST} route","timestamp":"2026-05-04T15:27:30.966Z"}
{"context":"RouterExplorer","level":"info","message":"Mapped {/whitelist-ip, GET} route","timestamp":"2026-05-04T15:27:30.966Z"}
{"context":"RouterExplorer","level":"info","message":"Mapped {/whitelist-ip/:id, GET} route","timestamp":"2026-05-04T15:27:30.966Z"}
{"context":"RouterExplorer","level":"info","message":"Mapped {/whitelist-ip/:id, PATCH} route","timestamp":"2026-05-04T15:27:30.967Z"}
{"context":"RouterExplorer","level":"info","message":"Mapped {/whitelist-ip/:id, DELETE} route","timestamp":"2026-05-04T15:27:30.967Z"}
{"context":"RoutesResolver","level":"info","message":"RolesController {/roles}:","timestamp":"2026-05-04T15:27:30.967Z"}
{"context":"RouterExplorer","level":"info","message":"Mapped {/roles, POST} route","timestamp":"2026-05-04T15:27:30.967Z"}
{"context":"RouterExplorer","level":"info","message":"Mapped {/roles, GET} route","timestamp":"2026-05-04T15:27:30.967Z"}
{"context":"RouterExplorer","level":"info","message":"Mapped {/roles/:id, GET} route","timestamp":"2026-05-04T15:27:30.967Z"}
{"context":"RouterExplorer","level":"info","message":"Mapped {/roles/:id, PATCH} route","timestamp":"2026-05-04T15:27:30.967Z"}
{"context":"RouterExplorer","level":"info","message":"Mapped {/roles/:id, DELETE} route","timestamp":"2026-05-04T15:27:30.968Z"}
{"context":"RoutesResolver","level":"info","message":"PermissionsController {/permissions}:","timestamp":"2026-05-04T15:27:30.968Z"}
{"context":"RouterExplorer","level":"info","message":"Mapped {/permissions, POST} route","timestamp":"2026-05-04T15:27:30.968Z"}
{"context":"RouterExplorer","level":"info","message":"Mapped {/permissions, GET} route","timestamp":"2026-05-04T15:27:30.968Z"}
{"context":"RouterExplorer","level":"info","message":"Mapped {/permissions/:id, PATCH} route","timestamp":"2026-05-04T15:27:30.968Z"}
{"context":"RouterExplorer","level":"info","message":"Mapped {/permissions/:id, DELETE} route","timestamp":"2026-05-04T15:27:30.968Z"}
{"context":"RoutesResolver","level":"info","message":"AuthController {/auth}:","timestamp":"2026-05-04T15:27:30.968Z"}
{"context":"RouterExplorer","level":"info","message":"Mapped {/auth/register, POST} route","timestamp":"2026-05-04T15:27:30.969Z"}
{"context":"RouterExplorer","level":"info","message":"Mapped {/auth/login, POST} route","timestamp":"2026-05-04T15:27:30.969Z"}
{"context":"RouterExplorer","level":"info","message":"Mapped {/auth/refresh, POST} route","timestamp":"2026-05-04T15:27:30.969Z"}
{"context":"RouterExplorer","level":"info","message":"Mapped {/auth/logout, POST} route","timestamp":"2026-05-04T15:27:30.970Z"}
{"context":"RouterExplorer","level":"info","message":"Mapped {/auth/me, GET} route","timestamp":"2026-05-04T15:27:30.970Z"}
{"context":"RouterExplorer","level":"info","message":"Mapped {/auth/me/password, PATCH} route","timestamp":"2026-05-04T15:27:30.970Z"}
{"context":"RoutesResolver","level":"info","message":"AttributeController {/attribute}:","timestamp":"2026-05-04T15:27:30.970Z"}
{"context":"RouterExplorer","level":"info","message":"Mapped {/attribute, POST} route","timestamp":"2026-05-04T15:27:30.970Z"}
{"context":"RouterExplorer","level":"info","message":"Mapped {/attribute, GET} route","timestamp":"2026-05-04T15:27:30.970Z"}
{"context":"RouterExplorer","level":"info","message":"Mapped {/attribute/:id, GET} route","timestamp":"2026-05-04T15:27:30.971Z"}
{"context":"RouterExplorer","level":"info","message":"Mapped {/attribute/:id, PATCH} route","timestamp":"2026-05-04T15:27:30.971Z"}
{"context":"RouterExplorer","level":"info","message":"Mapped {/attribute/:id, DELETE} route","timestamp":"2026-05-04T15:27:30.971Z"}
{"context":"PrismaService","level":"info","message":"Kết nối database thành công","timestamp":"2026-05-04T15:27:31.013Z"}
{"context":"NestApplication","level":"info","message":"Nest application successfully started","timestamp":"2026-05-04T15:27:31.014Z"}
{"level":"info","message":"Khởi tạo ứng dụng...","timestamp":"2026-05-04T15:27:33.147Z"}
{"context":"NestFactory","level":"info","message":"Starting Nest application...","timestamp":"2026-05-04T15:27:33.216Z"}
{"context":"InstanceLoader","level":"info","message":"PassportModule dependencies initialized","timestamp":"2026-05-04T15:27:33.225Z"}
{"context":"InstanceLoader","level":"info","message":"ConfigHostModule dependencies initialized","timestamp":"2026-05-04T15:27:33.225Z"}
{"context":"PrismaService","level":"info","message":"🔌 Prisma Connection String: postgresql://admin:******@localhost:5433/kyc_asset_db?schema=public","timestamp":"2026-05-04T15:27:33.228Z"}
{"context":"InstanceLoader","level":"info","message":"AppModule dependencies initialized","timestamp":"2026-05-04T15:27:33.229Z"}
{"context":"InstanceLoader","level":"info","message":"ConfigModule dependencies initialized","timestamp":"2026-05-04T15:27:33.229Z"}
{"context":"InstanceLoader","level":"info","message":"CommonModule dependencies initialized","timestamp":"2026-05-04T15:27:33.229Z"}
{"context":"InstanceLoader","level":"info","message":"JwtModule dependencies initialized","timestamp":"2026-05-04T15:27:33.230Z"}
{"context":"InstanceLoader","level":"info","message":"PrismaModule dependencies initialized","timestamp":"2026-05-04T15:27:33.230Z"}
{"context":"InstanceLoader","level":"info","message":"WhitelistIpModule dependencies initialized","timestamp":"2026-05-04T15:27:33.231Z"}
{"context":"InstanceLoader","level":"info","message":"AttributeModule dependencies initialized","timestamp":"2026-05-04T15:27:33.231Z"}
{"context":"InstanceLoader","level":"info","message":"UsersModule dependencies initialized","timestamp":"2026-05-04T15:27:33.232Z"}
{"context":"InstanceLoader","level":"info","message":"RolesModule dependencies initialized","timestamp":"2026-05-04T15:27:33.232Z"}
{"context":"InstanceLoader","level":"info","message":"PermissionsModule dependencies initialized","timestamp":"2026-05-04T15:27:33.232Z"}
{"context":"InstanceLoader","level":"info","message":"AuthModule dependencies initialized","timestamp":"2026-05-04T15:27:33.232Z"}
{"context":"RoutesResolver","level":"info","message":"AppController {/}:","timestamp":"2026-05-04T15:27:33.253Z"}
{"context":"RouterExplorer","level":"info","message":"Mapped {/, GET} route","timestamp":"2026-05-04T15:27:33.255Z"}
{"context":"RoutesResolver","level":"info","message":"UsersController {/users}:","timestamp":"2026-05-04T15:27:33.255Z"}
{"context":"RouterExplorer","level":"info","message":"Mapped {/users, POST} route","timestamp":"2026-05-04T15:27:33.256Z"}
{"context":"RouterExplorer","level":"info","message":"Mapped {/users, GET} route","timestamp":"2026-05-04T15:27:33.256Z"}
{"context":"RouterExplorer","level":"info","message":"Mapped {/users/:id, GET} route","timestamp":"2026-05-04T15:27:33.256Z"}
{"context":"RouterExplorer","level":"info","message":"Mapped {/users/:id, PATCH} route","timestamp":"2026-05-04T15:27:33.256Z"}
{"context":"RouterExplorer","level":"info","message":"Mapped {/users/:id, DELETE} route","timestamp":"2026-05-04T15:27:33.257Z"}
{"context":"RoutesResolver","level":"info","message":"WhitelistIpController {/whitelist-ip}:","timestamp":"2026-05-04T15:27:33.257Z"}
{"context":"RouterExplorer","level":"info","message":"Mapped {/whitelist-ip, POST} route","timestamp":"2026-05-04T15:27:33.257Z"}
{"context":"RouterExplorer","level":"info","message":"Mapped {/whitelist-ip, GET} route","timestamp":"2026-05-04T15:27:33.257Z"}
{"context":"RouterExplorer","level":"info","message":"Mapped {/whitelist-ip/:id, GET} route","timestamp":"2026-05-04T15:27:33.257Z"}
{"context":"RouterExplorer","level":"info","message":"Mapped {/whitelist-ip/:id, PATCH} route","timestamp":"2026-05-04T15:27:33.258Z"}
{"context":"RouterExplorer","level":"info","message":"Mapped {/whitelist-ip/:id, DELETE} route","timestamp":"2026-05-04T15:27:33.258Z"}
{"context":"RoutesResolver","level":"info","message":"RolesController {/roles}:","timestamp":"2026-05-04T15:27:33.258Z"}
{"context":"RouterExplorer","level":"info","message":"Mapped {/roles, POST} route","timestamp":"2026-05-04T15:27:33.258Z"}
{"context":"RouterExplorer","level":"info","message":"Mapped {/roles, GET} route","timestamp":"2026-05-04T15:27:33.258Z"}
{"context":"RouterExplorer","level":"info","message":"Mapped {/roles/:id, GET} route","timestamp":"2026-05-04T15:27:33.258Z"}
{"context":"RouterExplorer","level":"info","message":"Mapped {/roles/:id, PATCH} route","timestamp":"2026-05-04T15:27:33.258Z"}
{"context":"RouterExplorer","level":"info","message":"Mapped {/roles/:id, DELETE} route","timestamp":"2026-05-04T15:27:33.259Z"}
{"context":"RoutesResolver","level":"info","message":"PermissionsController {/permissions}:","timestamp":"2026-05-04T15:27:33.259Z"}
{"context":"RouterExplorer","level":"info","message":"Mapped {/permissions, POST} route","timestamp":"2026-05-04T15:27:33.259Z"}
{"context":"RouterExplorer","level":"info","message":"Mapped {/permissions, GET} route","timestamp":"2026-05-04T15:27:33.259Z"}
{"context":"RouterExplorer","level":"info","message":"Mapped {/permissions/:id, PATCH} route","timestamp":"2026-05-04T15:27:33.259Z"}
{"context":"RouterExplorer","level":"info","message":"Mapped {/permissions/:id, DELETE} route","timestamp":"2026-05-04T15:27:33.259Z"}
{"context":"RoutesResolver","level":"info","message":"AuthController {/auth}:","timestamp":"2026-05-04T15:27:33.259Z"}
{"context":"RouterExplorer","level":"info","message":"Mapped {/auth/register, POST} route","timestamp":"2026-05-04T15:27:33.260Z"}
{"context":"RouterExplorer","level":"info","message":"Mapped {/auth/login, POST} route","timestamp":"2026-05-04T15:27:33.260Z"}
{"context":"RouterExplorer","level":"info","message":"Mapped {/auth/refresh, POST} route","timestamp":"2026-05-04T15:27:33.260Z"}
{"context":"RouterExplorer","level":"info","message":"Mapped {/auth/logout, POST} route","timestamp":"2026-05-04T15:27:33.260Z"}
{"context":"RouterExplorer","level":"info","message":"Mapped {/auth/me, GET} route","timestamp":"2026-05-04T15:27:33.260Z"}
{"context":"RouterExplorer","level":"info","message":"Mapped {/auth/me/password, PATCH} route","timestamp":"2026-05-04T15:27:33.260Z"}
{"context":"RoutesResolver","level":"info","message":"AttributeController {/attribute}:","timestamp":"2026-05-04T15:27:33.260Z"}
{"context":"RouterExplorer","level":"info","message":"Mapped {/attribute, POST} route","timestamp":"2026-05-04T15:27:33.261Z"}
{"context":"RouterExplorer","level":"info","message":"Mapped {/attribute, GET} route","timestamp":"2026-05-04T15:27:33.261Z"}
{"context":"RouterExplorer","level":"info","message":"Mapped {/attribute/:id, GET} route","timestamp":"2026-05-04T15:27:33.261Z"}
{"context":"RouterExplorer","level":"info","message":"Mapped {/attribute/:id, PATCH} route","timestamp":"2026-05-04T15:27:33.261Z"}
{"context":"RouterExplorer","level":"info","message":"Mapped {/attribute/:id, DELETE} route","timestamp":"2026-05-04T15:27:33.261Z"}
{"context":"PrismaService","level":"info","message":"Kết nối database thành công","timestamp":"2026-05-04T15:27:33.300Z"}
{"context":"NestApplication","level":"info","message":"Nest application successfully started","timestamp":"2026-05-04T15:27:33.303Z"}
{"level":"info","message":"Khởi tạo ứng dụng...","timestamp":"2026-05-04T15:29:18.130Z"}
{"context":"NestFactory","level":"info","message":"Starting Nest application...","timestamp":"2026-05-04T15:29:18.200Z"}
{"context":"InstanceLoader","level":"info","message":"PassportModule dependencies initialized","timestamp":"2026-05-04T15:29:18.208Z"}
{"context":"InstanceLoader","level":"info","message":"ConfigHostModule dependencies initialized","timestamp":"2026-05-04T15:29:18.209Z"}
{"context":"PrismaService","level":"info","message":"🔌 Prisma Connection String: postgresql://admin:******@localhost:5433/kyc_asset_db?schema=public","timestamp":"2026-05-04T15:29:18.212Z"}
{"context":"InstanceLoader","level":"info","message":"AppModule dependencies initialized","timestamp":"2026-05-04T15:29:18.212Z"}
{"context":"InstanceLoader","level":"info","message":"ConfigModule dependencies initialized","timestamp":"2026-05-04T15:29:18.212Z"}
{"context":"InstanceLoader","level":"info","message":"CommonModule dependencies initialized","timestamp":"2026-05-04T15:29:18.213Z"}
{"context":"InstanceLoader","level":"info","message":"JwtModule dependencies initialized","timestamp":"2026-05-04T15:29:18.213Z"}
{"context":"InstanceLoader","level":"info","message":"PrismaModule dependencies initialized","timestamp":"2026-05-04T15:29:18.214Z"}
{"context":"InstanceLoader","level":"info","message":"WhitelistIpModule dependencies initialized","timestamp":"2026-05-04T15:29:18.215Z"}
{"context":"InstanceLoader","level":"info","message":"AttributeModule dependencies initialized","timestamp":"2026-05-04T15:29:18.215Z"}
{"context":"InstanceLoader","level":"info","message":"UsersModule dependencies initialized","timestamp":"2026-05-04T15:29:18.215Z"}
{"context":"InstanceLoader","level":"info","message":"RolesModule dependencies initialized","timestamp":"2026-05-04T15:29:18.215Z"}
{"context":"InstanceLoader","level":"info","message":"PermissionsModule dependencies initialized","timestamp":"2026-05-04T15:29:18.215Z"}
{"context":"InstanceLoader","level":"info","message":"AuthModule dependencies initialized","timestamp":"2026-05-04T15:29:18.215Z"}
{"context":"RoutesResolver","level":"info","message":"AppController {/}:","timestamp":"2026-05-04T15:29:18.237Z"}
{"context":"RouterExplorer","level":"info","message":"Mapped {/, GET} route","timestamp":"2026-05-04T15:29:18.238Z"}
{"context":"RoutesResolver","level":"info","message":"UsersController {/users}:","timestamp":"2026-05-04T15:29:18.239Z"}
{"context":"RouterExplorer","level":"info","message":"Mapped {/users, POST} route","timestamp":"2026-05-04T15:29:18.239Z"}
{"context":"RouterExplorer","level":"info","message":"Mapped {/users, GET} route","timestamp":"2026-05-04T15:29:18.239Z"}
{"context":"RouterExplorer","level":"info","message":"Mapped {/users/:id, GET} route","timestamp":"2026-05-04T15:29:18.239Z"}
{"context":"RouterExplorer","level":"info","message":"Mapped {/users/:id, PATCH} route","timestamp":"2026-05-04T15:29:18.240Z"}
{"context":"RouterExplorer","level":"info","message":"Mapped {/users/:id, DELETE} route","timestamp":"2026-05-04T15:29:18.240Z"}
{"context":"RoutesResolver","level":"info","message":"WhitelistIpController {/whitelist-ip}:","timestamp":"2026-05-04T15:29:18.240Z"}
{"context":"RouterExplorer","level":"info","message":"Mapped {/whitelist-ip, POST} route","timestamp":"2026-05-04T15:29:18.240Z"}
{"context":"RouterExplorer","level":"info","message":"Mapped {/whitelist-ip, GET} route","timestamp":"2026-05-04T15:29:18.240Z"}
{"context":"RouterExplorer","level":"info","message":"Mapped {/whitelist-ip/:id, GET} route","timestamp":"2026-05-04T15:29:18.241Z"}
{"context":"RouterExplorer","level":"info","message":"Mapped {/whitelist-ip/:id, PATCH} route","timestamp":"2026-05-04T15:29:18.241Z"}
{"context":"RouterExplorer","level":"info","message":"Mapped {/whitelist-ip/:id, DELETE} route","timestamp":"2026-05-04T15:29:18.241Z"}
{"context":"RoutesResolver","level":"info","message":"RolesController {/roles}:","timestamp":"2026-05-04T15:29:18.241Z"}
{"context":"RouterExplorer","level":"info","message":"Mapped {/roles, POST} route","timestamp":"2026-05-04T15:29:18.241Z"}
{"context":"RouterExplorer","level":"info","message":"Mapped {/roles, GET} route","timestamp":"2026-05-04T15:29:18.241Z"}
{"context":"RouterExplorer","level":"info","message":"Mapped {/roles/:id, GET} route","timestamp":"2026-05-04T15:29:18.242Z"}
{"context":"RouterExplorer","level":"info","message":"Mapped {/roles/:id, PATCH} route","timestamp":"2026-05-04T15:29:18.242Z"}
{"context":"RouterExplorer","level":"info","message":"Mapped {/roles/:id, DELETE} route","timestamp":"2026-05-04T15:29:18.242Z"}
{"context":"RoutesResolver","level":"info","message":"PermissionsController {/permissions}:","timestamp":"2026-05-04T15:29:18.242Z"}
{"context":"RouterExplorer","level":"info","message":"Mapped {/permissions, POST} route","timestamp":"2026-05-04T15:29:18.242Z"}
{"context":"RouterExplorer","level":"info","message":"Mapped {/permissions, GET} route","timestamp":"2026-05-04T15:29:18.242Z"}
{"context":"RouterExplorer","level":"info","message":"Mapped {/permissions/:id, PATCH} route","timestamp":"2026-05-04T15:29:18.243Z"}
{"context":"RouterExplorer","level":"info","message":"Mapped {/permissions/:id, DELETE} route","timestamp":"2026-05-04T15:29:18.243Z"}
{"context":"RoutesResolver","level":"info","message":"AuthController {/auth}:","timestamp":"2026-05-04T15:29:18.243Z"}
{"context":"RouterExplorer","level":"info","message":"Mapped {/auth/register, POST} route","timestamp":"2026-05-04T15:29:18.243Z"}
{"context":"RouterExplorer","level":"info","message":"Mapped {/auth/login, POST} route","timestamp":"2026-05-04T15:29:18.243Z"}
{"context":"RouterExplorer","level":"info","message":"Mapped {/auth/refresh, POST} route","timestamp":"2026-05-04T15:29:18.244Z"}
{"context":"RouterExplorer","level":"info","message":"Mapped {/auth/logout, POST} route","timestamp":"2026-05-04T15:29:18.244Z"}
{"context":"RouterExplorer","level":"info","message":"Mapped {/auth/me, GET} route","timestamp":"2026-05-04T15:29:18.244Z"}
{"context":"RouterExplorer","level":"info","message":"Mapped {/auth/me/password, PATCH} route","timestamp":"2026-05-04T15:29:18.244Z"}
{"context":"RoutesResolver","level":"info","message":"AttributeController {/attribute}:","timestamp":"2026-05-04T15:29:18.244Z"}
{"context":"RouterExplorer","level":"info","message":"Mapped {/attribute, POST} route","timestamp":"2026-05-04T15:29:18.245Z"}
{"context":"RouterExplorer","level":"info","message":"Mapped {/attribute, GET} route","timestamp":"2026-05-04T15:29:18.245Z"}
{"context":"RouterExplorer","level":"info","message":"Mapped {/attribute/:id, GET} route","timestamp":"2026-05-04T15:29:18.245Z"}
{"context":"RouterExplorer","level":"info","message":"Mapped {/attribute/:id, PATCH} route","timestamp":"2026-05-04T15:29:18.245Z"}
{"context":"RouterExplorer","level":"info","message":"Mapped {/attribute/:id, DELETE} route","timestamp":"2026-05-04T15:29:18.245Z"}
{"context":"PrismaService","level":"info","message":"Kết nối database thành công","timestamp":"2026-05-04T15:29:18.286Z"}
{"context":"NestApplication","level":"info","message":"Nest application successfully started","timestamp":"2026-05-04T15:29:18.290Z"}
{"context":"AccessTokenGuard","level":"info","message":"isPublic: true","requestId":"2c6c16f9-aed3-45c5-832f-655e0402a22f","timestamp":"2026-05-04T15:29:22.469Z"}
{"context":"AccessTokenGuard","level":"info","message":"Public route, skipping authentication","requestId":"2c6c16f9-aed3-45c5-832f-655e0402a22f","timestamp":"2026-05-04T15:29:22.469Z"}
{"context":"LoggerMiddleware","level":"warn","message":"[RequestID: 2c6c16f9-aed3-45c5-832f-655e0402a22f] POST /auth/login | Status: 401 | Duration: 67ms | IP: ::1 | UserAgent: Mozilla/5.0 (Windows NT 10.0; Win64; x64) AppleWebKit/537.36 (KHTML, like Gecko) Chrome/147.0.0.0 Safari/537.36","requestId":"2c6c16f9-aed3-45c5-832f-655e0402a22f","timestamp":"2026-05-04T15:29:22.536Z"}
{"context":"LoggerMiddleware","level":"warn","message":"[RequestID: aa005546-c269-4c72-82c8-8359306f9f0d] POST /auth/refresh-token | Status: 404 | Duration: 1ms | IP: ::1 | UserAgent: Mozilla/5.0 (Windows NT 10.0; Win64; x64) AppleWebKit/537.36 (KHTML, like Gecko) Chrome/147.0.0.0 Safari/537.36","requestId":"aa005546-c269-4c72-82c8-8359306f9f0d","timestamp":"2026-05-04T15:29:22.542Z"}
{"context":"AccessTokenGuard","level":"info","message":"isPublic: true","requestId":"1c01581a-16de-4904-92b0-60abb4661d36","timestamp":"2026-05-04T15:29:39.216Z"}
{"context":"AccessTokenGuard","level":"info","message":"Public route, skipping authentication","requestId":"1c01581a-16de-4904-92b0-60abb4661d36","timestamp":"2026-05-04T15:29:39.217Z"}
{"context":"LoggerMiddleware","level":"warn","message":"[RequestID: 1c01581a-16de-4904-92b0-60abb4661d36] POST /auth/login | Status: 401 | Duration: 14ms | IP: ::1 | UserAgent: Mozilla/5.0 (Windows NT 10.0; Win64; x64) AppleWebKit/537.36 (KHTML, like Gecko) Chrome/147.0.0.0 Safari/537.36","requestId":"1c01581a-16de-4904-92b0-60abb4661d36","timestamp":"2026-05-04T15:29:39.230Z"}
{"context":"LoggerMiddleware","level":"warn","message":"[RequestID: 7c290a76-54d1-403a-9768-2235cf74ece1] POST /auth/refresh-token | Status: 404 | Duration: 0ms | IP: ::1 | UserAgent: Mozilla/5.0 (Windows NT 10.0; Win64; x64) AppleWebKit/537.36 (KHTML, like Gecko) Chrome/147.0.0.0 Safari/537.36","requestId":"7c290a76-54d1-403a-9768-2235cf74ece1","timestamp":"2026-05-04T15:29:39.235Z"}
{"context":"AccessTokenGuard","level":"info","message":"isPublic: true","requestId":"6da091d5-fd62-4e4d-aaed-0f8d18457bd2","timestamp":"2026-05-04T15:30:56.224Z"}
{"context":"AccessTokenGuard","level":"info","message":"Public route, skipping authentication","requestId":"6da091d5-fd62-4e4d-aaed-0f8d18457bd2","timestamp":"2026-05-04T15:30:56.225Z"}
{"context":"LoggerMiddleware","level":"warn","message":"[RequestID: 6da091d5-fd62-4e4d-aaed-0f8d18457bd2] POST /auth/login | Status: 401 | Duration: 12ms | IP: ::1 | UserAgent: Mozilla/5.0 (Windows NT 10.0; Win64; x64) AppleWebKit/537.36 (KHTML, like Gecko) Chrome/147.0.0.0 Safari/537.36","requestId":"6da091d5-fd62-4e4d-aaed-0f8d18457bd2","timestamp":"2026-05-04T15:30:56.236Z"}
{"context":"LoggerMiddleware","level":"warn","message":"[RequestID: c224ee07-8684-4890-be24-ccf7b3ac3b2c] POST /auth/refresh-token | Status: 404 | Duration: 0ms | IP: ::1 | UserAgent: Mozilla/5.0 (Windows NT 10.0; Win64; x64) AppleWebKit/537.36 (KHTML, like Gecko) Chrome/147.0.0.0 Safari/537.36","requestId":"c224ee07-8684-4890-be24-ccf7b3ac3b2c","timestamp":"2026-05-04T15:30:56.241Z"}
{"context":"AccessTokenGuard","level":"info","message":"isPublic: true","requestId":"76987246-54ce-4028-9673-fc7b9e08833f","timestamp":"2026-05-04T15:31:17.030Z"}
{"context":"AccessTokenGuard","level":"info","message":"Public route, skipping authentication","requestId":"76987246-54ce-4028-9673-fc7b9e08833f","timestamp":"2026-05-04T15:31:17.030Z"}
{"context":"LoggerMiddleware","level":"warn","message":"[RequestID: 76987246-54ce-4028-9673-fc7b9e08833f] POST /auth/login | Status: 401 | Duration: 13ms | IP: ::1 | UserAgent: Mozilla/5.0 (Windows NT 10.0; Win64; x64) AppleWebKit/537.36 (KHTML, like Gecko) Chrome/147.0.0.0 Safari/537.36","requestId":"76987246-54ce-4028-9673-fc7b9e08833f","timestamp":"2026-05-04T15:31:17.042Z"}
{"context":"LoggerMiddleware","level":"warn","message":"[RequestID: 1fe5c79e-00a4-4970-ac8a-0a590c0cfac1] POST /auth/refresh-token | Status: 404 | Duration: 0ms | IP: ::1 | UserAgent: Mozilla/5.0 (Windows NT 10.0; Win64; x64) AppleWebKit/537.36 (KHTML, like Gecko) Chrome/147.0.0.0 Safari/537.36","requestId":"1fe5c79e-00a4-4970-ac8a-0a590c0cfac1","timestamp":"2026-05-04T15:31:17.047Z"}
{"context":"AccessTokenGuard","level":"info","message":"isPublic: true","requestId":"65a93a9a-9e91-4dc7-a876-23ffe1eabf7f","timestamp":"2026-05-04T15:32:38.297Z"}
{"context":"AccessTokenGuard","level":"info","message":"Public route, skipping authentication","requestId":"65a93a9a-9e91-4dc7-a876-23ffe1eabf7f","timestamp":"2026-05-04T15:32:38.297Z"}
{"context":"LoggerMiddleware","level":"warn","message":"[RequestID: 65a93a9a-9e91-4dc7-a876-23ffe1eabf7f] POST /auth/login | Status: 401 | Duration: 13ms | IP: ::1 | UserAgent: Mozilla/5.0 (Windows NT 10.0; Win64; x64) AppleWebKit/537.36 (KHTML, like Gecko) Chrome/147.0.0.0 Safari/537.36","requestId":"65a93a9a-9e91-4dc7-a876-23ffe1eabf7f","timestamp":"2026-05-04T15:32:38.310Z"}
{"context":"LoggerMiddleware","level":"warn","message":"[RequestID: 1e252701-d2f4-447e-8baa-fe5c564fb8a3] POST /auth/refresh-token | Status: 404 | Duration: 0ms | IP: ::1 | UserAgent: Mozilla/5.0 (Windows NT 10.0; Win64; x64) AppleWebKit/537.36 (KHTML, like Gecko) Chrome/147.0.0.0 Safari/537.36","requestId":"1e252701-d2f4-447e-8baa-fe5c564fb8a3","timestamp":"2026-05-04T15:32:38.352Z"}
{"context":"AccessTokenGuard","level":"info","message":"isPublic: true","requestId":"592ef7de-89ba-44ab-af8c-a22dc064f4f9","timestamp":"2026-05-04T15:32:49.852Z"}
{"context":"AccessTokenGuard","level":"info","message":"Public route, skipping authentication","requestId":"592ef7de-89ba-44ab-af8c-a22dc064f4f9","timestamp":"2026-05-04T15:32:49.852Z"}
{"context":"LoggerMiddleware","level":"warn","message":"[RequestID: 592ef7de-89ba-44ab-af8c-a22dc064f4f9] POST /auth/login | Status: 401 | Duration: 15ms | IP: ::1 | UserAgent: Mozilla/5.0 (Windows NT 10.0; Win64; x64) AppleWebKit/537.36 (KHTML, like Gecko) Chrome/147.0.0.0 Safari/537.36","requestId":"592ef7de-89ba-44ab-af8c-a22dc064f4f9","timestamp":"2026-05-04T15:32:49.866Z"}
{"context":"LoggerMiddleware","level":"warn","message":"[RequestID: e0fb4c0e-8b26-4cd8-8de0-0da9715ee36d] POST /auth/refresh-token | Status: 404 | Duration: 1ms | IP: ::1 | UserAgent: Mozilla/5.0 (Windows NT 10.0; Win64; x64) AppleWebKit/537.36 (KHTML, like Gecko) Chrome/147.0.0.0 Safari/537.36","requestId":"e0fb4c0e-8b26-4cd8-8de0-0da9715ee36d","timestamp":"2026-05-04T15:32:49.870Z"}
{"context":"AccessTokenGuard","level":"info","message":"isPublic: true","requestId":"b599be2e-47c0-44d0-b979-a06454210e98","timestamp":"2026-05-04T15:33:11.423Z"}
{"context":"AccessTokenGuard","level":"info","message":"Public route, skipping authentication","requestId":"b599be2e-47c0-44d0-b979-a06454210e98","timestamp":"2026-05-04T15:33:11.423Z"}
{"context":"LoggerMiddleware","level":"warn","message":"[RequestID: b599be2e-47c0-44d0-b979-a06454210e98] POST /auth/login | Status: 401 | Duration: 13ms | IP: ::1 | UserAgent: Mozilla/5.0 (Windows NT 10.0; Win64; x64) AppleWebKit/537.36 (KHTML, like Gecko) Chrome/147.0.0.0 Safari/537.36","requestId":"b599be2e-47c0-44d0-b979-a06454210e98","timestamp":"2026-05-04T15:33:11.436Z"}
{"context":"LoggerMiddleware","level":"warn","message":"[RequestID: 08769015-29b9-4b42-ba9e-c0d34bed5c1b] POST /auth/refresh-token | Status: 404 | Duration: 0ms | IP: ::1 | UserAgent: Mozilla/5.0 (Windows NT 10.0; Win64; x64) AppleWebKit/537.36 (KHTML, like Gecko) Chrome/147.0.0.0 Safari/537.36","requestId":"08769015-29b9-4b42-ba9e-c0d34bed5c1b","timestamp":"2026-05-04T15:33:11.440Z"}
{"context":"AccessTokenGuard","level":"info","message":"isPublic: true","requestId":"f9e6b9d5-a24a-4387-8554-015b3f23acd8","timestamp":"2026-05-04T15:33:20.199Z"}
{"context":"AccessTokenGuard","level":"info","message":"Public route, skipping authentication","requestId":"f9e6b9d5-a24a-4387-8554-015b3f23acd8","timestamp":"2026-05-04T15:33:20.199Z"}
{"context":"LoggerMiddleware","level":"warn","message":"[RequestID: f9e6b9d5-a24a-4387-8554-015b3f23acd8] POST /auth/login | Status: 401 | Duration: 4ms | IP: ::1 | UserAgent: Mozilla/5.0 (Windows NT 10.0; Win64; x64) AppleWebKit/537.36 (KHTML, like Gecko) Chrome/147.0.0.0 Safari/537.36","requestId":"f9e6b9d5-a24a-4387-8554-015b3f23acd8","timestamp":"2026-05-04T15:33:20.202Z"}
{"context":"LoggerMiddleware","level":"warn","message":"[RequestID: 24e59290-59ab-4721-9905-f0e67c7fac95] POST /auth/refresh-token | Status: 404 | Duration: 0ms | IP: ::1 | UserAgent: Mozilla/5.0 (Windows NT 10.0; Win64; x64) AppleWebKit/537.36 (KHTML, like Gecko) Chrome/147.0.0.0 Safari/537.36","requestId":"24e59290-59ab-4721-9905-f0e67c7fac95","timestamp":"2026-05-04T15:33:20.212Z"}
{"context":"AccessTokenGuard","level":"info","message":"isPublic: true","requestId":"b14a92b3-dd14-44fe-8c36-579c41b6692d","timestamp":"2026-05-04T15:33:20.770Z"}
{"context":"AccessTokenGuard","level":"info","message":"Public route, skipping authentication","requestId":"b14a92b3-dd14-44fe-8c36-579c41b6692d","timestamp":"2026-05-04T15:33:20.770Z"}
{"context":"LoggerMiddleware","level":"warn","message":"[RequestID: b14a92b3-dd14-44fe-8c36-579c41b6692d] POST /auth/login | Status: 401 | Duration: 4ms | IP: ::1 | UserAgent: Mozilla/5.0 (Windows NT 10.0; Win64; x64) AppleWebKit/537.36 (KHTML, like Gecko) Chrome/147.0.0.0 Safari/537.36","requestId":"b14a92b3-dd14-44fe-8c36-579c41b6692d","timestamp":"2026-05-04T15:33:20.773Z"}
{"context":"LoggerMiddleware","level":"warn","message":"[RequestID: 0a6821d4-3880-4348-b6df-f7be8d7ae2f4] POST /auth/refresh-token | Status: 404 | Duration: 1ms | IP: ::1 | UserAgent: Mozilla/5.0 (Windows NT 10.0; Win64; x64) AppleWebKit/537.36 (KHTML, like Gecko) Chrome/147.0.0.0 Safari/537.36","requestId":"0a6821d4-3880-4348-b6df-f7be8d7ae2f4","timestamp":"2026-05-04T15:33:20.776Z"}
{"context":"AccessTokenGuard","level":"info","message":"isPublic: true","requestId":"1e96b439-86c3-4f09-b3b3-46d587c21734","timestamp":"2026-05-04T15:33:21.475Z"}
{"context":"AccessTokenGuard","level":"info","message":"Public route, skipping authentication","requestId":"1e96b439-86c3-4f09-b3b3-46d587c21734","timestamp":"2026-05-04T15:33:21.475Z"}
{"context":"LoggerMiddleware","level":"warn","message":"[RequestID: 1e96b439-86c3-4f09-b3b3-46d587c21734] POST /auth/login | Status: 401 | Duration: 3ms | IP: ::1 | UserAgent: Mozilla/5.0 (Windows NT 10.0; Win64; x64) AppleWebKit/537.36 (KHTML, like Gecko) Chrome/147.0.0.0 Safari/537.36","requestId":"1e96b439-86c3-4f09-b3b3-46d587c21734","timestamp":"2026-05-04T15:33:21.478Z"}
{"context":"LoggerMiddleware","level":"warn","message":"[RequestID: 302382fe-d49a-4ef1-a893-ed9628498c22] POST /auth/refresh-token | Status: 404 | Duration: 0ms | IP: ::1 | UserAgent: Mozilla/5.0 (Windows NT 10.0; Win64; x64) AppleWebKit/537.36 (KHTML, like Gecko) Chrome/147.0.0.0 Safari/537.36","requestId":"302382fe-d49a-4ef1-a893-ed9628498c22","timestamp":"2026-05-04T15:33:21.481Z"}
{"context":"AccessTokenGuard","level":"info","message":"isPublic: true","requestId":"70708854-c4ea-4a95-91a7-54964d13b979","timestamp":"2026-05-04T15:33:22.083Z"}
{"context":"AccessTokenGuard","level":"info","message":"Public route, skipping authentication","requestId":"70708854-c4ea-4a95-91a7-54964d13b979","timestamp":"2026-05-04T15:33:22.084Z"}
{"context":"LoggerMiddleware","level":"warn","message":"[RequestID: 70708854-c4ea-4a95-91a7-54964d13b979] POST /auth/login | Status: 401 | Duration: 4ms | IP: ::1 | UserAgent: Mozilla/5.0 (Windows NT 10.0; Win64; x64) AppleWebKit/537.36 (KHTML, like Gecko) Chrome/147.0.0.0 Safari/537.36","requestId":"70708854-c4ea-4a95-91a7-54964d13b979","timestamp":"2026-05-04T15:33:22.087Z"}
{"context":"LoggerMiddleware","level":"warn","message":"[RequestID: e4093599-e4fa-4a36-be84-538a860a455f] POST /auth/refresh-token | Status: 404 | Duration: 0ms | IP: ::1 | UserAgent: Mozilla/5.0 (Windows NT 10.0; Win64; x64) AppleWebKit/537.36 (KHTML, like Gecko) Chrome/147.0.0.0 Safari/537.36","requestId":"e4093599-e4fa-4a36-be84-538a860a455f","timestamp":"2026-05-04T15:33:22.091Z"}
{"context":"AccessTokenGuard","level":"info","message":"isPublic: true","requestId":"99c3a215-ccb2-4638-9ec0-82c38e84d1fc","timestamp":"2026-05-04T15:33:22.602Z"}
{"context":"AccessTokenGuard","level":"info","message":"Public route, skipping authentication","requestId":"99c3a215-ccb2-4638-9ec0-82c38e84d1fc","timestamp":"2026-05-04T15:33:22.602Z"}
{"context":"LoggerMiddleware","level":"warn","message":"[RequestID: 99c3a215-ccb2-4638-9ec0-82c38e84d1fc] POST /auth/login | Status: 401 | Duration: 4ms | IP: ::1 | UserAgent: Mozilla/5.0 (Windows NT 10.0; Win64; x64) AppleWebKit/537.36 (KHTML, like Gecko) Chrome/147.0.0.0 Safari/537.36","requestId":"99c3a215-ccb2-4638-9ec0-82c38e84d1fc","timestamp":"2026-05-04T15:33:22.607Z"}
{"context":"LoggerMiddleware","level":"warn","message":"[RequestID: a6221c31-3b2a-4b26-92dd-85aaebc5db17] POST /auth/refresh-token | Status: 404 | Duration: 1ms | IP: ::1 | UserAgent: Mozilla/5.0 (Windows NT 10.0; Win64; x64) AppleWebKit/537.36 (KHTML, like Gecko) Chrome/147.0.0.0 Safari/537.36","requestId":"a6221c31-3b2a-4b26-92dd-85aaebc5db17","timestamp":"2026-05-04T15:33:22.610Z"}
{"context":"AccessTokenGuard","level":"info","message":"isPublic: true","requestId":"fc5fa110-e10d-458f-9895-e08b43a58568","timestamp":"2026-05-04T15:33:23.331Z"}
{"context":"AccessTokenGuard","level":"info","message":"Public route, skipping authentication","requestId":"fc5fa110-e10d-458f-9895-e08b43a58568","timestamp":"2026-05-04T15:33:23.331Z"}
{"context":"LoggerMiddleware","level":"warn","message":"[RequestID: fc5fa110-e10d-458f-9895-e08b43a58568] POST /auth/login | Status: 401 | Duration: 4ms | IP: ::1 | UserAgent: Mozilla/5.0 (Windows NT 10.0; Win64; x64) AppleWebKit/537.36 (KHTML, like Gecko) Chrome/147.0.0.0 Safari/537.36","requestId":"fc5fa110-e10d-458f-9895-e08b43a58568","timestamp":"2026-05-04T15:33:23.336Z"}
{"context":"LoggerMiddleware","level":"warn","message":"[RequestID: ccfebe5e-2cd1-4544-afcd-9e1f8de39332] POST /auth/refresh-token | Status: 404 | Duration: 1ms | IP: ::1 | UserAgent: Mozilla/5.0 (Windows NT 10.0; Win64; x64) AppleWebKit/537.36 (KHTML, like Gecko) Chrome/147.0.0.0 Safari/537.36","requestId":"ccfebe5e-2cd1-4544-afcd-9e1f8de39332","timestamp":"2026-05-04T15:33:23.339Z"}
{"context":"AccessTokenGuard","level":"info","message":"isPublic: true","requestId":"d1b31aac-e3cb-4fe8-8815-f2c75227ece5","timestamp":"2026-05-04T15:33:23.924Z"}
{"context":"AccessTokenGuard","level":"info","message":"Public route, skipping authentication","requestId":"d1b31aac-e3cb-4fe8-8815-f2c75227ece5","timestamp":"2026-05-04T15:33:23.924Z"}
{"context":"LoggerMiddleware","level":"warn","message":"[RequestID: d1b31aac-e3cb-4fe8-8815-f2c75227ece5] POST /auth/login | Status: 401 | Duration: 4ms | IP: ::1 | UserAgent: Mozilla/5.0 (Windows NT 10.0; Win64; x64) AppleWebKit/537.36 (KHTML, like Gecko) Chrome/147.0.0.0 Safari/537.36","requestId":"d1b31aac-e3cb-4fe8-8815-f2c75227ece5","timestamp":"2026-05-04T15:33:23.927Z"}
{"context":"LoggerMiddleware","level":"warn","message":"[RequestID: 7deb5946-fba0-4ce3-999f-fe2847489704] POST /auth/refresh-token | Status: 404 | Duration: 0ms | IP: ::1 | UserAgent: Mozilla/5.0 (Windows NT 10.0; Win64; x64) AppleWebKit/537.36 (KHTML, like Gecko) Chrome/147.0.0.0 Safari/537.36","requestId":"7deb5946-fba0-4ce3-999f-fe2847489704","timestamp":"2026-05-04T15:33:23.929Z"}
{"context":"AccessTokenGuard","level":"info","message":"isPublic: true","requestId":"1823374a-0f86-45e5-85e6-e0dea0e11f13","timestamp":"2026-05-04T15:43:28.183Z"}
{"context":"AccessTokenGuard","level":"info","message":"Public route, skipping authentication","requestId":"1823374a-0f86-45e5-85e6-e0dea0e11f13","timestamp":"2026-05-04T15:43:28.184Z"}
{"context":"LoggerMiddleware","level":"warn","message":"[RequestID: 1823374a-0f86-45e5-85e6-e0dea0e11f13] POST /auth/login | Status: 401 | Duration: 13ms | IP: ::1 | UserAgent: Mozilla/5.0 (Windows NT 10.0; Win64; x64) AppleWebKit/537.36 (KHTML, like Gecko) Chrome/147.0.0.0 Safari/537.36","requestId":"1823374a-0f86-45e5-85e6-e0dea0e11f13","timestamp":"2026-05-04T15:43:28.196Z"}
{"context":"LoggerMiddleware","level":"warn","message":"[RequestID: 7ef51494-a101-4091-8b8a-df6a1897d84f] POST /auth/refresh-token | Status: 404 | Duration: 0ms | IP: ::1 | UserAgent: Mozilla/5.0 (Windows NT 10.0; Win64; x64) AppleWebKit/537.36 (KHTML, like Gecko) Chrome/147.0.0.0 Safari/537.36","requestId":"7ef51494-a101-4091-8b8a-df6a1897d84f","timestamp":"2026-05-04T15:43:28.200Z"}
{"context":"AccessTokenGuard","level":"info","message":"isPublic: true","requestId":"c5d25c37-c459-44ad-b435-393e5a35d16f","timestamp":"2026-05-04T15:44:15.854Z"}
{"context":"AccessTokenGuard","level":"info","message":"Public route, skipping authentication","requestId":"c5d25c37-c459-44ad-b435-393e5a35d16f","timestamp":"2026-05-04T15:44:15.854Z"}
{"context":"LoggerMiddleware","level":"warn","message":"[RequestID: c5d25c37-c459-44ad-b435-393e5a35d16f] POST /auth/login | Status: 401 | Duration: 15ms | IP: ::1 | UserAgent: Mozilla/5.0 (Windows NT 10.0; Win64; x64) AppleWebKit/537.36 (KHTML, like Gecko) Chrome/147.0.0.0 Safari/537.36","requestId":"c5d25c37-c459-44ad-b435-393e5a35d16f","timestamp":"2026-05-04T15:44:15.868Z"}
{"context":"LoggerMiddleware","level":"warn","message":"[RequestID: dc1e8417-aea2-4cfe-869b-0e47cc3efd2d] POST /auth/refresh-token | Status: 404 | Duration: 1ms | IP: ::1 | UserAgent: Mozilla/5.0 (Windows NT 10.0; Win64; x64) AppleWebKit/537.36 (KHTML, like Gecko) Chrome/147.0.0.0 Safari/537.36","requestId":"dc1e8417-aea2-4cfe-869b-0e47cc3efd2d","timestamp":"2026-05-04T15:44:15.872Z"}
{"context":"AccessTokenGuard","level":"info","message":"isPublic: true","requestId":"459a0fbf-ef31-41ad-9828-0a38ba70bbe1","timestamp":"2026-05-04T15:44:35.199Z"}
{"context":"AccessTokenGuard","level":"info","message":"Public route, skipping authentication","requestId":"459a0fbf-ef31-41ad-9828-0a38ba70bbe1","timestamp":"2026-05-04T15:44:35.200Z"}
{"context":"LoggerMiddleware","level":"warn","message":"[RequestID: 459a0fbf-ef31-41ad-9828-0a38ba70bbe1] POST /auth/login | Status: 401 | Duration: 14ms | IP: ::1 | UserAgent: Mozilla/5.0 (Windows NT 10.0; Win64; x64) AppleWebKit/537.36 (KHTML, like Gecko) Chrome/147.0.0.0 Safari/537.36","requestId":"459a0fbf-ef31-41ad-9828-0a38ba70bbe1","timestamp":"2026-05-04T15:44:35.213Z"}
{"context":"LoggerMiddleware","level":"warn","message":"[RequestID: f1611c2a-ef91-49d8-8cff-682e1b708f4a] POST /auth/refresh-token | Status: 404 | Duration: 0ms | IP: ::1 | UserAgent: Mozilla/5.0 (Windows NT 10.0; Win64; x64) AppleWebKit/537.36 (KHTML, like Gecko) Chrome/147.0.0.0 Safari/537.36","requestId":"f1611c2a-ef91-49d8-8cff-682e1b708f4a","timestamp":"2026-05-04T15:44:35.218Z"}
{"context":"AccessTokenGuard","level":"info","message":"isPublic: true","requestId":"27a90c52-eb79-412c-8388-88c5acfbd7e3","timestamp":"2026-05-04T15:49:47.847Z"}
{"context":"AccessTokenGuard","level":"info","message":"Public route, skipping authentication","requestId":"27a90c52-eb79-412c-8388-88c5acfbd7e3","timestamp":"2026-05-04T15:49:47.847Z"}
{"context":"LoggerMiddleware","level":"warn","message":"[RequestID: 27a90c52-eb79-412c-8388-88c5acfbd7e3] POST /auth/login | Status: 401 | Duration: 11ms | IP: ::1 | UserAgent: Mozilla/5.0 (Windows NT 10.0; Win64; x64) AppleWebKit/537.36 (KHTML, like Gecko) Chrome/147.0.0.0 Safari/537.36","requestId":"27a90c52-eb79-412c-8388-88c5acfbd7e3","timestamp":"2026-05-04T15:49:47.858Z"}
{"context":"LoggerMiddleware","level":"warn","message":"[RequestID: 0fdcdedf-9c57-4399-8011-d92bc10858d5] POST /auth/refresh-token | Status: 404 | Duration: 0ms | IP: ::1 | UserAgent: Mozilla/5.0 (Windows NT 10.0; Win64; x64) AppleWebKit/537.36 (KHTML, like Gecko) Chrome/147.0.0.0 Safari/537.36","requestId":"0fdcdedf-9c57-4399-8011-d92bc10858d5","timestamp":"2026-05-04T15:49:47.864Z"}
{"context":"AccessTokenGuard","level":"info","message":"isPublic: true","requestId":"69a5dbb9-f758-4610-a64e-666fe075e659","timestamp":"2026-05-04T15:49:51.057Z"}
{"context":"AccessTokenGuard","level":"info","message":"Public route, skipping authentication","requestId":"69a5dbb9-f758-4610-a64e-666fe075e659","timestamp":"2026-05-04T15:49:51.058Z"}
{"context":"LoggerMiddleware","level":"warn","message":"[RequestID: 69a5dbb9-f758-4610-a64e-666fe075e659] POST /auth/login | Status: 401 | Duration: 5ms | IP: ::1 | UserAgent: Mozilla/5.0 (Windows NT 10.0; Win64; x64) AppleWebKit/537.36 (KHTML, like Gecko) Chrome/147.0.0.0 Safari/537.36","requestId":"69a5dbb9-f758-4610-a64e-666fe075e659","timestamp":"2026-05-04T15:49:51.062Z"}
{"context":"LoggerMiddleware","level":"warn","message":"[RequestID: 2849c7e7-ff20-4e9a-a76f-90d898191bc3] POST /auth/refresh-token | Status: 404 | Duration: 0ms | IP: ::1 | UserAgent: Mozilla/5.0 (Windows NT 10.0; Win64; x64) AppleWebKit/537.36 (KHTML, like Gecko) Chrome/147.0.0.0 Safari/537.36","requestId":"2849c7e7-ff20-4e9a-a76f-90d898191bc3","timestamp":"2026-05-04T15:49:51.065Z"}
{"context":"AccessTokenGuard","level":"info","message":"isPublic: true","requestId":"215679bb-e8b3-44d4-82dc-59f5f5e9e6ee","timestamp":"2026-05-04T15:50:02.117Z"}
{"context":"AccessTokenGuard","level":"info","message":"Public route, skipping authentication","requestId":"215679bb-e8b3-44d4-82dc-59f5f5e9e6ee","timestamp":"2026-05-04T15:50:02.117Z"}
{"context":"LoggerMiddleware","level":"warn","message":"[RequestID: 215679bb-e8b3-44d4-82dc-59f5f5e9e6ee] POST /auth/login | Status: 401 | Duration: 12ms | IP: ::1 | UserAgent: Mozilla/5.0 (Windows NT 10.0; Win64; x64) AppleWebKit/537.36 (KHTML, like Gecko) Chrome/147.0.0.0 Safari/537.36 Edg/147.0.0.0","requestId":"215679bb-e8b3-44d4-82dc-59f5f5e9e6ee","timestamp":"2026-05-04T15:50:02.129Z"}
{"context":"LoggerMiddleware","level":"warn","message":"[RequestID: 97068832-855b-4a77-9b90-d4388b222e7a] POST /auth/refresh-token | Status: 404 | Duration: 0ms | IP: ::1 | UserAgent: Mozilla/5.0 (Windows NT 10.0; Win64; x64) AppleWebKit/537.36 (KHTML, like Gecko) Chrome/147.0.0.0 Safari/537.36 Edg/147.0.0.0","requestId":"97068832-855b-4a77-9b90-d4388b222e7a","timestamp":"2026-05-04T15:50:02.131Z"}
{"context":"AccessTokenGuard","level":"info","message":"isPublic: true","requestId":"76c9afb8-912b-4443-af8d-3e876646b249","timestamp":"2026-05-04T15:51:27.027Z"}
{"context":"AccessTokenGuard","level":"info","message":"Public route, skipping authentication","requestId":"76c9afb8-912b-4443-af8d-3e876646b249","timestamp":"2026-05-04T15:51:27.028Z"}
{"context":"LoggerMiddleware","level":"warn","message":"[RequestID: 76c9afb8-912b-4443-af8d-3e876646b249] POST /auth/login | Status: 401 | Duration: 11ms | IP: ::1 | UserAgent: Mozilla/5.0 (Windows NT 10.0; Win64; x64) AppleWebKit/537.36 (KHTML, like Gecko) Chrome/147.0.0.0 Safari/537.36 Edg/147.0.0.0","requestId":"76c9afb8-912b-4443-af8d-3e876646b249","timestamp":"2026-05-04T15:51:27.038Z"}
{"context":"LoggerMiddleware","level":"warn","message":"[RequestID: 0f04363a-c774-4ac6-87fe-fd2f7e512924] POST /auth/refresh-token | Status: 404 | Duration: 0ms | IP: ::1 | UserAgent: Mozilla/5.0 (Windows NT 10.0; Win64; x64) AppleWebKit/537.36 (KHTML, like Gecko) Chrome/147.0.0.0 Safari/537.36 Edg/147.0.0.0","requestId":"0f04363a-c774-4ac6-87fe-fd2f7e512924","timestamp":"2026-05-04T15:51:27.041Z"}
{"context":"AccessTokenGuard","level":"info","message":"isPublic: true","requestId":"e4ec5e39-bab4-4cbf-aeaf-e1b93db7fb86","timestamp":"2026-05-04T15:52:21.139Z"}
{"context":"AccessTokenGuard","level":"info","message":"Public route, skipping authentication","requestId":"e4ec5e39-bab4-4cbf-aeaf-e1b93db7fb86","timestamp":"2026-05-04T15:52:21.139Z"}
{"context":"LoggerMiddleware","level":"warn","message":"[RequestID: e4ec5e39-bab4-4cbf-aeaf-e1b93db7fb86] POST /auth/login | Status: 401 | Duration: 12ms | IP: ::1 | UserAgent: Mozilla/5.0 (Windows NT 10.0; Win64; x64) AppleWebKit/537.36 (KHTML, like Gecko) Chrome/147.0.0.0 Safari/537.36 Edg/147.0.0.0","requestId":"e4ec5e39-bab4-4cbf-aeaf-e1b93db7fb86","timestamp":"2026-05-04T15:52:21.151Z"}
{"context":"LoggerMiddleware","level":"warn","message":"[RequestID: 6a5adb1e-290b-4ebb-ab6b-4075403633a8] POST /auth/refresh-token | Status: 404 | Duration: 1ms | IP: ::1 | UserAgent: Mozilla/5.0 (Windows NT 10.0; Win64; x64) AppleWebKit/537.36 (KHTML, like Gecko) Chrome/147.0.0.0 Safari/537.36 Edg/147.0.0.0","requestId":"6a5adb1e-290b-4ebb-ab6b-4075403633a8","timestamp":"2026-05-04T15:52:21.154Z"}
{"context":"AccessTokenGuard","level":"info","message":"isPublic: true","requestId":"1570a6ab-2162-4bda-ba40-7c10ff9e96bd","timestamp":"2026-05-04T15:53:49.494Z"}
{"context":"AccessTokenGuard","level":"info","message":"Public route, skipping authentication","requestId":"1570a6ab-2162-4bda-ba40-7c10ff9e96bd","timestamp":"2026-05-04T15:53:49.495Z"}
{"context":"LoggerMiddleware","level":"warn","message":"[RequestID: 1570a6ab-2162-4bda-ba40-7c10ff9e96bd] POST /auth/login | Status: 401 | Duration: 11ms | IP: ::1 | UserAgent: Mozilla/5.0 (Windows NT 10.0; Win64; x64) AppleWebKit/537.36 (KHTML, like Gecko) Chrome/147.0.0.0 Safari/537.36","requestId":"1570a6ab-2162-4bda-ba40-7c10ff9e96bd","timestamp":"2026-05-04T15:53:49.506Z"}
{"context":"LoggerMiddleware","level":"warn","message":"[RequestID: 2311a612-92c1-48a4-a7bd-e7b59265fe6a] POST /auth/refresh-token | Status: 404 | Duration: 1ms | IP: ::1 | UserAgent: Mozilla/5.0 (Windows NT 10.0; Win64; x64) AppleWebKit/537.36 (KHTML, like Gecko) Chrome/147.0.0.0 Safari/537.36","requestId":"2311a612-92c1-48a4-a7bd-e7b59265fe6a","timestamp":"2026-05-04T15:53:49.510Z"}
{"context":"AccessTokenGuard","level":"info","message":"isPublic: true","requestId":"e27d6b2e-4ff9-4517-a61d-48410c8f4868","timestamp":"2026-05-04T15:54:00.566Z"}
{"context":"AccessTokenGuard","level":"info","message":"Public route, skipping authentication","requestId":"e27d6b2e-4ff9-4517-a61d-48410c8f4868","timestamp":"2026-05-04T15:54:00.566Z"}
{"context":"LoggerMiddleware","level":"warn","message":"[RequestID: e27d6b2e-4ff9-4517-a61d-48410c8f4868] POST /auth/login | Status: 401 | Duration: 12ms | IP: ::1 | UserAgent: Mozilla/5.0 (Windows NT 10.0; Win64; x64) AppleWebKit/537.36 (KHTML, like Gecko) Chrome/147.0.0.0 Safari/537.36 Edg/147.0.0.0","requestId":"e27d6b2e-4ff9-4517-a61d-48410c8f4868","timestamp":"2026-05-04T15:54:00.579Z"}
{"context":"LoggerMiddleware","level":"warn","message":"[RequestID: 6727d343-b025-4683-8f5c-aac5231d7ccc] POST /auth/refresh-token | Status: 404 | Duration: 0ms | IP: ::1 | UserAgent: Mozilla/5.0 (Windows NT 10.0; Win64; x64) AppleWebKit/537.36 (KHTML, like Gecko) Chrome/147.0.0.0 Safari/537.36 Edg/147.0.0.0","requestId":"6727d343-b025-4683-8f5c-aac5231d7ccc","timestamp":"2026-05-04T15:54:00.581Z"}
{"context":"AccessTokenGuard","level":"info","message":"isPublic: true","requestId":"3a53f0b2-2e9d-4b89-a995-58c559cb4198","timestamp":"2026-05-04T15:55:17.855Z"}
{"context":"AccessTokenGuard","level":"info","message":"Public route, skipping authentication","requestId":"3a53f0b2-2e9d-4b89-a995-58c559cb4198","timestamp":"2026-05-04T15:55:17.855Z"}
{"context":"LoggerMiddleware","level":"warn","message":"[RequestID: 3a53f0b2-2e9d-4b89-a995-58c559cb4198] POST /auth/login | Status: 401 | Duration: 13ms | IP: ::1 | UserAgent: Mozilla/5.0 (Windows NT 10.0; Win64; x64) AppleWebKit/537.36 (KHTML, like Gecko) Chrome/147.0.0.0 Safari/537.36 Edg/147.0.0.0","requestId":"3a53f0b2-2e9d-4b89-a995-58c559cb4198","timestamp":"2026-05-04T15:55:17.868Z"}
{"context":"LoggerMiddleware","level":"warn","message":"[RequestID: f4f80966-8139-47f1-bc25-665312020efb] POST /auth/refresh-token | Status: 404 | Duration: 0ms | IP: ::1 | UserAgent: Mozilla/5.0 (Windows NT 10.0; Win64; x64) AppleWebKit/537.36 (KHTML, like Gecko) Chrome/147.0.0.0 Safari/537.36 Edg/147.0.0.0","requestId":"f4f80966-8139-47f1-bc25-665312020efb","timestamp":"2026-05-04T15:55:17.871Z"}
{"context":"AccessTokenGuard","level":"info","message":"isPublic: true","requestId":"030dd413-6d92-47ac-8844-02018dc4c397","timestamp":"2026-05-04T15:57:01.826Z"}
{"context":"AccessTokenGuard","level":"info","message":"Public route, skipping authentication","requestId":"030dd413-6d92-47ac-8844-02018dc4c397","timestamp":"2026-05-04T15:57:01.826Z"}
{"context":"LoggerMiddleware","level":"warn","message":"[RequestID: 030dd413-6d92-47ac-8844-02018dc4c397] POST /auth/login | Status: 401 | Duration: 11ms | IP: ::1 | UserAgent: Mozilla/5.0 (Windows NT 10.0; Win64; x64) AppleWebKit/537.36 (KHTML, like Gecko) Chrome/147.0.0.0 Safari/537.36","requestId":"030dd413-6d92-47ac-8844-02018dc4c397","timestamp":"2026-05-04T15:57:01.837Z"}
{"context":"LoggerMiddleware","level":"warn","message":"[RequestID: 9ecc3e41-2e92-4cc7-9c52-60522b4a0d14] POST /auth/refresh-token | Status: 404 | Duration: 0ms | IP: ::1 | UserAgent: Mozilla/5.0 (Windows NT 10.0; Win64; x64) AppleWebKit/537.36 (KHTML, like Gecko) Chrome/147.0.0.0 Safari/537.36","requestId":"9ecc3e41-2e92-4cc7-9c52-60522b4a0d14","timestamp":"2026-05-04T15:57:01.842Z"}
{"context":"AccessTokenGuard","level":"info","message":"isPublic: true","requestId":"11983876-0800-44ed-ac1b-cded291fce59","timestamp":"2026-05-04T16:01:18.926Z"}
{"context":"AccessTokenGuard","level":"info","message":"Public route, skipping authentication","requestId":"11983876-0800-44ed-ac1b-cded291fce59","timestamp":"2026-05-04T16:01:18.927Z"}
{"context":"LoggerMiddleware","level":"warn","message":"[RequestID: 11983876-0800-44ed-ac1b-cded291fce59] POST /auth/login | Status: 401 | Duration: 13ms | IP: ::1 | UserAgent: Mozilla/5.0 (Windows NT 10.0; Win64; x64) AppleWebKit/537.36 (KHTML, like Gecko) Chrome/147.0.0.0 Safari/537.36","requestId":"11983876-0800-44ed-ac1b-cded291fce59","timestamp":"2026-05-04T16:01:18.939Z"}
