{"level":"info","message":"Khởi tạo ứng dụng...","timestamp":"2026-05-04T22:29:05.576Z"}
{"context":"NestFactory","level":"info","message":"Starting Nest application...","timestamp":"2026-05-04T22:29:05.658Z"}
{"context":"InstanceLoader","level":"info","message":"PassportModule dependencies initialized","timestamp":"2026-05-04T22:29:05.666Z"}
{"context":"InstanceLoader","level":"info","message":"ConfigHostModule dependencies initialized","timestamp":"2026-05-04T22:29:05.666Z"}
{"context":"PrismaService","level":"info","message":"🔌 Prisma Connection String: postgresql://admin:******@localhost:5433/kyc_asset_db?schema=public","timestamp":"2026-05-04T22:29:05.670Z"}
{"context":"InstanceLoader","level":"info","message":"AppModule dependencies initialized","timestamp":"2026-05-04T22:29:05.670Z"}
{"context":"InstanceLoader","level":"info","message":"ConfigModule dependencies initialized","timestamp":"2026-05-04T22:29:05.670Z"}
{"context":"InstanceLoader","level":"info","message":"CommonModule dependencies initialized","timestamp":"2026-05-04T22:29:05.670Z"}
{"context":"InstanceLoader","level":"info","message":"JwtModule dependencies initialized","timestamp":"2026-05-04T22:29:05.671Z"}
{"context":"InstanceLoader","level":"info","message":"PrismaModule dependencies initialized","timestamp":"2026-05-04T22:29:05.671Z"}
{"context":"InstanceLoader","level":"info","message":"WhitelistIpModule dependencies initialized","timestamp":"2026-05-04T22:29:05.672Z"}
{"context":"InstanceLoader","level":"info","message":"AttributeModule dependencies initialized","timestamp":"2026-05-04T22:29:05.673Z"}
{"context":"InstanceLoader","level":"info","message":"UsersModule dependencies initialized","timestamp":"2026-05-04T22:29:05.673Z"}
{"context":"InstanceLoader","level":"info","message":"RolesModule dependencies initialized","timestamp":"2026-05-04T22:29:05.673Z"}
{"context":"InstanceLoader","level":"info","message":"PermissionsModule dependencies initialized","timestamp":"2026-05-04T22:29:05.673Z"}
{"context":"InstanceLoader","level":"info","message":"AuthModule dependencies initialized","timestamp":"2026-05-04T22:29:05.673Z"}
{"context":"RoutesResolver","level":"info","message":"AppController {/}:","timestamp":"2026-05-04T22:29:05.695Z"}
{"context":"RouterExplorer","level":"info","message":"Mapped {/, GET} route","timestamp":"2026-05-04T22:29:05.696Z"}
{"context":"RoutesResolver","level":"info","message":"UsersController {/users}:","timestamp":"2026-05-04T22:29:05.696Z"}
{"context":"RouterExplorer","level":"info","message":"Mapped {/users, POST} route","timestamp":"2026-05-04T22:29:05.696Z"}
{"context":"RouterExplorer","level":"info","message":"Mapped {/users, GET} route","timestamp":"2026-05-04T22:29:05.696Z"}
{"context":"RouterExplorer","level":"info","message":"Mapped {/users/:id, GET} route","timestamp":"2026-05-04T22:29:05.697Z"}
{"context":"RouterExplorer","level":"info","message":"Mapped {/users/:id, PATCH} route","timestamp":"2026-05-04T22:29:05.697Z"}
{"context":"RouterExplorer","level":"info","message":"Mapped {/users/:id, DELETE} route","timestamp":"2026-05-04T22:29:05.697Z"}
{"context":"RoutesResolver","level":"info","message":"WhitelistIpController {/whitelist-ip}:","timestamp":"2026-05-04T22:29:05.697Z"}
{"context":"RouterExplorer","level":"info","message":"Mapped {/whitelist-ip, POST} route","timestamp":"2026-05-04T22:29:05.697Z"}
{"context":"RouterExplorer","level":"info","message":"Mapped {/whitelist-ip, GET} route","timestamp":"2026-05-04T22:29:05.698Z"}
{"context":"RouterExplorer","level":"info","message":"Mapped {/whitelist-ip/:id, GET} route","timestamp":"2026-05-04T22:29:05.698Z"}
{"context":"RouterExplorer","level":"info","message":"Mapped {/whitelist-ip/:id, PATCH} route","timestamp":"2026-05-04T22:29:05.698Z"}
{"context":"RouterExplorer","level":"info","message":"Mapped {/whitelist-ip/:id, DELETE} route","timestamp":"2026-05-04T22:29:05.698Z"}
{"context":"RoutesResolver","level":"info","message":"RolesController {/roles}:","timestamp":"2026-05-04T22:29:05.698Z"}
{"context":"RouterExplorer","level":"info","message":"Mapped {/roles, POST} route","timestamp":"2026-05-04T22:29:05.698Z"}
{"context":"RouterExplorer","level":"info","message":"Mapped {/roles, GET} route","timestamp":"2026-05-04T22:29:05.699Z"}
{"context":"RouterExplorer","level":"info","message":"Mapped {/roles/:id, GET} route","timestamp":"2026-05-04T22:29:05.699Z"}
{"context":"RouterExplorer","level":"info","message":"Mapped {/roles/:id, PATCH} route","timestamp":"2026-05-04T22:29:05.699Z"}
{"context":"RouterExplorer","level":"info","message":"Mapped {/roles/:id, DELETE} route","timestamp":"2026-05-04T22:29:05.699Z"}
{"context":"RoutesResolver","level":"info","message":"PermissionsController {/permissions}:","timestamp":"2026-05-04T22:29:05.699Z"}
{"context":"RouterExplorer","level":"info","message":"Mapped {/permissions, POST} route","timestamp":"2026-05-04T22:29:05.699Z"}
{"context":"RouterExplorer","level":"info","message":"Mapped {/permissions, GET} route","timestamp":"2026-05-04T22:29:05.699Z"}
{"context":"RouterExplorer","level":"info","message":"Mapped {/permissions/:id, PATCH} route","timestamp":"2026-05-04T22:29:05.699Z"}
{"context":"RouterExplorer","level":"info","message":"Mapped {/permissions/:id, DELETE} route","timestamp":"2026-05-04T22:29:05.700Z"}
{"context":"RoutesResolver","level":"info","message":"AuthController {/auth}:","timestamp":"2026-05-04T22:29:05.700Z"}
{"context":"RouterExplorer","level":"info","message":"Mapped {/auth/register, POST} route","timestamp":"2026-05-04T22:29:05.700Z"}
{"context":"RouterExplorer","level":"info","message":"Mapped {/auth/login, POST} route","timestamp":"2026-05-04T22:29:05.700Z"}
{"context":"RouterExplorer","level":"info","message":"Mapped {/auth/refresh, POST} route","timestamp":"2026-05-04T22:29:05.700Z"}
{"context":"RouterExplorer","level":"info","message":"Mapped {/auth/logout, POST} route","timestamp":"2026-05-04T22:29:05.700Z"}
{"context":"RouterExplorer","level":"info","message":"Mapped {/auth/me, GET} route","timestamp":"2026-05-04T22:29:05.700Z"}
{"context":"RouterExplorer","level":"info","message":"Mapped {/auth/me/password, PATCH} route","timestamp":"2026-05-04T22:29:05.701Z"}
{"context":"RoutesResolver","level":"info","message":"AttributeController {/attribute}:","timestamp":"2026-05-04T22:29:05.701Z"}
{"context":"RouterExplorer","level":"info","message":"Mapped {/attribute, POST} route","timestamp":"2026-05-04T22:29:05.701Z"}
{"context":"RouterExplorer","level":"info","message":"Mapped {/attribute, GET} route","timestamp":"2026-05-04T22:29:05.702Z"}
{"context":"RouterExplorer","level":"info","message":"Mapped {/attribute/:id, GET} route","timestamp":"2026-05-04T22:29:05.702Z"}
{"context":"RouterExplorer","level":"info","message":"Mapped {/attribute/:id, PATCH} route","timestamp":"2026-05-04T22:29:05.702Z"}
{"context":"RouterExplorer","level":"info","message":"Mapped {/attribute/:id, DELETE} route","timestamp":"2026-05-04T22:29:05.702Z"}
{"context":"PrismaService","level":"info","message":"Kết nối database thành công","timestamp":"2026-05-04T22:29:05.744Z"}
{"context":"NestApplication","level":"info","message":"Nest application successfully started","timestamp":"2026-05-04T22:29:05.748Z"}
{"level":"info","message":"Khởi tạo ứng dụng...","timestamp":"2026-05-04T22:29:07.887Z"}
{"context":"NestFactory","level":"info","message":"Starting Nest application...","timestamp":"2026-05-04T22:29:07.956Z"}
{"context":"InstanceLoader","level":"info","message":"PassportModule dependencies initialized","timestamp":"2026-05-04T22:29:07.964Z"}
{"context":"InstanceLoader","level":"info","message":"ConfigHostModule dependencies initialized","timestamp":"2026-05-04T22:29:07.964Z"}
{"context":"PrismaService","level":"info","message":"🔌 Prisma Connection String: postgresql://admin:******@localhost:5433/kyc_asset_db?schema=public","timestamp":"2026-05-04T22:29:07.967Z"}
{"context":"InstanceLoader","level":"info","message":"AppModule dependencies initialized","timestamp":"2026-05-04T22:29:07.967Z"}
{"context":"InstanceLoader","level":"info","message":"ConfigModule dependencies initialized","timestamp":"2026-05-04T22:29:07.967Z"}
{"context":"InstanceLoader","level":"info","message":"CommonModule dependencies initialized","timestamp":"2026-05-04T22:29:07.967Z"}
{"context":"InstanceLoader","level":"info","message":"JwtModule dependencies initialized","timestamp":"2026-05-04T22:29:07.969Z"}
{"context":"InstanceLoader","level":"info","message":"PrismaModule dependencies initialized","timestamp":"2026-05-04T22:29:07.969Z"}
{"context":"InstanceLoader","level":"info","message":"WhitelistIpModule dependencies initialized","timestamp":"2026-05-04T22:29:07.970Z"}
{"context":"InstanceLoader","level":"info","message":"AttributeModule dependencies initialized","timestamp":"2026-05-04T22:29:07.971Z"}
{"context":"InstanceLoader","level":"info","message":"UsersModule dependencies initialized","timestamp":"2026-05-04T22:29:07.971Z"}
{"context":"InstanceLoader","level":"info","message":"RolesModule dependencies initialized","timestamp":"2026-05-04T22:29:07.971Z"}
{"context":"InstanceLoader","level":"info","message":"PermissionsModule dependencies initialized","timestamp":"2026-05-04T22:29:07.971Z"}
{"context":"InstanceLoader","level":"info","message":"AuthModule dependencies initialized","timestamp":"2026-05-04T22:29:07.971Z"}
{"context":"RoutesResolver","level":"info","message":"AppController {/}:","timestamp":"2026-05-04T22:29:07.992Z"}
{"context":"RouterExplorer","level":"info","message":"Mapped {/, GET} route","timestamp":"2026-05-04T22:29:07.993Z"}
{"context":"RoutesResolver","level":"info","message":"UsersController {/users}:","timestamp":"2026-05-04T22:29:07.993Z"}
{"context":"RouterExplorer","level":"info","message":"Mapped {/users, POST} route","timestamp":"2026-05-04T22:29:07.994Z"}
{"context":"RouterExplorer","level":"info","message":"Mapped {/users, GET} route","timestamp":"2026-05-04T22:29:07.994Z"}
{"context":"RouterExplorer","level":"info","message":"Mapped {/users/:id, GET} route","timestamp":"2026-05-04T22:29:07.994Z"}
{"context":"RouterExplorer","level":"info","message":"Mapped {/users/:id, PATCH} route","timestamp":"2026-05-04T22:29:07.994Z"}
{"context":"RouterExplorer","level":"info","message":"Mapped {/users/:id, DELETE} route","timestamp":"2026-05-04T22:29:07.995Z"}
{"context":"RoutesResolver","level":"info","message":"WhitelistIpController {/whitelist-ip}:","timestamp":"2026-05-04T22:29:07.995Z"}
{"context":"RouterExplorer","level":"info","message":"Mapped {/whitelist-ip, POST} route","timestamp":"2026-05-04T22:29:07.995Z"}
{"context":"RouterExplorer","level":"info","message":"Mapped {/whitelist-ip, GET} route","timestamp":"2026-05-04T22:29:07.995Z"}
{"context":"RouterExplorer","level":"info","message":"Mapped {/whitelist-ip/:id, GET} route","timestamp":"2026-05-04T22:29:07.995Z"}
{"context":"RouterExplorer","level":"info","message":"Mapped {/whitelist-ip/:id, PATCH} route","timestamp":"2026-05-04T22:29:07.996Z"}
{"context":"RouterExplorer","level":"info","message":"Mapped {/whitelist-ip/:id, DELETE} route","timestamp":"2026-05-04T22:29:07.996Z"}
{"context":"RoutesResolver","level":"info","message":"RolesController {/roles}:","timestamp":"2026-05-04T22:29:07.996Z"}
{"context":"RouterExplorer","level":"info","message":"Mapped {/roles, POST} route","timestamp":"2026-05-04T22:29:07.996Z"}
{"context":"RouterExplorer","level":"info","message":"Mapped {/roles, GET} route","timestamp":"2026-05-04T22:29:07.996Z"}
{"context":"RouterExplorer","level":"info","message":"Mapped {/roles/:id, GET} route","timestamp":"2026-05-04T22:29:07.996Z"}
{"context":"RouterExplorer","level":"info","message":"Mapped {/roles/:id, PATCH} route","timestamp":"2026-05-04T22:29:07.996Z"}
{"context":"RouterExplorer","level":"info","message":"Mapped {/roles/:id, DELETE} route","timestamp":"2026-05-04T22:29:07.997Z"}
{"context":"RoutesResolver","level":"info","message":"PermissionsController {/permissions}:","timestamp":"2026-05-04T22:29:07.997Z"}
{"context":"RouterExplorer","level":"info","message":"Mapped {/permissions, POST} route","timestamp":"2026-05-04T22:29:07.997Z"}
{"context":"RouterExplorer","level":"info","message":"Mapped {/permissions, GET} route","timestamp":"2026-05-04T22:29:07.997Z"}
{"context":"RouterExplorer","level":"info","message":"Mapped {/permissions/:id, PATCH} route","timestamp":"2026-05-04T22:29:07.997Z"}
{"context":"RouterExplorer","level":"info","message":"Mapped {/permissions/:id, DELETE} route","timestamp":"2026-05-04T22:29:07.998Z"}
{"context":"RoutesResolver","level":"info","message":"AuthController {/auth}:","timestamp":"2026-05-04T22:29:07.998Z"}
{"context":"RouterExplorer","level":"info","message":"Mapped {/auth/register, POST} route","timestamp":"2026-05-04T22:29:07.998Z"}
{"context":"RouterExplorer","level":"info","message":"Mapped {/auth/login, POST} route","timestamp":"2026-05-04T22:29:07.998Z"}
{"context":"RouterExplorer","level":"info","message":"Mapped {/auth/refresh, POST} route","timestamp":"2026-05-04T22:29:07.998Z"}
{"context":"RouterExplorer","level":"info","message":"Mapped {/auth/logout, POST} route","timestamp":"2026-05-04T22:29:07.999Z"}
{"context":"RouterExplorer","level":"info","message":"Mapped {/auth/me, GET} route","timestamp":"2026-05-04T22:29:07.999Z"}
{"context":"RouterExplorer","level":"info","message":"Mapped {/auth/me/password, PATCH} route","timestamp":"2026-05-04T22:29:07.999Z"}
{"context":"RoutesResolver","level":"info","message":"AttributeController {/attribute}:","timestamp":"2026-05-04T22:29:07.999Z"}
{"context":"RouterExplorer","level":"info","message":"Mapped {/attribute, POST} route","timestamp":"2026-05-04T22:29:07.999Z"}
{"context":"RouterExplorer","level":"info","message":"Mapped {/attribute, GET} route","timestamp":"2026-05-04T22:29:07.999Z"}
{"context":"RouterExplorer","level":"info","message":"Mapped {/attribute/:id, GET} route","timestamp":"2026-05-04T22:29:08.000Z"}
{"context":"RouterExplorer","level":"info","message":"Mapped {/attribute/:id, PATCH} route","timestamp":"2026-05-04T22:29:08.000Z"}
{"context":"RouterExplorer","level":"info","message":"Mapped {/attribute/:id, DELETE} route","timestamp":"2026-05-04T22:29:08.000Z"}
{"context":"PrismaService","level":"info","message":"Kết nối database thành công","timestamp":"2026-05-04T22:29:08.037Z"}
{"context":"NestApplication","level":"info","message":"Nest application successfully started","timestamp":"2026-05-04T22:29:08.040Z"}
{"level":"info","message":"Khởi tạo ứng dụng...","timestamp":"2026-05-05T05:22:14.539Z"}
{"context":"NestFactory","level":"info","message":"Starting Nest application...","timestamp":"2026-05-05T05:22:14.619Z"}
{"context":"InstanceLoader","level":"info","message":"PassportModule dependencies initialized","timestamp":"2026-05-05T05:22:14.627Z"}
{"context":"InstanceLoader","level":"info","message":"ConfigHostModule dependencies initialized","timestamp":"2026-05-05T05:22:14.628Z"}
{"context":"PrismaService","level":"info","message":"🔌 Prisma Connection String: postgresql://admin:******@localhost:5433/kyc_asset_db?schema=public","timestamp":"2026-05-05T05:22:14.631Z"}
{"context":"InstanceLoader","level":"info","message":"AppModule dependencies initialized","timestamp":"2026-05-05T05:22:14.631Z"}
{"context":"InstanceLoader","level":"info","message":"ConfigModule dependencies initialized","timestamp":"2026-05-05T05:22:14.632Z"}
{"context":"InstanceLoader","level":"info","message":"CommonModule dependencies initialized","timestamp":"2026-05-05T05:22:14.632Z"}
{"context":"InstanceLoader","level":"info","message":"JwtModule dependencies initialized","timestamp":"2026-05-05T05:22:14.632Z"}
{"context":"InstanceLoader","level":"info","message":"PrismaModule dependencies initialized","timestamp":"2026-05-05T05:22:14.633Z"}
{"context":"InstanceLoader","level":"info","message":"WhitelistIpModule dependencies initialized","timestamp":"2026-05-05T05:22:14.634Z"}
{"context":"InstanceLoader","level":"info","message":"AttributeModule dependencies initialized","timestamp":"2026-05-05T05:22:14.634Z"}
{"context":"InstanceLoader","level":"info","message":"UsersModule dependencies initialized","timestamp":"2026-05-05T05:22:14.635Z"}
{"context":"InstanceLoader","level":"info","message":"RolesModule dependencies initialized","timestamp":"2026-05-05T05:22:14.635Z"}
{"context":"InstanceLoader","level":"info","message":"PermissionsModule dependencies initialized","timestamp":"2026-05-05T05:22:14.635Z"}
{"context":"InstanceLoader","level":"info","message":"AuthModule dependencies initialized","timestamp":"2026-05-05T05:22:14.635Z"}
{"context":"RoutesResolver","level":"info","message":"AppController {/}:","timestamp":"2026-05-05T05:22:14.658Z"}
{"context":"RouterExplorer","level":"info","message":"Mapped {/, GET} route","timestamp":"2026-05-05T05:22:14.659Z"}
{"context":"RoutesResolver","level":"info","message":"UsersController {/users}:","timestamp":"2026-05-05T05:22:14.659Z"}
{"context":"RouterExplorer","level":"info","message":"Mapped {/users, POST} route","timestamp":"2026-05-05T05:22:14.660Z"}
{"context":"RouterExplorer","level":"info","message":"Mapped {/users, GET} route","timestamp":"2026-05-05T05:22:14.660Z"}
{"context":"RouterExplorer","level":"info","message":"Mapped {/users/:id, GET} route","timestamp":"2026-05-05T05:22:14.660Z"}
{"context":"RouterExplorer","level":"info","message":"Mapped {/users/:id, PATCH} route","timestamp":"2026-05-05T05:22:14.661Z"}
{"context":"RouterExplorer","level":"info","message":"Mapped {/users/:id, DELETE} route","timestamp":"2026-05-05T05:22:14.661Z"}
{"context":"RoutesResolver","level":"info","message":"WhitelistIpController {/whitelist-ip}:","timestamp":"2026-05-05T05:22:14.661Z"}
{"context":"RouterExplorer","level":"info","message":"Mapped {/whitelist-ip, POST} route","timestamp":"2026-05-05T05:22:14.661Z"}
{"context":"RouterExplorer","level":"info","message":"Mapped {/whitelist-ip, GET} route","timestamp":"2026-05-05T05:22:14.661Z"}
{"context":"RouterExplorer","level":"info","message":"Mapped {/whitelist-ip/:id, GET} route","timestamp":"2026-05-05T05:22:14.662Z"}
{"context":"RouterExplorer","level":"info","message":"Mapped {/whitelist-ip/:id, PATCH} route","timestamp":"2026-05-05T05:22:14.662Z"}
{"context":"RouterExplorer","level":"info","message":"Mapped {/whitelist-ip/:id, DELETE} route","timestamp":"2026-05-05T05:22:14.662Z"}
{"context":"RoutesResolver","level":"info","message":"RolesController {/roles}:","timestamp":"2026-05-05T05:22:14.662Z"}
{"context":"RouterExplorer","level":"info","message":"Mapped {/roles, POST} route","timestamp":"2026-05-05T05:22:14.663Z"}
{"context":"RouterExplorer","level":"info","message":"Mapped {/roles, GET} route","timestamp":"2026-05-05T05:22:14.663Z"}
{"context":"RouterExplorer","level":"info","message":"Mapped {/roles/:id, GET} route","timestamp":"2026-05-05T05:22:14.663Z"}
{"context":"RouterExplorer","level":"info","message":"Mapped {/roles/:id, PATCH} route","timestamp":"2026-05-05T05:22:14.663Z"}
{"context":"RouterExplorer","level":"info","message":"Mapped {/roles/:id, DELETE} route","timestamp":"2026-05-05T05:22:14.663Z"}
{"context":"RoutesResolver","level":"info","message":"PermissionsController {/permissions}:","timestamp":"2026-05-05T05:22:14.663Z"}
{"context":"RouterExplorer","level":"info","message":"Mapped {/permissions, POST} route","timestamp":"2026-05-05T05:22:14.663Z"}
{"context":"RouterExplorer","level":"info","message":"Mapped {/permissions, GET} route","timestamp":"2026-05-05T05:22:14.664Z"}
{"context":"RouterExplorer","level":"info","message":"Mapped {/permissions/:id, PATCH} route","timestamp":"2026-05-05T05:22:14.664Z"}
{"context":"RouterExplorer","level":"info","message":"Mapped {/permissions/:id, DELETE} route","timestamp":"2026-05-05T05:22:14.664Z"}
{"context":"RoutesResolver","level":"info","message":"AuthController {/auth}:","timestamp":"2026-05-05T05:22:14.664Z"}
{"context":"RouterExplorer","level":"info","message":"Mapped {/auth/register, POST} route","timestamp":"2026-05-05T05:22:14.664Z"}
{"context":"RouterExplorer","level":"info","message":"Mapped {/auth/login, POST} route","timestamp":"2026-05-05T05:22:14.664Z"}
{"context":"RouterExplorer","level":"info","message":"Mapped {/auth/refresh, POST} route","timestamp":"2026-05-05T05:22:14.665Z"}
{"context":"RouterExplorer","level":"info","message":"Mapped {/auth/logout, POST} route","timestamp":"2026-05-05T05:22:14.665Z"}
{"context":"RouterExplorer","level":"info","message":"Mapped {/auth/me, GET} route","timestamp":"2026-05-05T05:22:14.665Z"}
{"context":"RouterExplorer","level":"info","message":"Mapped {/auth/me/password, PATCH} route","timestamp":"2026-05-05T05:22:14.665Z"}
{"context":"RoutesResolver","level":"info","message":"AttributeController {/attribute}:","timestamp":"2026-05-05T05:22:14.665Z"}
{"context":"RouterExplorer","level":"info","message":"Mapped {/attribute, POST} route","timestamp":"2026-05-05T05:22:14.666Z"}
{"context":"RouterExplorer","level":"info","message":"Mapped {/attribute, GET} route","timestamp":"2026-05-05T05:22:14.666Z"}
{"context":"RouterExplorer","level":"info","message":"Mapped {/attribute/:id, GET} route","timestamp":"2026-05-05T05:22:14.666Z"}
{"context":"RouterExplorer","level":"info","message":"Mapped {/attribute/:id, PATCH} route","timestamp":"2026-05-05T05:22:14.666Z"}
{"context":"RouterExplorer","level":"info","message":"Mapped {/attribute/:id, DELETE} route","timestamp":"2026-05-05T05:22:14.666Z"}
{"context":"PrismaService","level":"info","message":"Kết nối database thành công","timestamp":"2026-05-05T05:22:14.704Z"}
{"context":"NestApplication","level":"info","message":"Nest application successfully started","timestamp":"2026-05-05T05:22:14.708Z"}
{"level":"info","message":"Khởi tạo ứng dụng...","timestamp":"2026-05-05T05:22:15.977Z"}
{"context":"NestFactory","level":"info","message":"Starting Nest application...","timestamp":"2026-05-05T05:22:16.047Z"}
{"context":"InstanceLoader","level":"info","message":"PassportModule dependencies initialized","timestamp":"2026-05-05T05:22:16.055Z"}
{"context":"InstanceLoader","level":"info","message":"ConfigHostModule dependencies initialized","timestamp":"2026-05-05T05:22:16.056Z"}
{"context":"PrismaService","level":"info","message":"🔌 Prisma Connection String: postgresql://admin:******@localhost:5433/kyc_asset_db?schema=public","timestamp":"2026-05-05T05:22:16.058Z"}
{"context":"InstanceLoader","level":"info","message":"AppModule dependencies initialized","timestamp":"2026-05-05T05:22:16.059Z"}
{"context":"InstanceLoader","level":"info","message":"ConfigModule dependencies initialized","timestamp":"2026-05-05T05:22:16.059Z"}
{"context":"InstanceLoader","level":"info","message":"CommonModule dependencies initialized","timestamp":"2026-05-05T05:22:16.059Z"}
{"context":"InstanceLoader","level":"info","message":"JwtModule dependencies initialized","timestamp":"2026-05-05T05:22:16.059Z"}
{"context":"InstanceLoader","level":"info","message":"PrismaModule dependencies initialized","timestamp":"2026-05-05T05:22:16.060Z"}
{"context":"InstanceLoader","level":"info","message":"WhitelistIpModule dependencies initialized","timestamp":"2026-05-05T05:22:16.062Z"}
{"context":"InstanceLoader","level":"info","message":"AttributeModule dependencies initialized","timestamp":"2026-05-05T05:22:16.062Z"}
{"context":"InstanceLoader","level":"info","message":"UsersModule dependencies initialized","timestamp":"2026-05-05T05:22:16.062Z"}
{"context":"InstanceLoader","level":"info","message":"RolesModule dependencies initialized","timestamp":"2026-05-05T05:22:16.062Z"}
{"context":"InstanceLoader","level":"info","message":"PermissionsModule dependencies initialized","timestamp":"2026-05-05T05:22:16.062Z"}
{"context":"InstanceLoader","level":"info","message":"AuthModule dependencies initialized","timestamp":"2026-05-05T05:22:16.062Z"}
{"context":"RoutesResolver","level":"info","message":"AppController {/}:","timestamp":"2026-05-05T05:22:16.084Z"}
{"context":"RouterExplorer","level":"info","message":"Mapped {/, GET} route","timestamp":"2026-05-05T05:22:16.086Z"}
{"context":"RoutesResolver","level":"info","message":"UsersController {/users}:","timestamp":"2026-05-05T05:22:16.086Z"}
{"context":"RouterExplorer","level":"info","message":"Mapped {/users, POST} route","timestamp":"2026-05-05T05:22:16.086Z"}
{"context":"RouterExplorer","level":"info","message":"Mapped {/users, GET} route","timestamp":"2026-05-05T05:22:16.087Z"}
{"context":"RouterExplorer","level":"info","message":"Mapped {/users/:id, GET} route","timestamp":"2026-05-05T05:22:16.087Z"}
{"context":"RouterExplorer","level":"info","message":"Mapped {/users/:id, PATCH} route","timestamp":"2026-05-05T05:22:16.087Z"}
{"context":"RouterExplorer","level":"info","message":"Mapped {/users/:id, DELETE} route","timestamp":"2026-05-05T05:22:16.087Z"}
{"context":"RoutesResolver","level":"info","message":"WhitelistIpController {/whitelist-ip}:","timestamp":"2026-05-05T05:22:16.087Z"}
{"context":"RouterExplorer","level":"info","message":"Mapped {/whitelist-ip, POST} route","timestamp":"2026-05-05T05:22:16.088Z"}
{"context":"RouterExplorer","level":"info","message":"Mapped {/whitelist-ip, GET} route","timestamp":"2026-05-05T05:22:16.088Z"}
{"context":"RouterExplorer","level":"info","message":"Mapped {/whitelist-ip/:id, GET} route","timestamp":"2026-05-05T05:22:16.088Z"}
{"context":"RouterExplorer","level":"info","message":"Mapped {/whitelist-ip/:id, PATCH} route","timestamp":"2026-05-05T05:22:16.088Z"}
{"context":"RouterExplorer","level":"info","message":"Mapped {/whitelist-ip/:id, DELETE} route","timestamp":"2026-05-05T05:22:16.089Z"}
{"context":"RoutesResolver","level":"info","message":"RolesController {/roles}:","timestamp":"2026-05-05T05:22:16.089Z"}
{"context":"RouterExplorer","level":"info","message":"Mapped {/roles, POST} route","timestamp":"2026-05-05T05:22:16.089Z"}
{"context":"RouterExplorer","level":"info","message":"Mapped {/roles, GET} route","timestamp":"2026-05-05T05:22:16.089Z"}
{"context":"RouterExplorer","level":"info","message":"Mapped {/roles/:id, GET} route","timestamp":"2026-05-05T05:22:16.089Z"}
{"context":"RouterExplorer","level":"info","message":"Mapped {/roles/:id, PATCH} route","timestamp":"2026-05-05T05:22:16.089Z"}
{"context":"RouterExplorer","level":"info","message":"Mapped {/roles/:id, DELETE} route","timestamp":"2026-05-05T05:22:16.090Z"}
{"context":"RoutesResolver","level":"info","message":"PermissionsController {/permissions}:","timestamp":"2026-05-05T05:22:16.090Z"}
{"context":"RouterExplorer","level":"info","message":"Mapped {/permissions, POST} route","timestamp":"2026-05-05T05:22:16.090Z"}
{"context":"RouterExplorer","level":"info","message":"Mapped {/permissions, GET} route","timestamp":"2026-05-05T05:22:16.090Z"}
{"context":"RouterExplorer","level":"info","message":"Mapped {/permissions/:id, PATCH} route","timestamp":"2026-05-05T05:22:16.090Z"}
{"context":"RouterExplorer","level":"info","message":"Mapped {/permissions/:id, DELETE} route","timestamp":"2026-05-05T05:22:16.091Z"}
{"context":"RoutesResolver","level":"info","message":"AuthController {/auth}:","timestamp":"2026-05-05T05:22:16.091Z"}
{"context":"RouterExplorer","level":"info","message":"Mapped {/auth/register, POST} route","timestamp":"2026-05-05T05:22:16.091Z"}
{"context":"RouterExplorer","level":"info","message":"Mapped {/auth/login, POST} route","timestamp":"2026-05-05T05:22:16.091Z"}
{"context":"RouterExplorer","level":"info","message":"Mapped {/auth/refresh, POST} route","timestamp":"2026-05-05T05:22:16.091Z"}
{"context":"RouterExplorer","level":"info","message":"Mapped {/auth/logout, POST} route","timestamp":"2026-05-05T05:22:16.091Z"}
{"context":"RouterExplorer","level":"info","message":"Mapped {/auth/me, GET} route","timestamp":"2026-05-05T05:22:16.092Z"}
{"context":"RouterExplorer","level":"info","message":"Mapped {/auth/me/password, PATCH} route","timestamp":"2026-05-05T05:22:16.092Z"}
{"context":"RoutesResolver","level":"info","message":"AttributeController {/attribute}:","timestamp":"2026-05-05T05:22:16.092Z"}
{"context":"RouterExplorer","level":"info","message":"Mapped {/attribute, POST} route","timestamp":"2026-05-05T05:22:16.092Z"}
{"context":"RouterExplorer","level":"info","message":"Mapped {/attribute, GET} route","timestamp":"2026-05-05T05:22:16.092Z"}
{"context":"RouterExplorer","level":"info","message":"Mapped {/attribute/:id, GET} route","timestamp":"2026-05-05T05:22:16.092Z"}
{"context":"RouterExplorer","level":"info","message":"Mapped {/attribute/:id, PATCH} route","timestamp":"2026-05-05T05:22:16.092Z"}
{"context":"RouterExplorer","level":"info","message":"Mapped {/attribute/:id, DELETE} route","timestamp":"2026-05-05T05:22:16.092Z"}
{"context":"PrismaService","level":"info","message":"Kết nối database thành công","timestamp":"2026-05-05T05:22:16.130Z"}
{"context":"NestApplication","level":"info","message":"Nest application successfully started","timestamp":"2026-05-05T05:22:16.134Z"}
{"level":"info","message":"Khởi tạo ứng dụng...","timestamp":"2026-05-05T05:22:16.955Z"}
{"context":"NestFactory","level":"info","message":"Starting Nest application...","timestamp":"2026-05-05T05:22:17.026Z"}
{"context":"InstanceLoader","level":"info","message":"PassportModule dependencies initialized","timestamp":"2026-05-05T05:22:17.035Z"}
{"context":"InstanceLoader","level":"info","message":"ConfigHostModule dependencies initialized","timestamp":"2026-05-05T05:22:17.036Z"}
{"context":"PrismaService","level":"info","message":"🔌 Prisma Connection String: postgresql://admin:******@localhost:5433/kyc_asset_db?schema=public","timestamp":"2026-05-05T05:22:17.039Z"}
{"context":"InstanceLoader","level":"info","message":"AppModule dependencies initialized","timestamp":"2026-05-05T05:22:17.039Z"}
{"context":"InstanceLoader","level":"info","message":"ConfigModule dependencies initialized","timestamp":"2026-05-05T05:22:17.039Z"}
{"context":"InstanceLoader","level":"info","message":"CommonModule dependencies initialized","timestamp":"2026-05-05T05:22:17.039Z"}
{"context":"InstanceLoader","level":"info","message":"JwtModule dependencies initialized","timestamp":"2026-05-05T05:22:17.040Z"}
{"context":"InstanceLoader","level":"info","message":"PrismaModule dependencies initialized","timestamp":"2026-05-05T05:22:17.040Z"}
{"context":"InstanceLoader","level":"info","message":"WhitelistIpModule dependencies initialized","timestamp":"2026-05-05T05:22:17.041Z"}
{"context":"InstanceLoader","level":"info","message":"AttributeModule dependencies initialized","timestamp":"2026-05-05T05:22:17.042Z"}
{"context":"InstanceLoader","level":"info","message":"UsersModule dependencies initialized","timestamp":"2026-05-05T05:22:17.042Z"}
{"context":"InstanceLoader","level":"info","message":"RolesModule dependencies initialized","timestamp":"2026-05-05T05:22:17.042Z"}
{"context":"InstanceLoader","level":"info","message":"PermissionsModule dependencies initialized","timestamp":"2026-05-05T05:22:17.042Z"}
{"context":"InstanceLoader","level":"info","message":"AuthModule dependencies initialized","timestamp":"2026-05-05T05:22:17.042Z"}
{"context":"RoutesResolver","level":"info","message":"AppController {/}:","timestamp":"2026-05-05T05:22:17.065Z"}
{"context":"RouterExplorer","level":"info","message":"Mapped {/, GET} route","timestamp":"2026-05-05T05:22:17.066Z"}
{"context":"RoutesResolver","level":"info","message":"UsersController {/users}:","timestamp":"2026-05-05T05:22:17.066Z"}
{"context":"RouterExplorer","level":"info","message":"Mapped {/users, POST} route","timestamp":"2026-05-05T05:22:17.067Z"}
{"context":"RouterExplorer","level":"info","message":"Mapped {/users, GET} route","timestamp":"2026-05-05T05:22:17.067Z"}
{"context":"RouterExplorer","level":"info","message":"Mapped {/users/:id, GET} route","timestamp":"2026-05-05T05:22:17.067Z"}
{"context":"RouterExplorer","level":"info","message":"Mapped {/users/:id, PATCH} route","timestamp":"2026-05-05T05:22:17.067Z"}
{"context":"RouterExplorer","level":"info","message":"Mapped {/users/:id, DELETE} route","timestamp":"2026-05-05T05:22:17.068Z"}
{"context":"RoutesResolver","level":"info","message":"WhitelistIpController {/whitelist-ip}:","timestamp":"2026-05-05T05:22:17.068Z"}
{"context":"RouterExplorer","level":"info","message":"Mapped {/whitelist-ip, POST} route","timestamp":"2026-05-05T05:22:17.068Z"}
{"context":"RouterExplorer","level":"info","message":"Mapped {/whitelist-ip, GET} route","timestamp":"2026-05-05T05:22:17.068Z"}
{"context":"RouterExplorer","level":"info","message":"Mapped {/whitelist-ip/:id, GET} route","timestamp":"2026-05-05T05:22:17.068Z"}
{"context":"RouterExplorer","level":"info","message":"Mapped {/whitelist-ip/:id, PATCH} route","timestamp":"2026-05-05T05:22:17.069Z"}
{"context":"RouterExplorer","level":"info","message":"Mapped {/whitelist-ip/:id, DELETE} route","timestamp":"2026-05-05T05:22:17.069Z"}
{"context":"RoutesResolver","level":"info","message":"RolesController {/roles}:","timestamp":"2026-05-05T05:22:17.069Z"}
{"context":"RouterExplorer","level":"info","message":"Mapped {/roles, POST} route","timestamp":"2026-05-05T05:22:17.069Z"}
{"context":"RouterExplorer","level":"info","message":"Mapped {/roles, GET} route","timestamp":"2026-05-05T05:22:17.069Z"}
{"context":"RouterExplorer","level":"info","message":"Mapped {/roles/:id, GET} route","timestamp":"2026-05-05T05:22:17.069Z"}
{"context":"RouterExplorer","level":"info","message":"Mapped {/roles/:id, PATCH} route","timestamp":"2026-05-05T05:22:17.070Z"}
{"context":"RouterExplorer","level":"info","message":"Mapped {/roles/:id, DELETE} route","timestamp":"2026-05-05T05:22:17.070Z"}
{"context":"RoutesResolver","level":"info","message":"PermissionsController {/permissions}:","timestamp":"2026-05-05T05:22:17.070Z"}
{"context":"RouterExplorer","level":"info","message":"Mapped {/permissions, POST} route","timestamp":"2026-05-05T05:22:17.070Z"}
{"context":"RouterExplorer","level":"info","message":"Mapped {/permissions, GET} route","timestamp":"2026-05-05T05:22:17.070Z"}
{"context":"RouterExplorer","level":"info","message":"Mapped {/permissions/:id, PATCH} route","timestamp":"2026-05-05T05:22:17.070Z"}
{"context":"RouterExplorer","level":"info","message":"Mapped {/permissions/:id, DELETE} route","timestamp":"2026-05-05T05:22:17.071Z"}
{"context":"RoutesResolver","level":"info","message":"AuthController {/auth}:","timestamp":"2026-05-05T05:22:17.071Z"}
{"context":"RouterExplorer","level":"info","message":"Mapped {/auth/register, POST} route","timestamp":"2026-05-05T05:22:17.071Z"}
{"context":"RouterExplorer","level":"info","message":"Mapped {/auth/login, POST} route","timestamp":"2026-05-05T05:22:17.071Z"}
{"context":"RouterExplorer","level":"info","message":"Mapped {/auth/refresh, POST} route","timestamp":"2026-05-05T05:22:17.071Z"}
{"context":"RouterExplorer","level":"info","message":"Mapped {/auth/logout, POST} route","timestamp":"2026-05-05T05:22:17.071Z"}
{"context":"RouterExplorer","level":"info","message":"Mapped {/auth/me, GET} route","timestamp":"2026-05-05T05:22:17.072Z"}
{"context":"RouterExplorer","level":"info","message":"Mapped {/auth/me/password, PATCH} route","timestamp":"2026-05-05T05:22:17.072Z"}
{"context":"RoutesResolver","level":"info","message":"AttributeController {/attribute}:","timestamp":"2026-05-05T05:22:17.072Z"}
{"context":"RouterExplorer","level":"info","message":"Mapped {/attribute, POST} route","timestamp":"2026-05-05T05:22:17.072Z"}
{"context":"RouterExplorer","level":"info","message":"Mapped {/attribute, GET} route","timestamp":"2026-05-05T05:22:17.072Z"}
{"context":"RouterExplorer","level":"info","message":"Mapped {/attribute/:id, GET} route","timestamp":"2026-05-05T05:22:17.072Z"}
{"context":"RouterExplorer","level":"info","message":"Mapped {/attribute/:id, PATCH} route","timestamp":"2026-05-05T05:22:17.073Z"}
{"context":"RouterExplorer","level":"info","message":"Mapped {/attribute/:id, DELETE} route","timestamp":"2026-05-05T05:22:17.073Z"}
{"context":"PrismaService","level":"info","message":"Kết nối database thành công","timestamp":"2026-05-05T05:22:17.111Z"}
{"context":"NestApplication","level":"info","message":"Nest application successfully started","timestamp":"2026-05-05T05:22:17.114Z"}
{"context":"AccessTokenGuard","level":"info","message":"isPublic: true","requestId":"a77cebda-fe49-497c-b06d-73a366272873","timestamp":"2026-05-05T05:30:43.033Z"}
{"context":"AccessTokenGuard","level":"info","message":"Public route, skipping authentication","requestId":"a77cebda-fe49-497c-b06d-73a366272873","timestamp":"2026-05-05T05:30:43.034Z"}
{"context":"LoggerMiddleware","level":"warn","message":"[RequestID: a77cebda-fe49-497c-b06d-73a366272873] POST /auth/login | Status: 401 | Duration: 57ms | IP: ::1 | UserAgent: Mozilla/5.0 (Windows NT 10.0; Win64; x64) AppleWebKit/537.36 (KHTML, like Gecko) Chrome/147.0.0.0 Safari/537.36","requestId":"a77cebda-fe49-497c-b06d-73a366272873","timestamp":"2026-05-05T05:30:43.089Z"}
{"context":"LoggerMiddleware","level":"warn","message":"[RequestID: 69c75fa4-dddc-4df5-997a-db0c7d359178] POST /auth/refresh-token | Status: 404 | Duration: 0ms | IP: ::1 | UserAgent: Mozilla/5.0 (Windows NT 10.0; Win64; x64) AppleWebKit/537.36 (KHTML, like Gecko) Chrome/147.0.0.0 Safari/537.36","requestId":"69c75fa4-dddc-4df5-997a-db0c7d359178","timestamp":"2026-05-05T05:30:43.094Z"}
{"context":"AccessTokenGuard","level":"info","message":"isPublic: true","requestId":"3af47e34-2ed7-431a-96dc-de71b3c2b184","timestamp":"2026-05-05T05:31:11.380Z"}
{"context":"AccessTokenGuard","level":"info","message":"Public route, skipping authentication","requestId":"3af47e34-2ed7-431a-96dc-de71b3c2b184","timestamp":"2026-05-05T05:31:11.381Z"}
{"context":"LoggerMiddleware","level":"warn","message":"[RequestID: 3af47e34-2ed7-431a-96dc-de71b3c2b184] POST /auth/login | Status: 401 | Duration: 19ms | IP: ::1 | UserAgent: Mozilla/5.0 (Windows NT 10.0; Win64; x64) AppleWebKit/537.36 (KHTML, like Gecko) Chrome/147.0.0.0 Safari/537.36","requestId":"3af47e34-2ed7-431a-96dc-de71b3c2b184","timestamp":"2026-05-05T05:31:11.399Z"}
{"context":"AccessTokenGuard","level":"info","message":"isPublic: true","requestId":"a9977b88-88da-4e37-ba60-d3e99660aab5","timestamp":"2026-05-05T05:31:16.091Z"}
{"context":"AccessTokenGuard","level":"info","message":"Public route, skipping authentication","requestId":"a9977b88-88da-4e37-ba60-d3e99660aab5","timestamp":"2026-05-05T05:31:16.092Z"}
{"context":"LoggerMiddleware","level":"info","message":"[RequestID: a9977b88-88da-4e37-ba60-d3e99660aab5] POST /auth/login | Status: 201 | Duration: 56ms | IP: ::1 | UserAgent: Mozilla/5.0 (Windows NT 10.0; Win64; x64) AppleWebKit/537.36 (KHTML, like Gecko) Chrome/147.0.0.0 Safari/537.36","requestId":"a9977b88-88da-4e37-ba60-d3e99660aab5","timestamp":"2026-05-05T05:31:16.147Z"}
{"context":"AccessTokenGuard","level":"info","message":"isPublic: true","requestId":"0c60f136-0111-44e7-ba9c-643b132424cd","timestamp":"2026-05-05T05:31:32.999Z"}
{"context":"AccessTokenGuard","level":"info","message":"Public route, skipping authentication","requestId":"0c60f136-0111-44e7-ba9c-643b132424cd","timestamp":"2026-05-05T05:31:33.000Z"}
{"context":"LoggerMiddleware","level":"warn","message":"[RequestID: 0c60f136-0111-44e7-ba9c-643b132424cd] POST /auth/login | Status: 401 | Duration: 43ms | IP: ::1 | UserAgent: Mozilla/5.0 (Windows NT 10.0; Win64; x64) AppleWebKit/537.36 (KHTML, like Gecko) Chrome/147.0.0.0 Safari/537.36","requestId":"0c60f136-0111-44e7-ba9c-643b132424cd","timestamp":"2026-05-05T05:31:33.043Z"}
{"context":"LoggerMiddleware","level":"warn","message":"[RequestID: 0a238aac-72d8-48e3-98e6-f15cb3e2d736] POST /auth/refresh-token | Status: 404 | Duration: 0ms | IP: ::1 | UserAgent: Mozilla/5.0 (Windows NT 10.0; Win64; x64) AppleWebKit/537.36 (KHTML, like Gecko) Chrome/147.0.0.0 Safari/537.36","requestId":"0a238aac-72d8-48e3-98e6-f15cb3e2d736","timestamp":"2026-05-05T05:31:33.047Z"}
{"level":"info","message":"Khởi tạo ứng dụng...","timestamp":"2026-05-05T05:41:41.471Z"}
{"context":"NestFactory","level":"info","message":"Starting Nest application...","timestamp":"2026-05-05T05:41:41.543Z"}
{"context":"InstanceLoader","level":"info","message":"PassportModule dependencies initialized","timestamp":"2026-05-05T05:41:41.550Z"}
{"context":"InstanceLoader","level":"info","message":"ConfigHostModule dependencies initialized","timestamp":"2026-05-05T05:41:41.551Z"}
{"context":"PrismaService","level":"info","message":"🔌 Prisma Connection String: postgresql://admin:******@localhost:5433/kyc_asset_db?schema=public","timestamp":"2026-05-05T05:41:41.554Z"}
{"context":"InstanceLoader","level":"info","message":"AppModule dependencies initialized","timestamp":"2026-05-05T05:41:41.554Z"}
{"context":"InstanceLoader","level":"info","message":"ConfigModule dependencies initialized","timestamp":"2026-05-05T05:41:41.554Z"}
{"context":"InstanceLoader","level":"info","message":"CommonModule dependencies initialized","timestamp":"2026-05-05T05:41:41.554Z"}
{"context":"InstanceLoader","level":"info","message":"JwtModule dependencies initialized","timestamp":"2026-05-05T05:41:41.555Z"}
{"context":"InstanceLoader","level":"info","message":"PrismaModule dependencies initialized","timestamp":"2026-05-05T05:41:41.556Z"}
{"context":"InstanceLoader","level":"info","message":"WhitelistIpModule dependencies initialized","timestamp":"2026-05-05T05:41:41.557Z"}
{"context":"InstanceLoader","level":"info","message":"AttributeModule dependencies initialized","timestamp":"2026-05-05T05:41:41.557Z"}
{"context":"InstanceLoader","level":"info","message":"UsersModule dependencies initialized","timestamp":"2026-05-05T05:41:41.557Z"}
{"context":"InstanceLoader","level":"info","message":"RolesModule dependencies initialized","timestamp":"2026-05-05T05:41:41.557Z"}
{"context":"InstanceLoader","level":"info","message":"PermissionsModule dependencies initialized","timestamp":"2026-05-05T05:41:41.557Z"}
{"context":"InstanceLoader","level":"info","message":"AuthModule dependencies initialized","timestamp":"2026-05-05T05:41:41.557Z"}
{"context":"RoutesResolver","level":"info","message":"AppController {/}:","timestamp":"2026-05-05T05:41:41.580Z"}
{"context":"RouterExplorer","level":"info","message":"Mapped {/, GET} route","timestamp":"2026-05-05T05:41:41.581Z"}
{"context":"RoutesResolver","level":"info","message":"UsersController {/users}:","timestamp":"2026-05-05T05:41:41.581Z"}
{"context":"RouterExplorer","level":"info","message":"Mapped {/users, POST} route","timestamp":"2026-05-05T05:41:41.581Z"}
{"context":"RouterExplorer","level":"info","message":"Mapped {/users, GET} route","timestamp":"2026-05-05T05:41:41.582Z"}
{"context":"RouterExplorer","level":"info","message":"Mapped {/users/:id, GET} route","timestamp":"2026-05-05T05:41:41.582Z"}
{"context":"RouterExplorer","level":"info","message":"Mapped {/users/:id, PATCH} route","timestamp":"2026-05-05T05:41:41.582Z"}
{"context":"RouterExplorer","level":"info","message":"Mapped {/users/:id, DELETE} route","timestamp":"2026-05-05T05:41:41.582Z"}
{"context":"RoutesResolver","level":"info","message":"WhitelistIpController {/whitelist-ip}:","timestamp":"2026-05-05T05:41:41.582Z"}
{"context":"RouterExplorer","level":"info","message":"Mapped {/whitelist-ip, POST} route","timestamp":"2026-05-05T05:41:41.582Z"}
{"context":"RouterExplorer","level":"info","message":"Mapped {/whitelist-ip, GET} route","timestamp":"2026-05-05T05:41:41.583Z"}
{"context":"RouterExplorer","level":"info","message":"Mapped {/whitelist-ip/:id, GET} route","timestamp":"2026-05-05T05:41:41.583Z"}
{"context":"RouterExplorer","level":"info","message":"Mapped {/whitelist-ip/:id, PATCH} route","timestamp":"2026-05-05T05:41:41.583Z"}
{"context":"RouterExplorer","level":"info","message":"Mapped {/whitelist-ip/:id, DELETE} route","timestamp":"2026-05-05T05:41:41.583Z"}
{"context":"RoutesResolver","level":"info","message":"RolesController {/roles}:","timestamp":"2026-05-05T05:41:41.583Z"}
{"context":"RouterExplorer","level":"info","message":"Mapped {/roles, POST} route","timestamp":"2026-05-05T05:41:41.583Z"}
{"context":"RouterExplorer","level":"info","message":"Mapped {/roles, GET} route","timestamp":"2026-05-05T05:41:41.584Z"}
{"context":"RouterExplorer","level":"info","message":"Mapped {/roles/:id, GET} route","timestamp":"2026-05-05T05:41:41.584Z"}
{"context":"RouterExplorer","level":"info","message":"Mapped {/roles/:id, PATCH} route","timestamp":"2026-05-05T05:41:41.584Z"}
{"context":"RouterExplorer","level":"info","message":"Mapped {/roles/:id, DELETE} route","timestamp":"2026-05-05T05:41:41.584Z"}
{"context":"RoutesResolver","level":"info","message":"PermissionsController {/permissions}:","timestamp":"2026-05-05T05:41:41.584Z"}
{"context":"RouterExplorer","level":"info","message":"Mapped {/permissions, POST} route","timestamp":"2026-05-05T05:41:41.584Z"}
{"context":"RouterExplorer","level":"info","message":"Mapped {/permissions, GET} route","timestamp":"2026-05-05T05:41:41.584Z"}
{"context":"RouterExplorer","level":"info","message":"Mapped {/permissions/:id, PATCH} route","timestamp":"2026-05-05T05:41:41.585Z"}
{"context":"RouterExplorer","level":"info","message":"Mapped {/permissions/:id, DELETE} route","timestamp":"2026-05-05T05:41:41.585Z"}
{"context":"RoutesResolver","level":"info","message":"AuthController {/auth}:","timestamp":"2026-05-05T05:41:41.585Z"}
{"context":"RouterExplorer","level":"info","message":"Mapped {/auth/register, POST} route","timestamp":"2026-05-05T05:41:41.585Z"}
{"context":"RouterExplorer","level":"info","message":"Mapped {/auth/login, POST} route","timestamp":"2026-05-05T05:41:41.585Z"}
{"context":"RouterExplorer","level":"info","message":"Mapped {/auth/refresh, POST} route","timestamp":"2026-05-05T05:41:41.586Z"}
{"context":"RouterExplorer","level":"info","message":"Mapped {/auth/logout, POST} route","timestamp":"2026-05-05T05:41:41.586Z"}
{"context":"RouterExplorer","level":"info","message":"Mapped {/auth/me, GET} route","timestamp":"2026-05-05T05:41:41.586Z"}
{"context":"RouterExplorer","level":"info","message":"Mapped {/auth/me/password, PATCH} route","timestamp":"2026-05-05T05:41:41.586Z"}
{"context":"RoutesResolver","level":"info","message":"AttributeController {/attribute}:","timestamp":"2026-05-05T05:41:41.586Z"}
{"context":"RouterExplorer","level":"info","message":"Mapped {/attribute, POST} route","timestamp":"2026-05-05T05:41:41.586Z"}
{"context":"RouterExplorer","level":"info","message":"Mapped {/attribute, GET} route","timestamp":"2026-05-05T05:41:41.587Z"}
{"context":"RouterExplorer","level":"info","message":"Mapped {/attribute/:id, GET} route","timestamp":"2026-05-05T05:41:41.587Z"}
{"context":"RouterExplorer","level":"info","message":"Mapped {/attribute/:id, PATCH} route","timestamp":"2026-05-05T05:41:41.587Z"}
{"context":"RouterExplorer","level":"info","message":"Mapped {/attribute/:id, DELETE} route","timestamp":"2026-05-05T05:41:41.587Z"}
{"context":"PrismaService","level":"info","message":"Kết nối database thành công","timestamp":"2026-05-05T05:41:41.625Z"}
{"context":"NestApplication","level":"info","message":"Nest application successfully started","timestamp":"2026-05-05T05:41:41.629Z"}
{"level":"info","message":"Khởi tạo ứng dụng...","timestamp":"2026-05-05T05:50:53.147Z"}
{"context":"NestFactory","level":"info","message":"Starting Nest application...","timestamp":"2026-05-05T05:50:53.223Z"}
{"context":"InstanceLoader","level":"info","message":"PassportModule dependencies initialized","timestamp":"2026-05-05T05:50:53.231Z"}
{"context":"InstanceLoader","level":"info","message":"ConfigHostModule dependencies initialized","timestamp":"2026-05-05T05:50:53.231Z"}
{"context":"PrismaService","level":"info","message":"🔌 Prisma Connection String: postgresql://admin:******@localhost:5433/kyc_asset_db?schema=public","timestamp":"2026-05-05T05:50:53.234Z"}
{"context":"InstanceLoader","level":"info","message":"AppModule dependencies initialized","timestamp":"2026-05-05T05:50:53.234Z"}
{"context":"InstanceLoader","level":"info","message":"ConfigModule dependencies initialized","timestamp":"2026-05-05T05:50:53.234Z"}
{"context":"InstanceLoader","level":"info","message":"CommonModule dependencies initialized","timestamp":"2026-05-05T05:50:53.234Z"}
{"context":"InstanceLoader","level":"info","message":"JwtModule dependencies initialized","timestamp":"2026-05-05T05:50:53.235Z"}
{"context":"InstanceLoader","level":"info","message":"PrismaModule dependencies initialized","timestamp":"2026-05-05T05:50:53.235Z"}
{"context":"InstanceLoader","level":"info","message":"WhitelistIpModule dependencies initialized","timestamp":"2026-05-05T05:50:53.237Z"}
{"context":"InstanceLoader","level":"info","message":"AttributeModule dependencies initialized","timestamp":"2026-05-05T05:50:53.237Z"}
{"context":"InstanceLoader","level":"info","message":"UsersModule dependencies initialized","timestamp":"2026-05-05T05:50:53.237Z"}
{"context":"InstanceLoader","level":"info","message":"RolesModule dependencies initialized","timestamp":"2026-05-05T05:50:53.237Z"}
{"context":"InstanceLoader","level":"info","message":"PermissionsModule dependencies initialized","timestamp":"2026-05-05T05:50:53.238Z"}
{"context":"InstanceLoader","level":"info","message":"AuthModule dependencies initialized","timestamp":"2026-05-05T05:50:53.238Z"}
{"context":"RoutesResolver","level":"info","message":"AppController {/}:","timestamp":"2026-05-05T05:50:53.260Z"}
{"context":"RouterExplorer","level":"info","message":"Mapped {/, GET} route","timestamp":"2026-05-05T05:50:53.261Z"}
{"context":"RoutesResolver","level":"info","message":"UsersController {/users}:","timestamp":"2026-05-05T05:50:53.261Z"}
{"context":"RouterExplorer","level":"info","message":"Mapped {/users, POST} route","timestamp":"2026-05-05T05:50:53.262Z"}
{"context":"RouterExplorer","level":"info","message":"Mapped {/users, GET} route","timestamp":"2026-05-05T05:50:53.262Z"}
{"context":"RouterExplorer","level":"info","message":"Mapped {/users/:id, GET} route","timestamp":"2026-05-05T05:50:53.262Z"}
{"context":"RouterExplorer","level":"info","message":"Mapped {/users/:id, PATCH} route","timestamp":"2026-05-05T05:50:53.262Z"}
{"context":"RouterExplorer","level":"info","message":"Mapped {/users/:id, DELETE} route","timestamp":"2026-05-05T05:50:53.263Z"}
{"context":"RoutesResolver","level":"info","message":"WhitelistIpController {/whitelist-ip}:","timestamp":"2026-05-05T05:50:53.263Z"}
{"context":"RouterExplorer","level":"info","message":"Mapped {/whitelist-ip, POST} route","timestamp":"2026-05-05T05:50:53.263Z"}
{"context":"RouterExplorer","level":"info","message":"Mapped {/whitelist-ip, GET} route","timestamp":"2026-05-05T05:50:53.263Z"}
{"context":"RouterExplorer","level":"info","message":"Mapped {/whitelist-ip/:id, GET} route","timestamp":"2026-05-05T05:50:53.264Z"}
{"context":"RouterExplorer","level":"info","message":"Mapped {/whitelist-ip/:id, PATCH} route","timestamp":"2026-05-05T05:50:53.264Z"}
{"context":"RouterExplorer","level":"info","message":"Mapped {/whitelist-ip/:id, DELETE} route","timestamp":"2026-05-05T05:50:53.264Z"}
{"context":"RoutesResolver","level":"info","message":"RolesController {/roles}:","timestamp":"2026-05-05T05:50:53.264Z"}
{"context":"RouterExplorer","level":"info","message":"Mapped {/roles, POST} route","timestamp":"2026-05-05T05:50:53.264Z"}
{"context":"RouterExplorer","level":"info","message":"Mapped {/roles, GET} route","timestamp":"2026-05-05T05:50:53.264Z"}
{"context":"RouterExplorer","level":"info","message":"Mapped {/roles/:id, GET} route","timestamp":"2026-05-05T05:50:53.265Z"}
{"context":"RouterExplorer","level":"info","message":"Mapped {/roles/:id, PATCH} route","timestamp":"2026-05-05T05:50:53.265Z"}
{"context":"RouterExplorer","level":"info","message":"Mapped {/roles/:id, DELETE} route","timestamp":"2026-05-05T05:50:53.265Z"}
{"context":"RoutesResolver","level":"info","message":"PermissionsController {/permissions}:","timestamp":"2026-05-05T05:50:53.265Z"}
{"context":"RouterExplorer","level":"info","message":"Mapped {/permissions, POST} route","timestamp":"2026-05-05T05:50:53.265Z"}
{"context":"RouterExplorer","level":"info","message":"Mapped {/permissions, GET} route","timestamp":"2026-05-05T05:50:53.266Z"}
{"context":"RouterExplorer","level":"info","message":"Mapped {/permissions/:id, PATCH} route","timestamp":"2026-05-05T05:50:53.266Z"}
{"context":"RouterExplorer","level":"info","message":"Mapped {/permissions/:id, DELETE} route","timestamp":"2026-05-05T05:50:53.266Z"}
{"context":"RoutesResolver","level":"info","message":"AuthController {/auth}:","timestamp":"2026-05-05T05:50:53.266Z"}
{"context":"RouterExplorer","level":"info","message":"Mapped {/auth/register, POST} route","timestamp":"2026-05-05T05:50:53.266Z"}
{"context":"RouterExplorer","level":"info","message":"Mapped {/auth/login, POST} route","timestamp":"2026-05-05T05:50:53.266Z"}
{"context":"RouterExplorer","level":"info","message":"Mapped {/auth/refresh, POST} route","timestamp":"2026-05-05T05:50:53.267Z"}
{"context":"RouterExplorer","level":"info","message":"Mapped {/auth/logout, POST} route","timestamp":"2026-05-05T05:50:53.267Z"}
{"context":"RouterExplorer","level":"info","message":"Mapped {/auth/me, GET} route","timestamp":"2026-05-05T05:50:53.267Z"}
{"context":"RouterExplorer","level":"info","message":"Mapped {/auth/me/password, PATCH} route","timestamp":"2026-05-05T05:50:53.267Z"}
{"context":"RoutesResolver","level":"info","message":"AttributeController {/attribute}:","timestamp":"2026-05-05T05:50:53.267Z"}
{"context":"RouterExplorer","level":"info","message":"Mapped {/attribute, POST} route","timestamp":"2026-05-05T05:50:53.267Z"}
{"context":"RouterExplorer","level":"info","message":"Mapped {/attribute, GET} route","timestamp":"2026-05-05T05:50:53.267Z"}
{"context":"RouterExplorer","level":"info","message":"Mapped {/attribute/:id, GET} route","timestamp":"2026-05-05T05:50:53.268Z"}
{"context":"RouterExplorer","level":"info","message":"Mapped {/attribute/:id, PATCH} route","timestamp":"2026-05-05T05:50:53.268Z"}
{"context":"RouterExplorer","level":"info","message":"Mapped {/attribute/:id, DELETE} route","timestamp":"2026-05-05T05:50:53.268Z"}
{"context":"PrismaService","level":"info","message":"Kết nối database thành công","timestamp":"2026-05-05T05:50:53.306Z"}
{"context":"NestApplication","level":"info","message":"Nest application successfully started","timestamp":"2026-05-05T05:50:53.310Z"}
{"level":"info","message":"Khởi tạo ứng dụng...","timestamp":"2026-05-05T05:50:54.689Z"}
{"context":"NestFactory","level":"info","message":"Starting Nest application...","timestamp":"2026-05-05T05:50:54.760Z"}
{"context":"InstanceLoader","level":"info","message":"PassportModule dependencies initialized","timestamp":"2026-05-05T05:50:54.768Z"}
{"context":"InstanceLoader","level":"info","message":"ConfigHostModule dependencies initialized","timestamp":"2026-05-05T05:50:54.768Z"}
{"context":"PrismaService","level":"info","message":"🔌 Prisma Connection String: postgresql://admin:******@localhost:5433/kyc_asset_db?schema=public","timestamp":"2026-05-05T05:50:54.772Z"}
{"context":"InstanceLoader","level":"info","message":"AppModule dependencies initialized","timestamp":"2026-05-05T05:50:54.772Z"}
{"context":"InstanceLoader","level":"info","message":"ConfigModule dependencies initialized","timestamp":"2026-05-05T05:50:54.772Z"}
{"context":"InstanceLoader","level":"info","message":"CommonModule dependencies initialized","timestamp":"2026-05-05T05:50:54.772Z"}
{"context":"InstanceLoader","level":"info","message":"JwtModule dependencies initialized","timestamp":"2026-05-05T05:50:54.773Z"}
{"context":"InstanceLoader","level":"info","message":"PrismaModule dependencies initialized","timestamp":"2026-05-05T05:50:54.773Z"}
{"context":"InstanceLoader","level":"info","message":"WhitelistIpModule dependencies initialized","timestamp":"2026-05-05T05:50:54.775Z"}
{"context":"InstanceLoader","level":"info","message":"AttributeModule dependencies initialized","timestamp":"2026-05-05T05:50:54.775Z"}
{"context":"InstanceLoader","level":"info","message":"UsersModule dependencies initialized","timestamp":"2026-05-05T05:50:54.775Z"}
{"context":"InstanceLoader","level":"info","message":"RolesModule dependencies initialized","timestamp":"2026-05-05T05:50:54.775Z"}
{"context":"InstanceLoader","level":"info","message":"PermissionsModule dependencies initialized","timestamp":"2026-05-05T05:50:54.775Z"}
{"context":"InstanceLoader","level":"info","message":"AuthModule dependencies initialized","timestamp":"2026-05-05T05:50:54.776Z"}
{"context":"RoutesResolver","level":"info","message":"AppController {/}:","timestamp":"2026-05-05T05:50:54.798Z"}
{"context":"RouterExplorer","level":"info","message":"Mapped {/, GET} route","timestamp":"2026-05-05T05:50:54.799Z"}
{"context":"RoutesResolver","level":"info","message":"UsersController {/users}:","timestamp":"2026-05-05T05:50:54.799Z"}
{"context":"RouterExplorer","level":"info","message":"Mapped {/users, POST} route","timestamp":"2026-05-05T05:50:54.800Z"}
{"context":"RouterExplorer","level":"info","message":"Mapped {/users, GET} route","timestamp":"2026-05-05T05:50:54.800Z"}
{"context":"RouterExplorer","level":"info","message":"Mapped {/users/:id, GET} route","timestamp":"2026-05-05T05:50:54.800Z"}
{"context":"RouterExplorer","level":"info","message":"Mapped {/users/:id, PATCH} route","timestamp":"2026-05-05T05:50:54.800Z"}
{"context":"RouterExplorer","level":"info","message":"Mapped {/users/:id, DELETE} route","timestamp":"2026-05-05T05:50:54.801Z"}
{"context":"RoutesResolver","level":"info","message":"WhitelistIpController {/whitelist-ip}:","timestamp":"2026-05-05T05:50:54.801Z"}
{"context":"RouterExplorer","level":"info","message":"Mapped {/whitelist-ip, POST} route","timestamp":"2026-05-05T05:50:54.801Z"}
{"context":"RouterExplorer","level":"info","message":"Mapped {/whitelist-ip, GET} route","timestamp":"2026-05-05T05:50:54.801Z"}
{"context":"RouterExplorer","level":"info","message":"Mapped {/whitelist-ip/:id, GET} route","timestamp":"2026-05-05T05:50:54.801Z"}
{"context":"RouterExplorer","level":"info","message":"Mapped {/whitelist-ip/:id, PATCH} route","timestamp":"2026-05-05T05:50:54.802Z"}
{"context":"RouterExplorer","level":"info","message":"Mapped {/whitelist-ip/:id, DELETE} route","timestamp":"2026-05-05T05:50:54.802Z"}
{"context":"RoutesResolver","level":"info","message":"RolesController {/roles}:","timestamp":"2026-05-05T05:50:54.802Z"}
{"context":"RouterExplorer","level":"info","message":"Mapped {/roles, POST} route","timestamp":"2026-05-05T05:50:54.802Z"}
{"context":"RouterExplorer","level":"info","message":"Mapped {/roles, GET} route","timestamp":"2026-05-05T05:50:54.802Z"}
{"context":"RouterExplorer","level":"info","message":"Mapped {/roles/:id, GET} route","timestamp":"2026-05-05T05:50:54.802Z"}
{"context":"RouterExplorer","level":"info","message":"Mapped {/roles/:id, PATCH} route","timestamp":"2026-05-05T05:50:54.802Z"}
{"context":"RouterExplorer","level":"info","message":"Mapped {/roles/:id, DELETE} route","timestamp":"2026-05-05T05:50:54.803Z"}
{"context":"RoutesResolver","level":"info","message":"PermissionsController {/permissions}:","timestamp":"2026-05-05T05:50:54.803Z"}
{"context":"RouterExplorer","level":"info","message":"Mapped {/permissions, POST} route","timestamp":"2026-05-05T05:50:54.803Z"}
{"context":"RouterExplorer","level":"info","message":"Mapped {/permissions, GET} route","timestamp":"2026-05-05T05:50:54.803Z"}
{"context":"RouterExplorer","level":"info","message":"Mapped {/permissions/:id, PATCH} route","timestamp":"2026-05-05T05:50:54.803Z"}
{"context":"RouterExplorer","level":"info","message":"Mapped {/permissions/:id, DELETE} route","timestamp":"2026-05-05T05:50:54.803Z"}
{"context":"RoutesResolver","level":"info","message":"AuthController {/auth}:","timestamp":"2026-05-05T05:50:54.803Z"}
{"context":"RouterExplorer","level":"info","message":"Mapped {/auth/register, POST} route","timestamp":"2026-05-05T05:50:54.804Z"}
{"context":"RouterExplorer","level":"info","message":"Mapped {/auth/login, POST} route","timestamp":"2026-05-05T05:50:54.804Z"}
{"context":"RouterExplorer","level":"info","message":"Mapped {/auth/refresh, POST} route","timestamp":"2026-05-05T05:50:54.804Z"}
{"context":"RouterExplorer","level":"info","message":"Mapped {/auth/logout, POST} route","timestamp":"2026-05-05T05:50:54.804Z"}
{"context":"RouterExplorer","level":"info","message":"Mapped {/auth/me, GET} route","timestamp":"2026-05-05T05:50:54.804Z"}
{"context":"RouterExplorer","level":"info","message":"Mapped {/auth/me/password, PATCH} route","timestamp":"2026-05-05T05:50:54.805Z"}
{"context":"RoutesResolver","level":"info","message":"AttributeController {/attribute}:","timestamp":"2026-05-05T05:50:54.805Z"}
{"context":"RouterExplorer","level":"info","message":"Mapped {/attribute, POST} route","timestamp":"2026-05-05T05:50:54.805Z"}
{"context":"RouterExplorer","level":"info","message":"Mapped {/attribute, GET} route","timestamp":"2026-05-05T05:50:54.805Z"}
{"context":"RouterExplorer","level":"info","message":"Mapped {/attribute/:id, GET} route","timestamp":"2026-05-05T05:50:54.806Z"}
{"context":"RouterExplorer","level":"info","message":"Mapped {/attribute/:id, PATCH} route","timestamp":"2026-05-05T05:50:54.806Z"}
{"context":"RouterExplorer","level":"info","message":"Mapped {/attribute/:id, DELETE} route","timestamp":"2026-05-05T05:50:54.806Z"}
{"context":"PrismaService","level":"info","message":"Kết nối database thành công","timestamp":"2026-05-05T05:50:54.846Z"}
{"context":"NestApplication","level":"info","message":"Nest application successfully started","timestamp":"2026-05-05T05:50:54.849Z"}
{"level":"info","message":"Khởi tạo ứng dụng...","timestamp":"2026-05-05T05:50:55.970Z"}
{"context":"NestFactory","level":"info","message":"Starting Nest application...","timestamp":"2026-05-05T05:50:56.046Z"}
{"context":"InstanceLoader","level":"info","message":"PassportModule dependencies initialized","timestamp":"2026-05-05T05:50:56.053Z"}
{"context":"InstanceLoader","level":"info","message":"ConfigHostModule dependencies initialized","timestamp":"2026-05-05T05:50:56.054Z"}
{"context":"PrismaService","level":"info","message":"🔌 Prisma Connection String: postgresql://admin:******@localhost:5433/kyc_asset_db?schema=public","timestamp":"2026-05-05T05:50:56.056Z"}
{"context":"InstanceLoader","level":"info","message":"AppModule dependencies initialized","timestamp":"2026-05-05T05:50:56.057Z"}
{"context":"InstanceLoader","level":"info","message":"ConfigModule dependencies initialized","timestamp":"2026-05-05T05:50:56.057Z"}
{"context":"InstanceLoader","level":"info","message":"CommonModule dependencies initialized","timestamp":"2026-05-05T05:50:56.057Z"}
{"context":"InstanceLoader","level":"info","message":"JwtModule dependencies initialized","timestamp":"2026-05-05T05:50:56.058Z"}
{"context":"InstanceLoader","level":"info","message":"PrismaModule dependencies initialized","timestamp":"2026-05-05T05:50:56.058Z"}
{"context":"InstanceLoader","level":"info","message":"WhitelistIpModule dependencies initialized","timestamp":"2026-05-05T05:50:56.059Z"}
{"context":"InstanceLoader","level":"info","message":"AttributeModule dependencies initialized","timestamp":"2026-05-05T05:50:56.059Z"}
{"context":"InstanceLoader","level":"info","message":"UsersModule dependencies initialized","timestamp":"2026-05-05T05:50:56.060Z"}
{"context":"InstanceLoader","level":"info","message":"RolesModule dependencies initialized","timestamp":"2026-05-05T05:50:56.060Z"}
{"context":"InstanceLoader","level":"info","message":"PermissionsModule dependencies initialized","timestamp":"2026-05-05T05:50:56.060Z"}
{"context":"InstanceLoader","level":"info","message":"AuthModule dependencies initialized","timestamp":"2026-05-05T05:50:56.060Z"}
{"context":"RoutesResolver","level":"info","message":"AppController {/}:","timestamp":"2026-05-05T05:50:56.083Z"}
{"context":"RouterExplorer","level":"info","message":"Mapped {/, GET} route","timestamp":"2026-05-05T05:50:56.084Z"}
{"context":"RoutesResolver","level":"info","message":"UsersController {/users}:","timestamp":"2026-05-05T05:50:56.085Z"}
{"context":"RouterExplorer","level":"info","message":"Mapped {/users, POST} route","timestamp":"2026-05-05T05:50:56.085Z"}
{"context":"RouterExplorer","level":"info","message":"Mapped {/users, GET} route","timestamp":"2026-05-05T05:50:56.085Z"}
{"context":"RouterExplorer","level":"info","message":"Mapped {/users/:id, GET} route","timestamp":"2026-05-05T05:50:56.085Z"}
{"context":"RouterExplorer","level":"info","message":"Mapped {/users/:id, PATCH} route","timestamp":"2026-05-05T05:50:56.086Z"}
{"context":"RouterExplorer","level":"info","message":"Mapped {/users/:id, DELETE} route","timestamp":"2026-05-05T05:50:56.086Z"}
{"context":"RoutesResolver","level":"info","message":"WhitelistIpController {/whitelist-ip}:","timestamp":"2026-05-05T05:50:56.086Z"}
{"context":"RouterExplorer","level":"info","message":"Mapped {/whitelist-ip, POST} route","timestamp":"2026-05-05T05:50:56.086Z"}
{"context":"RouterExplorer","level":"info","message":"Mapped {/whitelist-ip, GET} route","timestamp":"2026-05-05T05:50:56.086Z"}
{"context":"RouterExplorer","level":"info","message":"Mapped {/whitelist-ip/:id, GET} route","timestamp":"2026-05-05T05:50:56.087Z"}
{"context":"RouterExplorer","level":"info","message":"Mapped {/whitelist-ip/:id, PATCH} route","timestamp":"2026-05-05T05:50:56.087Z"}
{"context":"RouterExplorer","level":"info","message":"Mapped {/whitelist-ip/:id, DELETE} route","timestamp":"2026-05-05T05:50:56.087Z"}
{"context":"RoutesResolver","level":"info","message":"RolesController {/roles}:","timestamp":"2026-05-05T05:50:56.087Z"}
{"context":"RouterExplorer","level":"info","message":"Mapped {/roles, POST} route","timestamp":"2026-05-05T05:50:56.087Z"}
{"context":"RouterExplorer","level":"info","message":"Mapped {/roles, GET} route","timestamp":"2026-05-05T05:50:56.087Z"}
{"context":"RouterExplorer","level":"info","message":"Mapped {/roles/:id, GET} route","timestamp":"2026-05-05T05:50:56.087Z"}
{"context":"RouterExplorer","level":"info","message":"Mapped {/roles/:id, PATCH} route","timestamp":"2026-05-05T05:50:56.088Z"}
{"context":"RouterExplorer","level":"info","message":"Mapped {/roles/:id, DELETE} route","timestamp":"2026-05-05T05:50:56.088Z"}
{"context":"RoutesResolver","level":"info","message":"PermissionsController {/permissions}:","timestamp":"2026-05-05T05:50:56.088Z"}
{"context":"RouterExplorer","level":"info","message":"Mapped {/permissions, POST} route","timestamp":"2026-05-05T05:50:56.088Z"}
{"context":"RouterExplorer","level":"info","message":"Mapped {/permissions, GET} route","timestamp":"2026-05-05T05:50:56.089Z"}
{"context":"RouterExplorer","level":"info","message":"Mapped {/permissions/:id, PATCH} route","timestamp":"2026-05-05T05:50:56.089Z"}
{"context":"RouterExplorer","level":"info","message":"Mapped {/permissions/:id, DELETE} route","timestamp":"2026-05-05T05:50:56.089Z"}
{"context":"RoutesResolver","level":"info","message":"AuthController {/auth}:","timestamp":"2026-05-05T05:50:56.089Z"}
{"context":"RouterExplorer","level":"info","message":"Mapped {/auth/register, POST} route","timestamp":"2026-05-05T05:50:56.089Z"}
{"context":"RouterExplorer","level":"info","message":"Mapped {/auth/login, POST} route","timestamp":"2026-05-05T05:50:56.090Z"}
{"context":"RouterExplorer","level":"info","message":"Mapped {/auth/refresh, POST} route","timestamp":"2026-05-05T05:50:56.090Z"}
{"context":"RouterExplorer","level":"info","message":"Mapped {/auth/logout, POST} route","timestamp":"2026-05-05T05:50:56.090Z"}
{"context":"RouterExplorer","level":"info","message":"Mapped {/auth/me, GET} route","timestamp":"2026-05-05T05:50:56.090Z"}
{"context":"RouterExplorer","level":"info","message":"Mapped {/auth/me/password, PATCH} route","timestamp":"2026-05-05T05:50:56.091Z"}
{"context":"RoutesResolver","level":"info","message":"AttributeController {/attribute}:","timestamp":"2026-05-05T05:50:56.091Z"}
{"context":"RouterExplorer","level":"info","message":"Mapped {/attribute, POST} route","timestamp":"2026-05-05T05:50:56.091Z"}
{"context":"RouterExplorer","level":"info","message":"Mapped {/attribute, GET} route","timestamp":"2026-05-05T05:50:56.091Z"}
{"context":"RouterExplorer","level":"info","message":"Mapped {/attribute/:id, GET} route","timestamp":"2026-05-05T05:50:56.091Z"}
{"context":"RouterExplorer","level":"info","message":"Mapped {/attribute/:id, PATCH} route","timestamp":"2026-05-05T05:50:56.092Z"}
{"context":"RouterExplorer","level":"info","message":"Mapped {/attribute/:id, DELETE} route","timestamp":"2026-05-05T05:50:56.092Z"}
{"context":"PrismaService","level":"info","message":"Kết nối database thành công","timestamp":"2026-05-05T05:50:56.129Z"}
{"context":"NestApplication","level":"info","message":"Nest application successfully started","timestamp":"2026-05-05T05:50:56.130Z"}
{"level":"info","message":"Khởi tạo ứng dụng...","timestamp":"2026-05-05T05:50:57.532Z"}
{"context":"NestFactory","level":"info","message":"Starting Nest application...","timestamp":"2026-05-05T05:50:57.604Z"}
{"context":"InstanceLoader","level":"info","message":"PassportModule dependencies initialized","timestamp":"2026-05-05T05:50:57.613Z"}
{"context":"InstanceLoader","level":"info","message":"ConfigHostModule dependencies initialized","timestamp":"2026-05-05T05:50:57.613Z"}
{"context":"PrismaService","level":"info","message":"🔌 Prisma Connection String: postgresql://admin:******@localhost:5433/kyc_asset_db?schema=public","timestamp":"2026-05-05T05:50:57.616Z"}
{"context":"InstanceLoader","level":"info","message":"AppModule dependencies initialized","timestamp":"2026-05-05T05:50:57.616Z"}
{"context":"InstanceLoader","level":"info","message":"ConfigModule dependencies initialized","timestamp":"2026-05-05T05:50:57.616Z"}
{"context":"InstanceLoader","level":"info","message":"CommonModule dependencies initialized","timestamp":"2026-05-05T05:50:57.616Z"}
{"context":"InstanceLoader","level":"info","message":"JwtModule dependencies initialized","timestamp":"2026-05-05T05:50:57.617Z"}
{"context":"InstanceLoader","level":"info","message":"PrismaModule dependencies initialized","timestamp":"2026-05-05T05:50:57.617Z"}
{"context":"InstanceLoader","level":"info","message":"WhitelistIpModule dependencies initialized","timestamp":"2026-05-05T05:50:57.619Z"}
{"context":"InstanceLoader","level":"info","message":"AttributeModule dependencies initialized","timestamp":"2026-05-05T05:50:57.619Z"}
{"context":"InstanceLoader","level":"info","message":"UsersModule dependencies initialized","timestamp":"2026-05-05T05:50:57.619Z"}
{"context":"InstanceLoader","level":"info","message":"RolesModule dependencies initialized","timestamp":"2026-05-05T05:50:57.619Z"}
{"context":"InstanceLoader","level":"info","message":"PermissionsModule dependencies initialized","timestamp":"2026-05-05T05:50:57.620Z"}
{"context":"InstanceLoader","level":"info","message":"AuthModule dependencies initialized","timestamp":"2026-05-05T05:50:57.620Z"}
{"context":"RoutesResolver","level":"info","message":"AppController {/}:","timestamp":"2026-05-05T05:50:57.643Z"}
{"context":"RouterExplorer","level":"info","message":"Mapped {/, GET} route","timestamp":"2026-05-05T05:50:57.644Z"}
{"context":"RoutesResolver","level":"info","message":"UsersController {/users}:","timestamp":"2026-05-05T05:50:57.644Z"}
{"context":"RouterExplorer","level":"info","message":"Mapped {/users, POST} route","timestamp":"2026-05-05T05:50:57.644Z"}
{"context":"RouterExplorer","level":"info","message":"Mapped {/users, GET} route","timestamp":"2026-05-05T05:50:57.645Z"}
{"context":"RouterExplorer","level":"info","message":"Mapped {/users/:id, GET} route","timestamp":"2026-05-05T05:50:57.645Z"}
{"context":"RouterExplorer","level":"info","message":"Mapped {/users/:id, PATCH} route","timestamp":"2026-05-05T05:50:57.645Z"}
{"context":"RouterExplorer","level":"info","message":"Mapped {/users/:id, DELETE} route","timestamp":"2026-05-05T05:50:57.645Z"}
{"context":"RoutesResolver","level":"info","message":"WhitelistIpController {/whitelist-ip}:","timestamp":"2026-05-05T05:50:57.645Z"}
{"context":"RouterExplorer","level":"info","message":"Mapped {/whitelist-ip, POST} route","timestamp":"2026-05-05T05:50:57.645Z"}
{"context":"RouterExplorer","level":"info","message":"Mapped {/whitelist-ip, GET} route","timestamp":"2026-05-05T05:50:57.646Z"}
{"context":"RouterExplorer","level":"info","message":"Mapped {/whitelist-ip/:id, GET} route","timestamp":"2026-05-05T05:50:57.646Z"}
{"context":"RouterExplorer","level":"info","message":"Mapped {/whitelist-ip/:id, PATCH} route","timestamp":"2026-05-05T05:50:57.646Z"}
{"context":"RouterExplorer","level":"info","message":"Mapped {/whitelist-ip/:id, DELETE} route","timestamp":"2026-05-05T05:50:57.646Z"}
{"context":"RoutesResolver","level":"info","message":"RolesController {/roles}:","timestamp":"2026-05-05T05:50:57.646Z"}
{"context":"RouterExplorer","level":"info","message":"Mapped {/roles, POST} route","timestamp":"2026-05-05T05:50:57.646Z"}
{"context":"RouterExplorer","level":"info","message":"Mapped {/roles, GET} route","timestamp":"2026-05-05T05:50:57.647Z"}
{"context":"RouterExplorer","level":"info","message":"Mapped {/roles/:id, GET} route","timestamp":"2026-05-05T05:50:57.647Z"}
{"context":"RouterExplorer","level":"info","message":"Mapped {/roles/:id, PATCH} route","timestamp":"2026-05-05T05:50:57.647Z"}
{"context":"RouterExplorer","level":"info","message":"Mapped {/roles/:id, DELETE} route","timestamp":"2026-05-05T05:50:57.647Z"}
{"context":"RoutesResolver","level":"info","message":"PermissionsController {/permissions}:","timestamp":"2026-05-05T05:50:57.647Z"}
{"context":"RouterExplorer","level":"info","message":"Mapped {/permissions, POST} route","timestamp":"2026-05-05T05:50:57.647Z"}
{"context":"RouterExplorer","level":"info","message":"Mapped {/permissions, GET} route","timestamp":"2026-05-05T05:50:57.647Z"}
{"context":"RouterExplorer","level":"info","message":"Mapped {/permissions/:id, PATCH} route","timestamp":"2026-05-05T05:50:57.647Z"}
{"context":"RouterExplorer","level":"info","message":"Mapped {/permissions/:id, DELETE} route","timestamp":"2026-05-05T05:50:57.648Z"}
{"context":"RoutesResolver","level":"info","message":"AuthController {/auth}:","timestamp":"2026-05-05T05:50:57.648Z"}
{"context":"RouterExplorer","level":"info","message":"Mapped {/auth/register, POST} route","timestamp":"2026-05-05T05:50:57.648Z"}
{"context":"RouterExplorer","level":"info","message":"Mapped {/auth/login, POST} route","timestamp":"2026-05-05T05:50:57.648Z"}
{"context":"RouterExplorer","level":"info","message":"Mapped {/auth/refresh, POST} route","timestamp":"2026-05-05T05:50:57.648Z"}
{"context":"RouterExplorer","level":"info","message":"Mapped {/auth/logout, POST} route","timestamp":"2026-05-05T05:50:57.649Z"}
{"context":"RouterExplorer","level":"info","message":"Mapped {/auth/me, GET} route","timestamp":"2026-05-05T05:50:57.649Z"}
{"context":"RouterExplorer","level":"info","message":"Mapped {/auth/me/password, PATCH} route","timestamp":"2026-05-05T05:50:57.649Z"}
{"context":"RoutesResolver","level":"info","message":"AttributeController {/attribute}:","timestamp":"2026-05-05T05:50:57.649Z"}
{"context":"RouterExplorer","level":"info","message":"Mapped {/attribute, POST} route","timestamp":"2026-05-05T05:50:57.649Z"}
{"context":"RouterExplorer","level":"info","message":"Mapped {/attribute, GET} route","timestamp":"2026-05-05T05:50:57.650Z"}
{"context":"RouterExplorer","level":"info","message":"Mapped {/attribute/:id, GET} route","timestamp":"2026-05-05T05:50:57.650Z"}
{"context":"RouterExplorer","level":"info","message":"Mapped {/attribute/:id, PATCH} route","timestamp":"2026-05-05T05:50:57.650Z"}
{"context":"RouterExplorer","level":"info","message":"Mapped {/attribute/:id, DELETE} route","timestamp":"2026-05-05T05:50:57.650Z"}
{"context":"PrismaService","level":"info","message":"Kết nối database thành công","timestamp":"2026-05-05T05:50:57.688Z"}
{"context":"NestApplication","level":"info","message":"Nest application successfully started","timestamp":"2026-05-05T05:50:57.693Z"}
{"level":"info","message":"Khởi tạo ứng dụng...","timestamp":"2026-05-05T05:57:51.516Z"}
{"context":"NestFactory","level":"info","message":"Starting Nest application...","timestamp":"2026-05-05T05:57:51.608Z"}
{"context":"InstanceLoader","level":"info","message":"PassportModule dependencies initialized","timestamp":"2026-05-05T05:57:51.617Z"}
{"context":"InstanceLoader","level":"info","message":"ConfigHostModule dependencies initialized","timestamp":"2026-05-05T05:57:51.618Z"}
{"context":"PrismaService","level":"info","message":"🔌 Prisma Connection String: postgresql://admin:******@localhost:5433/kyc_asset_db?schema=public","timestamp":"2026-05-05T05:57:51.620Z"}
{"context":"InstanceLoader","level":"info","message":"AppModule dependencies initialized","timestamp":"2026-05-05T05:57:51.620Z"}
{"context":"InstanceLoader","level":"info","message":"ConfigModule dependencies initialized","timestamp":"2026-05-05T05:57:51.621Z"}
{"context":"InstanceLoader","level":"info","message":"CommonModule dependencies initialized","timestamp":"2026-05-05T05:57:51.621Z"}
{"context":"InstanceLoader","level":"info","message":"JwtModule dependencies initialized","timestamp":"2026-05-05T05:57:51.621Z"}
{"context":"InstanceLoader","level":"info","message":"PrismaModule dependencies initialized","timestamp":"2026-05-05T05:57:51.622Z"}
{"context":"InstanceLoader","level":"info","message":"WhitelistIpModule dependencies initialized","timestamp":"2026-05-05T05:57:51.625Z"}
{"context":"InstanceLoader","level":"info","message":"AttributeModule dependencies initialized","timestamp":"2026-05-05T05:57:51.625Z"}
{"context":"InstanceLoader","level":"info","message":"UsersModule dependencies initialized","timestamp":"2026-05-05T05:57:51.625Z"}
{"context":"InstanceLoader","level":"info","message":"RolesModule dependencies initialized","timestamp":"2026-05-05T05:57:51.625Z"}
{"context":"InstanceLoader","level":"info","message":"PermissionsModule dependencies initialized","timestamp":"2026-05-05T05:57:51.625Z"}
{"context":"InstanceLoader","level":"info","message":"AuthModule dependencies initialized","timestamp":"2026-05-05T05:57:51.625Z"}
{"context":"RoutesResolver","level":"info","message":"AppController {/}:","timestamp":"2026-05-05T05:57:51.649Z"}
{"context":"RouterExplorer","level":"info","message":"Mapped {/, GET} route","timestamp":"2026-05-05T05:57:51.650Z"}
{"context":"RoutesResolver","level":"info","message":"UsersController {/users}:","timestamp":"2026-05-05T05:57:51.650Z"}
{"context":"RouterExplorer","level":"info","message":"Mapped {/users, POST} route","timestamp":"2026-05-05T05:57:51.651Z"}
{"context":"RouterExplorer","level":"info","message":"Mapped {/users, GET} route","timestamp":"2026-05-05T05:57:51.651Z"}
{"context":"RouterExplorer","level":"info","message":"Mapped {/users/:id, GET} route","timestamp":"2026-05-05T05:57:51.651Z"}
{"context":"RouterExplorer","level":"info","message":"Mapped {/users/:id, PATCH} route","timestamp":"2026-05-05T05:57:51.651Z"}
{"context":"RouterExplorer","level":"info","message":"Mapped {/users/:id, DELETE} route","timestamp":"2026-05-05T05:57:51.652Z"}
{"context":"RoutesResolver","level":"info","message":"WhitelistIpController {/whitelist-ip}:","timestamp":"2026-05-05T05:57:51.652Z"}
{"context":"RouterExplorer","level":"info","message":"Mapped {/whitelist-ip, POST} route","timestamp":"2026-05-05T05:57:51.652Z"}
{"context":"RouterExplorer","level":"info","message":"Mapped {/whitelist-ip, GET} route","timestamp":"2026-05-05T05:57:51.652Z"}
{"context":"RouterExplorer","level":"info","message":"Mapped {/whitelist-ip/:id, GET} route","timestamp":"2026-05-05T05:57:51.652Z"}
{"context":"RouterExplorer","level":"info","message":"Mapped {/whitelist-ip/:id, PATCH} route","timestamp":"2026-05-05T05:57:51.653Z"}
{"context":"RouterExplorer","level":"info","message":"Mapped {/whitelist-ip/:id, DELETE} route","timestamp":"2026-05-05T05:57:51.653Z"}
{"context":"RoutesResolver","level":"info","message":"RolesController {/roles}:","timestamp":"2026-05-05T05:57:51.653Z"}
{"context":"RouterExplorer","level":"info","message":"Mapped {/roles, POST} route","timestamp":"2026-05-05T05:57:51.653Z"}
{"context":"RouterExplorer","level":"info","message":"Mapped {/roles, GET} route","timestamp":"2026-05-05T05:57:51.654Z"}
{"context":"RouterExplorer","level":"info","message":"Mapped {/roles/:id, GET} route","timestamp":"2026-05-05T05:57:51.654Z"}
{"context":"RouterExplorer","level":"info","message":"Mapped {/roles/:id, PATCH} route","timestamp":"2026-05-05T05:57:51.654Z"}
{"context":"RouterExplorer","level":"info","message":"Mapped {/roles/:id, DELETE} route","timestamp":"2026-05-05T05:57:51.654Z"}
{"context":"RoutesResolver","level":"info","message":"PermissionsController {/permissions}:","timestamp":"2026-05-05T05:57:51.654Z"}
{"context":"RouterExplorer","level":"info","message":"Mapped {/permissions, POST} route","timestamp":"2026-05-05T05:57:51.654Z"}
{"context":"RouterExplorer","level":"info","message":"Mapped {/permissions, GET} route","timestamp":"2026-05-05T05:57:51.655Z"}
{"context":"RouterExplorer","level":"info","message":"Mapped {/permissions/:id, PATCH} route","timestamp":"2026-05-05T05:57:51.655Z"}
{"context":"RouterExplorer","level":"info","message":"Mapped {/permissions/:id, DELETE} route","timestamp":"2026-05-05T05:57:51.655Z"}
{"context":"RoutesResolver","level":"info","message":"AuthController {/auth}:","timestamp":"2026-05-05T05:57:51.655Z"}
{"context":"RouterExplorer","level":"info","message":"Mapped {/auth/register, POST} route","timestamp":"2026-05-05T05:57:51.656Z"}
{"context":"RouterExplorer","level":"info","message":"Mapped {/auth/login, POST} route","timestamp":"2026-05-05T05:57:51.656Z"}
{"context":"RouterExplorer","level":"info","message":"Mapped {/auth/refresh, POST} route","timestamp":"2026-05-05T05:57:51.656Z"}
{"context":"RouterExplorer","level":"info","message":"Mapped {/auth/logout, POST} route","timestamp":"2026-05-05T05:57:51.656Z"}
{"context":"RouterExplorer","level":"info","message":"Mapped {/auth/me, GET} route","timestamp":"2026-05-05T05:57:51.657Z"}
{"context":"RouterExplorer","level":"info","message":"Mapped {/auth/me/password, PATCH} route","timestamp":"2026-05-05T05:57:51.657Z"}
{"context":"RoutesResolver","level":"info","message":"AttributeController {/attribute}:","timestamp":"2026-05-05T05:57:51.657Z"}
{"context":"RouterExplorer","level":"info","message":"Mapped {/attribute, POST} route","timestamp":"2026-05-05T05:57:51.657Z"}
{"context":"RouterExplorer","level":"info","message":"Mapped {/attribute, GET} route","timestamp":"2026-05-05T05:57:51.658Z"}
{"context":"RouterExplorer","level":"info","message":"Mapped {/attribute/:id, GET} route","timestamp":"2026-05-05T05:57:51.658Z"}
{"context":"RouterExplorer","level":"info","message":"Mapped {/attribute/:id, PATCH} route","timestamp":"2026-05-05T05:57:51.658Z"}
{"context":"RouterExplorer","level":"info","message":"Mapped {/attribute/:id, DELETE} route","timestamp":"2026-05-05T05:57:51.658Z"}
{"context":"PrismaService","level":"info","message":"Kết nối database thành công","timestamp":"2026-05-05T05:57:51.697Z"}
{"context":"NestApplication","level":"info","message":"Nest application successfully started","timestamp":"2026-05-05T05:57:51.698Z"}
{"level":"info","message":"Khởi tạo ứng dụng...","timestamp":"2026-05-05T06:07:18.328Z"}
{"context":"NestFactory","level":"info","message":"Starting Nest application...","timestamp":"2026-05-05T06:07:18.400Z"}
{"context":"InstanceLoader","level":"info","message":"PassportModule dependencies initialized","timestamp":"2026-05-05T06:07:18.407Z"}
{"context":"InstanceLoader","level":"info","message":"ConfigHostModule dependencies initialized","timestamp":"2026-05-05T06:07:18.407Z"}
{"context":"PrismaService","level":"info","message":"🔌 Prisma Connection String: postgresql://admin:******@localhost:5433/kyc_asset_db?schema=public","timestamp":"2026-05-05T06:07:18.410Z"}
{"context":"InstanceLoader","level":"info","message":"AppModule dependencies initialized","timestamp":"2026-05-05T06:07:18.410Z"}
{"context":"InstanceLoader","level":"info","message":"ConfigModule dependencies initialized","timestamp":"2026-05-05T06:07:18.410Z"}
{"context":"InstanceLoader","level":"info","message":"CommonModule dependencies initialized","timestamp":"2026-05-05T06:07:18.410Z"}
{"context":"InstanceLoader","level":"info","message":"JwtModule dependencies initialized","timestamp":"2026-05-05T06:07:18.411Z"}
{"context":"InstanceLoader","level":"info","message":"PrismaModule dependencies initialized","timestamp":"2026-05-05T06:07:18.411Z"}
{"context":"InstanceLoader","level":"info","message":"WhitelistIpModule dependencies initialized","timestamp":"2026-05-05T06:07:18.413Z"}
{"context":"InstanceLoader","level":"info","message":"AttributeModule dependencies initialized","timestamp":"2026-05-05T06:07:18.413Z"}
{"context":"InstanceLoader","level":"info","message":"UsersModule dependencies initialized","timestamp":"2026-05-05T06:07:18.413Z"}
{"context":"InstanceLoader","level":"info","message":"RolesModule dependencies initialized","timestamp":"2026-05-05T06:07:18.413Z"}
{"context":"InstanceLoader","level":"info","message":"PermissionsModule dependencies initialized","timestamp":"2026-05-05T06:07:18.413Z"}
{"context":"InstanceLoader","level":"info","message":"AuthModule dependencies initialized","timestamp":"2026-05-05T06:07:18.413Z"}
{"context":"RoutesResolver","level":"info","message":"AppController {/}:","timestamp":"2026-05-05T06:07:18.439Z"}
{"context":"RouterExplorer","level":"info","message":"Mapped {/, GET} route","timestamp":"2026-05-05T06:07:18.440Z"}
{"context":"RoutesResolver","level":"info","message":"UsersController {/users}:","timestamp":"2026-05-05T06:07:18.440Z"}
{"context":"RouterExplorer","level":"info","message":"Mapped {/users, POST} route","timestamp":"2026-05-05T06:07:18.441Z"}
{"context":"RouterExplorer","level":"info","message":"Mapped {/users, GET} route","timestamp":"2026-05-05T06:07:18.441Z"}
{"context":"RouterExplorer","level":"info","message":"Mapped {/users/:id, GET} route","timestamp":"2026-05-05T06:07:18.441Z"}
{"context":"RouterExplorer","level":"info","message":"Mapped {/users/:id, PATCH} route","timestamp":"2026-05-05T06:07:18.442Z"}
{"context":"RouterExplorer","level":"info","message":"Mapped {/users/:id, DELETE} route","timestamp":"2026-05-05T06:07:18.442Z"}
{"context":"RoutesResolver","level":"info","message":"WhitelistIpController {/whitelist-ip}:","timestamp":"2026-05-05T06:07:18.442Z"}
{"context":"RouterExplorer","level":"info","message":"Mapped {/whitelist-ip, POST} route","timestamp":"2026-05-05T06:07:18.443Z"}
{"context":"RouterExplorer","level":"info","message":"Mapped {/whitelist-ip, GET} route","timestamp":"2026-05-05T06:07:18.443Z"}
{"context":"RouterExplorer","level":"info","message":"Mapped {/whitelist-ip/:id, GET} route","timestamp":"2026-05-05T06:07:18.443Z"}
{"context":"RouterExplorer","level":"info","message":"Mapped {/whitelist-ip/:id, PATCH} route","timestamp":"2026-05-05T06:07:18.444Z"}
{"context":"RouterExplorer","level":"info","message":"Mapped {/whitelist-ip/:id, DELETE} route","timestamp":"2026-05-05T06:07:18.444Z"}
{"context":"RoutesResolver","level":"info","message":"RolesController {/roles}:","timestamp":"2026-05-05T06:07:18.444Z"}
{"context":"RouterExplorer","level":"info","message":"Mapped {/roles, POST} route","timestamp":"2026-05-05T06:07:18.444Z"}
{"context":"RouterExplorer","level":"info","message":"Mapped {/roles, GET} route","timestamp":"2026-05-05T06:07:18.444Z"}
{"context":"RouterExplorer","level":"info","message":"Mapped {/roles/:id, GET} route","timestamp":"2026-05-05T06:07:18.444Z"}
{"context":"RouterExplorer","level":"info","message":"Mapped {/roles/:id, PATCH} route","timestamp":"2026-05-05T06:07:18.444Z"}
{"context":"RouterExplorer","level":"info","message":"Mapped {/roles/:id, DELETE} route","timestamp":"2026-05-05T06:07:18.445Z"}
{"context":"RoutesResolver","level":"info","message":"PermissionsController {/permissions}:","timestamp":"2026-05-05T06:07:18.445Z"}
{"context":"RouterExplorer","level":"info","message":"Mapped {/permissions, POST} route","timestamp":"2026-05-05T06:07:18.445Z"}
{"context":"RouterExplorer","level":"info","message":"Mapped {/permissions, GET} route","timestamp":"2026-05-05T06:07:18.445Z"}
{"context":"RouterExplorer","level":"info","message":"Mapped {/permissions/:id, PATCH} route","timestamp":"2026-05-05T06:07:18.445Z"}
{"context":"RouterExplorer","level":"info","message":"Mapped {/permissions/:id, DELETE} route","timestamp":"2026-05-05T06:07:18.446Z"}
{"context":"RoutesResolver","level":"info","message":"AuthController {/auth}:","timestamp":"2026-05-05T06:07:18.446Z"}
{"context":"RouterExplorer","level":"info","message":"Mapped {/auth/register, POST} route","timestamp":"2026-05-05T06:07:18.446Z"}
{"context":"RouterExplorer","level":"info","message":"Mapped {/auth/login, POST} route","timestamp":"2026-05-05T06:07:18.446Z"}
{"context":"RouterExplorer","level":"info","message":"Mapped {/auth/refresh, POST} route","timestamp":"2026-05-05T06:07:18.446Z"}
{"context":"RouterExplorer","level":"info","message":"Mapped {/auth/logout, POST} route","timestamp":"2026-05-05T06:07:18.447Z"}
{"context":"RouterExplorer","level":"info","message":"Mapped {/auth/me, GET} route","timestamp":"2026-05-05T06:07:18.447Z"}
{"context":"RouterExplorer","level":"info","message":"Mapped {/auth/me/password, PATCH} route","timestamp":"2026-05-05T06:07:18.447Z"}
{"context":"RoutesResolver","level":"info","message":"AttributeController {/attribute}:","timestamp":"2026-05-05T06:07:18.447Z"}
{"context":"RouterExplorer","level":"info","message":"Mapped {/attribute, POST} route","timestamp":"2026-05-05T06:07:18.447Z"}
{"context":"RouterExplorer","level":"info","message":"Mapped {/attribute, GET} route","timestamp":"2026-05-05T06:07:18.448Z"}
{"context":"RouterExplorer","level":"info","message":"Mapped {/attribute/:id, GET} route","timestamp":"2026-05-05T06:07:18.448Z"}
{"context":"RouterExplorer","level":"info","message":"Mapped {/attribute/:id, PATCH} route","timestamp":"2026-05-05T06:07:18.448Z"}
{"context":"RouterExplorer","level":"info","message":"Mapped {/attribute/:id, DELETE} route","timestamp":"2026-05-05T06:07:18.448Z"}
{"context":"PrismaService","level":"info","message":"Kết nối database thành công","timestamp":"2026-05-05T06:07:18.499Z"}
{"context":"NestApplication","level":"info","message":"Nest application successfully started","timestamp":"2026-05-05T06:07:18.501Z"}
{"level":"info","message":"Khởi tạo ứng dụng...","timestamp":"2026-05-05T06:07:31.279Z"}
{"context":"NestFactory","level":"info","message":"Starting Nest application...","timestamp":"2026-05-05T06:07:31.353Z"}
{"context":"InstanceLoader","level":"info","message":"PassportModule dependencies initialized","timestamp":"2026-05-05T06:07:31.361Z"}
{"context":"InstanceLoader","level":"info","message":"ConfigHostModule dependencies initialized","timestamp":"2026-05-05T06:07:31.362Z"}
{"context":"PrismaService","level":"info","message":"🔌 Prisma Connection String: postgresql://admin:******@localhost:5433/kyc_asset_db?schema=public","timestamp":"2026-05-05T06:07:31.365Z"}
{"context":"InstanceLoader","level":"info","message":"AppModule dependencies initialized","timestamp":"2026-05-05T06:07:31.365Z"}
{"context":"InstanceLoader","level":"info","message":"ConfigModule dependencies initialized","timestamp":"2026-05-05T06:07:31.365Z"}
{"context":"InstanceLoader","level":"info","message":"CommonModule dependencies initialized","timestamp":"2026-05-05T06:07:31.365Z"}
{"context":"InstanceLoader","level":"info","message":"JwtModule dependencies initialized","timestamp":"2026-05-05T06:07:31.366Z"}
{"context":"InstanceLoader","level":"info","message":"PrismaModule dependencies initialized","timestamp":"2026-05-05T06:07:31.366Z"}
{"context":"InstanceLoader","level":"info","message":"WhitelistIpModule dependencies initialized","timestamp":"2026-05-05T06:07:31.368Z"}
{"context":"InstanceLoader","level":"info","message":"AttributeModule dependencies initialized","timestamp":"2026-05-05T06:07:31.368Z"}
{"context":"InstanceLoader","level":"info","message":"UsersModule dependencies initialized","timestamp":"2026-05-05T06:07:31.369Z"}
{"context":"InstanceLoader","level":"info","message":"RolesModule dependencies initialized","timestamp":"2026-05-05T06:07:31.369Z"}
{"context":"InstanceLoader","level":"info","message":"PermissionsModule dependencies initialized","timestamp":"2026-05-05T06:07:31.369Z"}
{"context":"InstanceLoader","level":"info","message":"AuthModule dependencies initialized","timestamp":"2026-05-05T06:07:31.369Z"}
{"context":"RoutesResolver","level":"info","message":"AppController {/}:","timestamp":"2026-05-05T06:07:31.392Z"}
{"context":"RouterExplorer","level":"info","message":"Mapped {/, GET} route","timestamp":"2026-05-05T06:07:31.394Z"}
{"context":"RoutesResolver","level":"info","message":"UsersController {/users}:","timestamp":"2026-05-05T06:07:31.394Z"}
{"context":"RouterExplorer","level":"info","message":"Mapped {/users, POST} route","timestamp":"2026-05-05T06:07:31.395Z"}
{"context":"RouterExplorer","level":"info","message":"Mapped {/users, GET} route","timestamp":"2026-05-05T06:07:31.395Z"}
{"context":"RouterExplorer","level":"info","message":"Mapped {/users/:id, GET} route","timestamp":"2026-05-05T06:07:31.395Z"}
{"context":"RouterExplorer","level":"info","message":"Mapped {/users/:id, PATCH} route","timestamp":"2026-05-05T06:07:31.395Z"}
{"context":"RouterExplorer","level":"info","message":"Mapped {/users/:id, DELETE} route","timestamp":"2026-05-05T06:07:31.396Z"}
{"context":"RoutesResolver","level":"info","message":"WhitelistIpController {/whitelist-ip}:","timestamp":"2026-05-05T06:07:31.396Z"}
{"context":"RouterExplorer","level":"info","message":"Mapped {/whitelist-ip, POST} route","timestamp":"2026-05-05T06:07:31.396Z"}
{"context":"RouterExplorer","level":"info","message":"Mapped {/whitelist-ip, GET} route","timestamp":"2026-05-05T06:07:31.396Z"}
{"context":"RouterExplorer","level":"info","message":"Mapped {/whitelist-ip/:id, GET} route","timestamp":"2026-05-05T06:07:31.396Z"}
{"context":"RouterExplorer","level":"info","message":"Mapped {/whitelist-ip/:id, PATCH} route","timestamp":"2026-05-05T06:07:31.397Z"}
{"context":"RouterExplorer","level":"info","message":"Mapped {/whitelist-ip/:id, DELETE} route","timestamp":"2026-05-05T06:07:31.397Z"}
{"context":"RoutesResolver","level":"info","message":"RolesController {/roles}:","timestamp":"2026-05-05T06:07:31.397Z"}
{"context":"RouterExplorer","level":"info","message":"Mapped {/roles, POST} route","timestamp":"2026-05-05T06:07:31.397Z"}
{"context":"RouterExplorer","level":"info","message":"Mapped {/roles, GET} route","timestamp":"2026-05-05T06:07:31.398Z"}
{"context":"RouterExplorer","level":"info","message":"Mapped {/roles/:id, GET} route","timestamp":"2026-05-05T06:07:31.398Z"}
{"context":"RouterExplorer","level":"info","message":"Mapped {/roles/:id, PATCH} route","timestamp":"2026-05-05T06:07:31.398Z"}
{"context":"RouterExplorer","level":"info","message":"Mapped {/roles/:id, DELETE} route","timestamp":"2026-05-05T06:07:31.398Z"}
{"context":"RoutesResolver","level":"info","message":"PermissionsController {/permissions}:","timestamp":"2026-05-05T06:07:31.398Z"}
{"context":"RouterExplorer","level":"info","message":"Mapped {/permissions, POST} route","timestamp":"2026-05-05T06:07:31.399Z"}
{"context":"RouterExplorer","level":"info","message":"Mapped {/permissions, GET} route","timestamp":"2026-05-05T06:07:31.399Z"}
{"context":"RouterExplorer","level":"info","message":"Mapped {/permissions/:id, PATCH} route","timestamp":"2026-05-05T06:07:31.399Z"}
{"context":"RouterExplorer","level":"info","message":"Mapped {/permissions/:id, DELETE} route","timestamp":"2026-05-05T06:07:31.399Z"}
{"context":"RoutesResolver","level":"info","message":"AuthController {/auth}:","timestamp":"2026-05-05T06:07:31.399Z"}
{"context":"RouterExplorer","level":"info","message":"Mapped {/auth/register, POST} route","timestamp":"2026-05-05T06:07:31.400Z"}
{"context":"RouterExplorer","level":"info","message":"Mapped {/auth/login, POST} route","timestamp":"2026-05-05T06:07:31.400Z"}
{"context":"RouterExplorer","level":"info","message":"Mapped {/auth/refresh, POST} route","timestamp":"2026-05-05T06:07:31.400Z"}
{"context":"RouterExplorer","level":"info","message":"Mapped {/auth/logout, POST} route","timestamp":"2026-05-05T06:07:31.400Z"}
{"context":"RouterExplorer","level":"info","message":"Mapped {/auth/me, GET} route","timestamp":"2026-05-05T06:07:31.400Z"}
{"context":"RouterExplorer","level":"info","message":"Mapped {/auth/me/password, PATCH} route","timestamp":"2026-05-05T06:07:31.401Z"}
{"context":"RoutesResolver","level":"info","message":"AttributeController {/attribute}:","timestamp":"2026-05-05T06:07:31.401Z"}
{"context":"RouterExplorer","level":"info","message":"Mapped {/attribute, POST} route","timestamp":"2026-05-05T06:07:31.401Z"}
{"context":"RouterExplorer","level":"info","message":"Mapped {/attribute, GET} route","timestamp":"2026-05-05T06:07:31.401Z"}
{"context":"RouterExplorer","level":"info","message":"Mapped {/attribute/:id, GET} route","timestamp":"2026-05-05T06:07:31.401Z"}
{"context":"RouterExplorer","level":"info","message":"Mapped {/attribute/:id, PATCH} route","timestamp":"2026-05-05T06:07:31.401Z"}
{"context":"RouterExplorer","level":"info","message":"Mapped {/attribute/:id, DELETE} route","timestamp":"2026-05-05T06:07:31.401Z"}
{"context":"PrismaService","level":"info","message":"Kết nối database thành công","timestamp":"2026-05-05T06:07:31.439Z"}
{"context":"NestApplication","level":"info","message":"Nest application successfully started","timestamp":"2026-05-05T06:07:31.443Z"}
{"level":"info","message":"Khởi tạo ứng dụng...","timestamp":"2026-05-05T06:10:54.589Z"}
{"context":"NestFactory","level":"info","message":"Starting Nest application...","timestamp":"2026-05-05T06:10:54.660Z"}
{"context":"InstanceLoader","level":"info","message":"PassportModule dependencies initialized","timestamp":"2026-05-05T06:10:54.668Z"}
{"context":"InstanceLoader","level":"info","message":"ConfigHostModule dependencies initialized","timestamp":"2026-05-05T06:10:54.668Z"}
{"context":"PrismaService","level":"info","message":"🔌 Prisma Connection String: postgresql://admin:******@localhost:5433/kyc_asset_db?schema=public","timestamp":"2026-05-05T06:10:54.671Z"}
{"context":"InstanceLoader","level":"info","message":"AppModule dependencies initialized","timestamp":"2026-05-05T06:10:54.672Z"}
{"context":"InstanceLoader","level":"info","message":"ConfigModule dependencies initialized","timestamp":"2026-05-05T06:10:54.672Z"}
{"context":"InstanceLoader","level":"info","message":"CommonModule dependencies initialized","timestamp":"2026-05-05T06:10:54.672Z"}
{"context":"InstanceLoader","level":"info","message":"JwtModule dependencies initialized","timestamp":"2026-05-05T06:10:54.673Z"}
{"context":"InstanceLoader","level":"info","message":"PrismaModule dependencies initialized","timestamp":"2026-05-05T06:10:54.673Z"}
{"context":"InstanceLoader","level":"info","message":"WhitelistIpModule dependencies initialized","timestamp":"2026-05-05T06:10:54.674Z"}
{"context":"InstanceLoader","level":"info","message":"AttributeModule dependencies initialized","timestamp":"2026-05-05T06:10:54.674Z"}
{"context":"InstanceLoader","level":"info","message":"UsersModule dependencies initialized","timestamp":"2026-05-05T06:10:54.674Z"}
{"context":"InstanceLoader","level":"info","message":"RolesModule dependencies initialized","timestamp":"2026-05-05T06:10:54.674Z"}
{"context":"InstanceLoader","level":"info","message":"PermissionsModule dependencies initialized","timestamp":"2026-05-05T06:10:54.674Z"}
{"context":"InstanceLoader","level":"info","message":"AuthModule dependencies initialized","timestamp":"2026-05-05T06:10:54.675Z"}
{"context":"RoutesResolver","level":"info","message":"AppController {/}:","timestamp":"2026-05-05T06:10:54.697Z"}
{"context":"RouterExplorer","level":"info","message":"Mapped {/, GET} route","timestamp":"2026-05-05T06:10:54.698Z"}
{"context":"RoutesResolver","level":"info","message":"UsersController {/users}:","timestamp":"2026-05-05T06:10:54.698Z"}
{"context":"RouterExplorer","level":"info","message":"Mapped {/users, POST} route","timestamp":"2026-05-05T06:10:54.698Z"}
{"context":"RouterExplorer","level":"info","message":"Mapped {/users, GET} route","timestamp":"2026-05-05T06:10:54.698Z"}
{"context":"RouterExplorer","level":"info","message":"Mapped {/users/:id, GET} route","timestamp":"2026-05-05T06:10:54.699Z"}
{"context":"RouterExplorer","level":"info","message":"Mapped {/users/:id, PATCH} route","timestamp":"2026-05-05T06:10:54.699Z"}
{"context":"RouterExplorer","level":"info","message":"Mapped {/users/:id, DELETE} route","timestamp":"2026-05-05T06:10:54.699Z"}
{"context":"RoutesResolver","level":"info","message":"WhitelistIpController {/whitelist-ip}:","timestamp":"2026-05-05T06:10:54.699Z"}
{"context":"RouterExplorer","level":"info","message":"Mapped {/whitelist-ip, POST} route","timestamp":"2026-05-05T06:10:54.699Z"}
{"context":"RouterExplorer","level":"info","message":"Mapped {/whitelist-ip, GET} route","timestamp":"2026-05-05T06:10:54.700Z"}
{"context":"RouterExplorer","level":"info","message":"Mapped {/whitelist-ip/:id, GET} route","timestamp":"2026-05-05T06:10:54.700Z"}
{"context":"RouterExplorer","level":"info","message":"Mapped {/whitelist-ip/:id, PATCH} route","timestamp":"2026-05-05T06:10:54.700Z"}
{"context":"RouterExplorer","level":"info","message":"Mapped {/whitelist-ip/:id, DELETE} route","timestamp":"2026-05-05T06:10:54.700Z"}
{"context":"RoutesResolver","level":"info","message":"RolesController {/roles}:","timestamp":"2026-05-05T06:10:54.700Z"}
{"context":"RouterExplorer","level":"info","message":"Mapped {/roles, POST} route","timestamp":"2026-05-05T06:10:54.700Z"}
{"context":"RouterExplorer","level":"info","message":"Mapped {/roles, GET} route","timestamp":"2026-05-05T06:10:54.701Z"}
{"context":"RouterExplorer","level":"info","message":"Mapped {/roles/:id, GET} route","timestamp":"2026-05-05T06:10:54.701Z"}
{"context":"RouterExplorer","level":"info","message":"Mapped {/roles/:id, PATCH} route","timestamp":"2026-05-05T06:10:54.701Z"}
{"context":"RouterExplorer","level":"info","message":"Mapped {/roles/:id, DELETE} route","timestamp":"2026-05-05T06:10:54.701Z"}
{"context":"RoutesResolver","level":"info","message":"PermissionsController {/permissions}:","timestamp":"2026-05-05T06:10:54.701Z"}
{"context":"RouterExplorer","level":"info","message":"Mapped {/permissions, POST} route","timestamp":"2026-05-05T06:10:54.701Z"}
{"context":"RouterExplorer","level":"info","message":"Mapped {/permissions, GET} route","timestamp":"2026-05-05T06:10:54.701Z"}
{"context":"RouterExplorer","level":"info","message":"Mapped {/permissions/:id, PATCH} route","timestamp":"2026-05-05T06:10:54.702Z"}
{"context":"RouterExplorer","level":"info","message":"Mapped {/permissions/:id, DELETE} route","timestamp":"2026-05-05T06:10:54.702Z"}
{"context":"RoutesResolver","level":"info","message":"AuthController {/auth}:","timestamp":"2026-05-05T06:10:54.702Z"}
{"context":"RouterExplorer","level":"info","message":"Mapped {/auth/register, POST} route","timestamp":"2026-05-05T06:10:54.702Z"}
{"context":"RouterExplorer","level":"info","message":"Mapped {/auth/login, POST} route","timestamp":"2026-05-05T06:10:54.702Z"}
{"context":"RouterExplorer","level":"info","message":"Mapped {/auth/refresh, POST} route","timestamp":"2026-05-05T06:10:54.703Z"}
{"context":"RouterExplorer","level":"info","message":"Mapped {/auth/logout, POST} route","timestamp":"2026-05-05T06:10:54.703Z"}
{"context":"RouterExplorer","level":"info","message":"Mapped {/auth/me, GET} route","timestamp":"2026-05-05T06:10:54.703Z"}
{"context":"RouterExplorer","level":"info","message":"Mapped {/auth/me/password, PATCH} route","timestamp":"2026-05-05T06:10:54.703Z"}
{"context":"RoutesResolver","level":"info","message":"AttributeController {/attribute}:","timestamp":"2026-05-05T06:10:54.703Z"}
{"context":"RouterExplorer","level":"info","message":"Mapped {/attribute, POST} route","timestamp":"2026-05-05T06:10:54.703Z"}
{"context":"RouterExplorer","level":"info","message":"Mapped {/attribute, GET} route","timestamp":"2026-05-05T06:10:54.703Z"}
{"context":"RouterExplorer","level":"info","message":"Mapped {/attribute/:id, GET} route","timestamp":"2026-05-05T06:10:54.704Z"}
{"context":"RouterExplorer","level":"info","message":"Mapped {/attribute/:id, PATCH} route","timestamp":"2026-05-05T06:10:54.704Z"}
{"context":"RouterExplorer","level":"info","message":"Mapped {/attribute/:id, DELETE} route","timestamp":"2026-05-05T06:10:54.704Z"}
{"context":"PrismaService","level":"info","message":"Kết nối database thành công","timestamp":"2026-05-05T06:10:54.746Z"}
{"context":"NestApplication","level":"info","message":"Nest application successfully started","timestamp":"2026-05-05T06:10:54.750Z"}
{"level":"info","message":"Khởi tạo ứng dụng...","timestamp":"2026-05-05T06:12:36.622Z"}
{"context":"NestFactory","level":"info","message":"Starting Nest application...","timestamp":"2026-05-05T06:12:36.699Z"}
{"context":"InstanceLoader","level":"info","message":"PassportModule dependencies initialized","timestamp":"2026-05-05T06:12:36.708Z"}
{"context":"InstanceLoader","level":"info","message":"ConfigHostModule dependencies initialized","timestamp":"2026-05-05T06:12:36.708Z"}
{"context":"PrismaService","level":"info","message":"🔌 Prisma Connection String: postgresql://admin:******@localhost:5433/kyc_asset_db?schema=public","timestamp":"2026-05-05T06:12:36.711Z"}
{"context":"InstanceLoader","level":"info","message":"AppModule dependencies initialized","timestamp":"2026-05-05T06:12:36.711Z"}
{"context":"InstanceLoader","level":"info","message":"ConfigModule dependencies initialized","timestamp":"2026-05-05T06:12:36.712Z"}
{"context":"InstanceLoader","level":"info","message":"CommonModule dependencies initialized","timestamp":"2026-05-05T06:12:36.712Z"}
{"context":"InstanceLoader","level":"info","message":"JwtModule dependencies initialized","timestamp":"2026-05-05T06:12:36.712Z"}
{"context":"InstanceLoader","level":"info","message":"PrismaModule dependencies initialized","timestamp":"2026-05-05T06:12:36.713Z"}
{"context":"InstanceLoader","level":"info","message":"WhitelistIpModule dependencies initialized","timestamp":"2026-05-05T06:12:36.714Z"}
{"context":"InstanceLoader","level":"info","message":"AttributeModule dependencies initialized","timestamp":"2026-05-05T06:12:36.714Z"}
{"context":"InstanceLoader","level":"info","message":"UsersModule dependencies initialized","timestamp":"2026-05-05T06:12:36.715Z"}
{"context":"InstanceLoader","level":"info","message":"RolesModule dependencies initialized","timestamp":"2026-05-05T06:12:36.715Z"}
{"context":"InstanceLoader","level":"info","message":"PermissionsModule dependencies initialized","timestamp":"2026-05-05T06:12:36.715Z"}
{"context":"InstanceLoader","level":"info","message":"AuthModule dependencies initialized","timestamp":"2026-05-05T06:12:36.715Z"}
{"context":"RoutesResolver","level":"info","message":"AppController {/}:","timestamp":"2026-05-05T06:12:36.738Z"}
{"context":"RouterExplorer","level":"info","message":"Mapped {/, GET} route","timestamp":"2026-05-05T06:12:36.739Z"}
{"context":"RoutesResolver","level":"info","message":"UsersController {/users}:","timestamp":"2026-05-05T06:12:36.739Z"}
{"context":"RouterExplorer","level":"info","message":"Mapped {/users, POST} route","timestamp":"2026-05-05T06:12:36.740Z"}
{"context":"RouterExplorer","level":"info","message":"Mapped {/users, GET} route","timestamp":"2026-05-05T06:12:36.740Z"}
{"context":"RouterExplorer","level":"info","message":"Mapped {/users/:id, GET} route","timestamp":"2026-05-05T06:12:36.740Z"}
{"context":"RouterExplorer","level":"info","message":"Mapped {/users/:id, PATCH} route","timestamp":"2026-05-05T06:12:36.741Z"}
{"context":"RouterExplorer","level":"info","message":"Mapped {/users/:id, DELETE} route","timestamp":"2026-05-05T06:12:36.741Z"}
{"context":"RoutesResolver","level":"info","message":"WhitelistIpController {/whitelist-ip}:","timestamp":"2026-05-05T06:12:36.741Z"}
{"context":"RouterExplorer","level":"info","message":"Mapped {/whitelist-ip, POST} route","timestamp":"2026-05-05T06:12:36.741Z"}
{"context":"RouterExplorer","level":"info","message":"Mapped {/whitelist-ip, GET} route","timestamp":"2026-05-05T06:12:36.741Z"}
{"context":"RouterExplorer","level":"info","message":"Mapped {/whitelist-ip/:id, GET} route","timestamp":"2026-05-05T06:12:36.741Z"}
{"context":"RouterExplorer","level":"info","message":"Mapped {/whitelist-ip/:id, PATCH} route","timestamp":"2026-05-05T06:12:36.742Z"}
{"context":"RouterExplorer","level":"info","message":"Mapped {/whitelist-ip/:id, DELETE} route","timestamp":"2026-05-05T06:12:36.742Z"}
{"context":"RoutesResolver","level":"info","message":"RolesController {/roles}:","timestamp":"2026-05-05T06:12:36.742Z"}
{"context":"RouterExplorer","level":"info","message":"Mapped {/roles, POST} route","timestamp":"2026-05-05T06:12:36.743Z"}
{"context":"RouterExplorer","level":"info","message":"Mapped {/roles, GET} route","timestamp":"2026-05-05T06:12:36.743Z"}
{"context":"RouterExplorer","level":"info","message":"Mapped {/roles/:id, GET} route","timestamp":"2026-05-05T06:12:36.743Z"}
{"context":"RouterExplorer","level":"info","message":"Mapped {/roles/:id, PATCH} route","timestamp":"2026-05-05T06:12:36.743Z"}
{"context":"RouterExplorer","level":"info","message":"Mapped {/roles/:id, DELETE} route","timestamp":"2026-05-05T06:12:36.743Z"}
{"context":"RoutesResolver","level":"info","message":"PermissionsController {/permissions}:","timestamp":"2026-05-05T06:12:36.743Z"}
{"context":"RouterExplorer","level":"info","message":"Mapped {/permissions, POST} route","timestamp":"2026-05-05T06:12:36.744Z"}
{"context":"RouterExplorer","level":"info","message":"Mapped {/permissions, GET} route","timestamp":"2026-05-05T06:12:36.744Z"}
{"context":"RouterExplorer","level":"info","message":"Mapped {/permissions/:id, PATCH} route","timestamp":"2026-05-05T06:12:36.744Z"}
{"context":"RouterExplorer","level":"info","message":"Mapped {/permissions/:id, DELETE} route","timestamp":"2026-05-05T06:12:36.744Z"}
{"context":"RoutesResolver","level":"info","message":"AuthController {/auth}:","timestamp":"2026-05-05T06:12:36.745Z"}
{"context":"RouterExplorer","level":"info","message":"Mapped {/auth/register, POST} route","timestamp":"2026-05-05T06:12:36.745Z"}
{"context":"RouterExplorer","level":"info","message":"Mapped {/auth/login, POST} route","timestamp":"2026-05-05T06:12:36.745Z"}
{"context":"RouterExplorer","level":"info","message":"Mapped {/auth/refresh, POST} route","timestamp":"2026-05-05T06:12:36.745Z"}
{"context":"RouterExplorer","level":"info","message":"Mapped {/auth/logout, POST} route","timestamp":"2026-05-05T06:12:36.746Z"}
{"context":"RouterExplorer","level":"info","message":"Mapped {/auth/me, GET} route","timestamp":"2026-05-05T06:12:36.746Z"}
{"context":"RouterExplorer","level":"info","message":"Mapped {/auth/me/password, PATCH} route","timestamp":"2026-05-05T06:12:36.746Z"}
{"context":"RoutesResolver","level":"info","message":"AttributeController {/attribute}:","timestamp":"2026-05-05T06:12:36.746Z"}
{"context":"RouterExplorer","level":"info","message":"Mapped {/attribute, POST} route","timestamp":"2026-05-05T06:12:36.746Z"}
{"context":"RouterExplorer","level":"info","message":"Mapped {/attribute, GET} route","timestamp":"2026-05-05T06:12:36.747Z"}
{"context":"RouterExplorer","level":"info","message":"Mapped {/attribute/:id, GET} route","timestamp":"2026-05-05T06:12:36.747Z"}
{"context":"RouterExplorer","level":"info","message":"Mapped {/attribute/:id, PATCH} route","timestamp":"2026-05-05T06:12:36.747Z"}
{"context":"RouterExplorer","level":"info","message":"Mapped {/attribute/:id, DELETE} route","timestamp":"2026-05-05T06:12:36.747Z"}
{"context":"PrismaService","level":"info","message":"Kết nối database thành công","timestamp":"2026-05-05T06:12:36.786Z"}
{"context":"NestApplication","level":"info","message":"Nest application successfully started","timestamp":"2026-05-05T06:12:36.787Z"}
{"level":"info","message":"Khởi tạo ứng dụng...","timestamp":"2026-05-05T06:13:21.609Z"}
{"context":"NestFactory","level":"info","message":"Starting Nest application...","timestamp":"2026-05-05T06:13:21.683Z"}
{"context":"InstanceLoader","level":"info","message":"PassportModule dependencies initialized","timestamp":"2026-05-05T06:13:21.691Z"}
{"context":"InstanceLoader","level":"info","message":"ConfigHostModule dependencies initialized","timestamp":"2026-05-05T06:13:21.691Z"}
{"context":"PrismaService","level":"info","message":"🔌 Prisma Connection String: postgresql://admin:******@localhost:5433/kyc_asset_db?schema=public","timestamp":"2026-05-05T06:13:21.695Z"}
{"context":"InstanceLoader","level":"info","message":"AppModule dependencies initialized","timestamp":"2026-05-05T06:13:21.696Z"}
{"context":"InstanceLoader","level":"info","message":"ConfigModule dependencies initialized","timestamp":"2026-05-05T06:13:21.696Z"}
{"context":"InstanceLoader","level":"info","message":"CommonModule dependencies initialized","timestamp":"2026-05-05T06:13:21.696Z"}
{"context":"InstanceLoader","level":"info","message":"JwtModule dependencies initialized","timestamp":"2026-05-05T06:13:21.697Z"}
{"context":"InstanceLoader","level":"info","message":"PrismaModule dependencies initialized","timestamp":"2026-05-05T06:13:21.697Z"}
{"context":"InstanceLoader","level":"info","message":"WhitelistIpModule dependencies initialized","timestamp":"2026-05-05T06:13:21.698Z"}
{"context":"InstanceLoader","level":"info","message":"AttributeModule dependencies initialized","timestamp":"2026-05-05T06:13:21.699Z"}
{"context":"InstanceLoader","level":"info","message":"UsersModule dependencies initialized","timestamp":"2026-05-05T06:13:21.699Z"}
{"context":"InstanceLoader","level":"info","message":"RolesModule dependencies initialized","timestamp":"2026-05-05T06:13:21.699Z"}
{"context":"InstanceLoader","level":"info","message":"PermissionsModule dependencies initialized","timestamp":"2026-05-05T06:13:21.699Z"}
{"context":"InstanceLoader","level":"info","message":"AuthModule dependencies initialized","timestamp":"2026-05-05T06:13:21.699Z"}
{"context":"RoutesResolver","level":"info","message":"AppController {/}:","timestamp":"2026-05-05T06:13:21.722Z"}
{"context":"RouterExplorer","level":"info","message":"Mapped {/, GET} route","timestamp":"2026-05-05T06:13:21.723Z"}
{"context":"RoutesResolver","level":"info","message":"UsersController {/users}:","timestamp":"2026-05-05T06:13:21.723Z"}
{"context":"RouterExplorer","level":"info","message":"Mapped {/users, POST} route","timestamp":"2026-05-05T06:13:21.723Z"}
{"context":"RouterExplorer","level":"info","message":"Mapped {/users, GET} route","timestamp":"2026-05-05T06:13:21.724Z"}
{"context":"RouterExplorer","level":"info","message":"Mapped {/users/:id, GET} route","timestamp":"2026-05-05T06:13:21.724Z"}
{"context":"RouterExplorer","level":"info","message":"Mapped {/users/:id, PATCH} route","timestamp":"2026-05-05T06:13:21.724Z"}
{"context":"RouterExplorer","level":"info","message":"Mapped {/users/:id, DELETE} route","timestamp":"2026-05-05T06:13:21.724Z"}
{"context":"RoutesResolver","level":"info","message":"WhitelistIpController {/whitelist-ip}:","timestamp":"2026-05-05T06:13:21.724Z"}
{"context":"RouterExplorer","level":"info","message":"Mapped {/whitelist-ip, POST} route","timestamp":"2026-05-05T06:13:21.725Z"}
{"context":"RouterExplorer","level":"info","message":"Mapped {/whitelist-ip, GET} route","timestamp":"2026-05-05T06:13:21.725Z"}
{"context":"RouterExplorer","level":"info","message":"Mapped {/whitelist-ip/:id, GET} route","timestamp":"2026-05-05T06:13:21.725Z"}
{"context":"RouterExplorer","level":"info","message":"Mapped {/whitelist-ip/:id, PATCH} route","timestamp":"2026-05-05T06:13:21.725Z"}
{"context":"RouterExplorer","level":"info","message":"Mapped {/whitelist-ip/:id, DELETE} route","timestamp":"2026-05-05T06:13:21.725Z"}
{"context":"RoutesResolver","level":"info","message":"RolesController {/roles}:","timestamp":"2026-05-05T06:13:21.726Z"}
{"context":"RouterExplorer","level":"info","message":"Mapped {/roles, POST} route","timestamp":"2026-05-05T06:13:21.726Z"}
{"context":"RouterExplorer","level":"info","message":"Mapped {/roles, GET} route","timestamp":"2026-05-05T06:13:21.726Z"}
{"context":"RouterExplorer","level":"info","message":"Mapped {/roles/:id, GET} route","timestamp":"2026-05-05T06:13:21.726Z"}
{"context":"RouterExplorer","level":"info","message":"Mapped {/roles/:id, PATCH} route","timestamp":"2026-05-05T06:13:21.726Z"}
{"context":"RouterExplorer","level":"info","message":"Mapped {/roles/:id, DELETE} route","timestamp":"2026-05-05T06:13:21.727Z"}
{"context":"RoutesResolver","level":"info","message":"PermissionsController {/permissions}:","timestamp":"2026-05-05T06:13:21.727Z"}
{"context":"RouterExplorer","level":"info","message":"Mapped {/permissions, POST} route","timestamp":"2026-05-05T06:13:21.727Z"}
{"context":"RouterExplorer","level":"info","message":"Mapped {/permissions, GET} route","timestamp":"2026-05-05T06:13:21.727Z"}
{"context":"RouterExplorer","level":"info","message":"Mapped {/permissions/:id, PATCH} route","timestamp":"2026-05-05T06:13:21.728Z"}
{"context":"RouterExplorer","level":"info","message":"Mapped {/permissions/:id, DELETE} route","timestamp":"2026-05-05T06:13:21.728Z"}
{"context":"RoutesResolver","level":"info","message":"AuthController {/auth}:","timestamp":"2026-05-05T06:13:21.728Z"}
{"context":"RouterExplorer","level":"info","message":"Mapped {/auth/register, POST} route","timestamp":"2026-05-05T06:13:21.728Z"}
{"context":"RouterExplorer","level":"info","message":"Mapped {/auth/login, POST} route","timestamp":"2026-05-05T06:13:21.728Z"}
{"context":"RouterExplorer","level":"info","message":"Mapped {/auth/refresh, POST} route","timestamp":"2026-05-05T06:13:21.729Z"}
{"context":"RouterExplorer","level":"info","message":"Mapped {/auth/logout, POST} route","timestamp":"2026-05-05T06:13:21.729Z"}
{"context":"RouterExplorer","level":"info","message":"Mapped {/auth/me, GET} route","timestamp":"2026-05-05T06:13:21.729Z"}
{"context":"RouterExplorer","level":"info","message":"Mapped {/auth/me/password, PATCH} route","timestamp":"2026-05-05T06:13:21.729Z"}
{"context":"RoutesResolver","level":"info","message":"AttributeController {/attribute}:","timestamp":"2026-05-05T06:13:21.729Z"}
{"context":"RouterExplorer","level":"info","message":"Mapped {/attribute, POST} route","timestamp":"2026-05-05T06:13:21.729Z"}
{"context":"RouterExplorer","level":"info","message":"Mapped {/attribute, GET} route","timestamp":"2026-05-05T06:13:21.730Z"}
{"context":"RouterExplorer","level":"info","message":"Mapped {/attribute/:id, GET} route","timestamp":"2026-05-05T06:13:21.730Z"}
{"context":"RouterExplorer","level":"info","message":"Mapped {/attribute/:id, PATCH} route","timestamp":"2026-05-05T06:13:21.730Z"}
{"context":"RouterExplorer","level":"info","message":"Mapped {/attribute/:id, DELETE} route","timestamp":"2026-05-05T06:13:21.730Z"}
{"context":"PrismaService","level":"info","message":"Kết nối database thành công","timestamp":"2026-05-05T06:13:21.768Z"}
{"context":"NestApplication","level":"info","message":"Nest application successfully started","timestamp":"2026-05-05T06:13:21.771Z"}
{"level":"info","message":"Khởi tạo ứng dụng...","timestamp":"2026-05-05T06:15:13.482Z"}
{"context":"NestFactory","level":"info","message":"Starting Nest application...","timestamp":"2026-05-05T06:15:13.565Z"}
{"context":"InstanceLoader","level":"info","message":"PassportModule dependencies initialized","timestamp":"2026-05-05T06:15:13.573Z"}
{"context":"InstanceLoader","level":"info","message":"ConfigHostModule dependencies initialized","timestamp":"2026-05-05T06:15:13.573Z"}
{"context":"PrismaService","level":"info","message":"🔌 Prisma Connection String: postgresql://admin:******@localhost:5433/kyc_asset_db?schema=public","timestamp":"2026-05-05T06:15:13.575Z"}
{"context":"InstanceLoader","level":"info","message":"AppModule dependencies initialized","timestamp":"2026-05-05T06:15:13.576Z"}
{"context":"InstanceLoader","level":"info","message":"ConfigModule dependencies initialized","timestamp":"2026-05-05T06:15:13.576Z"}
{"context":"InstanceLoader","level":"info","message":"CommonModule dependencies initialized","timestamp":"2026-05-05T06:15:13.576Z"}
{"context":"InstanceLoader","level":"info","message":"JwtModule dependencies initialized","timestamp":"2026-05-05T06:15:13.576Z"}
{"context":"InstanceLoader","level":"info","message":"PrismaModule dependencies initialized","timestamp":"2026-05-05T06:15:13.577Z"}
{"context":"InstanceLoader","level":"info","message":"WhitelistIpModule dependencies initialized","timestamp":"2026-05-05T06:15:13.579Z"}
{"context":"InstanceLoader","level":"info","message":"AttributeModule dependencies initialized","timestamp":"2026-05-05T06:15:13.580Z"}
{"context":"InstanceLoader","level":"info","message":"UsersModule dependencies initialized","timestamp":"2026-05-05T06:15:13.580Z"}
{"context":"InstanceLoader","level":"info","message":"RolesModule dependencies initialized","timestamp":"2026-05-05T06:15:13.580Z"}
{"context":"InstanceLoader","level":"info","message":"PermissionsModule dependencies initialized","timestamp":"2026-05-05T06:15:13.580Z"}
{"context":"InstanceLoader","level":"info","message":"AuthModule dependencies initialized","timestamp":"2026-05-05T06:15:13.580Z"}
{"context":"RoutesResolver","level":"info","message":"AppController {/}:","timestamp":"2026-05-05T06:15:13.602Z"}
{"context":"RouterExplorer","level":"info","message":"Mapped {/, GET} route","timestamp":"2026-05-05T06:15:13.604Z"}
{"context":"RoutesResolver","level":"info","message":"UsersController {/users}:","timestamp":"2026-05-05T06:15:13.604Z"}
{"context":"RouterExplorer","level":"info","message":"Mapped {/users, POST} route","timestamp":"2026-05-05T06:15:13.604Z"}
{"context":"RouterExplorer","level":"info","message":"Mapped {/users, GET} route","timestamp":"2026-05-05T06:15:13.604Z"}
{"context":"RouterExplorer","level":"info","message":"Mapped {/users/:id, GET} route","timestamp":"2026-05-05T06:15:13.605Z"}
{"context":"RouterExplorer","level":"info","message":"Mapped {/users/:id, PATCH} route","timestamp":"2026-05-05T06:15:13.605Z"}
{"context":"RouterExplorer","level":"info","message":"Mapped {/users/:id, DELETE} route","timestamp":"2026-05-05T06:15:13.605Z"}
{"context":"RoutesResolver","level":"info","message":"WhitelistIpController {/whitelist-ip}:","timestamp":"2026-05-05T06:15:13.605Z"}
{"context":"RouterExplorer","level":"info","message":"Mapped {/whitelist-ip, POST} route","timestamp":"2026-05-05T06:15:13.605Z"}
{"context":"RouterExplorer","level":"info","message":"Mapped {/whitelist-ip, GET} route","timestamp":"2026-05-05T06:15:13.606Z"}
{"context":"RouterExplorer","level":"info","message":"Mapped {/whitelist-ip/:id, GET} route","timestamp":"2026-05-05T06:15:13.606Z"}
{"context":"RouterExplorer","level":"info","message":"Mapped {/whitelist-ip/:id, PATCH} route","timestamp":"2026-05-05T06:15:13.606Z"}
{"context":"RouterExplorer","level":"info","message":"Mapped {/whitelist-ip/:id, DELETE} route","timestamp":"2026-05-05T06:15:13.606Z"}
{"context":"RoutesResolver","level":"info","message":"RolesController {/roles}:","timestamp":"2026-05-05T06:15:13.606Z"}
{"context":"RouterExplorer","level":"info","message":"Mapped {/roles, POST} route","timestamp":"2026-05-05T06:15:13.607Z"}
{"context":"RouterExplorer","level":"info","message":"Mapped {/roles, GET} route","timestamp":"2026-05-05T06:15:13.607Z"}
{"context":"RouterExplorer","level":"info","message":"Mapped {/roles/:id, GET} route","timestamp":"2026-05-05T06:15:13.607Z"}
{"context":"RouterExplorer","level":"info","message":"Mapped {/roles/:id, PATCH} route","timestamp":"2026-05-05T06:15:13.607Z"}
{"context":"RouterExplorer","level":"info","message":"Mapped {/roles/:id, DELETE} route","timestamp":"2026-05-05T06:15:13.607Z"}
{"context":"RoutesResolver","level":"info","message":"PermissionsController {/permissions}:","timestamp":"2026-05-05T06:15:13.607Z"}
{"context":"RouterExplorer","level":"info","message":"Mapped {/permissions, POST} route","timestamp":"2026-05-05T06:15:13.607Z"}
{"context":"RouterExplorer","level":"info","message":"Mapped {/permissions, GET} route","timestamp":"2026-05-05T06:15:13.607Z"}
{"context":"RouterExplorer","level":"info","message":"Mapped {/permissions/:id, PATCH} route","timestamp":"2026-05-05T06:15:13.608Z"}
{"context":"RouterExplorer","level":"info","message":"Mapped {/permissions/:id, DELETE} route","timestamp":"2026-05-05T06:15:13.608Z"}
{"context":"RoutesResolver","level":"info","message":"AuthController {/auth}:","timestamp":"2026-05-05T06:15:13.608Z"}
{"context":"RouterExplorer","level":"info","message":"Mapped {/auth/register, POST} route","timestamp":"2026-05-05T06:15:13.608Z"}
{"context":"RouterExplorer","level":"info","message":"Mapped {/auth/login, POST} route","timestamp":"2026-05-05T06:15:13.608Z"}
{"context":"RouterExplorer","level":"info","message":"Mapped {/auth/refresh, POST} route","timestamp":"2026-05-05T06:15:13.608Z"}
{"context":"RouterExplorer","level":"info","message":"Mapped {/auth/logout, POST} route","timestamp":"2026-05-05T06:15:13.609Z"}
{"context":"RouterExplorer","level":"info","message":"Mapped {/auth/me, GET} route","timestamp":"2026-05-05T06:15:13.609Z"}
{"context":"RouterExplorer","level":"info","message":"Mapped {/auth/me/password, PATCH} route","timestamp":"2026-05-05T06:15:13.609Z"}
{"context":"RoutesResolver","level":"info","message":"AttributeController {/attribute}:","timestamp":"2026-05-05T06:15:13.609Z"}
{"context":"RouterExplorer","level":"info","message":"Mapped {/attribute, POST} route","timestamp":"2026-05-05T06:15:13.609Z"}
{"context":"RouterExplorer","level":"info","message":"Mapped {/attribute, GET} route","timestamp":"2026-05-05T06:15:13.610Z"}
{"context":"RouterExplorer","level":"info","message":"Mapped {/attribute/:id, GET} route","timestamp":"2026-05-05T06:15:13.610Z"}
{"context":"RouterExplorer","level":"info","message":"Mapped {/attribute/:id, PATCH} route","timestamp":"2026-05-05T06:15:13.610Z"}
{"context":"RouterExplorer","level":"info","message":"Mapped {/attribute/:id, DELETE} route","timestamp":"2026-05-05T06:15:13.611Z"}
{"context":"PrismaService","level":"info","message":"Kết nối database thành công","timestamp":"2026-05-05T06:15:13.649Z"}
{"context":"NestApplication","level":"info","message":"Nest application successfully started","timestamp":"2026-05-05T06:15:13.652Z"}
{"level":"info","message":"Khởi tạo ứng dụng...","timestamp":"2026-05-05T06:16:43.218Z"}
{"context":"NestFactory","level":"info","message":"Starting Nest application...","timestamp":"2026-05-05T06:16:43.289Z"}
{"context":"InstanceLoader","level":"info","message":"PassportModule dependencies initialized","timestamp":"2026-05-05T06:16:43.297Z"}
{"context":"InstanceLoader","level":"info","message":"ConfigHostModule dependencies initialized","timestamp":"2026-05-05T06:16:43.297Z"}
{"context":"PrismaService","level":"info","message":"🔌 Prisma Connection String: postgresql://admin:******@localhost:5433/kyc_asset_db?schema=public","timestamp":"2026-05-05T06:16:43.300Z"}
{"context":"InstanceLoader","level":"info","message":"AppModule dependencies initialized","timestamp":"2026-05-05T06:16:43.300Z"}
{"context":"InstanceLoader","level":"info","message":"ConfigModule dependencies initialized","timestamp":"2026-05-05T06:16:43.301Z"}
{"context":"InstanceLoader","level":"info","message":"CommonModule dependencies initialized","timestamp":"2026-05-05T06:16:43.301Z"}
{"context":"InstanceLoader","level":"info","message":"JwtModule dependencies initialized","timestamp":"2026-05-05T06:16:43.301Z"}
{"context":"InstanceLoader","level":"info","message":"PrismaModule dependencies initialized","timestamp":"2026-05-05T06:16:43.302Z"}
{"context":"InstanceLoader","level":"info","message":"WhitelistIpModule dependencies initialized","timestamp":"2026-05-05T06:16:43.303Z"}
{"context":"InstanceLoader","level":"info","message":"AttributeModule dependencies initialized","timestamp":"2026-05-05T06:16:43.303Z"}
{"context":"InstanceLoader","level":"info","message":"UsersModule dependencies initialized","timestamp":"2026-05-05T06:16:43.303Z"}
{"context":"InstanceLoader","level":"info","message":"RolesModule dependencies initialized","timestamp":"2026-05-05T06:16:43.304Z"}
{"context":"InstanceLoader","level":"info","message":"PermissionsModule dependencies initialized","timestamp":"2026-05-05T06:16:43.304Z"}
{"context":"InstanceLoader","level":"info","message":"AuthModule dependencies initialized","timestamp":"2026-05-05T06:16:43.304Z"}
{"context":"RoutesResolver","level":"info","message":"AppController {/}:","timestamp":"2026-05-05T06:16:43.325Z"}
{"context":"RouterExplorer","level":"info","message":"Mapped {/, GET} route","timestamp":"2026-05-05T06:16:43.327Z"}
{"context":"RoutesResolver","level":"info","message":"UsersController {/users}:","timestamp":"2026-05-05T06:16:43.327Z"}
{"context":"RouterExplorer","level":"info","message":"Mapped {/users, POST} route","timestamp":"2026-05-05T06:16:43.327Z"}
{"context":"RouterExplorer","level":"info","message":"Mapped {/users, GET} route","timestamp":"2026-05-05T06:16:43.328Z"}
{"context":"RouterExplorer","level":"info","message":"Mapped {/users/:id, GET} route","timestamp":"2026-05-05T06:16:43.328Z"}
{"context":"RouterExplorer","level":"info","message":"Mapped {/users/:id, PATCH} route","timestamp":"2026-05-05T06:16:43.328Z"}
{"context":"RouterExplorer","level":"info","message":"Mapped {/users/:id, DELETE} route","timestamp":"2026-05-05T06:16:43.329Z"}
{"context":"RoutesResolver","level":"info","message":"WhitelistIpController {/whitelist-ip}:","timestamp":"2026-05-05T06:16:43.329Z"}
{"context":"RouterExplorer","level":"info","message":"Mapped {/whitelist-ip, POST} route","timestamp":"2026-05-05T06:16:43.329Z"}
{"context":"RouterExplorer","level":"info","message":"Mapped {/whitelist-ip, GET} route","timestamp":"2026-05-05T06:16:43.329Z"}
{"context":"RouterExplorer","level":"info","message":"Mapped {/whitelist-ip/:id, GET} route","timestamp":"2026-05-05T06:16:43.329Z"}
{"context":"RouterExplorer","level":"info","message":"Mapped {/whitelist-ip/:id, PATCH} route","timestamp":"2026-05-05T06:16:43.330Z"}
{"context":"RouterExplorer","level":"info","message":"Mapped {/whitelist-ip/:id, DELETE} route","timestamp":"2026-05-05T06:16:43.330Z"}
{"context":"RoutesResolver","level":"info","message":"RolesController {/roles}:","timestamp":"2026-05-05T06:16:43.330Z"}
{"context":"RouterExplorer","level":"info","message":"Mapped {/roles, POST} route","timestamp":"2026-05-05T06:16:43.330Z"}
{"context":"RouterExplorer","level":"info","message":"Mapped {/roles, GET} route","timestamp":"2026-05-05T06:16:43.330Z"}
{"context":"RouterExplorer","level":"info","message":"Mapped {/roles/:id, GET} route","timestamp":"2026-05-05T06:16:43.330Z"}
{"context":"RouterExplorer","level":"info","message":"Mapped {/roles/:id, PATCH} route","timestamp":"2026-05-05T06:16:43.331Z"}
{"context":"RouterExplorer","level":"info","message":"Mapped {/roles/:id, DELETE} route","timestamp":"2026-05-05T06:16:43.331Z"}
{"context":"RoutesResolver","level":"info","message":"PermissionsController {/permissions}:","timestamp":"2026-05-05T06:16:43.331Z"}
{"context":"RouterExplorer","level":"info","message":"Mapped {/permissions, POST} route","timestamp":"2026-05-05T06:16:43.331Z"}
{"context":"RouterExplorer","level":"info","message":"Mapped {/permissions, GET} route","timestamp":"2026-05-05T06:16:43.331Z"}
{"context":"RouterExplorer","level":"info","message":"Mapped {/permissions/:id, PATCH} route","timestamp":"2026-05-05T06:16:43.332Z"}
{"context":"RouterExplorer","level":"info","message":"Mapped {/permissions/:id, DELETE} route","timestamp":"2026-05-05T06:16:43.332Z"}
{"context":"RoutesResolver","level":"info","message":"AuthController {/auth}:","timestamp":"2026-05-05T06:16:43.332Z"}
{"context":"RouterExplorer","level":"info","message":"Mapped {/auth/register, POST} route","timestamp":"2026-05-05T06:16:43.332Z"}
{"context":"RouterExplorer","level":"info","message":"Mapped {/auth/login, POST} route","timestamp":"2026-05-05T06:16:43.332Z"}
{"context":"RouterExplorer","level":"info","message":"Mapped {/auth/refresh, POST} route","timestamp":"2026-05-05T06:16:43.333Z"}
{"context":"RouterExplorer","level":"info","message":"Mapped {/auth/logout, POST} route","timestamp":"2026-05-05T06:16:43.333Z"}
{"context":"RouterExplorer","level":"info","message":"Mapped {/auth/me, GET} route","timestamp":"2026-05-05T06:16:43.333Z"}
{"context":"RouterExplorer","level":"info","message":"Mapped {/auth/me/password, PATCH} route","timestamp":"2026-05-05T06:16:43.333Z"}
{"context":"RoutesResolver","level":"info","message":"AttributeController {/attribute}:","timestamp":"2026-05-05T06:16:43.333Z"}
{"context":"RouterExplorer","level":"info","message":"Mapped {/attribute, POST} route","timestamp":"2026-05-05T06:16:43.333Z"}
{"context":"RouterExplorer","level":"info","message":"Mapped {/attribute, GET} route","timestamp":"2026-05-05T06:16:43.334Z"}
{"context":"RouterExplorer","level":"info","message":"Mapped {/attribute/:id, GET} route","timestamp":"2026-05-05T06:16:43.334Z"}
{"context":"RouterExplorer","level":"info","message":"Mapped {/attribute/:id, PATCH} route","timestamp":"2026-05-05T06:16:43.334Z"}
{"context":"RouterExplorer","level":"info","message":"Mapped {/attribute/:id, DELETE} route","timestamp":"2026-05-05T06:16:43.334Z"}
{"context":"PrismaService","level":"info","message":"Kết nối database thành công","timestamp":"2026-05-05T06:16:43.372Z"}
{"context":"NestApplication","level":"info","message":"Nest application successfully started","timestamp":"2026-05-05T06:16:43.375Z"}
{"level":"info","message":"Khởi tạo ứng dụng...","timestamp":"2026-05-05T06:19:52.755Z"}
{"context":"NestFactory","level":"info","message":"Starting Nest application...","timestamp":"2026-05-05T06:19:52.832Z"}
{"context":"InstanceLoader","level":"info","message":"PassportModule dependencies initialized","timestamp":"2026-05-05T06:19:52.841Z"}
{"context":"InstanceLoader","level":"info","message":"ConfigHostModule dependencies initialized","timestamp":"2026-05-05T06:19:52.842Z"}
{"context":"PrismaService","level":"info","message":"🔌 Prisma Connection String: postgresql://admin:******@localhost:5433/kyc_asset_db?schema=public","timestamp":"2026-05-05T06:19:52.845Z"}
{"context":"InstanceLoader","level":"info","message":"AppModule dependencies initialized","timestamp":"2026-05-05T06:19:52.846Z"}
{"context":"InstanceLoader","level":"info","message":"ConfigModule dependencies initialized","timestamp":"2026-05-05T06:19:52.846Z"}
{"context":"InstanceLoader","level":"info","message":"CommonModule dependencies initialized","timestamp":"2026-05-05T06:19:52.846Z"}
{"context":"InstanceLoader","level":"info","message":"JwtModule dependencies initialized","timestamp":"2026-05-05T06:19:52.847Z"}
{"context":"InstanceLoader","level":"info","message":"PrismaModule dependencies initialized","timestamp":"2026-05-05T06:19:52.847Z"}
{"context":"InstanceLoader","level":"info","message":"WhitelistIpModule dependencies initialized","timestamp":"2026-05-05T06:19:52.849Z"}
{"context":"InstanceLoader","level":"info","message":"AttributeModule dependencies initialized","timestamp":"2026-05-05T06:19:52.849Z"}
{"context":"InstanceLoader","level":"info","message":"UsersModule dependencies initialized","timestamp":"2026-05-05T06:19:52.849Z"}
{"context":"InstanceLoader","level":"info","message":"RolesModule dependencies initialized","timestamp":"2026-05-05T06:19:52.849Z"}
{"context":"InstanceLoader","level":"info","message":"PermissionsModule dependencies initialized","timestamp":"2026-05-05T06:19:52.849Z"}
{"context":"InstanceLoader","level":"info","message":"AuthModule dependencies initialized","timestamp":"2026-05-05T06:19:52.849Z"}
{"context":"RoutesResolver","level":"info","message":"AppController {/}:","timestamp":"2026-05-05T06:19:52.875Z"}
{"context":"RouterExplorer","level":"info","message":"Mapped {/, GET} route","timestamp":"2026-05-05T06:19:52.876Z"}
{"context":"RoutesResolver","level":"info","message":"UsersController {/users}:","timestamp":"2026-05-05T06:19:52.876Z"}
{"context":"RouterExplorer","level":"info","message":"Mapped {/users, POST} route","timestamp":"2026-05-05T06:19:52.877Z"}
{"context":"RouterExplorer","level":"info","message":"Mapped {/users, GET} route","timestamp":"2026-05-05T06:19:52.877Z"}
{"context":"RouterExplorer","level":"info","message":"Mapped {/users/:id, GET} route","timestamp":"2026-05-05T06:19:52.877Z"}
{"context":"RouterExplorer","level":"info","message":"Mapped {/users/:id, PATCH} route","timestamp":"2026-05-05T06:19:52.878Z"}
{"context":"RouterExplorer","level":"info","message":"Mapped {/users/:id, DELETE} route","timestamp":"2026-05-05T06:19:52.878Z"}
{"context":"RoutesResolver","level":"info","message":"WhitelistIpController {/whitelist-ip}:","timestamp":"2026-05-05T06:19:52.878Z"}
{"context":"RouterExplorer","level":"info","message":"Mapped {/whitelist-ip, POST} route","timestamp":"2026-05-05T06:19:52.878Z"}
{"context":"RouterExplorer","level":"info","message":"Mapped {/whitelist-ip, GET} route","timestamp":"2026-05-05T06:19:52.878Z"}
{"context":"RouterExplorer","level":"info","message":"Mapped {/whitelist-ip/:id, GET} route","timestamp":"2026-05-05T06:19:52.879Z"}
{"context":"RouterExplorer","level":"info","message":"Mapped {/whitelist-ip/:id, PATCH} route","timestamp":"2026-05-05T06:19:52.879Z"}
{"context":"RouterExplorer","level":"info","message":"Mapped {/whitelist-ip/:id, DELETE} route","timestamp":"2026-05-05T06:19:52.879Z"}
{"context":"RoutesResolver","level":"info","message":"RolesController {/roles}:","timestamp":"2026-05-05T06:19:52.880Z"}
{"context":"RouterExplorer","level":"info","message":"Mapped {/roles, POST} route","timestamp":"2026-05-05T06:19:52.880Z"}
{"context":"RouterExplorer","level":"info","message":"Mapped {/roles, GET} route","timestamp":"2026-05-05T06:19:52.880Z"}
{"context":"RouterExplorer","level":"info","message":"Mapped {/roles/:id, GET} route","timestamp":"2026-05-05T06:19:52.881Z"}
{"context":"RouterExplorer","level":"info","message":"Mapped {/roles/:id, PATCH} route","timestamp":"2026-05-05T06:19:52.881Z"}
{"context":"RouterExplorer","level":"info","message":"Mapped {/roles/:id, DELETE} route","timestamp":"2026-05-05T06:19:52.881Z"}
{"context":"RoutesResolver","level":"info","message":"PermissionsController {/permissions}:","timestamp":"2026-05-05T06:19:52.881Z"}
{"context":"RouterExplorer","level":"info","message":"Mapped {/permissions, POST} route","timestamp":"2026-05-05T06:19:52.881Z"}
{"context":"RouterExplorer","level":"info","message":"Mapped {/permissions, GET} route","timestamp":"2026-05-05T06:19:52.882Z"}
{"context":"RouterExplorer","level":"info","message":"Mapped {/permissions/:id, PATCH} route","timestamp":"2026-05-05T06:19:52.882Z"}
{"context":"RouterExplorer","level":"info","message":"Mapped {/permissions/:id, DELETE} route","timestamp":"2026-05-05T06:19:52.882Z"}
{"context":"RoutesResolver","level":"info","message":"AuthController {/auth}:","timestamp":"2026-05-05T06:19:52.882Z"}
{"context":"RouterExplorer","level":"info","message":"Mapped {/auth/register, POST} route","timestamp":"2026-05-05T06:19:52.883Z"}
{"context":"RouterExplorer","level":"info","message":"Mapped {/auth/login, POST} route","timestamp":"2026-05-05T06:19:52.883Z"}
{"context":"RouterExplorer","level":"info","message":"Mapped {/auth/refresh, POST} route","timestamp":"2026-05-05T06:19:52.883Z"}
{"context":"RouterExplorer","level":"info","message":"Mapped {/auth/logout, POST} route","timestamp":"2026-05-05T06:19:52.883Z"}
{"context":"RouterExplorer","level":"info","message":"Mapped {/auth/me, GET} route","timestamp":"2026-05-05T06:19:52.883Z"}
{"context":"RouterExplorer","level":"info","message":"Mapped {/auth/me/password, PATCH} route","timestamp":"2026-05-05T06:19:52.884Z"}
{"context":"RoutesResolver","level":"info","message":"AttributeController {/attribute}:","timestamp":"2026-05-05T06:19:52.884Z"}
{"context":"RouterExplorer","level":"info","message":"Mapped {/attribute, POST} route","timestamp":"2026-05-05T06:19:52.884Z"}
{"context":"RouterExplorer","level":"info","message":"Mapped {/attribute, GET} route","timestamp":"2026-05-05T06:19:52.884Z"}
{"context":"RouterExplorer","level":"info","message":"Mapped {/attribute/:id, GET} route","timestamp":"2026-05-05T06:19:52.885Z"}
{"context":"RouterExplorer","level":"info","message":"Mapped {/attribute/:id, PATCH} route","timestamp":"2026-05-05T06:19:52.885Z"}
{"context":"RouterExplorer","level":"info","message":"Mapped {/attribute/:id, DELETE} route","timestamp":"2026-05-05T06:19:52.885Z"}
{"context":"PrismaService","level":"info","message":"Kết nối database thành công","timestamp":"2026-05-05T06:19:52.926Z"}
{"context":"NestApplication","level":"info","message":"Nest application successfully started","timestamp":"2026-05-05T06:19:52.931Z"}
{"level":"info","message":"Khởi tạo ứng dụng...","timestamp":"2026-05-05T06:22:14.708Z"}
{"context":"NestFactory","level":"info","message":"Starting Nest application...","timestamp":"2026-05-05T06:22:14.786Z"}
{"context":"InstanceLoader","level":"info","message":"PassportModule dependencies initialized","timestamp":"2026-05-05T06:22:14.794Z"}
{"context":"InstanceLoader","level":"info","message":"ConfigHostModule dependencies initialized","timestamp":"2026-05-05T06:22:14.795Z"}
{"context":"PrismaService","level":"info","message":"🔌 Prisma Connection String: postgresql://admin:******@localhost:5433/kyc_asset_db?schema=public","timestamp":"2026-05-05T06:22:14.798Z"}
{"context":"InstanceLoader","level":"info","message":"AppModule dependencies initialized","timestamp":"2026-05-05T06:22:14.798Z"}
{"context":"InstanceLoader","level":"info","message":"ConfigModule dependencies initialized","timestamp":"2026-05-05T06:22:14.798Z"}
{"context":"InstanceLoader","level":"info","message":"CommonModule dependencies initialized","timestamp":"2026-05-05T06:22:14.799Z"}
{"context":"InstanceLoader","level":"info","message":"JwtModule dependencies initialized","timestamp":"2026-05-05T06:22:14.799Z"}
{"context":"InstanceLoader","level":"info","message":"PrismaModule dependencies initialized","timestamp":"2026-05-05T06:22:14.800Z"}
{"context":"InstanceLoader","level":"info","message":"WhitelistIpModule dependencies initialized","timestamp":"2026-05-05T06:22:14.801Z"}
{"context":"InstanceLoader","level":"info","message":"AttributeModule dependencies initialized","timestamp":"2026-05-05T06:22:14.801Z"}
{"context":"InstanceLoader","level":"info","message":"UsersModule dependencies initialized","timestamp":"2026-05-05T06:22:14.801Z"}
{"context":"InstanceLoader","level":"info","message":"RolesModule dependencies initialized","timestamp":"2026-05-05T06:22:14.801Z"}
{"context":"InstanceLoader","level":"info","message":"PermissionsModule dependencies initialized","timestamp":"2026-05-05T06:22:14.801Z"}
{"context":"InstanceLoader","level":"info","message":"AuthModule dependencies initialized","timestamp":"2026-05-05T06:22:14.801Z"}
{"context":"RoutesResolver","level":"info","message":"AppController {/}:","timestamp":"2026-05-05T06:22:14.823Z"}
{"context":"RouterExplorer","level":"info","message":"Mapped {/, GET} route","timestamp":"2026-05-05T06:22:14.824Z"}
{"context":"RoutesResolver","level":"info","message":"UsersController {/users}:","timestamp":"2026-05-05T06:22:14.825Z"}
{"context":"RouterExplorer","level":"info","message":"Mapped {/users, POST} route","timestamp":"2026-05-05T06:22:14.825Z"}
{"context":"RouterExplorer","level":"info","message":"Mapped {/users, GET} route","timestamp":"2026-05-05T06:22:14.825Z"}
{"context":"RouterExplorer","level":"info","message":"Mapped {/users/:id, GET} route","timestamp":"2026-05-05T06:22:14.825Z"}
{"context":"RouterExplorer","level":"info","message":"Mapped {/users/:id, PATCH} route","timestamp":"2026-05-05T06:22:14.826Z"}
{"context":"RouterExplorer","level":"info","message":"Mapped {/users/:id, DELETE} route","timestamp":"2026-05-05T06:22:14.826Z"}
{"context":"RoutesResolver","level":"info","message":"WhitelistIpController {/whitelist-ip}:","timestamp":"2026-05-05T06:22:14.826Z"}
{"context":"RouterExplorer","level":"info","message":"Mapped {/whitelist-ip, POST} route","timestamp":"2026-05-05T06:22:14.826Z"}
{"context":"RouterExplorer","level":"info","message":"Mapped {/whitelist-ip, GET} route","timestamp":"2026-05-05T06:22:14.826Z"}
{"context":"RouterExplorer","level":"info","message":"Mapped {/whitelist-ip/:id, GET} route","timestamp":"2026-05-05T06:22:14.826Z"}
{"context":"RouterExplorer","level":"info","message":"Mapped {/whitelist-ip/:id, PATCH} route","timestamp":"2026-05-05T06:22:14.827Z"}
{"context":"RouterExplorer","level":"info","message":"Mapped {/whitelist-ip/:id, DELETE} route","timestamp":"2026-05-05T06:22:14.827Z"}
{"context":"RoutesResolver","level":"info","message":"RolesController {/roles}:","timestamp":"2026-05-05T06:22:14.827Z"}
{"context":"RouterExplorer","level":"info","message":"Mapped {/roles, POST} route","timestamp":"2026-05-05T06:22:14.828Z"}
{"context":"RouterExplorer","level":"info","message":"Mapped {/roles, GET} route","timestamp":"2026-05-05T06:22:14.828Z"}
{"context":"RouterExplorer","level":"info","message":"Mapped {/roles/:id, GET} route","timestamp":"2026-05-05T06:22:14.828Z"}
{"context":"RouterExplorer","level":"info","message":"Mapped {/roles/:id, PATCH} route","timestamp":"2026-05-05T06:22:14.828Z"}
{"context":"RouterExplorer","level":"info","message":"Mapped {/roles/:id, DELETE} route","timestamp":"2026-05-05T06:22:14.829Z"}
{"context":"RoutesResolver","level":"info","message":"PermissionsController {/permissions}:","timestamp":"2026-05-05T06:22:14.829Z"}
{"context":"RouterExplorer","level":"info","message":"Mapped {/permissions, POST} route","timestamp":"2026-05-05T06:22:14.829Z"}
{"context":"RouterExplorer","level":"info","message":"Mapped {/permissions, GET} route","timestamp":"2026-05-05T06:22:14.829Z"}
{"context":"RouterExplorer","level":"info","message":"Mapped {/permissions/:id, PATCH} route","timestamp":"2026-05-05T06:22:14.829Z"}
{"context":"RouterExplorer","level":"info","message":"Mapped {/permissions/:id, DELETE} route","timestamp":"2026-05-05T06:22:14.829Z"}
{"context":"RoutesResolver","level":"info","message":"AuthController {/auth}:","timestamp":"2026-05-05T06:22:14.830Z"}
{"context":"RouterExplorer","level":"info","message":"Mapped {/auth/register, POST} route","timestamp":"2026-05-05T06:22:14.830Z"}
{"context":"RouterExplorer","level":"info","message":"Mapped {/auth/login, POST} route","timestamp":"2026-05-05T06:22:14.830Z"}
{"context":"RouterExplorer","level":"info","message":"Mapped {/auth/refresh, POST} route","timestamp":"2026-05-05T06:22:14.830Z"}
{"context":"RouterExplorer","level":"info","message":"Mapped {/auth/logout, POST} route","timestamp":"2026-05-05T06:22:14.830Z"}
{"context":"RouterExplorer","level":"info","message":"Mapped {/auth/me, GET} route","timestamp":"2026-05-05T06:22:14.831Z"}
{"context":"RouterExplorer","level":"info","message":"Mapped {/auth/me/password, PATCH} route","timestamp":"2026-05-05T06:22:14.831Z"}
{"context":"RoutesResolver","level":"info","message":"AttributeController {/attribute}:","timestamp":"2026-05-05T06:22:14.831Z"}
{"context":"RouterExplorer","level":"info","message":"Mapped {/attribute, POST} route","timestamp":"2026-05-05T06:22:14.831Z"}
{"context":"RouterExplorer","level":"info","message":"Mapped {/attribute, GET} route","timestamp":"2026-05-05T06:22:14.831Z"}
{"context":"RouterExplorer","level":"info","message":"Mapped {/attribute/:id, GET} route","timestamp":"2026-05-05T06:22:14.832Z"}
{"context":"RouterExplorer","level":"info","message":"Mapped {/attribute/:id, PATCH} route","timestamp":"2026-05-05T06:22:14.832Z"}
{"context":"RouterExplorer","level":"info","message":"Mapped {/attribute/:id, DELETE} route","timestamp":"2026-05-05T06:22:14.832Z"}
{"context":"PrismaService","level":"info","message":"Kết nối database thành công","timestamp":"2026-05-05T06:22:14.871Z"}
{"context":"NestApplication","level":"info","message":"Nest application successfully started","timestamp":"2026-05-05T06:22:14.874Z"}
{"level":"info","message":"Khởi tạo ứng dụng...","timestamp":"2026-05-05T06:22:16.877Z"}
{"context":"NestFactory","level":"info","message":"Starting Nest application...","timestamp":"2026-05-05T06:22:16.948Z"}
{"context":"InstanceLoader","level":"info","message":"PassportModule dependencies initialized","timestamp":"2026-05-05T06:22:16.955Z"}
{"context":"InstanceLoader","level":"info","message":"ConfigHostModule dependencies initialized","timestamp":"2026-05-05T06:22:16.956Z"}
{"context":"PrismaService","level":"info","message":"🔌 Prisma Connection String: postgresql://admin:******@localhost:5433/kyc_asset_db?schema=public","timestamp":"2026-05-05T06:22:16.958Z"}
{"context":"InstanceLoader","level":"info","message":"AppModule dependencies initialized","timestamp":"2026-05-05T06:22:16.958Z"}
{"context":"InstanceLoader","level":"info","message":"ConfigModule dependencies initialized","timestamp":"2026-05-05T06:22:16.958Z"}
{"context":"InstanceLoader","level":"info","message":"CommonModule dependencies initialized","timestamp":"2026-05-05T06:22:16.958Z"}
{"context":"InstanceLoader","level":"info","message":"JwtModule dependencies initialized","timestamp":"2026-05-05T06:22:16.959Z"}
{"context":"InstanceLoader","level":"info","message":"PrismaModule dependencies initialized","timestamp":"2026-05-05T06:22:16.959Z"}
{"context":"InstanceLoader","level":"info","message":"WhitelistIpModule dependencies initialized","timestamp":"2026-05-05T06:22:16.960Z"}
{"context":"InstanceLoader","level":"info","message":"AttributeModule dependencies initialized","timestamp":"2026-05-05T06:22:16.960Z"}
{"context":"InstanceLoader","level":"info","message":"UsersModule dependencies initialized","timestamp":"2026-05-05T06:22:16.961Z"}
{"context":"InstanceLoader","level":"info","message":"RolesModule dependencies initialized","timestamp":"2026-05-05T06:22:16.961Z"}
{"context":"InstanceLoader","level":"info","message":"PermissionsModule dependencies initialized","timestamp":"2026-05-05T06:22:16.961Z"}
{"context":"InstanceLoader","level":"info","message":"AuthModule dependencies initialized","timestamp":"2026-05-05T06:22:16.961Z"}
{"context":"RoutesResolver","level":"info","message":"AppController {/}:","timestamp":"2026-05-05T06:22:16.984Z"}
{"context":"RouterExplorer","level":"info","message":"Mapped {/, GET} route","timestamp":"2026-05-05T06:22:16.985Z"}
{"context":"RoutesResolver","level":"info","message":"UsersController {/users}:","timestamp":"2026-05-05T06:22:16.985Z"}
{"context":"RouterExplorer","level":"info","message":"Mapped {/users, POST} route","timestamp":"2026-05-05T06:22:16.985Z"}
{"context":"RouterExplorer","level":"info","message":"Mapped {/users, GET} route","timestamp":"2026-05-05T06:22:16.985Z"}
{"context":"RouterExplorer","level":"info","message":"Mapped {/users/:id, GET} route","timestamp":"2026-05-05T06:22:16.986Z"}
{"context":"RouterExplorer","level":"info","message":"Mapped {/users/:id, PATCH} route","timestamp":"2026-05-05T06:22:16.986Z"}
{"context":"RouterExplorer","level":"info","message":"Mapped {/users/:id, DELETE} route","timestamp":"2026-05-05T06:22:16.986Z"}
{"context":"RoutesResolver","level":"info","message":"WhitelistIpController {/whitelist-ip}:","timestamp":"2026-05-05T06:22:16.986Z"}
{"context":"RouterExplorer","level":"info","message":"Mapped {/whitelist-ip, POST} route","timestamp":"2026-05-05T06:22:16.986Z"}
{"context":"RouterExplorer","level":"info","message":"Mapped {/whitelist-ip, GET} route","timestamp":"2026-05-05T06:22:16.987Z"}
{"context":"RouterExplorer","level":"info","message":"Mapped {/whitelist-ip/:id, GET} route","timestamp":"2026-05-05T06:22:16.987Z"}
{"context":"RouterExplorer","level":"info","message":"Mapped {/whitelist-ip/:id, PATCH} route","timestamp":"2026-05-05T06:22:16.987Z"}
{"context":"RouterExplorer","level":"info","message":"Mapped {/whitelist-ip/:id, DELETE} route","timestamp":"2026-05-05T06:22:16.987Z"}
{"context":"RoutesResolver","level":"info","message":"RolesController {/roles}:","timestamp":"2026-05-05T06:22:16.987Z"}
{"context":"RouterExplorer","level":"info","message":"Mapped {/roles, POST} route","timestamp":"2026-05-05T06:22:16.987Z"}
{"context":"RouterExplorer","level":"info","message":"Mapped {/roles, GET} route","timestamp":"2026-05-05T06:22:16.988Z"}
{"context":"RouterExplorer","level":"info","message":"Mapped {/roles/:id, GET} route","timestamp":"2026-05-05T06:22:16.988Z"}
{"context":"RouterExplorer","level":"info","message":"Mapped {/roles/:id, PATCH} route","timestamp":"2026-05-05T06:22:16.988Z"}
{"context":"RouterExplorer","level":"info","message":"Mapped {/roles/:id, DELETE} route","timestamp":"2026-05-05T06:22:16.988Z"}
{"context":"RoutesResolver","level":"info","message":"PermissionsController {/permissions}:","timestamp":"2026-05-05T06:22:16.988Z"}
{"context":"RouterExplorer","level":"info","message":"Mapped {/permissions, POST} route","timestamp":"2026-05-05T06:22:16.988Z"}
{"context":"RouterExplorer","level":"info","message":"Mapped {/permissions, GET} route","timestamp":"2026-05-05T06:22:16.989Z"}
{"context":"RouterExplorer","level":"info","message":"Mapped {/permissions/:id, PATCH} route","timestamp":"2026-05-05T06:22:16.989Z"}
{"context":"RouterExplorer","level":"info","message":"Mapped {/permissions/:id, DELETE} route","timestamp":"2026-05-05T06:22:16.989Z"}
{"context":"RoutesResolver","level":"info","message":"AuthController {/auth}:","timestamp":"2026-05-05T06:22:16.989Z"}
{"context":"RouterExplorer","level":"info","message":"Mapped {/auth/register, POST} route","timestamp":"2026-05-05T06:22:16.989Z"}
{"context":"RouterExplorer","level":"info","message":"Mapped {/auth/login, POST} route","timestamp":"2026-05-05T06:22:16.989Z"}
{"context":"RouterExplorer","level":"info","message":"Mapped {/auth/refresh, POST} route","timestamp":"2026-05-05T06:22:16.990Z"}
{"context":"RouterExplorer","level":"info","message":"Mapped {/auth/logout, POST} route","timestamp":"2026-05-05T06:22:16.990Z"}
{"context":"RouterExplorer","level":"info","message":"Mapped {/auth/me, GET} route","timestamp":"2026-05-05T06:22:16.990Z"}
{"context":"RouterExplorer","level":"info","message":"Mapped {/auth/me/password, PATCH} route","timestamp":"2026-05-05T06:22:16.990Z"}
{"context":"RoutesResolver","level":"info","message":"AttributeController {/attribute}:","timestamp":"2026-05-05T06:22:16.990Z"}
{"context":"RouterExplorer","level":"info","message":"Mapped {/attribute, POST} route","timestamp":"2026-05-05T06:22:16.990Z"}
{"context":"RouterExplorer","level":"info","message":"Mapped {/attribute, GET} route","timestamp":"2026-05-05T06:22:16.990Z"}
{"context":"RouterExplorer","level":"info","message":"Mapped {/attribute/:id, GET} route","timestamp":"2026-05-05T06:22:16.991Z"}
{"context":"RouterExplorer","level":"info","message":"Mapped {/attribute/:id, PATCH} route","timestamp":"2026-05-05T06:22:16.991Z"}
{"context":"RouterExplorer","level":"info","message":"Mapped {/attribute/:id, DELETE} route","timestamp":"2026-05-05T06:22:16.991Z"}
{"context":"PrismaService","level":"info","message":"Kết nối database thành công","timestamp":"2026-05-05T06:22:17.028Z"}
{"context":"NestApplication","level":"info","message":"Nest application successfully started","timestamp":"2026-05-05T06:22:17.032Z"}
{"context":"LoggerMiddleware","level":"warn","message":"[RequestID: a5e49e22-3fff-46a0-97f5-a17e5ac68b65] GET /.well-known/appspecific/com.chrome.devtools.json | Status: 404 | Duration: 1ms | IP: ::1 | UserAgent: Mozilla/5.0 (Windows NT 10.0; Win64; x64) AppleWebKit/537.36 (KHTML, like Gecko) Chrome/147.0.0.0 Safari/537.36","requestId":"a5e49e22-3fff-46a0-97f5-a17e5ac68b65","timestamp":"2026-05-05T06:22:35.873Z"}
{"context":"AccessTokenGuard","level":"info","message":"isPublic: true","requestId":"f2538de0-e373-42ed-8bbb-59a2f1b5838a","timestamp":"2026-05-05T06:22:56.004Z"}
{"context":"AccessTokenGuard","level":"info","message":"Public route, skipping authentication","requestId":"f2538de0-e373-42ed-8bbb-59a2f1b5838a","timestamp":"2026-05-05T06:22:56.005Z"}
{"context":"LoggerMiddleware","level":"warn","message":"[RequestID: f2538de0-e373-42ed-8bbb-59a2f1b5838a] POST /auth/login | Status: 401 | Duration: 67ms | IP: ::1 | UserAgent: Mozilla/5.0 (Windows NT 10.0; Win64; x64) AppleWebKit/537.36 (KHTML, like Gecko) Chrome/147.0.0.0 Safari/537.36","requestId":"f2538de0-e373-42ed-8bbb-59a2f1b5838a","timestamp":"2026-05-05T06:22:56.071Z"}
{"context":"AccessTokenGuard","level":"info","message":"isPublic: true","requestId":"43ed23d2-2223-425d-8f14-bd206ec7adf0","timestamp":"2026-05-05T06:23:14.969Z"}
{"context":"AccessTokenGuard","level":"info","message":"Public route, skipping authentication","requestId":"43ed23d2-2223-425d-8f14-bd206ec7adf0","timestamp":"2026-05-05T06:23:14.970Z"}
{"context":"LoggerMiddleware","level":"info","message":"[RequestID: 43ed23d2-2223-425d-8f14-bd206ec7adf0] POST /auth/login | Status: 201 | Duration: 76ms | IP: ::1 | UserAgent: Mozilla/5.0 (Windows NT 10.0; Win64; x64) AppleWebKit/537.36 (KHTML, like Gecko) Chrome/147.0.0.0 Safari/537.36","requestId":"43ed23d2-2223-425d-8f14-bd206ec7adf0","timestamp":"2026-05-05T06:23:15.046Z"}
{"context":"AccessTokenGuard","level":"info","message":"isPublic: undefined","requestId":"db76ec93-e778-44ef-bd2a-6b63b3dfd51d","timestamp":"2026-05-05T06:23:30.213Z"}
{"context":"AccessTokenStrategy","level":"info","message":"user: {\"id\":\"cc6d2974-22cf-4b0b-9590-4b701cfa3c00\",\"username\":\"customer_001\",\"hashed_password\":\"scrypt:61b7465b5cc602c81ecaa66e31f0f570:064a122e33f58ab9bedcc806f62492b81e4451665c71c7dc3a5afd28b63aa6017713b59fb84dc9594c530b3bbe79c2bf5c738ae510f3152bf09f34a3b6d02482\",\"displayName\":\"Nguyễn Văn A\",\"token_version\":5,\"isActive\":true,\"createdAt\":\"2026-05-03T15:37:18.203Z\",\"updatedAt\":\"2026-05-04T09:10:04.759Z\",\"deletedAt\":null,\"roles\":[]}","requestId":"db76ec93-e778-44ef-bd2a-6b63b3dfd51d","timestamp":"2026-05-05T06:23:30.227Z"}
{"context":"LoggerMiddleware","level":"info","message":"[RequestID: db76ec93-e778-44ef-bd2a-6b63b3dfd51d] GET /whitelist-ip?page=1&limit=10&sortOrder=asc | Status: 200 | Duration: 25ms | IP: ::1 | UserAgent: Mozilla/5.0 (Windows NT 10.0; Win64; x64) AppleWebKit/537.36 (KHTML, like Gecko) Chrome/147.0.0.0 Safari/537.36","requestId":"db76ec93-e778-44ef-bd2a-6b63b3dfd51d","timestamp":"2026-05-05T06:23:30.238Z"}
{"context":"AccessTokenGuard","level":"info","message":"isPublic: undefined","requestId":"98618150-9609-4ff6-825d-8bba0327f871","timestamp":"2026-05-05T06:23:40.875Z"}
{"context":"AccessTokenStrategy","level":"info","message":"user: {\"id\":\"cc6d2974-22cf-4b0b-9590-4b701cfa3c00\",\"username\":\"customer_001\",\"hashed_password\":\"scrypt:61b7465b5cc602c81ecaa66e31f0f570:064a122e33f58ab9bedcc806f62492b81e4451665c71c7dc3a5afd28b63aa6017713b59fb84dc9594c530b3bbe79c2bf5c738ae510f3152bf09f34a3b6d02482\",\"displayName\":\"Nguyễn Văn A\",\"token_version\":5,\"isActive\":true,\"createdAt\":\"2026-05-03T15:37:18.203Z\",\"updatedAt\":\"2026-05-04T09:10:04.759Z\",\"deletedAt\":null,\"roles\":[]}","requestId":"98618150-9609-4ff6-825d-8bba0327f871","timestamp":"2026-05-05T06:23:40.889Z"}
{"context":"LoggerMiddleware","level":"warn","message":"[RequestID: 98618150-9609-4ff6-825d-8bba0327f871] POST /whitelist-ip | Status: 409 | Duration: 34ms | IP: ::1 | UserAgent: Mozilla/5.0 (Windows NT 10.0; Win64; x64) AppleWebKit/537.36 (KHTML, like Gecko) Chrome/147.0.0.0 Safari/537.36","requestId":"98618150-9609-4ff6-825d-8bba0327f871","timestamp":"2026-05-05T06:23:40.909Z"}
{"context":"AccessTokenGuard","level":"info","message":"isPublic: undefined","requestId":"a17f4f29-b736-401f-b4b9-47355f1aa609","timestamp":"2026-05-05T06:25:25.089Z"}
{"context":"AccessTokenStrategy","level":"info","message":"user: {\"id\":\"cc6d2974-22cf-4b0b-9590-4b701cfa3c00\",\"username\":\"customer_001\",\"hashed_password\":\"scrypt:61b7465b5cc602c81ecaa66e31f0f570:064a122e33f58ab9bedcc806f62492b81e4451665c71c7dc3a5afd28b63aa6017713b59fb84dc9594c530b3bbe79c2bf5c738ae510f3152bf09f34a3b6d02482\",\"displayName\":\"Nguyễn Văn A\",\"token_version\":5,\"isActive\":true,\"createdAt\":\"2026-05-03T15:37:18.203Z\",\"updatedAt\":\"2026-05-04T09:10:04.759Z\",\"deletedAt\":null,\"roles\":[]}","requestId":"a17f4f29-b736-401f-b4b9-47355f1aa609","timestamp":"2026-05-05T06:25:25.105Z"}
{"context":"LoggerMiddleware","level":"warn","message":"[RequestID: a17f4f29-b736-401f-b4b9-47355f1aa609] POST /whitelist-ip | Status: 409 | Duration: 22ms | IP: ::1 | UserAgent: Mozilla/5.0 (Windows NT 10.0; Win64; x64) AppleWebKit/537.36 (KHTML, like Gecko) Chrome/147.0.0.0 Safari/537.36","requestId":"a17f4f29-b736-401f-b4b9-47355f1aa609","timestamp":"2026-05-05T06:25:25.111Z"}
{"context":"AccessTokenGuard","level":"info","message":"isPublic: undefined","requestId":"b66d215c-a4c6-4b04-88fc-eafe21b6bb49","timestamp":"2026-05-05T06:26:27.012Z"}
{"context":"AccessTokenStrategy","level":"info","message":"user: {\"id\":\"cc6d2974-22cf-4b0b-9590-4b701cfa3c00\",\"username\":\"customer_001\",\"hashed_password\":\"scrypt:61b7465b5cc602c81ecaa66e31f0f570:064a122e33f58ab9bedcc806f62492b81e4451665c71c7dc3a5afd28b63aa6017713b59fb84dc9594c530b3bbe79c2bf5c738ae510f3152bf09f34a3b6d02482\",\"displayName\":\"Nguyễn Văn A\",\"token_version\":5,\"isActive\":true,\"createdAt\":\"2026-05-03T15:37:18.203Z\",\"updatedAt\":\"2026-05-04T09:10:04.759Z\",\"deletedAt\":null,\"roles\":[]}","requestId":"b66d215c-a4c6-4b04-88fc-eafe21b6bb49","timestamp":"2026-05-05T06:26:27.024Z"}
{"context":"LoggerMiddleware","level":"warn","message":"[RequestID: b66d215c-a4c6-4b04-88fc-eafe21b6bb49] POST /whitelist-ip | Status: 409 | Duration: 15ms | IP: ::1 | UserAgent: Mozilla/5.0 (Windows NT 10.0; Win64; x64) AppleWebKit/537.36 (KHTML, like Gecko) Chrome/147.0.0.0 Safari/537.36","requestId":"b66d215c-a4c6-4b04-88fc-eafe21b6bb49","timestamp":"2026-05-05T06:26:27.027Z"}
{"level":"info","message":"Khởi tạo ứng dụng...","timestamp":"2026-05-05T06:30:14.061Z"}
{"context":"NestFactory","level":"info","message":"Starting Nest application...","timestamp":"2026-05-05T06:30:14.134Z"}
{"context":"InstanceLoader","level":"info","message":"PassportModule dependencies initialized","timestamp":"2026-05-05T06:30:14.141Z"}
{"context":"InstanceLoader","level":"info","message":"ConfigHostModule dependencies initialized","timestamp":"2026-05-05T06:30:14.142Z"}
{"context":"PrismaService","level":"info","message":"🔌 Prisma Connection String: postgresql://admin:******@localhost:5433/kyc_asset_db?schema=public","timestamp":"2026-05-05T06:30:14.145Z"}
{"context":"InstanceLoader","level":"info","message":"AppModule dependencies initialized","timestamp":"2026-05-05T06:30:14.145Z"}
{"context":"InstanceLoader","level":"info","message":"ConfigModule dependencies initialized","timestamp":"2026-05-05T06:30:14.146Z"}
{"context":"InstanceLoader","level":"info","message":"CommonModule dependencies initialized","timestamp":"2026-05-05T06:30:14.146Z"}
{"context":"InstanceLoader","level":"info","message":"JwtModule dependencies initialized","timestamp":"2026-05-05T06:30:14.147Z"}
{"context":"InstanceLoader","level":"info","message":"PrismaModule dependencies initialized","timestamp":"2026-05-05T06:30:14.147Z"}
{"context":"InstanceLoader","level":"info","message":"WhitelistIpModule dependencies initialized","timestamp":"2026-05-05T06:30:14.148Z"}
{"context":"InstanceLoader","level":"info","message":"AttributeModule dependencies initialized","timestamp":"2026-05-05T06:30:14.148Z"}
{"context":"InstanceLoader","level":"info","message":"UsersModule dependencies initialized","timestamp":"2026-05-05T06:30:14.149Z"}
{"context":"InstanceLoader","level":"info","message":"RolesModule dependencies initialized","timestamp":"2026-05-05T06:30:14.149Z"}
{"context":"InstanceLoader","level":"info","message":"PermissionsModule dependencies initialized","timestamp":"2026-05-05T06:30:14.149Z"}
{"context":"InstanceLoader","level":"info","message":"AuthModule dependencies initialized","timestamp":"2026-05-05T06:30:14.149Z"}
{"context":"RoutesResolver","level":"info","message":"AppController {/}:","timestamp":"2026-05-05T06:30:14.171Z"}
{"context":"RouterExplorer","level":"info","message":"Mapped {/, GET} route","timestamp":"2026-05-05T06:30:14.172Z"}
{"context":"RoutesResolver","level":"info","message":"UsersController {/users}:","timestamp":"2026-05-05T06:30:14.172Z"}
{"context":"RouterExplorer","level":"info","message":"Mapped {/users, POST} route","timestamp":"2026-05-05T06:30:14.173Z"}
{"context":"RouterExplorer","level":"info","message":"Mapped {/users, GET} route","timestamp":"2026-05-05T06:30:14.173Z"}
{"context":"RouterExplorer","level":"info","message":"Mapped {/users/:id, GET} route","timestamp":"2026-05-05T06:30:14.173Z"}
{"context":"RouterExplorer","level":"info","message":"Mapped {/users/:id, PATCH} route","timestamp":"2026-05-05T06:30:14.173Z"}
{"context":"RouterExplorer","level":"info","message":"Mapped {/users/:id, DELETE} route","timestamp":"2026-05-05T06:30:14.173Z"}
{"context":"RoutesResolver","level":"info","message":"WhitelistIpController {/whitelist-ip}:","timestamp":"2026-05-05T06:30:14.173Z"}
{"context":"RouterExplorer","level":"info","message":"Mapped {/whitelist-ip, POST} route","timestamp":"2026-05-05T06:30:14.174Z"}
{"context":"RouterExplorer","level":"info","message":"Mapped {/whitelist-ip, GET} route","timestamp":"2026-05-05T06:30:14.174Z"}
{"context":"RouterExplorer","level":"info","message":"Mapped {/whitelist-ip/:id, GET} route","timestamp":"2026-05-05T06:30:14.174Z"}
{"context":"RouterExplorer","level":"info","message":"Mapped {/whitelist-ip/:id, PATCH} route","timestamp":"2026-05-05T06:30:14.174Z"}
{"context":"RouterExplorer","level":"info","message":"Mapped {/whitelist-ip/:id, DELETE} route","timestamp":"2026-05-05T06:30:14.174Z"}
{"context":"RoutesResolver","level":"info","message":"RolesController {/roles}:","timestamp":"2026-05-05T06:30:14.175Z"}
{"context":"RouterExplorer","level":"info","message":"Mapped {/roles, POST} route","timestamp":"2026-05-05T06:30:14.175Z"}
{"context":"RouterExplorer","level":"info","message":"Mapped {/roles, GET} route","timestamp":"2026-05-05T06:30:14.175Z"}
{"context":"RouterExplorer","level":"info","message":"Mapped {/roles/:id, GET} route","timestamp":"2026-05-05T06:30:14.175Z"}
{"context":"RouterExplorer","level":"info","message":"Mapped {/roles/:id, PATCH} route","timestamp":"2026-05-05T06:30:14.175Z"}
{"context":"RouterExplorer","level":"info","message":"Mapped {/roles/:id, DELETE} route","timestamp":"2026-05-05T06:30:14.175Z"}
{"context":"RoutesResolver","level":"info","message":"PermissionsController {/permissions}:","timestamp":"2026-05-05T06:30:14.175Z"}
{"context":"RouterExplorer","level":"info","message":"Mapped {/permissions, POST} route","timestamp":"2026-05-05T06:30:14.175Z"}
{"context":"RouterExplorer","level":"info","message":"Mapped {/permissions, GET} route","timestamp":"2026-05-05T06:30:14.176Z"}
{"context":"RouterExplorer","level":"info","message":"Mapped {/permissions/:id, PATCH} route","timestamp":"2026-05-05T06:30:14.176Z"}
{"context":"RouterExplorer","level":"info","message":"Mapped {/permissions/:id, DELETE} route","timestamp":"2026-05-05T06:30:14.176Z"}
{"context":"RoutesResolver","level":"info","message":"AuthController {/auth}:","timestamp":"2026-05-05T06:30:14.176Z"}
{"context":"RouterExplorer","level":"info","message":"Mapped {/auth/register, POST} route","timestamp":"2026-05-05T06:30:14.176Z"}
{"context":"RouterExplorer","level":"info","message":"Mapped {/auth/login, POST} route","timestamp":"2026-05-05T06:30:14.176Z"}
{"context":"RouterExplorer","level":"info","message":"Mapped {/auth/refresh, POST} route","timestamp":"2026-05-05T06:30:14.177Z"}
{"context":"RouterExplorer","level":"info","message":"Mapped {/auth/logout, POST} route","timestamp":"2026-05-05T06:30:14.177Z"}
{"context":"RouterExplorer","level":"info","message":"Mapped {/auth/me, GET} route","timestamp":"2026-05-05T06:30:14.177Z"}
{"context":"RouterExplorer","level":"info","message":"Mapped {/auth/me/password, PATCH} route","timestamp":"2026-05-05T06:30:14.177Z"}
{"context":"RoutesResolver","level":"info","message":"AttributeController {/attribute}:","timestamp":"2026-05-05T06:30:14.177Z"}
{"context":"RouterExplorer","level":"info","message":"Mapped {/attribute, POST} route","timestamp":"2026-05-05T06:30:14.178Z"}
{"context":"RouterExplorer","level":"info","message":"Mapped {/attribute, GET} route","timestamp":"2026-05-05T06:30:14.178Z"}
{"context":"RouterExplorer","level":"info","message":"Mapped {/attribute/:id, GET} route","timestamp":"2026-05-05T06:30:14.178Z"}
{"context":"RouterExplorer","level":"info","message":"Mapped {/attribute/:id, PATCH} route","timestamp":"2026-05-05T06:30:14.178Z"}
{"context":"RouterExplorer","level":"info","message":"Mapped {/attribute/:id, DELETE} route","timestamp":"2026-05-05T06:30:14.178Z"}
{"context":"PrismaService","level":"info","message":"Kết nối database thành công","timestamp":"2026-05-05T06:30:14.216Z"}
{"context":"NestApplication","level":"info","message":"Nest application successfully started","timestamp":"2026-05-05T06:30:14.219Z"}
{"level":"info","message":"Khởi tạo ứng dụng...","timestamp":"2026-05-05T06:30:58.502Z"}
{"context":"NestFactory","level":"info","message":"Starting Nest application...","timestamp":"2026-05-05T06:30:58.571Z"}
{"context":"InstanceLoader","level":"info","message":"PassportModule dependencies initialized","timestamp":"2026-05-05T06:30:58.579Z"}
{"context":"InstanceLoader","level":"info","message":"ConfigHostModule dependencies initialized","timestamp":"2026-05-05T06:30:58.580Z"}
{"context":"PrismaService","level":"info","message":"🔌 Prisma Connection String: postgresql://admin:******@localhost:5433/kyc_asset_db?schema=public","timestamp":"2026-05-05T06:30:58.583Z"}
{"context":"InstanceLoader","level":"info","message":"AppModule dependencies initialized","timestamp":"2026-05-05T06:30:58.583Z"}
{"context":"InstanceLoader","level":"info","message":"ConfigModule dependencies initialized","timestamp":"2026-05-05T06:30:58.583Z"}
{"context":"InstanceLoader","level":"info","message":"CommonModule dependencies initialized","timestamp":"2026-05-05T06:30:58.584Z"}
{"context":"InstanceLoader","level":"info","message":"JwtModule dependencies initialized","timestamp":"2026-05-05T06:30:58.584Z"}
{"context":"InstanceLoader","level":"info","message":"PrismaModule dependencies initialized","timestamp":"2026-05-05T06:30:58.584Z"}
{"context":"InstanceLoader","level":"info","message":"WhitelistIpModule dependencies initialized","timestamp":"2026-05-05T06:30:58.586Z"}
{"context":"InstanceLoader","level":"info","message":"AttributeModule dependencies initialized","timestamp":"2026-05-05T06:30:58.586Z"}
{"context":"InstanceLoader","level":"info","message":"UsersModule dependencies initialized","timestamp":"2026-05-05T06:30:58.586Z"}
{"context":"InstanceLoader","level":"info","message":"RolesModule dependencies initialized","timestamp":"2026-05-05T06:30:58.586Z"}
{"context":"InstanceLoader","level":"info","message":"PermissionsModule dependencies initialized","timestamp":"2026-05-05T06:30:58.586Z"}
{"context":"InstanceLoader","level":"info","message":"AuthModule dependencies initialized","timestamp":"2026-05-05T06:30:58.586Z"}
{"context":"RoutesResolver","level":"info","message":"AppController {/}:","timestamp":"2026-05-05T06:30:58.608Z"}
{"context":"RouterExplorer","level":"info","message":"Mapped {/, GET} route","timestamp":"2026-05-05T06:30:58.609Z"}
{"context":"RoutesResolver","level":"info","message":"UsersController {/users}:","timestamp":"2026-05-05T06:30:58.609Z"}
{"context":"RouterExplorer","level":"info","message":"Mapped {/users, POST} route","timestamp":"2026-05-05T06:30:58.610Z"}
{"context":"RouterExplorer","level":"info","message":"Mapped {/users, GET} route","timestamp":"2026-05-05T06:30:58.610Z"}
{"context":"RouterExplorer","level":"info","message":"Mapped {/users/:id, GET} route","timestamp":"2026-05-05T06:30:58.610Z"}
{"context":"RouterExplorer","level":"info","message":"Mapped {/users/:id, PATCH} route","timestamp":"2026-05-05T06:30:58.610Z"}
{"context":"RouterExplorer","level":"info","message":"Mapped {/users/:id, DELETE} route","timestamp":"2026-05-05T06:30:58.611Z"}
{"context":"RoutesResolver","level":"info","message":"WhitelistIpController {/whitelist-ip}:","timestamp":"2026-05-05T06:30:58.611Z"}
{"context":"RouterExplorer","level":"info","message":"Mapped {/whitelist-ip, POST} route","timestamp":"2026-05-05T06:30:58.611Z"}
{"context":"RouterExplorer","level":"info","message":"Mapped {/whitelist-ip, GET} route","timestamp":"2026-05-05T06:30:58.611Z"}
{"context":"RouterExplorer","level":"info","message":"Mapped {/whitelist-ip/:id, GET} route","timestamp":"2026-05-05T06:30:58.611Z"}
{"context":"RouterExplorer","level":"info","message":"Mapped {/whitelist-ip/:id, PATCH} route","timestamp":"2026-05-05T06:30:58.612Z"}
{"context":"RouterExplorer","level":"info","message":"Mapped {/whitelist-ip/:id, DELETE} route","timestamp":"2026-05-05T06:30:58.612Z"}
{"context":"RoutesResolver","level":"info","message":"RolesController {/roles}:","timestamp":"2026-05-05T06:30:58.612Z"}
{"context":"RouterExplorer","level":"info","message":"Mapped {/roles, POST} route","timestamp":"2026-05-05T06:30:58.612Z"}
{"context":"RouterExplorer","level":"info","message":"Mapped {/roles, GET} route","timestamp":"2026-05-05T06:30:58.612Z"}
{"context":"RouterExplorer","level":"info","message":"Mapped {/roles/:id, GET} route","timestamp":"2026-05-05T06:30:58.612Z"}
{"context":"RouterExplorer","level":"info","message":"Mapped {/roles/:id, PATCH} route","timestamp":"2026-05-05T06:30:58.612Z"}
{"context":"RouterExplorer","level":"info","message":"Mapped {/roles/:id, DELETE} route","timestamp":"2026-05-05T06:30:58.613Z"}
{"context":"RoutesResolver","level":"info","message":"PermissionsController {/permissions}:","timestamp":"2026-05-05T06:30:58.613Z"}
{"context":"RouterExplorer","level":"info","message":"Mapped {/permissions, POST} route","timestamp":"2026-05-05T06:30:58.613Z"}
{"context":"RouterExplorer","level":"info","message":"Mapped {/permissions, GET} route","timestamp":"2026-05-05T06:30:58.613Z"}
{"context":"RouterExplorer","level":"info","message":"Mapped {/permissions/:id, PATCH} route","timestamp":"2026-05-05T06:30:58.613Z"}
{"context":"RouterExplorer","level":"info","message":"Mapped {/permissions/:id, DELETE} route","timestamp":"2026-05-05T06:30:58.614Z"}
{"context":"RoutesResolver","level":"info","message":"AuthController {/auth}:","timestamp":"2026-05-05T06:30:58.614Z"}
{"context":"RouterExplorer","level":"info","message":"Mapped {/auth/register, POST} route","timestamp":"2026-05-05T06:30:58.614Z"}
{"context":"RouterExplorer","level":"info","message":"Mapped {/auth/login, POST} route","timestamp":"2026-05-05T06:30:58.614Z"}
{"context":"RouterExplorer","level":"info","message":"Mapped {/auth/refresh, POST} route","timestamp":"2026-05-05T06:30:58.615Z"}
{"context":"RouterExplorer","level":"info","message":"Mapped {/auth/logout, POST} route","timestamp":"2026-05-05T06:30:58.615Z"}
{"context":"RouterExplorer","level":"info","message":"Mapped {/auth/me, GET} route","timestamp":"2026-05-05T06:30:58.615Z"}
{"context":"RouterExplorer","level":"info","message":"Mapped {/auth/me/password, PATCH} route","timestamp":"2026-05-05T06:30:58.615Z"}
{"context":"RoutesResolver","level":"info","message":"AttributeController {/attribute}:","timestamp":"2026-05-05T06:30:58.615Z"}
{"context":"RouterExplorer","level":"info","message":"Mapped {/attribute, POST} route","timestamp":"2026-05-05T06:30:58.615Z"}
{"context":"RouterExplorer","level":"info","message":"Mapped {/attribute, GET} route","timestamp":"2026-05-05T06:30:58.615Z"}
{"context":"RouterExplorer","level":"info","message":"Mapped {/attribute/:id, GET} route","timestamp":"2026-05-05T06:30:58.616Z"}
{"context":"RouterExplorer","level":"info","message":"Mapped {/attribute/:id, PATCH} route","timestamp":"2026-05-05T06:30:58.616Z"}
{"context":"RouterExplorer","level":"info","message":"Mapped {/attribute/:id, DELETE} route","timestamp":"2026-05-05T06:30:58.616Z"}
{"context":"PrismaService","level":"info","message":"Kết nối database thành công","timestamp":"2026-05-05T06:30:58.653Z"}
{"context":"NestApplication","level":"info","message":"Nest application successfully started","timestamp":"2026-05-05T06:30:58.657Z"}
{"context":"AccessTokenGuard","level":"info","message":"isPublic: undefined","requestId":"59ffae93-3e0e-4ba9-a0cd-fc0adf4b9285","timestamp":"2026-05-05T06:31:10.929Z"}
{"context":"AccessTokenStrategy","level":"info","message":"user: {\"id\":\"cc6d2974-22cf-4b0b-9590-4b701cfa3c00\",\"username\":\"customer_001\",\"hashed_password\":\"scrypt:61b7465b5cc602c81ecaa66e31f0f570:064a122e33f58ab9bedcc806f62492b81e4451665c71c7dc3a5afd28b63aa6017713b59fb84dc9594c530b3bbe79c2bf5c738ae510f3152bf09f34a3b6d02482\",\"displayName\":\"Nguyễn Văn A\",\"token_version\":5,\"isActive\":true,\"createdAt\":\"2026-05-03T15:37:18.203Z\",\"updatedAt\":\"2026-05-04T09:10:04.759Z\",\"deletedAt\":null,\"roles\":[]}","requestId":"59ffae93-3e0e-4ba9-a0cd-fc0adf4b9285","timestamp":"2026-05-05T06:31:10.997Z"}
{"context":"LoggerMiddleware","level":"warn","message":"[RequestID: 59ffae93-3e0e-4ba9-a0cd-fc0adf4b9285] POST /whitelist-ip | Status: 409 | Duration: 96ms | IP: ::1 | UserAgent: Mozilla/5.0 (Windows NT 10.0; Win64; x64) AppleWebKit/537.36 (KHTML, like Gecko) Chrome/147.0.0.0 Safari/537.36","requestId":"59ffae93-3e0e-4ba9-a0cd-fc0adf4b9285","timestamp":"2026-05-05T06:31:11.025Z"}
{"context":"AccessTokenGuard","level":"info","message":"isPublic: undefined","requestId":"de5ca1b3-82a4-49cb-8a27-de660d5c5cac","timestamp":"2026-05-05T06:31:16.547Z"}
{"context":"AccessTokenStrategy","level":"info","message":"user: {\"id\":\"cc6d2974-22cf-4b0b-9590-4b701cfa3c00\",\"username\":\"customer_001\",\"hashed_password\":\"scrypt:61b7465b5cc602c81ecaa66e31f0f570:064a122e33f58ab9bedcc806f62492b81e4451665c71c7dc3a5afd28b63aa6017713b59fb84dc9594c530b3bbe79c2bf5c738ae510f3152bf09f34a3b6d02482\",\"displayName\":\"Nguyễn Văn A\",\"token_version\":5,\"isActive\":true,\"createdAt\":\"2026-05-03T15:37:18.203Z\",\"updatedAt\":\"2026-05-04T09:10:04.759Z\",\"deletedAt\":null,\"roles\":[]}","requestId":"de5ca1b3-82a4-49cb-8a27-de660d5c5cac","timestamp":"2026-05-05T06:31:16.561Z"}
{"context":"LoggerMiddleware","level":"warn","message":"[RequestID: de5ca1b3-82a4-49cb-8a27-de660d5c5cac] POST /whitelist-ip | Status: 409 | Duration: 21ms | IP: ::1 | UserAgent: Mozilla/5.0 (Windows NT 10.0; Win64; x64) AppleWebKit/537.36 (KHTML, like Gecko) Chrome/147.0.0.0 Safari/537.36","requestId":"de5ca1b3-82a4-49cb-8a27-de660d5c5cac","timestamp":"2026-05-05T06:31:16.567Z"}
{"level":"info","message":"Khởi tạo ứng dụng...","timestamp":"2026-05-05T06:31:25.649Z"}
{"context":"NestFactory","level":"info","message":"Starting Nest application...","timestamp":"2026-05-05T06:31:25.723Z"}
{"context":"InstanceLoader","level":"info","message":"PassportModule dependencies initialized","timestamp":"2026-05-05T06:31:25.731Z"}
{"context":"InstanceLoader","level":"info","message":"ConfigHostModule dependencies initialized","timestamp":"2026-05-05T06:31:25.731Z"}
{"context":"PrismaService","level":"info","message":"🔌 Prisma Connection String: postgresql://admin:******@localhost:5433/kyc_asset_db?schema=public","timestamp":"2026-05-05T06:31:25.733Z"}
{"context":"InstanceLoader","level":"info","message":"AppModule dependencies initialized","timestamp":"2026-05-05T06:31:25.734Z"}
{"context":"InstanceLoader","level":"info","message":"ConfigModule dependencies initialized","timestamp":"2026-05-05T06:31:25.734Z"}
{"context":"InstanceLoader","level":"info","message":"CommonModule dependencies initialized","timestamp":"2026-05-05T06:31:25.734Z"}
{"context":"InstanceLoader","level":"info","message":"JwtModule dependencies initialized","timestamp":"2026-05-05T06:31:25.734Z"}
{"context":"InstanceLoader","level":"info","message":"PrismaModule dependencies initialized","timestamp":"2026-05-05T06:31:25.735Z"}
{"context":"InstanceLoader","level":"info","message":"WhitelistIpModule dependencies initialized","timestamp":"2026-05-05T06:31:25.736Z"}
{"context":"InstanceLoader","level":"info","message":"AttributeModule dependencies initialized","timestamp":"2026-05-05T06:31:25.736Z"}
{"context":"InstanceLoader","level":"info","message":"UsersModule dependencies initialized","timestamp":"2026-05-05T06:31:25.736Z"}
{"context":"InstanceLoader","level":"info","message":"RolesModule dependencies initialized","timestamp":"2026-05-05T06:31:25.737Z"}
{"context":"InstanceLoader","level":"info","message":"PermissionsModule dependencies initialized","timestamp":"2026-05-05T06:31:25.737Z"}
{"context":"InstanceLoader","level":"info","message":"AuthModule dependencies initialized","timestamp":"2026-05-05T06:31:25.737Z"}
{"context":"RoutesResolver","level":"info","message":"AppController {/}:","timestamp":"2026-05-05T06:31:25.759Z"}
{"context":"RouterExplorer","level":"info","message":"Mapped {/, GET} route","timestamp":"2026-05-05T06:31:25.760Z"}
{"context":"RoutesResolver","level":"info","message":"UsersController {/users}:","timestamp":"2026-05-05T06:31:25.760Z"}
{"context":"RouterExplorer","level":"info","message":"Mapped {/users, POST} route","timestamp":"2026-05-05T06:31:25.760Z"}
{"context":"RouterExplorer","level":"info","message":"Mapped {/users, GET} route","timestamp":"2026-05-05T06:31:25.761Z"}
{"context":"RouterExplorer","level":"info","message":"Mapped {/users/:id, GET} route","timestamp":"2026-05-05T06:31:25.761Z"}
{"context":"RouterExplorer","level":"info","message":"Mapped {/users/:id, PATCH} route","timestamp":"2026-05-05T06:31:25.761Z"}
{"context":"RouterExplorer","level":"info","message":"Mapped {/users/:id, DELETE} route","timestamp":"2026-05-05T06:31:25.761Z"}
{"context":"RoutesResolver","level":"info","message":"WhitelistIpController {/whitelist-ip}:","timestamp":"2026-05-05T06:31:25.761Z"}
{"context":"RouterExplorer","level":"info","message":"Mapped {/whitelist-ip, POST} route","timestamp":"2026-05-05T06:31:25.762Z"}
{"context":"RouterExplorer","level":"info","message":"Mapped {/whitelist-ip, GET} route","timestamp":"2026-05-05T06:31:25.762Z"}
{"context":"RouterExplorer","level":"info","message":"Mapped {/whitelist-ip/:id, GET} route","timestamp":"2026-05-05T06:31:25.762Z"}
{"context":"RouterExplorer","level":"info","message":"Mapped {/whitelist-ip/:id, PATCH} route","timestamp":"2026-05-05T06:31:25.763Z"}
{"context":"RouterExplorer","level":"info","message":"Mapped {/whitelist-ip/:id, DELETE} route","timestamp":"2026-05-05T06:31:25.763Z"}
{"context":"RoutesResolver","level":"info","message":"RolesController {/roles}:","timestamp":"2026-05-05T06:31:25.763Z"}
{"context":"RouterExplorer","level":"info","message":"Mapped {/roles, POST} route","timestamp":"2026-05-05T06:31:25.763Z"}
{"context":"RouterExplorer","level":"info","message":"Mapped {/roles, GET} route","timestamp":"2026-05-05T06:31:25.763Z"}
{"context":"RouterExplorer","level":"info","message":"Mapped {/roles/:id, GET} route","timestamp":"2026-05-05T06:31:25.763Z"}
{"context":"RouterExplorer","level":"info","message":"Mapped {/roles/:id, PATCH} route","timestamp":"2026-05-05T06:31:25.764Z"}
{"context":"RouterExplorer","level":"info","message":"Mapped {/roles/:id, DELETE} route","timestamp":"2026-05-05T06:31:25.764Z"}
{"context":"RoutesResolver","level":"info","message":"PermissionsController {/permissions}:","timestamp":"2026-05-05T06:31:25.764Z"}
{"context":"RouterExplorer","level":"info","message":"Mapped {/permissions, POST} route","timestamp":"2026-05-05T06:31:25.764Z"}
{"context":"RouterExplorer","level":"info","message":"Mapped {/permissions, GET} route","timestamp":"2026-05-05T06:31:25.765Z"}
{"context":"RouterExplorer","level":"info","message":"Mapped {/permissions/:id, PATCH} route","timestamp":"2026-05-05T06:31:25.765Z"}
{"context":"RouterExplorer","level":"info","message":"Mapped {/permissions/:id, DELETE} route","timestamp":"2026-05-05T06:31:25.765Z"}
{"context":"RoutesResolver","level":"info","message":"AuthController {/auth}:","timestamp":"2026-05-05T06:31:25.765Z"}
{"context":"RouterExplorer","level":"info","message":"Mapped {/auth/register, POST} route","timestamp":"2026-05-05T06:31:25.765Z"}
{"context":"RouterExplorer","level":"info","message":"Mapped {/auth/login, POST} route","timestamp":"2026-05-05T06:31:25.765Z"}
{"context":"RouterExplorer","level":"info","message":"Mapped {/auth/refresh, POST} route","timestamp":"2026-05-05T06:31:25.766Z"}
{"context":"RouterExplorer","level":"info","message":"Mapped {/auth/logout, POST} route","timestamp":"2026-05-05T06:31:25.766Z"}
{"context":"RouterExplorer","level":"info","message":"Mapped {/auth/me, GET} route","timestamp":"2026-05-05T06:31:25.766Z"}
{"context":"RouterExplorer","level":"info","message":"Mapped {/auth/me/password, PATCH} route","timestamp":"2026-05-05T06:31:25.766Z"}
{"context":"RoutesResolver","level":"info","message":"AttributeController {/attribute}:","timestamp":"2026-05-05T06:31:25.766Z"}
{"context":"RouterExplorer","level":"info","message":"Mapped {/attribute, POST} route","timestamp":"2026-05-05T06:31:25.767Z"}
{"context":"RouterExplorer","level":"info","message":"Mapped {/attribute, GET} route","timestamp":"2026-05-05T06:31:25.767Z"}
{"context":"RouterExplorer","level":"info","message":"Mapped {/attribute/:id, GET} route","timestamp":"2026-05-05T06:31:25.767Z"}
{"context":"RouterExplorer","level":"info","message":"Mapped {/attribute/:id, PATCH} route","timestamp":"2026-05-05T06:31:25.767Z"}
{"context":"RouterExplorer","level":"info","message":"Mapped {/attribute/:id, DELETE} route","timestamp":"2026-05-05T06:31:25.767Z"}
{"context":"PrismaService","level":"info","message":"Kết nối database thành công","timestamp":"2026-05-05T06:31:25.807Z"}
{"context":"NestApplication","level":"info","message":"Nest application successfully started","timestamp":"2026-05-05T06:31:25.811Z"}
{"context":"AccessTokenGuard","level":"info","message":"isPublic: undefined","requestId":"28e9fcd3-96c9-4e1b-aeec-492252c3cca6","timestamp":"2026-05-05T06:31:36.860Z"}
{"context":"AccessTokenStrategy","level":"info","message":"user: {\"id\":\"cc6d2974-22cf-4b0b-9590-4b701cfa3c00\",\"username\":\"customer_001\",\"hashed_password\":\"scrypt:61b7465b5cc602c81ecaa66e31f0f570:064a122e33f58ab9bedcc806f62492b81e4451665c71c7dc3a5afd28b63aa6017713b59fb84dc9594c530b3bbe79c2bf5c738ae510f3152bf09f34a3b6d02482\",\"displayName\":\"Nguyễn Văn A\",\"token_version\":5,\"isActive\":true,\"createdAt\":\"2026-05-03T15:37:18.203Z\",\"updatedAt\":\"2026-05-04T09:10:04.759Z\",\"deletedAt\":null,\"roles\":[]}","requestId":"28e9fcd3-96c9-4e1b-aeec-492252c3cca6","timestamp":"2026-05-05T06:31:36.919Z"}
{"context":"LoggerMiddleware","level":"warn","message":"[RequestID: 28e9fcd3-96c9-4e1b-aeec-492252c3cca6] POST /whitelist-ip | Status: 409 | Duration: 98ms | IP: ::1 | UserAgent: Mozilla/5.0 (Windows NT 10.0; Win64; x64) AppleWebKit/537.36 (KHTML, like Gecko) Chrome/147.0.0.0 Safari/537.36","requestId":"28e9fcd3-96c9-4e1b-aeec-492252c3cca6","timestamp":"2026-05-05T06:31:36.959Z"}
{"level":"info","message":"Khởi tạo ứng dụng...","timestamp":"2026-05-05T06:35:16.169Z"}
{"context":"NestFactory","level":"info","message":"Starting Nest application...","timestamp":"2026-05-05T06:35:16.242Z"}
{"context":"InstanceLoader","level":"info","message":"PassportModule dependencies initialized","timestamp":"2026-05-05T06:35:16.251Z"}
{"context":"InstanceLoader","level":"info","message":"ConfigHostModule dependencies initialized","timestamp":"2026-05-05T06:35:16.251Z"}
{"context":"PrismaService","level":"info","message":"🔌 Prisma Connection String: postgresql://admin:******@localhost:5433/kyc_asset_db?schema=public","timestamp":"2026-05-05T06:35:16.255Z"}
{"context":"InstanceLoader","level":"info","message":"AppModule dependencies initialized","timestamp":"2026-05-05T06:35:16.255Z"}
{"context":"InstanceLoader","level":"info","message":"ConfigModule dependencies initialized","timestamp":"2026-05-05T06:35:16.255Z"}
{"context":"InstanceLoader","level":"info","message":"CommonModule dependencies initialized","timestamp":"2026-05-05T06:35:16.255Z"}
{"context":"InstanceLoader","level":"info","message":"JwtModule dependencies initialized","timestamp":"2026-05-05T06:35:16.256Z"}
{"context":"InstanceLoader","level":"info","message":"PrismaModule dependencies initialized","timestamp":"2026-05-05T06:35:16.256Z"}
{"context":"InstanceLoader","level":"info","message":"WhitelistIpModule dependencies initialized","timestamp":"2026-05-05T06:35:16.258Z"}
{"context":"InstanceLoader","level":"info","message":"AttributeModule dependencies initialized","timestamp":"2026-05-05T06:35:16.258Z"}
{"context":"InstanceLoader","level":"info","message":"UsersModule dependencies initialized","timestamp":"2026-05-05T06:35:16.258Z"}
{"context":"InstanceLoader","level":"info","message":"RolesModule dependencies initialized","timestamp":"2026-05-05T06:35:16.258Z"}
{"context":"InstanceLoader","level":"info","message":"PermissionsModule dependencies initialized","timestamp":"2026-05-05T06:35:16.259Z"}
{"context":"InstanceLoader","level":"info","message":"AuthModule dependencies initialized","timestamp":"2026-05-05T06:35:16.259Z"}
{"context":"RoutesResolver","level":"info","message":"AppController {/}:","timestamp":"2026-05-05T06:35:16.282Z"}
{"context":"RouterExplorer","level":"info","message":"Mapped {/, GET} route","timestamp":"2026-05-05T06:35:16.283Z"}
{"context":"RoutesResolver","level":"info","message":"UsersController {/users}:","timestamp":"2026-05-05T06:35:16.283Z"}
{"context":"RouterExplorer","level":"info","message":"Mapped {/users, POST} route","timestamp":"2026-05-05T06:35:16.284Z"}
{"context":"RouterExplorer","level":"info","message":"Mapped {/users, GET} route","timestamp":"2026-05-05T06:35:16.284Z"}
{"context":"RouterExplorer","level":"info","message":"Mapped {/users/:id, GET} route","timestamp":"2026-05-05T06:35:16.284Z"}
{"context":"RouterExplorer","level":"info","message":"Mapped {/users/:id, PATCH} route","timestamp":"2026-05-05T06:35:16.285Z"}
{"context":"RouterExplorer","level":"info","message":"Mapped {/users/:id, DELETE} route","timestamp":"2026-05-05T06:35:16.285Z"}
{"context":"RoutesResolver","level":"info","message":"WhitelistIpController {/whitelist-ip}:","timestamp":"2026-05-05T06:35:16.285Z"}
{"context":"RouterExplorer","level":"info","message":"Mapped {/whitelist-ip, POST} route","timestamp":"2026-05-05T06:35:16.285Z"}
{"context":"RouterExplorer","level":"info","message":"Mapped {/whitelist-ip, GET} route","timestamp":"2026-05-05T06:35:16.286Z"}
{"context":"RouterExplorer","level":"info","message":"Mapped {/whitelist-ip/:id, GET} route","timestamp":"2026-05-05T06:35:16.286Z"}
{"context":"RouterExplorer","level":"info","message":"Mapped {/whitelist-ip/:id, PATCH} route","timestamp":"2026-05-05T06:35:16.286Z"}
{"context":"RouterExplorer","level":"info","message":"Mapped {/whitelist-ip/:id, DELETE} route","timestamp":"2026-05-05T06:35:16.286Z"}
{"context":"RoutesResolver","level":"info","message":"RolesController {/roles}:","timestamp":"2026-05-05T06:35:16.286Z"}
{"context":"RouterExplorer","level":"info","message":"Mapped {/roles, POST} route","timestamp":"2026-05-05T06:35:16.287Z"}
{"context":"RouterExplorer","level":"info","message":"Mapped {/roles, GET} route","timestamp":"2026-05-05T06:35:16.287Z"}
{"context":"RouterExplorer","level":"info","message":"Mapped {/roles/:id, GET} route","timestamp":"2026-05-05T06:35:16.287Z"}
{"context":"RouterExplorer","level":"info","message":"Mapped {/roles/:id, PATCH} route","timestamp":"2026-05-05T06:35:16.287Z"}
{"context":"RouterExplorer","level":"info","message":"Mapped {/roles/:id, DELETE} route","timestamp":"2026-05-05T06:35:16.288Z"}
{"context":"RoutesResolver","level":"info","message":"PermissionsController {/permissions}:","timestamp":"2026-05-05T06:35:16.288Z"}
{"context":"RouterExplorer","level":"info","message":"Mapped {/permissions, POST} route","timestamp":"2026-05-05T06:35:16.288Z"}
{"context":"RouterExplorer","level":"info","message":"Mapped {/permissions, GET} route","timestamp":"2026-05-05T06:35:16.289Z"}
{"context":"RouterExplorer","level":"info","message":"Mapped {/permissions/:id, PATCH} route","timestamp":"2026-05-05T06:35:16.289Z"}
{"context":"RouterExplorer","level":"info","message":"Mapped {/permissions/:id, DELETE} route","timestamp":"2026-05-05T06:35:16.289Z"}
{"context":"RoutesResolver","level":"info","message":"AuthController {/auth}:","timestamp":"2026-05-05T06:35:16.289Z"}
{"context":"RouterExplorer","level":"info","message":"Mapped {/auth/register, POST} route","timestamp":"2026-05-05T06:35:16.290Z"}
{"context":"RouterExplorer","level":"info","message":"Mapped {/auth/login, POST} route","timestamp":"2026-05-05T06:35:16.290Z"}
{"context":"RouterExplorer","level":"info","message":"Mapped {/auth/refresh, POST} route","timestamp":"2026-05-05T06:35:16.290Z"}
{"context":"RouterExplorer","level":"info","message":"Mapped {/auth/logout, POST} route","timestamp":"2026-05-05T06:35:16.290Z"}
{"context":"RouterExplorer","level":"info","message":"Mapped {/auth/me, GET} route","timestamp":"2026-05-05T06:35:16.291Z"}
{"context":"RouterExplorer","level":"info","message":"Mapped {/auth/me/password, PATCH} route","timestamp":"2026-05-05T06:35:16.291Z"}
{"context":"RoutesResolver","level":"info","message":"AttributeController {/attribute}:","timestamp":"2026-05-05T06:35:16.291Z"}
{"context":"RouterExplorer","level":"info","message":"Mapped {/attribute, POST} route","timestamp":"2026-05-05T06:35:16.291Z"}
{"context":"RouterExplorer","level":"info","message":"Mapped {/attribute, GET} route","timestamp":"2026-05-05T06:35:16.292Z"}
{"context":"RouterExplorer","level":"info","message":"Mapped {/attribute/:id, GET} route","timestamp":"2026-05-05T06:35:16.292Z"}
{"context":"RouterExplorer","level":"info","message":"Mapped {/attribute/:id, PATCH} route","timestamp":"2026-05-05T06:35:16.292Z"}
{"context":"RouterExplorer","level":"info","message":"Mapped {/attribute/:id, DELETE} route","timestamp":"2026-05-05T06:35:16.292Z"}
{"context":"PrismaService","level":"info","message":"Kết nối database thành công","timestamp":"2026-05-05T06:35:16.334Z"}
{"context":"NestApplication","level":"info","message":"Nest application successfully started","timestamp":"2026-05-05T06:35:16.339Z"}
{"level":"info","message":"Khởi tạo ứng dụng...","timestamp":"2026-05-05T06:38:31.580Z"}
{"context":"NestFactory","level":"info","message":"Starting Nest application...","timestamp":"2026-05-05T06:38:31.649Z"}
{"context":"InstanceLoader","level":"info","message":"PassportModule dependencies initialized","timestamp":"2026-05-05T06:38:31.657Z"}
{"context":"InstanceLoader","level":"info","message":"ConfigHostModule dependencies initialized","timestamp":"2026-05-05T06:38:31.657Z"}
{"context":"PrismaService","level":"info","message":"🔌 Prisma Connection String: postgresql://admin:******@localhost:5433/kyc_asset_db?schema=public","timestamp":"2026-05-05T06:38:31.660Z"}
{"context":"InstanceLoader","level":"info","message":"AppModule dependencies initialized","timestamp":"2026-05-05T06:38:31.660Z"}
{"context":"InstanceLoader","level":"info","message":"ConfigModule dependencies initialized","timestamp":"2026-05-05T06:38:31.661Z"}
{"context":"InstanceLoader","level":"info","message":"CommonModule dependencies initialized","timestamp":"2026-05-05T06:38:31.661Z"}
{"context":"InstanceLoader","level":"info","message":"JwtModule dependencies initialized","timestamp":"2026-05-05T06:38:31.661Z"}
{"context":"InstanceLoader","level":"info","message":"PrismaModule dependencies initialized","timestamp":"2026-05-05T06:38:31.662Z"}
{"context":"InstanceLoader","level":"info","message":"WhitelistIpModule dependencies initialized","timestamp":"2026-05-05T06:38:31.663Z"}
{"context":"InstanceLoader","level":"info","message":"AttributeModule dependencies initialized","timestamp":"2026-05-05T06:38:31.663Z"}
{"context":"InstanceLoader","level":"info","message":"UsersModule dependencies initialized","timestamp":"2026-05-05T06:38:31.663Z"}
{"context":"InstanceLoader","level":"info","message":"RolesModule dependencies initialized","timestamp":"2026-05-05T06:38:31.663Z"}
{"context":"InstanceLoader","level":"info","message":"PermissionsModule dependencies initialized","timestamp":"2026-05-05T06:38:31.663Z"}
{"context":"InstanceLoader","level":"info","message":"AuthModule dependencies initialized","timestamp":"2026-05-05T06:38:31.663Z"}
{"context":"RoutesResolver","level":"info","message":"AppController {/}:","timestamp":"2026-05-05T06:38:31.686Z"}
{"context":"RouterExplorer","level":"info","message":"Mapped {/, GET} route","timestamp":"2026-05-05T06:38:31.687Z"}
{"context":"RoutesResolver","level":"info","message":"UsersController {/users}:","timestamp":"2026-05-05T06:38:31.687Z"}
{"context":"RouterExplorer","level":"info","message":"Mapped {/users, POST} route","timestamp":"2026-05-05T06:38:31.687Z"}
{"context":"RouterExplorer","level":"info","message":"Mapped {/users, GET} route","timestamp":"2026-05-05T06:38:31.688Z"}
{"context":"RouterExplorer","level":"info","message":"Mapped {/users/:id, GET} route","timestamp":"2026-05-05T06:38:31.688Z"}
{"context":"RouterExplorer","level":"info","message":"Mapped {/users/:id, PATCH} route","timestamp":"2026-05-05T06:38:31.688Z"}
{"context":"RouterExplorer","level":"info","message":"Mapped {/users/:id, DELETE} route","timestamp":"2026-05-05T06:38:31.688Z"}
{"context":"RoutesResolver","level":"info","message":"WhitelistIpController {/whitelist-ip}:","timestamp":"2026-05-05T06:38:31.688Z"}
{"context":"RouterExplorer","level":"info","message":"Mapped {/whitelist-ip, POST} route","timestamp":"2026-05-05T06:38:31.689Z"}
{"context":"RouterExplorer","level":"info","message":"Mapped {/whitelist-ip, GET} route","timestamp":"2026-05-05T06:38:31.689Z"}
{"context":"RouterExplorer","level":"info","message":"Mapped {/whitelist-ip/:id, GET} route","timestamp":"2026-05-05T06:38:31.689Z"}
{"context":"RouterExplorer","level":"info","message":"Mapped {/whitelist-ip/:id, PATCH} route","timestamp":"2026-05-05T06:38:31.689Z"}
{"context":"RouterExplorer","level":"info","message":"Mapped {/whitelist-ip/:id, DELETE} route","timestamp":"2026-05-05T06:38:31.689Z"}
{"context":"RoutesResolver","level":"info","message":"RolesController {/roles}:","timestamp":"2026-05-05T06:38:31.689Z"}
{"context":"RouterExplorer","level":"info","message":"Mapped {/roles, POST} route","timestamp":"2026-05-05T06:38:31.689Z"}
{"context":"RouterExplorer","level":"info","message":"Mapped {/roles, GET} route","timestamp":"2026-05-05T06:38:31.690Z"}
{"context":"RouterExplorer","level":"info","message":"Mapped {/roles/:id, GET} route","timestamp":"2026-05-05T06:38:31.690Z"}
{"context":"RouterExplorer","level":"info","message":"Mapped {/roles/:id, PATCH} route","timestamp":"2026-05-05T06:38:31.690Z"}
{"context":"RouterExplorer","level":"info","message":"Mapped {/roles/:id, DELETE} route","timestamp":"2026-05-05T06:38:31.690Z"}
{"context":"RoutesResolver","level":"info","message":"PermissionsController {/permissions}:","timestamp":"2026-05-05T06:38:31.690Z"}
{"context":"RouterExplorer","level":"info","message":"Mapped {/permissions, POST} route","timestamp":"2026-05-05T06:38:31.690Z"}
{"context":"RouterExplorer","level":"info","message":"Mapped {/permissions, GET} route","timestamp":"2026-05-05T06:38:31.691Z"}
{"context":"RouterExplorer","level":"info","message":"Mapped {/permissions/:id, PATCH} route","timestamp":"2026-05-05T06:38:31.691Z"}
{"context":"RouterExplorer","level":"info","message":"Mapped {/permissions/:id, DELETE} route","timestamp":"2026-05-05T06:38:31.691Z"}
{"context":"RoutesResolver","level":"info","message":"AuthController {/auth}:","timestamp":"2026-05-05T06:38:31.691Z"}
{"context":"RouterExplorer","level":"info","message":"Mapped {/auth/register, POST} route","timestamp":"2026-05-05T06:38:31.691Z"}
{"context":"RouterExplorer","level":"info","message":"Mapped {/auth/login, POST} route","timestamp":"2026-05-05T06:38:31.691Z"}
{"context":"RouterExplorer","level":"info","message":"Mapped {/auth/refresh, POST} route","timestamp":"2026-05-05T06:38:31.692Z"}
{"context":"RouterExplorer","level":"info","message":"Mapped {/auth/logout, POST} route","timestamp":"2026-05-05T06:38:31.692Z"}
{"context":"RouterExplorer","level":"info","message":"Mapped {/auth/me, GET} route","timestamp":"2026-05-05T06:38:31.692Z"}
{"context":"RouterExplorer","level":"info","message":"Mapped {/auth/me/password, PATCH} route","timestamp":"2026-05-05T06:38:31.692Z"}
{"context":"RoutesResolver","level":"info","message":"AttributeController {/attribute}:","timestamp":"2026-05-05T06:38:31.692Z"}
{"context":"RouterExplorer","level":"info","message":"Mapped {/attribute, POST} route","timestamp":"2026-05-05T06:38:31.692Z"}
{"context":"RouterExplorer","level":"info","message":"Mapped {/attribute, GET} route","timestamp":"2026-05-05T06:38:31.692Z"}
{"context":"RouterExplorer","level":"info","message":"Mapped {/attribute/:id, GET} route","timestamp":"2026-05-05T06:38:31.692Z"}
{"context":"RouterExplorer","level":"info","message":"Mapped {/attribute/:id, PATCH} route","timestamp":"2026-05-05T06:38:31.693Z"}
{"context":"RouterExplorer","level":"info","message":"Mapped {/attribute/:id, DELETE} route","timestamp":"2026-05-05T06:38:31.693Z"}
{"context":"PrismaService","level":"info","message":"Kết nối database thành công","timestamp":"2026-05-05T06:38:31.731Z"}
{"context":"NestApplication","level":"info","message":"Nest application successfully started","timestamp":"2026-05-05T06:38:31.734Z"}
{"context":"AccessTokenGuard","level":"info","message":"isPublic: undefined","requestId":"3993067a-257c-461c-be3a-5564da5e8171","timestamp":"2026-05-05T06:38:34.937Z"}
{"context":"LoggerMiddleware","level":"warn","message":"[RequestID: 3993067a-257c-461c-be3a-5564da5e8171] POST /whitelist-ip | Status: 401 | Duration: 4ms | IP: ::1 | UserAgent: Mozilla/5.0 (Windows NT 10.0; Win64; x64) AppleWebKit/537.36 (KHTML, like Gecko) Chrome/147.0.0.0 Safari/537.36","requestId":"3993067a-257c-461c-be3a-5564da5e8171","timestamp":"2026-05-05T06:38:34.940Z"}
{"context":"AccessTokenGuard","level":"info","message":"isPublic: true","requestId":"9070f606-1420-4e67-8921-aa8f57e763d2","timestamp":"2026-05-05T06:38:42.342Z"}
{"context":"AccessTokenGuard","level":"info","message":"Public route, skipping authentication","requestId":"9070f606-1420-4e67-8921-aa8f57e763d2","timestamp":"2026-05-05T06:38:42.342Z"}
{"context":"LoggerMiddleware","level":"info","message":"[RequestID: 9070f606-1420-4e67-8921-aa8f57e763d2] POST /auth/login | Status: 201 | Duration: 81ms | IP: ::1 | UserAgent: Mozilla/5.0 (Windows NT 10.0; Win64; x64) AppleWebKit/537.36 (KHTML, like Gecko) Chrome/147.0.0.0 Safari/537.36","requestId":"9070f606-1420-4e67-8921-aa8f57e763d2","timestamp":"2026-05-05T06:38:42.422Z"}
{"context":"AccessTokenGuard","level":"info","message":"isPublic: undefined","requestId":"a786a923-b312-4e6c-8ed1-b0f756907f40","timestamp":"2026-05-05T06:38:48.285Z"}
{"context":"AccessTokenStrategy","level":"info","message":"user: {\"id\":\"cc6d2974-22cf-4b0b-9590-4b701cfa3c00\",\"username\":\"customer_001\",\"hashed_password\":\"scrypt:61b7465b5cc602c81ecaa66e31f0f570:064a122e33f58ab9bedcc806f62492b81e4451665c71c7dc3a5afd28b63aa6017713b59fb84dc9594c530b3bbe79c2bf5c738ae510f3152bf09f34a3b6d02482\",\"displayName\":\"Nguyễn Văn A\",\"token_version\":5,\"isActive\":true,\"createdAt\":\"2026-05-03T15:37:18.203Z\",\"updatedAt\":\"2026-05-04T09:10:04.759Z\",\"deletedAt\":null,\"roles\":[]}","requestId":"a786a923-b312-4e6c-8ed1-b0f756907f40","timestamp":"2026-05-05T06:38:48.290Z"}
{"context":"LoggerMiddleware","level":"warn","message":"[RequestID: a786a923-b312-4e6c-8ed1-b0f756907f40] POST /whitelist-ip | Status: 409 | Duration: 28ms | IP: ::1 | UserAgent: Mozilla/5.0 (Windows NT 10.0; Win64; x64) AppleWebKit/537.36 (KHTML, like Gecko) Chrome/147.0.0.0 Safari/537.36","requestId":"a786a923-b312-4e6c-8ed1-b0f756907f40","timestamp":"2026-05-05T06:38:48.312Z"}
{"level":"info","message":"Khởi tạo ứng dụng...","timestamp":"2026-05-05T06:43:09.059Z"}
{"context":"NestFactory","level":"info","message":"Starting Nest application...","timestamp":"2026-05-05T06:43:09.134Z"}
{"context":"InstanceLoader","level":"info","message":"PassportModule dependencies initialized","timestamp":"2026-05-05T06:43:09.141Z"}
{"context":"InstanceLoader","level":"info","message":"ConfigHostModule dependencies initialized","timestamp":"2026-05-05T06:43:09.142Z"}
{"context":"PrismaService","level":"info","message":"🔌 Prisma Connection String: postgresql://admin:******@localhost:5433/kyc_asset_db?schema=public","timestamp":"2026-05-05T06:43:09.144Z"}
{"context":"InstanceLoader","level":"info","message":"AppModule dependencies initialized","timestamp":"2026-05-05T06:43:09.144Z"}
{"context":"InstanceLoader","level":"info","message":"ConfigModule dependencies initialized","timestamp":"2026-05-05T06:43:09.144Z"}
{"context":"InstanceLoader","level":"info","message":"CommonModule dependencies initialized","timestamp":"2026-05-05T06:43:09.144Z"}
{"context":"InstanceLoader","level":"info","message":"JwtModule dependencies initialized","timestamp":"2026-05-05T06:43:09.145Z"}
{"context":"InstanceLoader","level":"info","message":"PrismaModule dependencies initialized","timestamp":"2026-05-05T06:43:09.145Z"}
{"context":"InstanceLoader","level":"info","message":"WhitelistIpModule dependencies initialized","timestamp":"2026-05-05T06:43:09.146Z"}
{"context":"InstanceLoader","level":"info","message":"AttributeModule dependencies initialized","timestamp":"2026-05-05T06:43:09.146Z"}
{"context":"InstanceLoader","level":"info","message":"UsersModule dependencies initialized","timestamp":"2026-05-05T06:43:09.147Z"}
{"context":"InstanceLoader","level":"info","message":"RolesModule dependencies initialized","timestamp":"2026-05-05T06:43:09.147Z"}
{"context":"InstanceLoader","level":"info","message":"PermissionsModule dependencies initialized","timestamp":"2026-05-05T06:43:09.147Z"}
{"context":"InstanceLoader","level":"info","message":"AuthModule dependencies initialized","timestamp":"2026-05-05T06:43:09.147Z"}
{"context":"RoutesResolver","level":"info","message":"AppController {/}:","timestamp":"2026-05-05T06:43:09.169Z"}
{"context":"RouterExplorer","level":"info","message":"Mapped {/, GET} route","timestamp":"2026-05-05T06:43:09.170Z"}
{"context":"RoutesResolver","level":"info","message":"UsersController {/users}:","timestamp":"2026-05-05T06:43:09.170Z"}
{"context":"RouterExplorer","level":"info","message":"Mapped {/users, POST} route","timestamp":"2026-05-05T06:43:09.171Z"}
{"context":"RouterExplorer","level":"info","message":"Mapped {/users, GET} route","timestamp":"2026-05-05T06:43:09.171Z"}
{"context":"RouterExplorer","level":"info","message":"Mapped {/users/:id, GET} route","timestamp":"2026-05-05T06:43:09.171Z"}
{"context":"RouterExplorer","level":"info","message":"Mapped {/users/:id, PATCH} route","timestamp":"2026-05-05T06:43:09.171Z"}
{"context":"RouterExplorer","level":"info","message":"Mapped {/users/:id, DELETE} route","timestamp":"2026-05-05T06:43:09.171Z"}
{"context":"RoutesResolver","level":"info","message":"WhitelistIpController {/whitelist-ip}:","timestamp":"2026-05-05T06:43:09.172Z"}
{"context":"RouterExplorer","level":"info","message":"Mapped {/whitelist-ip, POST} route","timestamp":"2026-05-05T06:43:09.172Z"}
{"context":"RouterExplorer","level":"info","message":"Mapped {/whitelist-ip, GET} route","timestamp":"2026-05-05T06:43:09.172Z"}
{"context":"RouterExplorer","level":"info","message":"Mapped {/whitelist-ip/:id, GET} route","timestamp":"2026-05-05T06:43:09.172Z"}
{"context":"RouterExplorer","level":"info","message":"Mapped {/whitelist-ip/:id, PATCH} route","timestamp":"2026-05-05T06:43:09.172Z"}
{"context":"RouterExplorer","level":"info","message":"Mapped {/whitelist-ip/:id, DELETE} route","timestamp":"2026-05-05T06:43:09.172Z"}
{"context":"RoutesResolver","level":"info","message":"RolesController {/roles}:","timestamp":"2026-05-05T06:43:09.173Z"}
{"context":"RouterExplorer","level":"info","message":"Mapped {/roles, POST} route","timestamp":"2026-05-05T06:43:09.173Z"}
{"context":"RouterExplorer","level":"info","message":"Mapped {/roles, GET} route","timestamp":"2026-05-05T06:43:09.173Z"}
{"context":"RouterExplorer","level":"info","message":"Mapped {/roles/:id, GET} route","timestamp":"2026-05-05T06:43:09.173Z"}
{"context":"RouterExplorer","level":"info","message":"Mapped {/roles/:id, PATCH} route","timestamp":"2026-05-05T06:43:09.173Z"}
{"context":"RouterExplorer","level":"info","message":"Mapped {/roles/:id, DELETE} route","timestamp":"2026-05-05T06:43:09.173Z"}
{"context":"RoutesResolver","level":"info","message":"PermissionsController {/permissions}:","timestamp":"2026-05-05T06:43:09.173Z"}
{"context":"RouterExplorer","level":"info","message":"Mapped {/permissions, POST} route","timestamp":"2026-05-05T06:43:09.173Z"}
{"context":"RouterExplorer","level":"info","message":"Mapped {/permissions, GET} route","timestamp":"2026-05-05T06:43:09.174Z"}
{"context":"RouterExplorer","level":"info","message":"Mapped {/permissions/:id, PATCH} route","timestamp":"2026-05-05T06:43:09.174Z"}
{"context":"RouterExplorer","level":"info","message":"Mapped {/permissions/:id, DELETE} route","timestamp":"2026-05-05T06:43:09.174Z"}
{"context":"RoutesResolver","level":"info","message":"AuthController {/auth}:","timestamp":"2026-05-05T06:43:09.174Z"}
{"context":"RouterExplorer","level":"info","message":"Mapped {/auth/register, POST} route","timestamp":"2026-05-05T06:43:09.174Z"}
{"context":"RouterExplorer","level":"info","message":"Mapped {/auth/login, POST} route","timestamp":"2026-05-05T06:43:09.174Z"}
{"context":"RouterExplorer","level":"info","message":"Mapped {/auth/refresh, POST} route","timestamp":"2026-05-05T06:43:09.175Z"}
{"context":"RouterExplorer","level":"info","message":"Mapped {/auth/logout, POST} route","timestamp":"2026-05-05T06:43:09.175Z"}
{"context":"RouterExplorer","level":"info","message":"Mapped {/auth/me, GET} route","timestamp":"2026-05-05T06:43:09.175Z"}
{"context":"RouterExplorer","level":"info","message":"Mapped {/auth/me/password, PATCH} route","timestamp":"2026-05-05T06:43:09.175Z"}
{"context":"RoutesResolver","level":"info","message":"AttributeController {/attribute}:","timestamp":"2026-05-05T06:43:09.175Z"}
{"context":"RouterExplorer","level":"info","message":"Mapped {/attribute, POST} route","timestamp":"2026-05-05T06:43:09.175Z"}
{"context":"RouterExplorer","level":"info","message":"Mapped {/attribute, GET} route","timestamp":"2026-05-05T06:43:09.175Z"}
{"context":"RouterExplorer","level":"info","message":"Mapped {/attribute/:id, GET} route","timestamp":"2026-05-05T06:43:09.176Z"}
{"context":"RouterExplorer","level":"info","message":"Mapped {/attribute/:id, PATCH} route","timestamp":"2026-05-05T06:43:09.176Z"}
{"context":"RouterExplorer","level":"info","message":"Mapped {/attribute/:id, DELETE} route","timestamp":"2026-05-05T06:43:09.176Z"}
{"context":"PrismaService","level":"info","message":"Kết nối database thành công","timestamp":"2026-05-05T06:43:09.213Z"}
{"context":"NestApplication","level":"info","message":"Nest application successfully started","timestamp":"2026-05-05T06:43:09.217Z"}
{"level":"info","message":"Khởi tạo ứng dụng...","timestamp":"2026-05-05T06:43:23.544Z"}
{"context":"NestFactory","level":"info","message":"Starting Nest application...","timestamp":"2026-05-05T06:43:23.616Z"}
{"context":"InstanceLoader","level":"info","message":"PassportModule dependencies initialized","timestamp":"2026-05-05T06:43:23.624Z"}
{"context":"InstanceLoader","level":"info","message":"ConfigHostModule dependencies initialized","timestamp":"2026-05-05T06:43:23.625Z"}
{"context":"PrismaService","level":"info","message":"🔌 Prisma Connection String: postgresql://admin:******@localhost:5433/kyc_asset_db?schema=public","timestamp":"2026-05-05T06:43:23.628Z"}
{"context":"InstanceLoader","level":"info","message":"AppModule dependencies initialized","timestamp":"2026-05-05T06:43:23.628Z"}
{"context":"InstanceLoader","level":"info","message":"ConfigModule dependencies initialized","timestamp":"2026-05-05T06:43:23.628Z"}
{"context":"InstanceLoader","level":"info","message":"CommonModule dependencies initialized","timestamp":"2026-05-05T06:43:23.629Z"}
{"context":"InstanceLoader","level":"info","message":"JwtModule dependencies initialized","timestamp":"2026-05-05T06:43:23.629Z"}
{"context":"InstanceLoader","level":"info","message":"PrismaModule dependencies initialized","timestamp":"2026-05-05T06:43:23.629Z"}
{"context":"InstanceLoader","level":"info","message":"WhitelistIpModule dependencies initialized","timestamp":"2026-05-05T06:43:23.630Z"}
{"context":"InstanceLoader","level":"info","message":"AttributeModule dependencies initialized","timestamp":"2026-05-05T06:43:23.631Z"}
{"context":"InstanceLoader","level":"info","message":"UsersModule dependencies initialized","timestamp":"2026-05-05T06:43:23.631Z"}
{"context":"InstanceLoader","level":"info","message":"RolesModule dependencies initialized","timestamp":"2026-05-05T06:43:23.631Z"}
{"context":"InstanceLoader","level":"info","message":"PermissionsModule dependencies initialized","timestamp":"2026-05-05T06:43:23.631Z"}
{"context":"InstanceLoader","level":"info","message":"AuthModule dependencies initialized","timestamp":"2026-05-05T06:43:23.631Z"}
{"context":"RoutesResolver","level":"info","message":"AppController {/}:","timestamp":"2026-05-05T06:43:23.653Z"}
{"context":"RouterExplorer","level":"info","message":"Mapped {/, GET} route","timestamp":"2026-05-05T06:43:23.654Z"}
{"context":"RoutesResolver","level":"info","message":"UsersController {/users}:","timestamp":"2026-05-05T06:43:23.654Z"}
{"context":"RouterExplorer","level":"info","message":"Mapped {/users, POST} route","timestamp":"2026-05-05T06:43:23.655Z"}
{"context":"RouterExplorer","level":"info","message":"Mapped {/users, GET} route","timestamp":"2026-05-05T06:43:23.655Z"}
{"context":"RouterExplorer","level":"info","message":"Mapped {/users/:id, GET} route","timestamp":"2026-05-05T06:43:23.655Z"}
{"context":"RouterExplorer","level":"info","message":"Mapped {/users/:id, PATCH} route","timestamp":"2026-05-05T06:43:23.655Z"}
{"context":"RouterExplorer","level":"info","message":"Mapped {/users/:id, DELETE} route","timestamp":"2026-05-05T06:43:23.656Z"}
{"context":"RoutesResolver","level":"info","message":"WhitelistIpController {/whitelist-ip}:","timestamp":"2026-05-05T06:43:23.656Z"}
{"context":"RouterExplorer","level":"info","message":"Mapped {/whitelist-ip, POST} route","timestamp":"2026-05-05T06:43:23.656Z"}
{"context":"RouterExplorer","level":"info","message":"Mapped {/whitelist-ip, GET} route","timestamp":"2026-05-05T06:43:23.656Z"}
{"context":"RouterExplorer","level":"info","message":"Mapped {/whitelist-ip/:id, GET} route","timestamp":"2026-05-05T06:43:23.656Z"}
{"context":"RouterExplorer","level":"info","message":"Mapped {/whitelist-ip/:id, PATCH} route","timestamp":"2026-05-05T06:43:23.657Z"}
{"context":"RouterExplorer","level":"info","message":"Mapped {/whitelist-ip/:id, DELETE} route","timestamp":"2026-05-05T06:43:23.657Z"}
{"context":"RoutesResolver","level":"info","message":"RolesController {/roles}:","timestamp":"2026-05-05T06:43:23.657Z"}
{"context":"RouterExplorer","level":"info","message":"Mapped {/roles, POST} route","timestamp":"2026-05-05T06:43:23.657Z"}
{"context":"RouterExplorer","level":"info","message":"Mapped {/roles, GET} route","timestamp":"2026-05-05T06:43:23.657Z"}
{"context":"RouterExplorer","level":"info","message":"Mapped {/roles/:id, GET} route","timestamp":"2026-05-05T06:43:23.657Z"}
{"context":"RouterExplorer","level":"info","message":"Mapped {/roles/:id, PATCH} route","timestamp":"2026-05-05T06:43:23.657Z"}
{"context":"RouterExplorer","level":"info","message":"Mapped {/roles/:id, DELETE} route","timestamp":"2026-05-05T06:43:23.657Z"}
{"context":"RoutesResolver","level":"info","message":"PermissionsController {/permissions}:","timestamp":"2026-05-05T06:43:23.657Z"}
{"context":"RouterExplorer","level":"info","message":"Mapped {/permissions, POST} route","timestamp":"2026-05-05T06:43:23.658Z"}
{"context":"RouterExplorer","level":"info","message":"Mapped {/permissions, GET} route","timestamp":"2026-05-05T06:43:23.658Z"}
{"context":"RouterExplorer","level":"info","message":"Mapped {/permissions/:id, PATCH} route","timestamp":"2026-05-05T06:43:23.658Z"}
{"context":"RouterExplorer","level":"info","message":"Mapped {/permissions/:id, DELETE} route","timestamp":"2026-05-05T06:43:23.658Z"}
{"context":"RoutesResolver","level":"info","message":"AuthController {/auth}:","timestamp":"2026-05-05T06:43:23.658Z"}
{"context":"RouterExplorer","level":"info","message":"Mapped {/auth/register, POST} route","timestamp":"2026-05-05T06:43:23.658Z"}
{"context":"RouterExplorer","level":"info","message":"Mapped {/auth/login, POST} route","timestamp":"2026-05-05T06:43:23.658Z"}
{"context":"RouterExplorer","level":"info","message":"Mapped {/auth/refresh, POST} route","timestamp":"2026-05-05T06:43:23.659Z"}
{"context":"RouterExplorer","level":"info","message":"Mapped {/auth/logout, POST} route","timestamp":"2026-05-05T06:43:23.659Z"}
{"context":"RouterExplorer","level":"info","message":"Mapped {/auth/me, GET} route","timestamp":"2026-05-05T06:43:23.659Z"}
{"context":"RouterExplorer","level":"info","message":"Mapped {/auth/me/password, PATCH} route","timestamp":"2026-05-05T06:43:23.659Z"}
{"context":"RoutesResolver","level":"info","message":"AttributeController {/attribute}:","timestamp":"2026-05-05T06:43:23.659Z"}
{"context":"RouterExplorer","level":"info","message":"Mapped {/attribute, POST} route","timestamp":"2026-05-05T06:43:23.660Z"}
{"context":"RouterExplorer","level":"info","message":"Mapped {/attribute, GET} route","timestamp":"2026-05-05T06:43:23.660Z"}
{"context":"RouterExplorer","level":"info","message":"Mapped {/attribute/:id, GET} route","timestamp":"2026-05-05T06:43:23.660Z"}
{"context":"RouterExplorer","level":"info","message":"Mapped {/attribute/:id, PATCH} route","timestamp":"2026-05-05T06:43:23.660Z"}
{"context":"RouterExplorer","level":"info","message":"Mapped {/attribute/:id, DELETE} route","timestamp":"2026-05-05T06:43:23.660Z"}
{"context":"PrismaService","level":"info","message":"Kết nối database thành công","timestamp":"2026-05-05T06:43:23.698Z"}
{"context":"NestApplication","level":"info","message":"Nest application successfully started","timestamp":"2026-05-05T06:43:23.702Z"}
{"level":"info","message":"Khởi tạo ứng dụng...","timestamp":"2026-05-05T06:43:30.217Z"}
{"context":"NestFactory","level":"info","message":"Starting Nest application...","timestamp":"2026-05-05T06:43:30.288Z"}
{"context":"InstanceLoader","level":"info","message":"PassportModule dependencies initialized","timestamp":"2026-05-05T06:43:30.296Z"}
{"context":"InstanceLoader","level":"info","message":"ConfigHostModule dependencies initialized","timestamp":"2026-05-05T06:43:30.297Z"}
{"context":"PrismaService","level":"info","message":"🔌 Prisma Connection String: postgresql://admin:******@localhost:5433/kyc_asset_db?schema=public","timestamp":"2026-05-05T06:43:30.300Z"}
{"context":"InstanceLoader","level":"info","message":"AppModule dependencies initialized","timestamp":"2026-05-05T06:43:30.300Z"}
{"context":"InstanceLoader","level":"info","message":"ConfigModule dependencies initialized","timestamp":"2026-05-05T06:43:30.301Z"}
{"context":"InstanceLoader","level":"info","message":"CommonModule dependencies initialized","timestamp":"2026-05-05T06:43:30.301Z"}
{"context":"InstanceLoader","level":"info","message":"JwtModule dependencies initialized","timestamp":"2026-05-05T06:43:30.301Z"}
{"context":"InstanceLoader","level":"info","message":"PrismaModule dependencies initialized","timestamp":"2026-05-05T06:43:30.302Z"}
{"context":"InstanceLoader","level":"info","message":"WhitelistIpModule dependencies initialized","timestamp":"2026-05-05T06:43:30.303Z"}
{"context":"InstanceLoader","level":"info","message":"AttributeModule dependencies initialized","timestamp":"2026-05-05T06:43:30.303Z"}
{"context":"InstanceLoader","level":"info","message":"UsersModule dependencies initialized","timestamp":"2026-05-05T06:43:30.303Z"}
{"context":"InstanceLoader","level":"info","message":"RolesModule dependencies initialized","timestamp":"2026-05-05T06:43:30.303Z"}
{"context":"InstanceLoader","level":"info","message":"PermissionsModule dependencies initialized","timestamp":"2026-05-05T06:43:30.303Z"}
{"context":"InstanceLoader","level":"info","message":"AuthModule dependencies initialized","timestamp":"2026-05-05T06:43:30.304Z"}
{"context":"RoutesResolver","level":"info","message":"AppController {/}:","timestamp":"2026-05-05T06:43:30.325Z"}
{"context":"RouterExplorer","level":"info","message":"Mapped {/, GET} route","timestamp":"2026-05-05T06:43:30.326Z"}
{"context":"RoutesResolver","level":"info","message":"UsersController {/users}:","timestamp":"2026-05-05T06:43:30.326Z"}
{"context":"RouterExplorer","level":"info","message":"Mapped {/users, POST} route","timestamp":"2026-05-05T06:43:30.327Z"}
{"context":"RouterExplorer","level":"info","message":"Mapped {/users, GET} route","timestamp":"2026-05-05T06:43:30.327Z"}
{"context":"RouterExplorer","level":"info","message":"Mapped {/users/:id, GET} route","timestamp":"2026-05-05T06:43:30.327Z"}
{"context":"RouterExplorer","level":"info","message":"Mapped {/users/:id, PATCH} route","timestamp":"2026-05-05T06:43:30.327Z"}
{"context":"RouterExplorer","level":"info","message":"Mapped {/users/:id, DELETE} route","timestamp":"2026-05-05T06:43:30.328Z"}
{"context":"RoutesResolver","level":"info","message":"WhitelistIpController {/whitelist-ip}:","timestamp":"2026-05-05T06:43:30.328Z"}
{"context":"RouterExplorer","level":"info","message":"Mapped {/whitelist-ip, POST} route","timestamp":"2026-05-05T06:43:30.328Z"}
{"context":"RouterExplorer","level":"info","message":"Mapped {/whitelist-ip, GET} route","timestamp":"2026-05-05T06:43:30.328Z"}
{"context":"RouterExplorer","level":"info","message":"Mapped {/whitelist-ip/:id, GET} route","timestamp":"2026-05-05T06:43:30.328Z"}
{"context":"RouterExplorer","level":"info","message":"Mapped {/whitelist-ip/:id, PATCH} route","timestamp":"2026-05-05T06:43:30.328Z"}
{"context":"RouterExplorer","level":"info","message":"Mapped {/whitelist-ip/:id, DELETE} route","timestamp":"2026-05-05T06:43:30.329Z"}
{"context":"RoutesResolver","level":"info","message":"RolesController {/roles}:","timestamp":"2026-05-05T06:43:30.329Z"}
{"context":"RouterExplorer","level":"info","message":"Mapped {/roles, POST} route","timestamp":"2026-05-05T06:43:30.329Z"}
{"context":"RouterExplorer","level":"info","message":"Mapped {/roles, GET} route","timestamp":"2026-05-05T06:43:30.329Z"}
{"context":"RouterExplorer","level":"info","message":"Mapped {/roles/:id, GET} route","timestamp":"2026-05-05T06:43:30.329Z"}
{"context":"RouterExplorer","level":"info","message":"Mapped {/roles/:id, PATCH} route","timestamp":"2026-05-05T06:43:30.329Z"}
{"context":"RouterExplorer","level":"info","message":"Mapped {/roles/:id, DELETE} route","timestamp":"2026-05-05T06:43:30.329Z"}
{"context":"RoutesResolver","level":"info","message":"PermissionsController {/permissions}:","timestamp":"2026-05-05T06:43:30.329Z"}
{"context":"RouterExplorer","level":"info","message":"Mapped {/permissions, POST} route","timestamp":"2026-05-05T06:43:30.330Z"}
{"context":"RouterExplorer","level":"info","message":"Mapped {/permissions, GET} route","timestamp":"2026-05-05T06:43:30.330Z"}
{"context":"RouterExplorer","level":"info","message":"Mapped {/permissions/:id, PATCH} route","timestamp":"2026-05-05T06:43:30.330Z"}
{"context":"RouterExplorer","level":"info","message":"Mapped {/permissions/:id, DELETE} route","timestamp":"2026-05-05T06:43:30.330Z"}
{"context":"RoutesResolver","level":"info","message":"AuthController {/auth}:","timestamp":"2026-05-05T06:43:30.330Z"}
{"context":"RouterExplorer","level":"info","message":"Mapped {/auth/register, POST} route","timestamp":"2026-05-05T06:43:30.330Z"}
{"context":"RouterExplorer","level":"info","message":"Mapped {/auth/login, POST} route","timestamp":"2026-05-05T06:43:30.330Z"}
{"context":"RouterExplorer","level":"info","message":"Mapped {/auth/refresh, POST} route","timestamp":"2026-05-05T06:43:30.331Z"}
{"context":"RouterExplorer","level":"info","message":"Mapped {/auth/logout, POST} route","timestamp":"2026-05-05T06:43:30.331Z"}
{"context":"RouterExplorer","level":"info","message":"Mapped {/auth/me, GET} route","timestamp":"2026-05-05T06:43:30.331Z"}
{"context":"RouterExplorer","level":"info","message":"Mapped {/auth/me/password, PATCH} route","timestamp":"2026-05-05T06:43:30.331Z"}
{"context":"RoutesResolver","level":"info","message":"AttributeController {/attribute}:","timestamp":"2026-05-05T06:43:30.332Z"}
{"context":"RouterExplorer","level":"info","message":"Mapped {/attribute, POST} route","timestamp":"2026-05-05T06:43:30.332Z"}
{"context":"RouterExplorer","level":"info","message":"Mapped {/attribute, GET} route","timestamp":"2026-05-05T06:43:30.332Z"}
{"context":"RouterExplorer","level":"info","message":"Mapped {/attribute/:id, GET} route","timestamp":"2026-05-05T06:43:30.333Z"}
{"context":"RouterExplorer","level":"info","message":"Mapped {/attribute/:id, PATCH} route","timestamp":"2026-05-05T06:43:30.333Z"}
{"context":"RouterExplorer","level":"info","message":"Mapped {/attribute/:id, DELETE} route","timestamp":"2026-05-05T06:43:30.333Z"}
{"context":"PrismaService","level":"info","message":"Kết nối database thành công","timestamp":"2026-05-05T06:43:30.371Z"}
{"context":"NestApplication","level":"info","message":"Nest application successfully started","timestamp":"2026-05-05T06:43:30.374Z"}
{"context":"AccessTokenGuard","level":"info","message":"isPublic: true","requestId":"d94a1f58-2b66-4178-92f9-64f209f386e7","timestamp":"2026-05-05T06:43:40.426Z"}
{"context":"AccessTokenGuard","level":"info","message":"Public route, skipping authentication","requestId":"d94a1f58-2b66-4178-92f9-64f209f386e7","timestamp":"2026-05-05T06:43:40.427Z"}
{"context":"LoggerMiddleware","level":"warn","message":"[RequestID: d94a1f58-2b66-4178-92f9-64f209f386e7] POST /auth/login | Status: 401 | Duration: 77ms | IP: ::1 | UserAgent: Mozilla/5.0 (Windows NT 10.0; Win64; x64) AppleWebKit/537.36 (KHTML, like Gecko) Chrome/147.0.0.0 Safari/537.36","requestId":"d94a1f58-2b66-4178-92f9-64f209f386e7","timestamp":"2026-05-05T06:43:40.503Z"}
{"context":"LoggerMiddleware","level":"warn","message":"[RequestID: d729b9f7-f8a9-4265-b47b-87424e680542] POST /auth/refresh-token | Status: 404 | Duration: 1ms | IP: ::1 | UserAgent: Mozilla/5.0 (Windows NT 10.0; Win64; x64) AppleWebKit/537.36 (KHTML, like Gecko) Chrome/147.0.0.0 Safari/537.36","requestId":"d729b9f7-f8a9-4265-b47b-87424e680542","timestamp":"2026-05-05T06:43:40.508Z"}
{"level":"info","message":"Khởi tạo ứng dụng...","timestamp":"2026-05-05T06:46:52.110Z"}
{"context":"NestFactory","level":"info","message":"Starting Nest application...","timestamp":"2026-05-05T06:46:52.182Z"}
{"context":"InstanceLoader","level":"info","message":"PassportModule dependencies initialized","timestamp":"2026-05-05T06:46:52.190Z"}
{"context":"InstanceLoader","level":"info","message":"ConfigHostModule dependencies initialized","timestamp":"2026-05-05T06:46:52.190Z"}
{"context":"PrismaService","level":"info","message":"🔌 Prisma Connection String: postgresql://admin:******@localhost:5433/kyc_asset_db?schema=public","timestamp":"2026-05-05T06:46:52.192Z"}
{"context":"InstanceLoader","level":"info","message":"AppModule dependencies initialized","timestamp":"2026-05-05T06:46:52.192Z"}
{"context":"InstanceLoader","level":"info","message":"ConfigModule dependencies initialized","timestamp":"2026-05-05T06:46:52.193Z"}
{"context":"InstanceLoader","level":"info","message":"CommonModule dependencies initialized","timestamp":"2026-05-05T06:46:52.193Z"}
{"context":"InstanceLoader","level":"info","message":"JwtModule dependencies initialized","timestamp":"2026-05-05T06:46:52.193Z"}
{"context":"InstanceLoader","level":"info","message":"PrismaModule dependencies initialized","timestamp":"2026-05-05T06:46:52.194Z"}
{"context":"InstanceLoader","level":"info","message":"WhitelistIpModule dependencies initialized","timestamp":"2026-05-05T06:46:52.195Z"}
{"context":"InstanceLoader","level":"info","message":"AttributeModule dependencies initialized","timestamp":"2026-05-05T06:46:52.195Z"}
{"context":"InstanceLoader","level":"info","message":"UsersModule dependencies initialized","timestamp":"2026-05-05T06:46:52.195Z"}
{"context":"InstanceLoader","level":"info","message":"RolesModule dependencies initialized","timestamp":"2026-05-05T06:46:52.195Z"}
{"context":"InstanceLoader","level":"info","message":"PermissionsModule dependencies initialized","timestamp":"2026-05-05T06:46:52.195Z"}
{"context":"InstanceLoader","level":"info","message":"AuthModule dependencies initialized","timestamp":"2026-05-05T06:46:52.196Z"}
{"context":"RoutesResolver","level":"info","message":"AppController {/}:","timestamp":"2026-05-05T06:46:52.218Z"}
{"context":"RouterExplorer","level":"info","message":"Mapped {/, GET} route","timestamp":"2026-05-05T06:46:52.219Z"}
{"context":"RoutesResolver","level":"info","message":"UsersController {/users}:","timestamp":"2026-05-05T06:46:52.219Z"}
{"context":"RouterExplorer","level":"info","message":"Mapped {/users, POST} route","timestamp":"2026-05-05T06:46:52.220Z"}
{"context":"RouterExplorer","level":"info","message":"Mapped {/users, GET} route","timestamp":"2026-05-05T06:46:52.220Z"}
{"context":"RouterExplorer","level":"info","message":"Mapped {/users/:id, GET} route","timestamp":"2026-05-05T06:46:52.220Z"}
{"context":"RouterExplorer","level":"info","message":"Mapped {/users/:id, PATCH} route","timestamp":"2026-05-05T06:46:52.220Z"}
{"context":"RouterExplorer","level":"info","message":"Mapped {/users/:id, DELETE} route","timestamp":"2026-05-05T06:46:52.221Z"}
{"context":"RoutesResolver","level":"info","message":"WhitelistIpController {/whitelist-ip}:","timestamp":"2026-05-05T06:46:52.221Z"}
{"context":"RouterExplorer","level":"info","message":"Mapped {/whitelist-ip, POST} route","timestamp":"2026-05-05T06:46:52.221Z"}
{"context":"RouterExplorer","level":"info","message":"Mapped {/whitelist-ip, GET} route","timestamp":"2026-05-05T06:46:52.221Z"}
{"context":"RouterExplorer","level":"info","message":"Mapped {/whitelist-ip/:id, GET} route","timestamp":"2026-05-05T06:46:52.221Z"}
{"context":"RouterExplorer","level":"info","message":"Mapped {/whitelist-ip/:id, PATCH} route","timestamp":"2026-05-05T06:46:52.222Z"}
{"context":"RouterExplorer","level":"info","message":"Mapped {/whitelist-ip/:id, DELETE} route","timestamp":"2026-05-05T06:46:52.222Z"}
{"context":"RoutesResolver","level":"info","message":"RolesController {/roles}:","timestamp":"2026-05-05T06:46:52.222Z"}
{"context":"RouterExplorer","level":"info","message":"Mapped {/roles, POST} route","timestamp":"2026-05-05T06:46:52.222Z"}
{"context":"RouterExplorer","level":"info","message":"Mapped {/roles, GET} route","timestamp":"2026-05-05T06:46:52.222Z"}
{"context":"RouterExplorer","level":"info","message":"Mapped {/roles/:id, GET} route","timestamp":"2026-05-05T06:46:52.222Z"}
{"context":"RouterExplorer","level":"info","message":"Mapped {/roles/:id, PATCH} route","timestamp":"2026-05-05T06:46:52.222Z"}
{"context":"RouterExplorer","level":"info","message":"Mapped {/roles/:id, DELETE} route","timestamp":"2026-05-05T06:46:52.222Z"}
{"context":"RoutesResolver","level":"info","message":"PermissionsController {/permissions}:","timestamp":"2026-05-05T06:46:52.222Z"}
{"context":"RouterExplorer","level":"info","message":"Mapped {/permissions, POST} route","timestamp":"2026-05-05T06:46:52.223Z"}
{"context":"RouterExplorer","level":"info","message":"Mapped {/permissions, GET} route","timestamp":"2026-05-05T06:46:52.223Z"}
{"context":"RouterExplorer","level":"info","message":"Mapped {/permissions/:id, PATCH} route","timestamp":"2026-05-05T06:46:52.223Z"}
{"context":"RouterExplorer","level":"info","message":"Mapped {/permissions/:id, DELETE} route","timestamp":"2026-05-05T06:46:52.223Z"}
{"context":"RoutesResolver","level":"info","message":"AuthController {/auth}:","timestamp":"2026-05-05T06:46:52.223Z"}
{"context":"RouterExplorer","level":"info","message":"Mapped {/auth/register, POST} route","timestamp":"2026-05-05T06:46:52.224Z"}
{"context":"RouterExplorer","level":"info","message":"Mapped {/auth/login, POST} route","timestamp":"2026-05-05T06:46:52.224Z"}
{"context":"RouterExplorer","level":"info","message":"Mapped {/auth/refresh, POST} route","timestamp":"2026-05-05T06:46:52.224Z"}
{"context":"RouterExplorer","level":"info","message":"Mapped {/auth/logout, POST} route","timestamp":"2026-05-05T06:46:52.224Z"}
{"context":"RouterExplorer","level":"info","message":"Mapped {/auth/me, GET} route","timestamp":"2026-05-05T06:46:52.224Z"}
{"context":"RouterExplorer","level":"info","message":"Mapped {/auth/me/password, PATCH} route","timestamp":"2026-05-05T06:46:52.224Z"}
{"context":"RoutesResolver","level":"info","message":"AttributeController {/attribute}:","timestamp":"2026-05-05T06:46:52.225Z"}
{"context":"RouterExplorer","level":"info","message":"Mapped {/attribute, POST} route","timestamp":"2026-05-05T06:46:52.225Z"}
{"context":"RouterExplorer","level":"info","message":"Mapped {/attribute, GET} route","timestamp":"2026-05-05T06:46:52.225Z"}
{"context":"RouterExplorer","level":"info","message":"Mapped {/attribute/:id, GET} route","timestamp":"2026-05-05T06:46:52.225Z"}
{"context":"RouterExplorer","level":"info","message":"Mapped {/attribute/:id, PATCH} route","timestamp":"2026-05-05T06:46:52.225Z"}
{"context":"RouterExplorer","level":"info","message":"Mapped {/attribute/:id, DELETE} route","timestamp":"2026-05-05T06:46:52.226Z"}
{"context":"PrismaService","level":"info","message":"Kết nối database thành công","timestamp":"2026-05-05T06:46:52.263Z"}
{"context":"NestApplication","level":"info","message":"Nest application successfully started","timestamp":"2026-05-05T06:46:52.266Z"}
{"context":"AccessTokenGuard","level":"info","message":"isPublic: true","requestId":"37b86249-1458-44bf-9410-794a4e0155bb","timestamp":"2026-05-05T06:46:54.089Z"}
{"context":"AccessTokenGuard","level":"info","message":"Public route, skipping authentication","requestId":"37b86249-1458-44bf-9410-794a4e0155bb","timestamp":"2026-05-05T06:46:54.090Z"}
{"context":"LoggerMiddleware","level":"warn","message":"[RequestID: 37b86249-1458-44bf-9410-794a4e0155bb] POST /auth/login | Status: 401 | Duration: 77ms | IP: ::1 | UserAgent: Mozilla/5.0 (Windows NT 10.0; Win64; x64) AppleWebKit/537.36 (KHTML, like Gecko) Chrome/147.0.0.0 Safari/537.36","requestId":"37b86249-1458-44bf-9410-794a4e0155bb","timestamp":"2026-05-05T06:46:54.165Z"}
{"context":"LoggerMiddleware","level":"warn","message":"[RequestID: f366e5f8-88ad-4959-bea6-08b1bb7f5e84] POST /auth/refresh-token | Status: 404 | Duration: 1ms | IP: ::1 | UserAgent: Mozilla/5.0 (Windows NT 10.0; Win64; x64) AppleWebKit/537.36 (KHTML, like Gecko) Chrome/147.0.0.0 Safari/537.36","requestId":"f366e5f8-88ad-4959-bea6-08b1bb7f5e84","timestamp":"2026-05-05T06:46:54.171Z"}
{"context":"AccessTokenGuard","level":"info","message":"isPublic: true","requestId":"3b903903-5896-4d75-813f-85d1e7486da1","timestamp":"2026-05-05T06:57:29.721Z"}
{"context":"AccessTokenGuard","level":"info","message":"Public route, skipping authentication","requestId":"3b903903-5896-4d75-813f-85d1e7486da1","timestamp":"2026-05-05T06:57:29.721Z"}
{"context":"LoggerMiddleware","level":"warn","message":"[RequestID: 3b903903-5896-4d75-813f-85d1e7486da1] POST /auth/login | Status: 401 | Duration: 14ms | IP: ::1 | UserAgent: Mozilla/5.0 (Windows NT 10.0; Win64; x64) AppleWebKit/537.36 (KHTML, like Gecko) Chrome/147.0.0.0 Safari/537.36","requestId":"3b903903-5896-4d75-813f-85d1e7486da1","timestamp":"2026-05-05T06:57:29.734Z"}
{"context":"LoggerMiddleware","level":"warn","message":"[RequestID: 13c2786f-10f5-4cb4-a224-736d0f7913fc] POST /auth/refresh-token | Status: 404 | Duration: 1ms | IP: ::1 | UserAgent: Mozilla/5.0 (Windows NT 10.0; Win64; x64) AppleWebKit/537.36 (KHTML, like Gecko) Chrome/147.0.0.0 Safari/537.36","requestId":"13c2786f-10f5-4cb4-a224-736d0f7913fc","timestamp":"2026-05-05T06:57:29.739Z"}
{"context":"AccessTokenGuard","level":"info","message":"isPublic: true","requestId":"6a2aeb94-4a2f-4228-81c8-6011562b337d","timestamp":"2026-05-05T07:00:21.467Z"}
{"context":"AccessTokenGuard","level":"info","message":"Public route, skipping authentication","requestId":"6a2aeb94-4a2f-4228-81c8-6011562b337d","timestamp":"2026-05-05T07:00:21.468Z"}
{"context":"LoggerMiddleware","level":"info","message":"[RequestID: 6a2aeb94-4a2f-4228-81c8-6011562b337d] POST /auth/login | Status: 201 | Duration: 74ms | IP: ::1 | UserAgent: Mozilla/5.0 (Windows NT 10.0; Win64; x64) AppleWebKit/537.36 (KHTML, like Gecko) Chrome/147.0.0.0 Safari/537.36","requestId":"6a2aeb94-4a2f-4228-81c8-6011562b337d","timestamp":"2026-05-05T07:00:21.541Z"}
{"context":"AccessTokenGuard","level":"info","message":"isPublic: true","requestId":"6dbe5840-351e-4ce3-925e-8937978be239","timestamp":"2026-05-05T07:00:40.421Z"}
{"context":"AccessTokenGuard","level":"info","message":"Public route, skipping authentication","requestId":"6dbe5840-351e-4ce3-925e-8937978be239","timestamp":"2026-05-05T07:00:40.421Z"}
{"context":"LoggerMiddleware","level":"info","message":"[RequestID: 6dbe5840-351e-4ce3-925e-8937978be239] POST /auth/login | Status: 201 | Duration: 43ms | IP: ::1 | UserAgent: Mozilla/5.0 (Windows NT 10.0; Win64; x64) AppleWebKit/537.36 (KHTML, like Gecko) Chrome/147.0.0.0 Safari/537.36","requestId":"6dbe5840-351e-4ce3-925e-8937978be239","timestamp":"2026-05-05T07:00:40.463Z"}
{"context":"AccessTokenGuard","level":"info","message":"isPublic: undefined","requestId":"e0fcfd0d-3fd9-4e03-96b1-ce103f3c3eb8","timestamp":"2026-05-05T07:00:41.785Z"}
{"context":"AccessTokenStrategy","level":"info","message":"user: {\"id\":\"cc6d2974-22cf-4b0b-9590-4b701cfa3c00\",\"username\":\"customer_001\",\"hashed_password\":\"scrypt:61b7465b5cc602c81ecaa66e31f0f570:064a122e33f58ab9bedcc806f62492b81e4451665c71c7dc3a5afd28b63aa6017713b59fb84dc9594c530b3bbe79c2bf5c738ae510f3152bf09f34a3b6d02482\",\"displayName\":\"Nguyễn Văn A\",\"token_version\":5,\"isActive\":true,\"createdAt\":\"2026-05-03T15:37:18.203Z\",\"updatedAt\":\"2026-05-04T09:10:04.759Z\",\"deletedAt\":null,\"roles\":[]}","requestId":"e0fcfd0d-3fd9-4e03-96b1-ce103f3c3eb8","timestamp":"2026-05-05T07:00:41.792Z"}
{"context":"LoggerMiddleware","level":"warn","message":"[RequestID: e0fcfd0d-3fd9-4e03-96b1-ce103f3c3eb8] GET /users/me | Status: 400 | Duration: 9ms | IP: ::1 | UserAgent: Mozilla/5.0 (Windows NT 10.0; Win64; x64) AppleWebKit/537.36 (KHTML, like Gecko) Chrome/147.0.0.0 Safari/537.36","requestId":"e0fcfd0d-3fd9-4e03-96b1-ce103f3c3eb8","timestamp":"2026-05-05T07:00:41.795Z"}
{"context":"AccessTokenGuard","level":"info","message":"isPublic: true","requestId":"013587cb-fb67-4b6f-a882-0e4b974a9106","timestamp":"2026-05-05T07:00:57.934Z"}
{"context":"AccessTokenGuard","level":"info","message":"Public route, skipping authentication","requestId":"013587cb-fb67-4b6f-a882-0e4b974a9106","timestamp":"2026-05-05T07:00:57.935Z"}
{"context":"LoggerMiddleware","level":"info","message":"[RequestID: 013587cb-fb67-4b6f-a882-0e4b974a9106] POST /auth/login | Status: 201 | Duration: 46ms | IP: ::1 | UserAgent: Mozilla/5.0 (Windows NT 10.0; Win64; x64) AppleWebKit/537.36 (KHTML, like Gecko) Chrome/147.0.0.0 Safari/537.36","requestId":"013587cb-fb67-4b6f-a882-0e4b974a9106","timestamp":"2026-05-05T07:00:57.980Z"}
{"context":"AccessTokenGuard","level":"info","message":"isPublic: true","requestId":"075c6765-9ce9-4a6a-8cdf-87b12ca4c341","timestamp":"2026-05-05T07:03:20.081Z"}
{"context":"AccessTokenGuard","level":"info","message":"Public route, skipping authentication","requestId":"075c6765-9ce9-4a6a-8cdf-87b12ca4c341","timestamp":"2026-05-05T07:03:20.081Z"}
{"context":"LoggerMiddleware","level":"warn","message":"[RequestID: 075c6765-9ce9-4a6a-8cdf-87b12ca4c341] POST /auth/login | Status: 401 | Duration: 13ms | IP: ::1 | UserAgent: Mozilla/5.0 (Windows NT 10.0; Win64; x64) AppleWebKit/537.36 (KHTML, like Gecko) Chrome/147.0.0.0 Safari/537.36","requestId":"075c6765-9ce9-4a6a-8cdf-87b12ca4c341","timestamp":"2026-05-05T07:03:20.094Z"}
{"context":"LoggerMiddleware","level":"warn","message":"[RequestID: 13e2580a-0697-4898-b33d-e357df2b8ed4] POST /auth/refresh-token | Status: 404 | Duration: 0ms | IP: ::1 | UserAgent: Mozilla/5.0 (Windows NT 10.0; Win64; x64) AppleWebKit/537.36 (KHTML, like Gecko) Chrome/147.0.0.0 Safari/537.36","requestId":"13e2580a-0697-4898-b33d-e357df2b8ed4","timestamp":"2026-05-05T07:03:20.099Z"}
{"context":"AccessTokenGuard","level":"info","message":"isPublic: true","requestId":"f2997e56-f485-449a-941d-60e07e402e3a","timestamp":"2026-05-05T07:16:35.122Z"}
{"context":"AccessTokenGuard","level":"info","message":"Public route, skipping authentication","requestId":"f2997e56-f485-449a-941d-60e07e402e3a","timestamp":"2026-05-05T07:16:35.122Z"}
{"context":"LoggerMiddleware","level":"warn","message":"[RequestID: f2997e56-f485-449a-941d-60e07e402e3a] POST /auth/login | Status: 401 | Duration: 12ms | IP: ::1 | UserAgent: Mozilla/5.0 (Windows NT 10.0; Win64; x64) AppleWebKit/537.36 (KHTML, like Gecko) Chrome/147.0.0.0 Safari/537.36","requestId":"f2997e56-f485-449a-941d-60e07e402e3a","timestamp":"2026-05-05T07:16:35.134Z"}
{"context":"AccessTokenGuard","level":"info","message":"isPublic: true","requestId":"2f1a83e9-96d6-4ba1-b21a-fef747bf05d4","timestamp":"2026-05-05T07:16:45.528Z"}
{"context":"AccessTokenGuard","level":"info","message":"Public route, skipping authentication","requestId":"2f1a83e9-96d6-4ba1-b21a-fef747bf05d4","timestamp":"2026-05-05T07:16:45.528Z"}
{"context":"LoggerMiddleware","level":"warn","message":"[RequestID: 2f1a83e9-96d6-4ba1-b21a-fef747bf05d4] POST /auth/login | Status: 401 | Duration: 14ms | IP: ::1 | UserAgent: Mozilla/5.0 (Windows NT 10.0; Win64; x64) AppleWebKit/537.36 (KHTML, like Gecko) Chrome/147.0.0.0 Safari/537.36","requestId":"2f1a83e9-96d6-4ba1-b21a-fef747bf05d4","timestamp":"2026-05-05T07:16:45.542Z"}
{"context":"AccessTokenGuard","level":"info","message":"isPublic: true","requestId":"ce087e82-6d0c-496e-891f-094c18fbb47c","timestamp":"2026-05-05T07:16:48.399Z"}
{"context":"AccessTokenGuard","level":"info","message":"Public route, skipping authentication","requestId":"ce087e82-6d0c-496e-891f-094c18fbb47c","timestamp":"2026-05-05T07:16:48.399Z"}
{"context":"LoggerMiddleware","level":"warn","message":"[RequestID: ce087e82-6d0c-496e-891f-094c18fbb47c] POST /auth/login | Status: 401 | Duration: 4ms | IP: ::1 | UserAgent: Mozilla/5.0 (Windows NT 10.0; Win64; x64) AppleWebKit/537.36 (KHTML, like Gecko) Chrome/147.0.0.0 Safari/537.36","requestId":"ce087e82-6d0c-496e-891f-094c18fbb47c","timestamp":"2026-05-05T07:16:48.402Z"}
{"context":"AccessTokenGuard","level":"info","message":"isPublic: true","requestId":"8058266d-4ef7-48ff-aa71-4aca6af56493","timestamp":"2026-05-05T07:16:49.228Z"}
{"context":"AccessTokenGuard","level":"info","message":"Public route, skipping authentication","requestId":"8058266d-4ef7-48ff-aa71-4aca6af56493","timestamp":"2026-05-05T07:16:49.229Z"}
{"context":"LoggerMiddleware","level":"warn","message":"[RequestID: 8058266d-4ef7-48ff-aa71-4aca6af56493] POST /auth/login | Status: 401 | Duration: 4ms | IP: ::1 | UserAgent: Mozilla/5.0 (Windows NT 10.0; Win64; x64) AppleWebKit/537.36 (KHTML, like Gecko) Chrome/147.0.0.0 Safari/537.36","requestId":"8058266d-4ef7-48ff-aa71-4aca6af56493","timestamp":"2026-05-05T07:16:49.232Z"}
{"context":"AccessTokenGuard","level":"info","message":"isPublic: true","requestId":"5d200920-5e04-4da9-844c-df55ab1c4997","timestamp":"2026-05-05T07:16:49.830Z"}
{"context":"AccessTokenGuard","level":"info","message":"Public route, skipping authentication","requestId":"5d200920-5e04-4da9-844c-df55ab1c4997","timestamp":"2026-05-05T07:16:49.830Z"}
{"context":"LoggerMiddleware","level":"warn","message":"[RequestID: 5d200920-5e04-4da9-844c-df55ab1c4997] POST /auth/login | Status: 401 | Duration: 3ms | IP: ::1 | UserAgent: Mozilla/5.0 (Windows NT 10.0; Win64; x64) AppleWebKit/537.36 (KHTML, like Gecko) Chrome/147.0.0.0 Safari/537.36","requestId":"5d200920-5e04-4da9-844c-df55ab1c4997","timestamp":"2026-05-05T07:16:49.833Z"}
{"context":"AccessTokenGuard","level":"info","message":"isPublic: true","requestId":"23a2d755-e5cb-47c5-b329-0fb39b126346","timestamp":"2026-05-05T07:16:50.234Z"}
{"context":"AccessTokenGuard","level":"info","message":"Public route, skipping authentication","requestId":"23a2d755-e5cb-47c5-b329-0fb39b126346","timestamp":"2026-05-05T07:16:50.234Z"}
{"context":"LoggerMiddleware","level":"warn","message":"[RequestID: 23a2d755-e5cb-47c5-b329-0fb39b126346] POST /auth/login | Status: 401 | Duration: 3ms | IP: ::1 | UserAgent: Mozilla/5.0 (Windows NT 10.0; Win64; x64) AppleWebKit/537.36 (KHTML, like Gecko) Chrome/147.0.0.0 Safari/537.36","requestId":"23a2d755-e5cb-47c5-b329-0fb39b126346","timestamp":"2026-05-05T07:16:50.237Z"}
{"context":"AccessTokenGuard","level":"info","message":"isPublic: true","requestId":"9259776f-2634-4293-a878-cf75949e35d9","timestamp":"2026-05-05T07:16:50.437Z"}
{"context":"AccessTokenGuard","level":"info","message":"Public route, skipping authentication","requestId":"9259776f-2634-4293-a878-cf75949e35d9","timestamp":"2026-05-05T07:16:50.438Z"}
{"context":"LoggerMiddleware","level":"warn","message":"[RequestID: 9259776f-2634-4293-a878-cf75949e35d9] POST /auth/login | Status: 401 | Duration: 4ms | IP: ::1 | UserAgent: Mozilla/5.0 (Windows NT 10.0; Win64; x64) AppleWebKit/537.36 (KHTML, like Gecko) Chrome/147.0.0.0 Safari/537.36","requestId":"9259776f-2634-4293-a878-cf75949e35d9","timestamp":"2026-05-05T07:16:50.441Z"}
{"context":"AccessTokenGuard","level":"info","message":"isPublic: true","requestId":"1c3a1f09-f5c7-4d62-ac38-9ee1085a6c53","timestamp":"2026-05-05T07:17:02.273Z"}
{"context":"AccessTokenGuard","level":"info","message":"Public route, skipping authentication","requestId":"1c3a1f09-f5c7-4d62-ac38-9ee1085a6c53","timestamp":"2026-05-05T07:17:02.273Z"}
{"context":"LoggerMiddleware","level":"warn","message":"[RequestID: 1c3a1f09-f5c7-4d62-ac38-9ee1085a6c53] POST /auth/login | Status: 401 | Duration: 12ms | IP: ::1 | UserAgent: Mozilla/5.0 (Windows NT 10.0; Win64; x64) AppleWebKit/537.36 (KHTML, like Gecko) Chrome/147.0.0.0 Safari/537.36","requestId":"1c3a1f09-f5c7-4d62-ac38-9ee1085a6c53","timestamp":"2026-05-05T07:17:02.284Z"}
{"context":"AccessTokenGuard","level":"info","message":"isPublic: true","requestId":"63ba22ec-8202-4b02-ba52-22ce7fb81adf","timestamp":"2026-05-05T07:17:04.794Z"}
{"context":"AccessTokenGuard","level":"info","message":"Public route, skipping authentication","requestId":"63ba22ec-8202-4b02-ba52-22ce7fb81adf","timestamp":"2026-05-05T07:17:04.795Z"}
{"context":"LoggerMiddleware","level":"warn","message":"[RequestID: 63ba22ec-8202-4b02-ba52-22ce7fb81adf] POST /auth/login | Status: 401 | Duration: 4ms | IP: ::1 | UserAgent: Mozilla/5.0 (Windows NT 10.0; Win64; x64) AppleWebKit/537.36 (KHTML, like Gecko) Chrome/147.0.0.0 Safari/537.36","requestId":"63ba22ec-8202-4b02-ba52-22ce7fb81adf","timestamp":"2026-05-05T07:17:04.798Z"}
{"context":"AccessTokenGuard","level":"info","message":"isPublic: true","requestId":"15b097a5-e725-40da-8b44-47781e9a0b0d","timestamp":"2026-05-05T07:17:05.556Z"}
{"context":"AccessTokenGuard","level":"info","message":"Public route, skipping authentication","requestId":"15b097a5-e725-40da-8b44-47781e9a0b0d","timestamp":"2026-05-05T07:17:05.556Z"}
{"context":"LoggerMiddleware","level":"warn","message":"[RequestID: 15b097a5-e725-40da-8b44-47781e9a0b0d] POST /auth/login | Status: 401 | Duration: 5ms | IP: ::1 | UserAgent: Mozilla/5.0 (Windows NT 10.0; Win64; x64) AppleWebKit/537.36 (KHTML, like Gecko) Chrome/147.0.0.0 Safari/537.36","requestId":"15b097a5-e725-40da-8b44-47781e9a0b0d","timestamp":"2026-05-05T07:17:05.561Z"}
{"context":"AccessTokenGuard","level":"info","message":"isPublic: true","requestId":"cc43d3e3-6cdc-49f4-98d1-9665d8cf8c10","timestamp":"2026-05-05T07:17:06.036Z"}
{"context":"AccessTokenGuard","level":"info","message":"Public route, skipping authentication","requestId":"cc43d3e3-6cdc-49f4-98d1-9665d8cf8c10","timestamp":"2026-05-05T07:17:06.037Z"}
{"context":"LoggerMiddleware","level":"warn","message":"[RequestID: cc43d3e3-6cdc-49f4-98d1-9665d8cf8c10] POST /auth/login | Status: 401 | Duration: 4ms | IP: ::1 | UserAgent: Mozilla/5.0 (Windows NT 10.0; Win64; x64) AppleWebKit/537.36 (KHTML, like Gecko) Chrome/147.0.0.0 Safari/537.36","requestId":"cc43d3e3-6cdc-49f4-98d1-9665d8cf8c10","timestamp":"2026-05-05T07:17:06.040Z"}
{"context":"AccessTokenGuard","level":"info","message":"isPublic: true","requestId":"e957dfe1-a363-4048-b86d-8a553af29665","timestamp":"2026-05-05T07:17:06.579Z"}
{"context":"AccessTokenGuard","level":"info","message":"Public route, skipping authentication","requestId":"e957dfe1-a363-4048-b86d-8a553af29665","timestamp":"2026-05-05T07:17:06.579Z"}
{"context":"LoggerMiddleware","level":"warn","message":"[RequestID: e957dfe1-a363-4048-b86d-8a553af29665] POST /auth/login | Status: 401 | Duration: 3ms | IP: ::1 | UserAgent: Mozilla/5.0 (Windows NT 10.0; Win64; x64) AppleWebKit/537.36 (KHTML, like Gecko) Chrome/147.0.0.0 Safari/537.36","requestId":"e957dfe1-a363-4048-b86d-8a553af29665","timestamp":"2026-05-05T07:17:06.582Z"}
{"context":"AccessTokenGuard","level":"info","message":"isPublic: true","requestId":"7a021b99-1670-4ac9-9f70-c04508d1a4b4","timestamp":"2026-05-05T07:17:07.054Z"}
{"context":"AccessTokenGuard","level":"info","message":"Public route, skipping authentication","requestId":"7a021b99-1670-4ac9-9f70-c04508d1a4b4","timestamp":"2026-05-05T07:17:07.054Z"}
{"context":"LoggerMiddleware","level":"warn","message":"[RequestID: 7a021b99-1670-4ac9-9f70-c04508d1a4b4] POST /auth/login | Status: 401 | Duration: 4ms | IP: ::1 | UserAgent: Mozilla/5.0 (Windows NT 10.0; Win64; x64) AppleWebKit/537.36 (KHTML, like Gecko) Chrome/147.0.0.0 Safari/537.36","requestId":"7a021b99-1670-4ac9-9f70-c04508d1a4b4","timestamp":"2026-05-05T07:17:07.057Z"}
{"context":"AccessTokenGuard","level":"info","message":"isPublic: true","requestId":"b7f42736-e896-4be0-8886-478ca1111e7a","timestamp":"2026-05-05T07:17:07.539Z"}
{"context":"AccessTokenGuard","level":"info","message":"Public route, skipping authentication","requestId":"b7f42736-e896-4be0-8886-478ca1111e7a","timestamp":"2026-05-05T07:17:07.539Z"}
{"context":"LoggerMiddleware","level":"warn","message":"[RequestID: b7f42736-e896-4be0-8886-478ca1111e7a] POST /auth/login | Status: 401 | Duration: 4ms | IP: ::1 | UserAgent: Mozilla/5.0 (Windows NT 10.0; Win64; x64) AppleWebKit/537.36 (KHTML, like Gecko) Chrome/147.0.0.0 Safari/537.36","requestId":"b7f42736-e896-4be0-8886-478ca1111e7a","timestamp":"2026-05-05T07:17:07.543Z"}
{"context":"AccessTokenGuard","level":"info","message":"isPublic: true","requestId":"a0ab9c9f-c29f-43e5-ac3b-fc29c3ccac52","timestamp":"2026-05-05T07:17:08.132Z"}
{"context":"AccessTokenGuard","level":"info","message":"Public route, skipping authentication","requestId":"a0ab9c9f-c29f-43e5-ac3b-fc29c3ccac52","timestamp":"2026-05-05T07:17:08.133Z"}
{"context":"LoggerMiddleware","level":"warn","message":"[RequestID: a0ab9c9f-c29f-43e5-ac3b-fc29c3ccac52] POST /auth/login | Status: 401 | Duration: 4ms | IP: ::1 | UserAgent: Mozilla/5.0 (Windows NT 10.0; Win64; x64) AppleWebKit/537.36 (KHTML, like Gecko) Chrome/147.0.0.0 Safari/537.36","requestId":"a0ab9c9f-c29f-43e5-ac3b-fc29c3ccac52","timestamp":"2026-05-05T07:17:08.136Z"}
{"context":"AccessTokenGuard","level":"info","message":"isPublic: true","requestId":"93d30bbf-26d4-428a-a7e9-e0b0dac1a38c","timestamp":"2026-05-05T07:17:09.377Z"}
{"context":"AccessTokenGuard","level":"info","message":"Public route, skipping authentication","requestId":"93d30bbf-26d4-428a-a7e9-e0b0dac1a38c","timestamp":"2026-05-05T07:17:09.378Z"}
{"context":"LoggerMiddleware","level":"warn","message":"[RequestID: 93d30bbf-26d4-428a-a7e9-e0b0dac1a38c] POST /auth/login | Status: 401 | Duration: 4ms | IP: ::1 | UserAgent: Mozilla/5.0 (Windows NT 10.0; Win64; x64) AppleWebKit/537.36 (KHTML, like Gecko) Chrome/147.0.0.0 Safari/537.36","requestId":"93d30bbf-26d4-428a-a7e9-e0b0dac1a38c","timestamp":"2026-05-05T07:17:09.381Z"}
{"context":"AccessTokenGuard","level":"info","message":"isPublic: true","requestId":"d70be42d-12d2-42c1-83ac-5579db357752","timestamp":"2026-05-05T07:17:21.310Z"}
{"context":"AccessTokenGuard","level":"info","message":"Public route, skipping authentication","requestId":"d70be42d-12d2-42c1-83ac-5579db357752","timestamp":"2026-05-05T07:17:21.310Z"}
{"context":"LoggerMiddleware","level":"warn","message":"[RequestID: d70be42d-12d2-42c1-83ac-5579db357752] POST /auth/login | Status: 401 | Duration: 11ms | IP: ::1 | UserAgent: Mozilla/5.0 (Windows NT 10.0; Win64; x64) AppleWebKit/537.36 (KHTML, like Gecko) Chrome/147.0.0.0 Safari/537.36","requestId":"d70be42d-12d2-42c1-83ac-5579db357752","timestamp":"2026-05-05T07:17:21.321Z"}
{"context":"AccessTokenGuard","level":"info","message":"isPublic: true","requestId":"fa316ede-eac4-4fb8-b398-353cd83580a6","timestamp":"2026-05-05T07:17:23.093Z"}
{"context":"AccessTokenGuard","level":"info","message":"Public route, skipping authentication","requestId":"fa316ede-eac4-4fb8-b398-353cd83580a6","timestamp":"2026-05-05T07:17:23.093Z"}
{"context":"LoggerMiddleware","level":"warn","message":"[RequestID: fa316ede-eac4-4fb8-b398-353cd83580a6] POST /auth/login | Status: 401 | Duration: 4ms | IP: ::1 | UserAgent: Mozilla/5.0 (Windows NT 10.0; Win64; x64) AppleWebKit/537.36 (KHTML, like Gecko) Chrome/147.0.0.0 Safari/537.36","requestId":"fa316ede-eac4-4fb8-b398-353cd83580a6","timestamp":"2026-05-05T07:17:23.096Z"}
{"context":"AccessTokenGuard","level":"info","message":"isPublic: true","requestId":"796bc52f-a5c1-40d2-96be-09957ced9729","timestamp":"2026-05-05T07:17:26.141Z"}
{"context":"AccessTokenGuard","level":"info","message":"Public route, skipping authentication","requestId":"796bc52f-a5c1-40d2-96be-09957ced9729","timestamp":"2026-05-05T07:17:26.141Z"}
{"context":"LoggerMiddleware","level":"warn","message":"[RequestID: 796bc52f-a5c1-40d2-96be-09957ced9729] POST /auth/login | Status: 401 | Duration: 4ms | IP: ::1 | UserAgent: Mozilla/5.0 (Windows NT 10.0; Win64; x64) AppleWebKit/537.36 (KHTML, like Gecko) Chrome/147.0.0.0 Safari/537.36","requestId":"796bc52f-a5c1-40d2-96be-09957ced9729","timestamp":"2026-05-05T07:17:26.144Z"}
{"context":"AccessTokenGuard","level":"info","message":"isPublic: true","requestId":"85f7e12d-83ba-4997-b7ab-f61d65e10a30","timestamp":"2026-05-05T07:17:27.116Z"}
{"context":"AccessTokenGuard","level":"info","message":"Public route, skipping authentication","requestId":"85f7e12d-83ba-4997-b7ab-f61d65e10a30","timestamp":"2026-05-05T07:17:27.117Z"}
{"context":"LoggerMiddleware","level":"warn","message":"[RequestID: 85f7e12d-83ba-4997-b7ab-f61d65e10a30] POST /auth/login | Status: 401 | Duration: 4ms | IP: ::1 | UserAgent: Mozilla/5.0 (Windows NT 10.0; Win64; x64) AppleWebKit/537.36 (KHTML, like Gecko) Chrome/147.0.0.0 Safari/537.36","requestId":"85f7e12d-83ba-4997-b7ab-f61d65e10a30","timestamp":"2026-05-05T07:17:27.120Z"}
{"context":"AccessTokenGuard","level":"info","message":"isPublic: true","requestId":"db8f7540-6043-45a4-aa79-cdf3866fc49c","timestamp":"2026-05-05T07:17:27.586Z"}
{"context":"AccessTokenGuard","level":"info","message":"Public route, skipping authentication","requestId":"db8f7540-6043-45a4-aa79-cdf3866fc49c","timestamp":"2026-05-05T07:17:27.586Z"}
{"context":"LoggerMiddleware","level":"warn","message":"[RequestID: db8f7540-6043-45a4-aa79-cdf3866fc49c] POST /auth/login | Status: 401 | Duration: 5ms | IP: ::1 | UserAgent: Mozilla/5.0 (Windows NT 10.0; Win64; x64) AppleWebKit/537.36 (KHTML, like Gecko) Chrome/147.0.0.0 Safari/537.36","requestId":"db8f7540-6043-45a4-aa79-cdf3866fc49c","timestamp":"2026-05-05T07:17:27.590Z"}
{"context":"AccessTokenGuard","level":"info","message":"isPublic: true","requestId":"bb077e6d-815e-436a-afca-e9accb3ccdd9","timestamp":"2026-05-05T07:17:28.132Z"}
{"context":"AccessTokenGuard","level":"info","message":"Public route, skipping authentication","requestId":"bb077e6d-815e-436a-afca-e9accb3ccdd9","timestamp":"2026-05-05T07:17:28.132Z"}
{"context":"LoggerMiddleware","level":"warn","message":"[RequestID: bb077e6d-815e-436a-afca-e9accb3ccdd9] POST /auth/login | Status: 401 | Duration: 3ms | IP: ::1 | UserAgent: Mozilla/5.0 (Windows NT 10.0; Win64; x64) AppleWebKit/537.36 (KHTML, like Gecko) Chrome/147.0.0.0 Safari/537.36","requestId":"bb077e6d-815e-436a-afca-e9accb3ccdd9","timestamp":"2026-05-05T07:17:28.135Z"}
{"context":"AccessTokenGuard","level":"info","message":"isPublic: true","requestId":"559f660b-e9fa-4af3-8e38-83ebea81ddaf","timestamp":"2026-05-05T07:18:53.949Z"}
{"context":"AccessTokenGuard","level":"info","message":"Public route, skipping authentication","requestId":"559f660b-e9fa-4af3-8e38-83ebea81ddaf","timestamp":"2026-05-05T07:18:53.949Z"}
{"context":"LoggerMiddleware","level":"warn","message":"[RequestID: 559f660b-e9fa-4af3-8e38-83ebea81ddaf] POST /auth/login | Status: 401 | Duration: 14ms | IP: ::1 | UserAgent: Mozilla/5.0 (Windows NT 10.0; Win64; x64) AppleWebKit/537.36 (KHTML, like Gecko) Chrome/147.0.0.0 Safari/537.36","requestId":"559f660b-e9fa-4af3-8e38-83ebea81ddaf","timestamp":"2026-05-05T07:18:53.962Z"}
{"context":"AccessTokenGuard","level":"info","message":"isPublic: true","requestId":"0329e7c9-6643-4ae4-b37d-a7bb11f00fca","timestamp":"2026-05-05T07:18:54.547Z"}
{"context":"AccessTokenGuard","level":"info","message":"Public route, skipping authentication","requestId":"0329e7c9-6643-4ae4-b37d-a7bb11f00fca","timestamp":"2026-05-05T07:18:54.548Z"}
{"context":"LoggerMiddleware","level":"warn","message":"[RequestID: 0329e7c9-6643-4ae4-b37d-a7bb11f00fca] POST /auth/login | Status: 401 | Duration: 4ms | IP: ::1 | UserAgent: Mozilla/5.0 (Windows NT 10.0; Win64; x64) AppleWebKit/537.36 (KHTML, like Gecko) Chrome/147.0.0.0 Safari/537.36","requestId":"0329e7c9-6643-4ae4-b37d-a7bb11f00fca","timestamp":"2026-05-05T07:18:54.551Z"}
{"context":"AccessTokenGuard","level":"info","message":"isPublic: true","requestId":"e602b768-5aff-4195-b246-10e392b9b158","timestamp":"2026-05-05T07:19:17.061Z"}
{"context":"AccessTokenGuard","level":"info","message":"Public route, skipping authentication","requestId":"e602b768-5aff-4195-b246-10e392b9b158","timestamp":"2026-05-05T07:19:17.061Z"}
{"context":"LoggerMiddleware","level":"warn","message":"[RequestID: e602b768-5aff-4195-b246-10e392b9b158] POST /auth/login | Status: 401 | Duration: 12ms | IP: ::1 | UserAgent: Mozilla/5.0 (Windows NT 10.0; Win64; x64) AppleWebKit/537.36 (KHTML, like Gecko) Chrome/147.0.0.0 Safari/537.36","requestId":"e602b768-5aff-4195-b246-10e392b9b158","timestamp":"2026-05-05T07:19:17.073Z"}
{"context":"AccessTokenGuard","level":"info","message":"isPublic: true","requestId":"b3a669bd-fde9-404e-a7d7-e997bdee472f","timestamp":"2026-05-05T07:19:17.562Z"}
{"context":"AccessTokenGuard","level":"info","message":"Public route, skipping authentication","requestId":"b3a669bd-fde9-404e-a7d7-e997bdee472f","timestamp":"2026-05-05T07:19:17.562Z"}
{"context":"LoggerMiddleware","level":"warn","message":"[RequestID: b3a669bd-fde9-404e-a7d7-e997bdee472f] POST /auth/login | Status: 401 | Duration: 3ms | IP: ::1 | UserAgent: Mozilla/5.0 (Windows NT 10.0; Win64; x64) AppleWebKit/537.36 (KHTML, like Gecko) Chrome/147.0.0.0 Safari/537.36","requestId":"b3a669bd-fde9-404e-a7d7-e997bdee472f","timestamp":"2026-05-05T07:19:17.565Z"}
{"context":"AccessTokenGuard","level":"info","message":"isPublic: true","requestId":"e4b1f9b7-a1a0-448d-b03c-b5ffb8f6e3e8","timestamp":"2026-05-05T07:19:17.923Z"}
{"context":"AccessTokenGuard","level":"info","message":"Public route, skipping authentication","requestId":"e4b1f9b7-a1a0-448d-b03c-b5ffb8f6e3e8","timestamp":"2026-05-05T07:19:17.923Z"}
{"context":"LoggerMiddleware","level":"warn","message":"[RequestID: e4b1f9b7-a1a0-448d-b03c-b5ffb8f6e3e8] POST /auth/login | Status: 401 | Duration: 4ms | IP: ::1 | UserAgent: Mozilla/5.0 (Windows NT 10.0; Win64; x64) AppleWebKit/537.36 (KHTML, like Gecko) Chrome/147.0.0.0 Safari/537.36","requestId":"e4b1f9b7-a1a0-448d-b03c-b5ffb8f6e3e8","timestamp":"2026-05-05T07:19:17.926Z"}
{"context":"AccessTokenGuard","level":"info","message":"isPublic: true","requestId":"50222cbf-625a-43da-83e1-24831a337eb9","timestamp":"2026-05-05T07:19:18.090Z"}
{"context":"AccessTokenGuard","level":"info","message":"Public route, skipping authentication","requestId":"50222cbf-625a-43da-83e1-24831a337eb9","timestamp":"2026-05-05T07:19:18.090Z"}
{"context":"LoggerMiddleware","level":"warn","message":"[RequestID: 50222cbf-625a-43da-83e1-24831a337eb9] POST /auth/login | Status: 401 | Duration: 4ms | IP: ::1 | UserAgent: Mozilla/5.0 (Windows NT 10.0; Win64; x64) AppleWebKit/537.36 (KHTML, like Gecko) Chrome/147.0.0.0 Safari/537.36","requestId":"50222cbf-625a-43da-83e1-24831a337eb9","timestamp":"2026-05-05T07:19:18.093Z"}
{"context":"AccessTokenGuard","level":"info","message":"isPublic: true","requestId":"d461f7a9-bfd6-4ff2-8fb7-d4dd25dc392f","timestamp":"2026-05-05T07:19:22.246Z"}
{"context":"AccessTokenGuard","level":"info","message":"Public route, skipping authentication","requestId":"d461f7a9-bfd6-4ff2-8fb7-d4dd25dc392f","timestamp":"2026-05-05T07:19:22.246Z"}
{"context":"LoggerMiddleware","level":"warn","message":"[RequestID: d461f7a9-bfd6-4ff2-8fb7-d4dd25dc392f] POST /auth/login | Status: 401 | Duration: 3ms | IP: ::1 | UserAgent: Mozilla/5.0 (Windows NT 10.0; Win64; x64) AppleWebKit/537.36 (KHTML, like Gecko) Chrome/147.0.0.0 Safari/537.36","requestId":"d461f7a9-bfd6-4ff2-8fb7-d4dd25dc392f","timestamp":"2026-05-05T07:19:22.249Z"}
{"context":"AccessTokenGuard","level":"info","message":"isPublic: true","requestId":"92fdd3a8-37ab-4dda-aee1-2065d173afcb","timestamp":"2026-05-05T07:34:56.265Z"}
{"context":"AccessTokenGuard","level":"info","message":"Public route, skipping authentication","requestId":"92fdd3a8-37ab-4dda-aee1-2065d173afcb","timestamp":"2026-05-05T07:34:56.265Z"}
{"context":"LoggerMiddleware","level":"warn","message":"[RequestID: 92fdd3a8-37ab-4dda-aee1-2065d173afcb] POST /auth/login | Status: 401 | Duration: 11ms | IP: ::1 | UserAgent: Mozilla/5.0 (Windows NT 10.0; Win64; x64) AppleWebKit/537.36 (KHTML, like Gecko) Chrome/147.0.0.0 Safari/537.36","requestId":"92fdd3a8-37ab-4dda-aee1-2065d173afcb","timestamp":"2026-05-05T07:34:56.275Z"}
{"context":"AccessTokenGuard","level":"info","message":"isPublic: true","requestId":"b02e4f61-075d-4aa0-a325-583dac3dbf4c","timestamp":"2026-05-05T07:34:56.836Z"}
{"context":"AccessTokenGuard","level":"info","message":"Public route, skipping authentication","requestId":"b02e4f61-075d-4aa0-a325-583dac3dbf4c","timestamp":"2026-05-05T07:34:56.837Z"}
{"context":"LoggerMiddleware","level":"warn","message":"[RequestID: b02e4f61-075d-4aa0-a325-583dac3dbf4c] POST /auth/login | Status: 401 | Duration: 5ms | IP: ::1 | UserAgent: Mozilla/5.0 (Windows NT 10.0; Win64; x64) AppleWebKit/537.36 (KHTML, like Gecko) Chrome/147.0.0.0 Safari/537.36","requestId":"b02e4f61-075d-4aa0-a325-583dac3dbf4c","timestamp":"2026-05-05T07:34:56.841Z"}
{"context":"AccessTokenGuard","level":"info","message":"isPublic: true","requestId":"2932670b-610f-4ca5-8cc0-ddac9fd05bc3","timestamp":"2026-05-05T07:35:42.583Z"}
{"context":"AccessTokenGuard","level":"info","message":"Public route, skipping authentication","requestId":"2932670b-610f-4ca5-8cc0-ddac9fd05bc3","timestamp":"2026-05-05T07:35:42.583Z"}
{"context":"LoggerMiddleware","level":"warn","message":"[RequestID: 2932670b-610f-4ca5-8cc0-ddac9fd05bc3] POST /auth/login | Status: 401 | Duration: 12ms | IP: ::1 | UserAgent: Mozilla/5.0 (Windows NT 10.0; Win64; x64) AppleWebKit/537.36 (KHTML, like Gecko) Chrome/147.0.0.0 Safari/537.36","requestId":"2932670b-610f-4ca5-8cc0-ddac9fd05bc3","timestamp":"2026-05-05T07:35:42.594Z"}
{"context":"AccessTokenGuard","level":"info","message":"isPublic: true","requestId":"f2b65934-0e12-495b-ae6b-6d327df0b17a","timestamp":"2026-05-05T07:35:43.131Z"}
{"context":"AccessTokenGuard","level":"info","message":"Public route, skipping authentication","requestId":"f2b65934-0e12-495b-ae6b-6d327df0b17a","timestamp":"2026-05-05T07:35:43.131Z"}
{"context":"LoggerMiddleware","level":"warn","message":"[RequestID: f2b65934-0e12-495b-ae6b-6d327df0b17a] POST /auth/login | Status: 401 | Duration: 3ms | IP: ::1 | UserAgent: Mozilla/5.0 (Windows NT 10.0; Win64; x64) AppleWebKit/537.36 (KHTML, like Gecko) Chrome/147.0.0.0 Safari/537.36","requestId":"f2b65934-0e12-495b-ae6b-6d327df0b17a","timestamp":"2026-05-05T07:35:43.134Z"}
{"context":"AccessTokenGuard","level":"info","message":"isPublic: true","requestId":"9ba8ef34-620e-4653-95e3-cb67a8882148","timestamp":"2026-05-05T07:35:57.861Z"}
{"context":"AccessTokenGuard","level":"info","message":"Public route, skipping authentication","requestId":"9ba8ef34-620e-4653-95e3-cb67a8882148","timestamp":"2026-05-05T07:35:57.862Z"}
{"context":"LoggerMiddleware","level":"warn","message":"[RequestID: 9ba8ef34-620e-4653-95e3-cb67a8882148] POST /auth/login | Status: 401 | Duration: 12ms | IP: ::1 | UserAgent: Mozilla/5.0 (Windows NT 10.0; Win64; x64) AppleWebKit/537.36 (KHTML, like Gecko) Chrome/147.0.0.0 Safari/537.36","requestId":"9ba8ef34-620e-4653-95e3-cb67a8882148","timestamp":"2026-05-05T07:35:57.873Z"}
{"context":"AccessTokenGuard","level":"info","message":"isPublic: true","requestId":"e2a1275e-224d-46b8-a9fd-1c394a036d0c","timestamp":"2026-05-05T07:35:58.338Z"}
{"context":"AccessTokenGuard","level":"info","message":"Public route, skipping authentication","requestId":"e2a1275e-224d-46b8-a9fd-1c394a036d0c","timestamp":"2026-05-05T07:35:58.338Z"}
{"context":"LoggerMiddleware","level":"warn","message":"[RequestID: e2a1275e-224d-46b8-a9fd-1c394a036d0c] POST /auth/login | Status: 401 | Duration: 3ms | IP: ::1 | UserAgent: Mozilla/5.0 (Windows NT 10.0; Win64; x64) AppleWebKit/537.36 (KHTML, like Gecko) Chrome/147.0.0.0 Safari/537.36","requestId":"e2a1275e-224d-46b8-a9fd-1c394a036d0c","timestamp":"2026-05-05T07:35:58.342Z"}
{"context":"AccessTokenGuard","level":"info","message":"isPublic: true","requestId":"5507ca0d-6b3c-47c5-bb40-654b9a8022e6","timestamp":"2026-05-05T07:37:07.606Z"}
{"context":"AccessTokenGuard","level":"info","message":"Public route, skipping authentication","requestId":"5507ca0d-6b3c-47c5-bb40-654b9a8022e6","timestamp":"2026-05-05T07:37:07.606Z"}
{"context":"LoggerMiddleware","level":"warn","message":"[RequestID: 5507ca0d-6b3c-47c5-bb40-654b9a8022e6] POST /auth/login | Status: 401 | Duration: 12ms | IP: ::1 | UserAgent: Mozilla/5.0 (Windows NT 10.0; Win64; x64) AppleWebKit/537.36 (KHTML, like Gecko) Chrome/147.0.0.0 Safari/537.36","requestId":"5507ca0d-6b3c-47c5-bb40-654b9a8022e6","timestamp":"2026-05-05T07:37:07.618Z"}
{"context":"AccessTokenGuard","level":"info","message":"isPublic: true","requestId":"0bcd60c8-5e69-4b6b-891b-d87c8ba77ea4","timestamp":"2026-05-05T07:37:34.313Z"}
{"context":"AccessTokenGuard","level":"info","message":"Public route, skipping authentication","requestId":"0bcd60c8-5e69-4b6b-891b-d87c8ba77ea4","timestamp":"2026-05-05T07:37:34.313Z"}
{"context":"LoggerMiddleware","level":"warn","message":"[RequestID: 0bcd60c8-5e69-4b6b-891b-d87c8ba77ea4] POST /auth/login | Status: 401 | Duration: 11ms | IP: ::1 | UserAgent: Mozilla/5.0 (Windows NT 10.0; Win64; x64) AppleWebKit/537.36 (KHTML, like Gecko) Chrome/147.0.0.0 Safari/537.36","requestId":"0bcd60c8-5e69-4b6b-891b-d87c8ba77ea4","timestamp":"2026-05-05T07:37:34.323Z"}
{"context":"AccessTokenGuard","level":"info","message":"isPublic: true","requestId":"7cfcc7f7-8566-4ecf-b3a9-d2a16a6f89ff","timestamp":"2026-05-05T07:37:58.119Z"}
{"context":"AccessTokenGuard","level":"info","message":"Public route, skipping authentication","requestId":"7cfcc7f7-8566-4ecf-b3a9-d2a16a6f89ff","timestamp":"2026-05-05T07:37:58.119Z"}
{"context":"LoggerMiddleware","level":"warn","message":"[RequestID: 7cfcc7f7-8566-4ecf-b3a9-d2a16a6f89ff] POST /auth/login | Status: 401 | Duration: 11ms | IP: ::1 | UserAgent: Mozilla/5.0 (Windows NT 10.0; Win64; x64) AppleWebKit/537.36 (KHTML, like Gecko) Chrome/147.0.0.0 Safari/537.36","requestId":"7cfcc7f7-8566-4ecf-b3a9-d2a16a6f89ff","timestamp":"2026-05-05T07:37:58.130Z"}
{"context":"AccessTokenGuard","level":"info","message":"isPublic: true","requestId":"d45af12a-d768-4b2c-beb4-1fbeddd0ddea","timestamp":"2026-05-05T07:38:07.411Z"}
{"context":"AccessTokenGuard","level":"info","message":"Public route, skipping authentication","requestId":"d45af12a-d768-4b2c-beb4-1fbeddd0ddea","timestamp":"2026-05-05T07:38:07.412Z"}
{"context":"LoggerMiddleware","level":"warn","message":"[RequestID: d45af12a-d768-4b2c-beb4-1fbeddd0ddea] POST /auth/login | Status: 401 | Duration: 3ms | IP: ::1 | UserAgent: Mozilla/5.0 (Windows NT 10.0; Win64; x64) AppleWebKit/537.36 (KHTML, like Gecko) Chrome/147.0.0.0 Safari/537.36","requestId":"d45af12a-d768-4b2c-beb4-1fbeddd0ddea","timestamp":"2026-05-05T07:38:07.415Z"}
{"context":"AccessTokenGuard","level":"info","message":"isPublic: true","requestId":"414423b1-af17-46d5-ae3c-5b20cad1a76a","timestamp":"2026-05-05T07:38:09.835Z"}
{"context":"AccessTokenGuard","level":"info","message":"Public route, skipping authentication","requestId":"414423b1-af17-46d5-ae3c-5b20cad1a76a","timestamp":"2026-05-05T07:38:09.835Z"}
{"context":"LoggerMiddleware","level":"warn","message":"[RequestID: 414423b1-af17-46d5-ae3c-5b20cad1a76a] POST /auth/login | Status: 401 | Duration: 4ms | IP: ::1 | UserAgent: Mozilla/5.0 (Windows NT 10.0; Win64; x64) AppleWebKit/537.36 (KHTML, like Gecko) Chrome/147.0.0.0 Safari/537.36","requestId":"414423b1-af17-46d5-ae3c-5b20cad1a76a","timestamp":"2026-05-05T07:38:09.838Z"}
{"context":"AccessTokenGuard","level":"info","message":"isPublic: true","requestId":"31cc072f-5b44-4212-80fe-35fcdc731d29","timestamp":"2026-05-05T07:38:10.643Z"}
{"context":"AccessTokenGuard","level":"info","message":"Public route, skipping authentication","requestId":"31cc072f-5b44-4212-80fe-35fcdc731d29","timestamp":"2026-05-05T07:38:10.643Z"}
{"context":"LoggerMiddleware","level":"warn","message":"[RequestID: 31cc072f-5b44-4212-80fe-35fcdc731d29] POST /auth/login | Status: 401 | Duration: 3ms | IP: ::1 | UserAgent: Mozilla/5.0 (Windows NT 10.0; Win64; x64) AppleWebKit/537.36 (KHTML, like Gecko) Chrome/147.0.0.0 Safari/537.36","requestId":"31cc072f-5b44-4212-80fe-35fcdc731d29","timestamp":"2026-05-05T07:38:10.646Z"}
{"context":"AccessTokenGuard","level":"info","message":"isPublic: true","requestId":"0f9f2868-fc06-4b03-9cab-c91852c87ad9","timestamp":"2026-05-05T07:38:10.883Z"}
{"context":"AccessTokenGuard","level":"info","message":"Public route, skipping authentication","requestId":"0f9f2868-fc06-4b03-9cab-c91852c87ad9","timestamp":"2026-05-05T07:38:10.884Z"}
{"context":"LoggerMiddleware","level":"warn","message":"[RequestID: 0f9f2868-fc06-4b03-9cab-c91852c87ad9] POST /auth/login | Status: 401 | Duration: 4ms | IP: ::1 | UserAgent: Mozilla/5.0 (Windows NT 10.0; Win64; x64) AppleWebKit/537.36 (KHTML, like Gecko) Chrome/147.0.0.0 Safari/537.36","requestId":"0f9f2868-fc06-4b03-9cab-c91852c87ad9","timestamp":"2026-05-05T07:38:10.887Z"}
{"context":"AccessTokenGuard","level":"info","message":"isPublic: true","requestId":"d3d4ec57-bd28-4b2a-a84f-6ea1229ad677","timestamp":"2026-05-05T07:38:18.019Z"}
{"context":"AccessTokenGuard","level":"info","message":"Public route, skipping authentication","requestId":"d3d4ec57-bd28-4b2a-a84f-6ea1229ad677","timestamp":"2026-05-05T07:38:18.019Z"}
{"context":"LoggerMiddleware","level":"warn","message":"[RequestID: d3d4ec57-bd28-4b2a-a84f-6ea1229ad677] POST /auth/login | Status: 401 | Duration: 3ms | IP: ::1 | UserAgent: Mozilla/5.0 (Windows NT 10.0; Win64; x64) AppleWebKit/537.36 (KHTML, like Gecko) Chrome/147.0.0.0 Safari/537.36","requestId":"d3d4ec57-bd28-4b2a-a84f-6ea1229ad677","timestamp":"2026-05-05T07:38:18.023Z"}
{"context":"AccessTokenGuard","level":"info","message":"isPublic: true","requestId":"4c6dbf43-9c46-4efe-afde-86d437ee3222","timestamp":"2026-05-05T07:40:23.399Z"}
{"context":"AccessTokenGuard","level":"info","message":"Public route, skipping authentication","requestId":"4c6dbf43-9c46-4efe-afde-86d437ee3222","timestamp":"2026-05-05T07:40:23.399Z"}
{"context":"LoggerMiddleware","level":"warn","message":"[RequestID: 4c6dbf43-9c46-4efe-afde-86d437ee3222] POST /auth/login | Status: 401 | Duration: 12ms | IP: ::1 | UserAgent: Mozilla/5.0 (Windows NT 10.0; Win64; x64) AppleWebKit/537.36 (KHTML, like Gecko) Chrome/147.0.0.0 Safari/537.36","requestId":"4c6dbf43-9c46-4efe-afde-86d437ee3222","timestamp":"2026-05-05T07:40:23.411Z"}
{"context":"AccessTokenGuard","level":"info","message":"isPublic: true","requestId":"29322559-cc5f-458c-a88d-3c829846cd3d","timestamp":"2026-05-05T07:40:43.942Z"}
{"context":"AccessTokenGuard","level":"info","message":"Public route, skipping authentication","requestId":"29322559-cc5f-458c-a88d-3c829846cd3d","timestamp":"2026-05-05T07:40:43.942Z"}
{"context":"LoggerMiddleware","level":"warn","message":"[RequestID: 29322559-cc5f-458c-a88d-3c829846cd3d] POST /auth/login | Status: 401 | Duration: 11ms | IP: ::1 | UserAgent: Mozilla/5.0 (Windows NT 10.0; Win64; x64) AppleWebKit/537.36 (KHTML, like Gecko) Chrome/147.0.0.0 Safari/537.36","requestId":"29322559-cc5f-458c-a88d-3c829846cd3d","timestamp":"2026-05-05T07:40:43.953Z"}
{"context":"AccessTokenGuard","level":"info","message":"isPublic: true","requestId":"f279d8c5-a462-4180-a5c3-951980056c91","timestamp":"2026-05-05T07:41:49.574Z"}
{"context":"AccessTokenGuard","level":"info","message":"Public route, skipping authentication","requestId":"f279d8c5-a462-4180-a5c3-951980056c91","timestamp":"2026-05-05T07:41:49.574Z"}
{"context":"LoggerMiddleware","level":"warn","message":"[RequestID: f279d8c5-a462-4180-a5c3-951980056c91] POST /auth/login | Status: 401 | Duration: 11ms | IP: ::1 | UserAgent: Mozilla/5.0 (Windows NT 10.0; Win64; x64) AppleWebKit/537.36 (KHTML, like Gecko) Chrome/147.0.0.0 Safari/537.36","requestId":"f279d8c5-a462-4180-a5c3-951980056c91","timestamp":"2026-05-05T07:41:49.585Z"}
{"context":"AccessTokenGuard","level":"info","message":"isPublic: true","requestId":"61702900-c590-44cf-82f5-1bef8ab55854","timestamp":"2026-05-05T07:49:28.551Z"}
{"context":"AccessTokenGuard","level":"info","message":"Public route, skipping authentication","requestId":"61702900-c590-44cf-82f5-1bef8ab55854","timestamp":"2026-05-05T07:49:28.551Z"}
{"context":"LoggerMiddleware","level":"warn","message":"[RequestID: 61702900-c590-44cf-82f5-1bef8ab55854] POST /auth/login | Status: 401 | Duration: 11ms | IP: ::1 | UserAgent: Mozilla/5.0 (Windows NT 10.0; Win64; x64) AppleWebKit/537.36 (KHTML, like Gecko) Chrome/147.0.0.0 Safari/537.36","requestId":"61702900-c590-44cf-82f5-1bef8ab55854","timestamp":"2026-05-05T07:49:28.562Z"}
{"context":"AccessTokenGuard","level":"info","message":"isPublic: true","requestId":"7596e5fe-ca3c-4918-9596-1243c631bd8a","timestamp":"2026-05-05T07:49:30.153Z"}
{"context":"AccessTokenGuard","level":"info","message":"Public route, skipping authentication","requestId":"7596e5fe-ca3c-4918-9596-1243c631bd8a","timestamp":"2026-05-05T07:49:30.154Z"}
{"context":"LoggerMiddleware","level":"warn","message":"[RequestID: 7596e5fe-ca3c-4918-9596-1243c631bd8a] POST /auth/login | Status: 401 | Duration: 4ms | IP: ::1 | UserAgent: Mozilla/5.0 (Windows NT 10.0; Win64; x64) AppleWebKit/537.36 (KHTML, like Gecko) Chrome/147.0.0.0 Safari/537.36","requestId":"7596e5fe-ca3c-4918-9596-1243c631bd8a","timestamp":"2026-05-05T07:49:30.158Z"}
{"context":"AccessTokenGuard","level":"info","message":"isPublic: true","requestId":"1154a63e-1b7f-4384-b48b-0137903c3fd2","timestamp":"2026-05-05T07:49:30.651Z"}
{"context":"AccessTokenGuard","level":"info","message":"Public route, skipping authentication","requestId":"1154a63e-1b7f-4384-b48b-0137903c3fd2","timestamp":"2026-05-05T07:49:30.652Z"}
{"context":"LoggerMiddleware","level":"warn","message":"[RequestID: 1154a63e-1b7f-4384-b48b-0137903c3fd2] POST /auth/login | Status: 401 | Duration: 3ms | IP: ::1 | UserAgent: Mozilla/5.0 (Windows NT 10.0; Win64; x64) AppleWebKit/537.36 (KHTML, like Gecko) Chrome/147.0.0.0 Safari/537.36","requestId":"1154a63e-1b7f-4384-b48b-0137903c3fd2","timestamp":"2026-05-05T07:49:30.655Z"}
{"context":"AccessTokenGuard","level":"info","message":"isPublic: true","requestId":"63e552cd-2812-4f57-a455-7a9367db3f5c","timestamp":"2026-05-05T07:50:44.094Z"}
{"context":"AccessTokenGuard","level":"info","message":"Public route, skipping authentication","requestId":"63e552cd-2812-4f57-a455-7a9367db3f5c","timestamp":"2026-05-05T07:50:44.094Z"}
{"context":"LoggerMiddleware","level":"warn","message":"[RequestID: 63e552cd-2812-4f57-a455-7a9367db3f5c] POST /auth/login | Status: 401 | Duration: 11ms | IP: ::1 | UserAgent: Mozilla/5.0 (Windows NT 10.0; Win64; x64) AppleWebKit/537.36 (KHTML, like Gecko) Chrome/147.0.0.0 Safari/537.36","requestId":"63e552cd-2812-4f57-a455-7a9367db3f5c","timestamp":"2026-05-05T07:50:44.106Z"}
{"context":"AccessTokenGuard","level":"info","message":"isPublic: true","requestId":"caa8e46f-b1d3-4ed5-852d-042ab49cd429","timestamp":"2026-05-05T07:50:44.683Z"}
{"context":"AccessTokenGuard","level":"info","message":"Public route, skipping authentication","requestId":"caa8e46f-b1d3-4ed5-852d-042ab49cd429","timestamp":"2026-05-05T07:50:44.684Z"}
{"context":"LoggerMiddleware","level":"warn","message":"[RequestID: caa8e46f-b1d3-4ed5-852d-042ab49cd429] POST /auth/login | Status: 401 | Duration: 3ms | IP: ::1 | UserAgent: Mozilla/5.0 (Windows NT 10.0; Win64; x64) AppleWebKit/537.36 (KHTML, like Gecko) Chrome/147.0.0.0 Safari/537.36","requestId":"caa8e46f-b1d3-4ed5-852d-042ab49cd429","timestamp":"2026-05-05T07:50:44.686Z"}
{"context":"AccessTokenGuard","level":"info","message":"isPublic: true","requestId":"43f8690c-de1b-4b0c-8ed5-47b89d6bd0fe","timestamp":"2026-05-05T07:50:45.280Z"}
{"context":"AccessTokenGuard","level":"info","message":"Public route, skipping authentication","requestId":"43f8690c-de1b-4b0c-8ed5-47b89d6bd0fe","timestamp":"2026-05-05T07:50:45.280Z"}
{"context":"LoggerMiddleware","level":"warn","message":"[RequestID: 43f8690c-de1b-4b0c-8ed5-47b89d6bd0fe] POST /auth/login | Status: 401 | Duration: 4ms | IP: ::1 | UserAgent: Mozilla/5.0 (Windows NT 10.0; Win64; x64) AppleWebKit/537.36 (KHTML, like Gecko) Chrome/147.0.0.0 Safari/537.36","requestId":"43f8690c-de1b-4b0c-8ed5-47b89d6bd0fe","timestamp":"2026-05-05T07:50:45.283Z"}
{"context":"AccessTokenGuard","level":"info","message":"isPublic: true","requestId":"5badf882-7882-47d6-b87e-55f6bd619f2a","timestamp":"2026-05-05T07:50:49.942Z"}
{"context":"AccessTokenGuard","level":"info","message":"Public route, skipping authentication","requestId":"5badf882-7882-47d6-b87e-55f6bd619f2a","timestamp":"2026-05-05T07:50:49.942Z"}
{"context":"LoggerMiddleware","level":"warn","message":"[RequestID: 5badf882-7882-47d6-b87e-55f6bd619f2a] POST /auth/login | Status: 401 | Duration: 3ms | IP: ::1 | UserAgent: Mozilla/5.0 (Windows NT 10.0; Win64; x64) AppleWebKit/537.36 (KHTML, like Gecko) Chrome/147.0.0.0 Safari/537.36","requestId":"5badf882-7882-47d6-b87e-55f6bd619f2a","timestamp":"2026-05-05T07:50:49.945Z"}
{"context":"AccessTokenGuard","level":"info","message":"isPublic: true","requestId":"d28b95e2-d5d3-445e-bb6f-9de45d38eec5","timestamp":"2026-05-05T07:50:50.420Z"}
{"context":"AccessTokenGuard","level":"info","message":"Public route, skipping authentication","requestId":"d28b95e2-d5d3-445e-bb6f-9de45d38eec5","timestamp":"2026-05-05T07:50:50.420Z"}
{"context":"LoggerMiddleware","level":"warn","message":"[RequestID: d28b95e2-d5d3-445e-bb6f-9de45d38eec5] POST /auth/login | Status: 401 | Duration: 4ms | IP: ::1 | UserAgent: Mozilla/5.0 (Windows NT 10.0; Win64; x64) AppleWebKit/537.36 (KHTML, like Gecko) Chrome/147.0.0.0 Safari/537.36","requestId":"d28b95e2-d5d3-445e-bb6f-9de45d38eec5","timestamp":"2026-05-05T07:50:50.423Z"}
{"context":"AccessTokenGuard","level":"info","message":"isPublic: true","requestId":"c1b9a683-af2a-4c0f-a2ea-8a57f813d707","timestamp":"2026-05-05T07:50:50.580Z"}
{"context":"AccessTokenGuard","level":"info","message":"Public route, skipping authentication","requestId":"c1b9a683-af2a-4c0f-a2ea-8a57f813d707","timestamp":"2026-05-05T07:50:50.580Z"}
{"context":"LoggerMiddleware","level":"warn","message":"[RequestID: c1b9a683-af2a-4c0f-a2ea-8a57f813d707] POST /auth/login | Status: 401 | Duration: 4ms | IP: ::1 | UserAgent: Mozilla/5.0 (Windows NT 10.0; Win64; x64) AppleWebKit/537.36 (KHTML, like Gecko) Chrome/147.0.0.0 Safari/537.36","requestId":"c1b9a683-af2a-4c0f-a2ea-8a57f813d707","timestamp":"2026-05-05T07:50:50.583Z"}
{"context":"AccessTokenGuard","level":"info","message":"isPublic: true","requestId":"1a8ae0a0-7c20-498b-b4e1-47916bbbc9ee","timestamp":"2026-05-05T07:50:50.733Z"}
{"context":"AccessTokenGuard","level":"info","message":"Public route, skipping authentication","requestId":"1a8ae0a0-7c20-498b-b4e1-47916bbbc9ee","timestamp":"2026-05-05T07:50:50.733Z"}
{"context":"LoggerMiddleware","level":"warn","message":"[RequestID: 1a8ae0a0-7c20-498b-b4e1-47916bbbc9ee] POST /auth/login | Status: 401 | Duration: 4ms | IP: ::1 | UserAgent: Mozilla/5.0 (Windows NT 10.0; Win64; x64) AppleWebKit/537.36 (KHTML, like Gecko) Chrome/147.0.0.0 Safari/537.36","requestId":"1a8ae0a0-7c20-498b-b4e1-47916bbbc9ee","timestamp":"2026-05-05T07:50:50.736Z"}
{"context":"AccessTokenGuard","level":"info","message":"isPublic: true","requestId":"ecc3cc31-e8db-4474-8698-3d278e9ce997","timestamp":"2026-05-05T07:50:50.875Z"}
{"context":"AccessTokenGuard","level":"info","message":"Public route, skipping authentication","requestId":"ecc3cc31-e8db-4474-8698-3d278e9ce997","timestamp":"2026-05-05T07:50:50.875Z"}
{"context":"LoggerMiddleware","level":"warn","message":"[RequestID: ecc3cc31-e8db-4474-8698-3d278e9ce997] POST /auth/login | Status: 401 | Duration: 4ms | IP: ::1 | UserAgent: Mozilla/5.0 (Windows NT 10.0; Win64; x64) AppleWebKit/537.36 (KHTML, like Gecko) Chrome/147.0.0.0 Safari/537.36","requestId":"ecc3cc31-e8db-4474-8698-3d278e9ce997","timestamp":"2026-05-05T07:50:50.878Z"}
{"context":"AccessTokenGuard","level":"info","message":"isPublic: true","requestId":"67b4e189-c603-4eb6-9fbe-cf538dc3fa59","timestamp":"2026-05-05T07:50:51.043Z"}
{"context":"AccessTokenGuard","level":"info","message":"Public route, skipping authentication","requestId":"67b4e189-c603-4eb6-9fbe-cf538dc3fa59","timestamp":"2026-05-05T07:50:51.044Z"}
{"context":"LoggerMiddleware","level":"warn","message":"[RequestID: 67b4e189-c603-4eb6-9fbe-cf538dc3fa59] POST /auth/login | Status: 401 | Duration: 3ms | IP: ::1 | UserAgent: Mozilla/5.0 (Windows NT 10.0; Win64; x64) AppleWebKit/537.36 (KHTML, like Gecko) Chrome/147.0.0.0 Safari/537.36","requestId":"67b4e189-c603-4eb6-9fbe-cf538dc3fa59","timestamp":"2026-05-05T07:50:51.046Z"}
{"context":"AccessTokenGuard","level":"info","message":"isPublic: true","requestId":"eadffe03-66c8-4fb6-b83b-88415acd859f","timestamp":"2026-05-05T07:50:57.635Z"}
{"context":"AccessTokenGuard","level":"info","message":"Public route, skipping authentication","requestId":"eadffe03-66c8-4fb6-b83b-88415acd859f","timestamp":"2026-05-05T07:50:57.635Z"}
{"context":"LoggerMiddleware","level":"warn","message":"[RequestID: eadffe03-66c8-4fb6-b83b-88415acd859f] POST /auth/login | Status: 401 | Duration: 3ms | IP: ::1 | UserAgent: Mozilla/5.0 (Windows NT 10.0; Win64; x64) AppleWebKit/537.36 (KHTML, like Gecko) Chrome/147.0.0.0 Safari/537.36","requestId":"eadffe03-66c8-4fb6-b83b-88415acd859f","timestamp":"2026-05-05T07:50:57.638Z"}
{"context":"AccessTokenGuard","level":"info","message":"isPublic: true","requestId":"56a264ab-dfeb-499c-a38f-56a96fc9029d","timestamp":"2026-05-05T07:50:57.788Z"}
{"context":"AccessTokenGuard","level":"info","message":"Public route, skipping authentication","requestId":"56a264ab-dfeb-499c-a38f-56a96fc9029d","timestamp":"2026-05-05T07:50:57.788Z"}
{"context":"LoggerMiddleware","level":"warn","message":"[RequestID: 56a264ab-dfeb-499c-a38f-56a96fc9029d] POST /auth/login | Status: 401 | Duration: 4ms | IP: ::1 | UserAgent: Mozilla/5.0 (Windows NT 10.0; Win64; x64) AppleWebKit/537.36 (KHTML, like Gecko) Chrome/147.0.0.0 Safari/537.36","requestId":"56a264ab-dfeb-499c-a38f-56a96fc9029d","timestamp":"2026-05-05T07:50:57.791Z"}
{"context":"AccessTokenGuard","level":"info","message":"isPublic: true","requestId":"13b1b820-c1c7-42b4-88da-45315e09e393","timestamp":"2026-05-05T07:50:57.948Z"}
{"context":"AccessTokenGuard","level":"info","message":"Public route, skipping authentication","requestId":"13b1b820-c1c7-42b4-88da-45315e09e393","timestamp":"2026-05-05T07:50:57.948Z"}
{"context":"LoggerMiddleware","level":"warn","message":"[RequestID: 13b1b820-c1c7-42b4-88da-45315e09e393] POST /auth/login | Status: 401 | Duration: 4ms | IP: ::1 | UserAgent: Mozilla/5.0 (Windows NT 10.0; Win64; x64) AppleWebKit/537.36 (KHTML, like Gecko) Chrome/147.0.0.0 Safari/537.36","requestId":"13b1b820-c1c7-42b4-88da-45315e09e393","timestamp":"2026-05-05T07:50:57.951Z"}
{"context":"AccessTokenGuard","level":"info","message":"isPublic: true","requestId":"52cf97d2-513e-4807-9358-ca758227f814","timestamp":"2026-05-05T07:50:58.092Z"}
{"context":"AccessTokenGuard","level":"info","message":"Public route, skipping authentication","requestId":"52cf97d2-513e-4807-9358-ca758227f814","timestamp":"2026-05-05T07:50:58.093Z"}
{"context":"LoggerMiddleware","level":"warn","message":"[RequestID: 52cf97d2-513e-4807-9358-ca758227f814] POST /auth/login | Status: 401 | Duration: 4ms | IP: ::1 | UserAgent: Mozilla/5.0 (Windows NT 10.0; Win64; x64) AppleWebKit/537.36 (KHTML, like Gecko) Chrome/147.0.0.0 Safari/537.36","requestId":"52cf97d2-513e-4807-9358-ca758227f814","timestamp":"2026-05-05T07:50:58.096Z"}
{"context":"AccessTokenGuard","level":"info","message":"isPublic: true","requestId":"41701bb7-c565-4bfc-9a86-8544eb40c40e","timestamp":"2026-05-05T07:50:59.466Z"}
{"context":"AccessTokenGuard","level":"info","message":"Public route, skipping authentication","requestId":"41701bb7-c565-4bfc-9a86-8544eb40c40e","timestamp":"2026-05-05T07:50:59.467Z"}
{"context":"LoggerMiddleware","level":"warn","message":"[RequestID: 41701bb7-c565-4bfc-9a86-8544eb40c40e] POST /auth/login | Status: 401 | Duration: 4ms | IP: ::1 | UserAgent: Mozilla/5.0 (Windows NT 10.0; Win64; x64) AppleWebKit/537.36 (KHTML, like Gecko) Chrome/147.0.0.0 Safari/537.36","requestId":"41701bb7-c565-4bfc-9a86-8544eb40c40e","timestamp":"2026-05-05T07:50:59.470Z"}
{"context":"AccessTokenGuard","level":"info","message":"isPublic: true","requestId":"742c2152-a8c5-4bfd-a675-984f2038cc99","timestamp":"2026-05-05T07:50:59.628Z"}
{"context":"AccessTokenGuard","level":"info","message":"Public route, skipping authentication","requestId":"742c2152-a8c5-4bfd-a675-984f2038cc99","timestamp":"2026-05-05T07:50:59.628Z"}
{"context":"LoggerMiddleware","level":"warn","message":"[RequestID: 742c2152-a8c5-4bfd-a675-984f2038cc99] POST /auth/login | Status: 401 | Duration: 4ms | IP: ::1 | UserAgent: Mozilla/5.0 (Windows NT 10.0; Win64; x64) AppleWebKit/537.36 (KHTML, like Gecko) Chrome/147.0.0.0 Safari/537.36","requestId":"742c2152-a8c5-4bfd-a675-984f2038cc99","timestamp":"2026-05-05T07:50:59.632Z"}
{"context":"AccessTokenGuard","level":"info","message":"isPublic: true","requestId":"f470ee14-8fc0-4d72-965a-20b3973653bf","timestamp":"2026-05-05T07:51:01.211Z"}
{"context":"AccessTokenGuard","level":"info","message":"Public route, skipping authentication","requestId":"f470ee14-8fc0-4d72-965a-20b3973653bf","timestamp":"2026-05-05T07:51:01.211Z"}
{"context":"LoggerMiddleware","level":"warn","message":"[RequestID: f470ee14-8fc0-4d72-965a-20b3973653bf] POST /auth/login | Status: 401 | Duration: 3ms | IP: ::1 | UserAgent: Mozilla/5.0 (Windows NT 10.0; Win64; x64) AppleWebKit/537.36 (KHTML, like Gecko) Chrome/147.0.0.0 Safari/537.36","requestId":"f470ee14-8fc0-4d72-965a-20b3973653bf","timestamp":"2026-05-05T07:51:01.214Z"}
{"context":"AccessTokenGuard","level":"info","message":"isPublic: true","requestId":"1b62564f-865b-4c05-992e-296a6a889f34","timestamp":"2026-05-05T07:51:01.653Z"}
{"context":"AccessTokenGuard","level":"info","message":"Public route, skipping authentication","requestId":"1b62564f-865b-4c05-992e-296a6a889f34","timestamp":"2026-05-05T07:51:01.654Z"}
{"context":"LoggerMiddleware","level":"warn","message":"[RequestID: 1b62564f-865b-4c05-992e-296a6a889f34] POST /auth/login | Status: 401 | Duration: 3ms | IP: ::1 | UserAgent: Mozilla/5.0 (Windows NT 10.0; Win64; x64) AppleWebKit/537.36 (KHTML, like Gecko) Chrome/147.0.0.0 Safari/537.36","requestId":"1b62564f-865b-4c05-992e-296a6a889f34","timestamp":"2026-05-05T07:51:01.657Z"}
{"context":"AccessTokenGuard","level":"info","message":"isPublic: true","requestId":"2f9ebcb2-ae5a-4c66-abfb-5aa23e0ffe56","timestamp":"2026-05-05T07:51:01.833Z"}
{"context":"AccessTokenGuard","level":"info","message":"Public route, skipping authentication","requestId":"2f9ebcb2-ae5a-4c66-abfb-5aa23e0ffe56","timestamp":"2026-05-05T07:51:01.833Z"}
{"context":"LoggerMiddleware","level":"warn","message":"[RequestID: 2f9ebcb2-ae5a-4c66-abfb-5aa23e0ffe56] POST /auth/login | Status: 401 | Duration: 3ms | IP: ::1 | UserAgent: Mozilla/5.0 (Windows NT 10.0; Win64; x64) AppleWebKit/537.36 (KHTML, like Gecko) Chrome/147.0.0.0 Safari/537.36","requestId":"2f9ebcb2-ae5a-4c66-abfb-5aa23e0ffe56","timestamp":"2026-05-05T07:51:01.836Z"}
{"context":"AccessTokenGuard","level":"info","message":"isPublic: true","requestId":"8d4ac205-b540-4c92-b97d-1e5859cb56ac","timestamp":"2026-05-05T07:51:02.021Z"}
{"context":"AccessTokenGuard","level":"info","message":"Public route, skipping authentication","requestId":"8d4ac205-b540-4c92-b97d-1e5859cb56ac","timestamp":"2026-05-05T07:51:02.022Z"}
{"context":"LoggerMiddleware","level":"warn","message":"[RequestID: 8d4ac205-b540-4c92-b97d-1e5859cb56ac] POST /auth/login | Status: 401 | Duration: 4ms | IP: ::1 | UserAgent: Mozilla/5.0 (Windows NT 10.0; Win64; x64) AppleWebKit/537.36 (KHTML, like Gecko) Chrome/147.0.0.0 Safari/537.36","requestId":"8d4ac205-b540-4c92-b97d-1e5859cb56ac","timestamp":"2026-05-05T07:51:02.026Z"}
{"context":"AccessTokenGuard","level":"info","message":"isPublic: true","requestId":"7808b0da-433a-4a1d-afa6-9aa24e314c95","timestamp":"2026-05-05T07:51:02.214Z"}
{"context":"AccessTokenGuard","level":"info","message":"Public route, skipping authentication","requestId":"7808b0da-433a-4a1d-afa6-9aa24e314c95","timestamp":"2026-05-05T07:51:02.215Z"}
{"context":"LoggerMiddleware","level":"warn","message":"[RequestID: 7808b0da-433a-4a1d-afa6-9aa24e314c95] POST /auth/login | Status: 401 | Duration: 4ms | IP: ::1 | UserAgent: Mozilla/5.0 (Windows NT 10.0; Win64; x64) AppleWebKit/537.36 (KHTML, like Gecko) Chrome/147.0.0.0 Safari/537.36","requestId":"7808b0da-433a-4a1d-afa6-9aa24e314c95","timestamp":"2026-05-05T07:51:02.218Z"}
{"context":"AccessTokenGuard","level":"info","message":"isPublic: true","requestId":"d0499b19-6043-4b31-822a-311b504e41f1","timestamp":"2026-05-05T07:51:02.385Z"}
{"context":"AccessTokenGuard","level":"info","message":"Public route, skipping authentication","requestId":"d0499b19-6043-4b31-822a-311b504e41f1","timestamp":"2026-05-05T07:51:02.385Z"}
{"context":"LoggerMiddleware","level":"warn","message":"[RequestID: d0499b19-6043-4b31-822a-311b504e41f1] POST /auth/login | Status: 401 | Duration: 3ms | IP: ::1 | UserAgent: Mozilla/5.0 (Windows NT 10.0; Win64; x64) AppleWebKit/537.36 (KHTML, like Gecko) Chrome/147.0.0.0 Safari/537.36","requestId":"d0499b19-6043-4b31-822a-311b504e41f1","timestamp":"2026-05-05T07:51:02.388Z"}
{"context":"AccessTokenGuard","level":"info","message":"isPublic: true","requestId":"e7e4da57-0ec3-4609-b173-bb1d567957f8","timestamp":"2026-05-05T07:51:02.538Z"}
{"context":"AccessTokenGuard","level":"info","message":"Public route, skipping authentication","requestId":"e7e4da57-0ec3-4609-b173-bb1d567957f8","timestamp":"2026-05-05T07:51:02.538Z"}
{"context":"LoggerMiddleware","level":"warn","message":"[RequestID: e7e4da57-0ec3-4609-b173-bb1d567957f8] POST /auth/login | Status: 401 | Duration: 3ms | IP: ::1 | UserAgent: Mozilla/5.0 (Windows NT 10.0; Win64; x64) AppleWebKit/537.36 (KHTML, like Gecko) Chrome/147.0.0.0 Safari/537.36","requestId":"e7e4da57-0ec3-4609-b173-bb1d567957f8","timestamp":"2026-05-05T07:51:02.541Z"}
{"context":"AccessTokenGuard","level":"info","message":"isPublic: true","requestId":"4364c6a2-96c4-4304-8a9b-6c371e87b5f4","timestamp":"2026-05-05T07:52:02.334Z"}
{"context":"AccessTokenGuard","level":"info","message":"Public route, skipping authentication","requestId":"4364c6a2-96c4-4304-8a9b-6c371e87b5f4","timestamp":"2026-05-05T07:52:02.335Z"}
{"context":"LoggerMiddleware","level":"warn","message":"[RequestID: 4364c6a2-96c4-4304-8a9b-6c371e87b5f4] POST /auth/login | Status: 401 | Duration: 15ms | IP: ::1 | UserAgent: Mozilla/5.0 (Windows NT 10.0; Win64; x64) AppleWebKit/537.36 (KHTML, like Gecko) Chrome/147.0.0.0 Safari/537.36","requestId":"4364c6a2-96c4-4304-8a9b-6c371e87b5f4","timestamp":"2026-05-05T07:52:02.350Z"}
{"context":"AccessTokenGuard","level":"info","message":"isPublic: true","requestId":"1a956f6b-74f7-4112-a87b-3686817d160d","timestamp":"2026-05-05T07:52:08.957Z"}
{"context":"AccessTokenGuard","level":"info","message":"Public route, skipping authentication","requestId":"1a956f6b-74f7-4112-a87b-3686817d160d","timestamp":"2026-05-05T07:52:08.957Z"}
{"context":"LoggerMiddleware","level":"warn","message":"[RequestID: 1a956f6b-74f7-4112-a87b-3686817d160d] POST /auth/login | Status: 401 | Duration: 4ms | IP: ::1 | UserAgent: Mozilla/5.0 (Windows NT 10.0; Win64; x64) AppleWebKit/537.36 (KHTML, like Gecko) Chrome/147.0.0.0 Safari/537.36","requestId":"1a956f6b-74f7-4112-a87b-3686817d160d","timestamp":"2026-05-05T07:52:08.961Z"}
{"context":"AccessTokenGuard","level":"info","message":"isPublic: true","requestId":"88ae0d17-89af-4c1d-a44d-4b6288e8ae48","timestamp":"2026-05-05T07:52:09.652Z"}
{"context":"AccessTokenGuard","level":"info","message":"Public route, skipping authentication","requestId":"88ae0d17-89af-4c1d-a44d-4b6288e8ae48","timestamp":"2026-05-05T07:52:09.652Z"}
{"context":"LoggerMiddleware","level":"warn","message":"[RequestID: 88ae0d17-89af-4c1d-a44d-4b6288e8ae48] POST /auth/login | Status: 401 | Duration: 4ms | IP: ::1 | UserAgent: Mozilla/5.0 (Windows NT 10.0; Win64; x64) AppleWebKit/537.36 (KHTML, like Gecko) Chrome/147.0.0.0 Safari/537.36","requestId":"88ae0d17-89af-4c1d-a44d-4b6288e8ae48","timestamp":"2026-05-05T07:52:09.655Z"}
{"context":"AccessTokenGuard","level":"info","message":"isPublic: true","requestId":"d032d752-b7bf-454d-9385-ce4f2cfa8185","timestamp":"2026-05-05T07:52:10.211Z"}
{"context":"AccessTokenGuard","level":"info","message":"Public route, skipping authentication","requestId":"d032d752-b7bf-454d-9385-ce4f2cfa8185","timestamp":"2026-05-05T07:52:10.211Z"}
{"context":"LoggerMiddleware","level":"warn","message":"[RequestID: d032d752-b7bf-454d-9385-ce4f2cfa8185] POST /auth/login | Status: 401 | Duration: 3ms | IP: ::1 | UserAgent: Mozilla/5.0 (Windows NT 10.0; Win64; x64) AppleWebKit/537.36 (KHTML, like Gecko) Chrome/147.0.0.0 Safari/537.36","requestId":"d032d752-b7bf-454d-9385-ce4f2cfa8185","timestamp":"2026-05-05T07:52:10.215Z"}
{"context":"AccessTokenGuard","level":"info","message":"isPublic: true","requestId":"b0940cfb-b0d7-4a58-b224-5a74628f53e0","timestamp":"2026-05-05T07:52:22.004Z"}
{"context":"AccessTokenGuard","level":"info","message":"Public route, skipping authentication","requestId":"b0940cfb-b0d7-4a58-b224-5a74628f53e0","timestamp":"2026-05-05T07:52:22.004Z"}
{"context":"LoggerMiddleware","level":"warn","message":"[RequestID: b0940cfb-b0d7-4a58-b224-5a74628f53e0] POST /auth/login | Status: 401 | Duration: 14ms | IP: ::1 | UserAgent: Mozilla/5.0 (Windows NT 10.0; Win64; x64) AppleWebKit/537.36 (KHTML, like Gecko) Chrome/147.0.0.0 Safari/537.36","requestId":"b0940cfb-b0d7-4a58-b224-5a74628f53e0","timestamp":"2026-05-05T07:52:22.018Z"}
{"context":"AccessTokenGuard","level":"info","message":"isPublic: true","requestId":"a3ce1bcf-c352-481c-ac0c-fd431f89bd43","timestamp":"2026-05-05T07:52:22.715Z"}
{"context":"AccessTokenGuard","level":"info","message":"Public route, skipping authentication","requestId":"a3ce1bcf-c352-481c-ac0c-fd431f89bd43","timestamp":"2026-05-05T07:52:22.715Z"}
{"context":"LoggerMiddleware","level":"warn","message":"[RequestID: a3ce1bcf-c352-481c-ac0c-fd431f89bd43] POST /auth/login | Status: 401 | Duration: 3ms | IP: ::1 | UserAgent: Mozilla/5.0 (Windows NT 10.0; Win64; x64) AppleWebKit/537.36 (KHTML, like Gecko) Chrome/147.0.0.0 Safari/537.36","requestId":"a3ce1bcf-c352-481c-ac0c-fd431f89bd43","timestamp":"2026-05-05T07:52:22.718Z"}
{"context":"AccessTokenGuard","level":"info","message":"isPublic: true","requestId":"29be7d25-4a44-418b-993d-3df3aac2a71f","timestamp":"2026-05-05T07:52:42.339Z"}
{"context":"AccessTokenGuard","level":"info","message":"Public route, skipping authentication","requestId":"29be7d25-4a44-418b-993d-3df3aac2a71f","timestamp":"2026-05-05T07:52:42.340Z"}
{"context":"LoggerMiddleware","level":"warn","message":"[RequestID: 29be7d25-4a44-418b-993d-3df3aac2a71f] POST /auth/login | Status: 401 | Duration: 11ms | IP: ::1 | UserAgent: Mozilla/5.0 (Windows NT 10.0; Win64; x64) AppleWebKit/537.36 (KHTML, like Gecko) Chrome/147.0.0.0 Safari/537.36","requestId":"29be7d25-4a44-418b-993d-3df3aac2a71f","timestamp":"2026-05-05T07:52:42.350Z"}
{"context":"AccessTokenGuard","level":"info","message":"isPublic: true","requestId":"f299d2e8-c5c0-4b1a-abf2-f7c2a44ff730","timestamp":"2026-05-05T07:52:51.191Z"}
{"context":"AccessTokenGuard","level":"info","message":"Public route, skipping authentication","requestId":"f299d2e8-c5c0-4b1a-abf2-f7c2a44ff730","timestamp":"2026-05-05T07:52:51.191Z"}
{"context":"LoggerMiddleware","level":"warn","message":"[RequestID: f299d2e8-c5c0-4b1a-abf2-f7c2a44ff730] POST /auth/login | Status: 401 | Duration: 4ms | IP: ::1 | UserAgent: Mozilla/5.0 (Windows NT 10.0; Win64; x64) AppleWebKit/537.36 (KHTML, like Gecko) Chrome/147.0.0.0 Safari/537.36","requestId":"f299d2e8-c5c0-4b1a-abf2-f7c2a44ff730","timestamp":"2026-05-05T07:52:51.194Z"}
{"context":"AccessTokenGuard","level":"info","message":"isPublic: true","requestId":"98c7e587-8234-49b1-b016-ca5b03b76287","timestamp":"2026-05-05T07:53:03.372Z"}
{"context":"AccessTokenGuard","level":"info","message":"Public route, skipping authentication","requestId":"98c7e587-8234-49b1-b016-ca5b03b76287","timestamp":"2026-05-05T07:53:03.372Z"}
{"context":"LoggerMiddleware","level":"warn","message":"[RequestID: 98c7e587-8234-49b1-b016-ca5b03b76287] POST /auth/login | Status: 401 | Duration: 11ms | IP: ::1 | UserAgent: Mozilla/5.0 (Windows NT 10.0; Win64; x64) AppleWebKit/537.36 (KHTML, like Gecko) Chrome/147.0.0.0 Safari/537.36","requestId":"98c7e587-8234-49b1-b016-ca5b03b76287","timestamp":"2026-05-05T07:53:03.384Z"}
{"context":"AccessTokenGuard","level":"info","message":"isPublic: true","requestId":"df9a7eb0-dfe0-4a4d-a6a4-9ac6ebd4f05a","timestamp":"2026-05-05T07:53:45.271Z"}
{"context":"AccessTokenGuard","level":"info","message":"Public route, skipping authentication","requestId":"df9a7eb0-dfe0-4a4d-a6a4-9ac6ebd4f05a","timestamp":"2026-05-05T07:53:45.272Z"}
{"context":"LoggerMiddleware","level":"warn","message":"[RequestID: df9a7eb0-dfe0-4a4d-a6a4-9ac6ebd4f05a] POST /auth/login | Status: 401 | Duration: 12ms | IP: ::1 | UserAgent: Mozilla/5.0 (Windows NT 10.0; Win64; x64) AppleWebKit/537.36 (KHTML, like Gecko) Chrome/147.0.0.0 Safari/537.36","requestId":"df9a7eb0-dfe0-4a4d-a6a4-9ac6ebd4f05a","timestamp":"2026-05-05T07:53:45.283Z"}
{"context":"AccessTokenGuard","level":"info","message":"isPublic: true","requestId":"c6d8b0bc-8b54-4f82-a0f6-5935e5c248aa","timestamp":"2026-05-05T07:54:16.661Z"}
{"context":"AccessTokenGuard","level":"info","message":"Public route, skipping authentication","requestId":"c6d8b0bc-8b54-4f82-a0f6-5935e5c248aa","timestamp":"2026-05-05T07:54:16.661Z"}
{"context":"LoggerMiddleware","level":"warn","message":"[RequestID: c6d8b0bc-8b54-4f82-a0f6-5935e5c248aa] POST /auth/login | Status: 401 | Duration: 11ms | IP: ::1 | UserAgent: Mozilla/5.0 (Windows NT 10.0; Win64; x64) AppleWebKit/537.36 (KHTML, like Gecko) Chrome/147.0.0.0 Safari/537.36","requestId":"c6d8b0bc-8b54-4f82-a0f6-5935e5c248aa","timestamp":"2026-05-05T07:54:16.673Z"}
{"context":"AccessTokenGuard","level":"info","message":"isPublic: true","requestId":"c0c05268-342c-4e7d-99fd-1d23bb362f4f","timestamp":"2026-05-05T07:54:45.848Z"}
{"context":"AccessTokenGuard","level":"info","message":"Public route, skipping authentication","requestId":"c0c05268-342c-4e7d-99fd-1d23bb362f4f","timestamp":"2026-05-05T07:54:45.849Z"}
{"context":"LoggerMiddleware","level":"warn","message":"[RequestID: c0c05268-342c-4e7d-99fd-1d23bb362f4f] POST /auth/login | Status: 401 | Duration: 10ms | IP: ::1 | UserAgent: Mozilla/5.0 (Windows NT 10.0; Win64; x64) AppleWebKit/537.36 (KHTML, like Gecko) Chrome/147.0.0.0 Safari/537.36","requestId":"c0c05268-342c-4e7d-99fd-1d23bb362f4f","timestamp":"2026-05-05T07:54:45.858Z"}
{"context":"AccessTokenGuard","level":"info","message":"isPublic: true","requestId":"0f70b1a2-96c0-4ce6-a288-46a11d7b89f3","timestamp":"2026-05-05T07:55:01.108Z"}
{"context":"AccessTokenGuard","level":"info","message":"Public route, skipping authentication","requestId":"0f70b1a2-96c0-4ce6-a288-46a11d7b89f3","timestamp":"2026-05-05T07:55:01.108Z"}
{"context":"LoggerMiddleware","level":"warn","message":"[RequestID: 0f70b1a2-96c0-4ce6-a288-46a11d7b89f3] POST /auth/login | Status: 401 | Duration: 12ms | IP: ::1 | UserAgent: Mozilla/5.0 (Windows NT 10.0; Win64; x64) AppleWebKit/537.36 (KHTML, like Gecko) Chrome/147.0.0.0 Safari/537.36","requestId":"0f70b1a2-96c0-4ce6-a288-46a11d7b89f3","timestamp":"2026-05-05T07:55:01.119Z"}
{"context":"AccessTokenGuard","level":"info","message":"isPublic: true","requestId":"82875777-e0e6-485a-9c32-19380e234470","timestamp":"2026-05-05T07:55:11.548Z"}
{"context":"AccessTokenGuard","level":"info","message":"Public route, skipping authentication","requestId":"82875777-e0e6-485a-9c32-19380e234470","timestamp":"2026-05-05T07:55:11.549Z"}
{"context":"LoggerMiddleware","level":"warn","message":"[RequestID: 82875777-e0e6-485a-9c32-19380e234470] POST /auth/login | Status: 401 | Duration: 11ms | IP: ::1 | UserAgent: Mozilla/5.0 (Windows NT 10.0; Win64; x64) AppleWebKit/537.36 (KHTML, like Gecko) Chrome/147.0.0.0 Safari/537.36","requestId":"82875777-e0e6-485a-9c32-19380e234470","timestamp":"2026-05-05T07:55:11.559Z"}
{"context":"AccessTokenGuard","level":"info","message":"isPublic: true","requestId":"6d573b14-4eaf-41ec-8906-a313d16e8a1c","timestamp":"2026-05-05T07:55:19.459Z"}
{"context":"AccessTokenGuard","level":"info","message":"Public route, skipping authentication","requestId":"6d573b14-4eaf-41ec-8906-a313d16e8a1c","timestamp":"2026-05-05T07:55:19.459Z"}
{"context":"LoggerMiddleware","level":"warn","message":"[RequestID: 6d573b14-4eaf-41ec-8906-a313d16e8a1c] POST /auth/login | Status: 401 | Duration: 4ms | IP: ::1 | UserAgent: Mozilla/5.0 (Windows NT 10.0; Win64; x64) AppleWebKit/537.36 (KHTML, like Gecko) Chrome/147.0.0.0 Safari/537.36","requestId":"6d573b14-4eaf-41ec-8906-a313d16e8a1c","timestamp":"2026-05-05T07:55:19.462Z"}
{"context":"AccessTokenGuard","level":"info","message":"isPublic: true","requestId":"1f956676-3a73-4329-9e09-091d4a5345ae","timestamp":"2026-05-05T07:56:06.232Z"}
{"context":"AccessTokenGuard","level":"info","message":"Public route, skipping authentication","requestId":"1f956676-3a73-4329-9e09-091d4a5345ae","timestamp":"2026-05-05T07:56:06.232Z"}
{"context":"LoggerMiddleware","level":"warn","message":"[RequestID: 1f956676-3a73-4329-9e09-091d4a5345ae] POST /auth/login | Status: 401 | Duration: 10ms | IP: ::1 | UserAgent: Mozilla/5.0 (Windows NT 10.0; Win64; x64) AppleWebKit/537.36 (KHTML, like Gecko) Chrome/147.0.0.0 Safari/537.36","requestId":"1f956676-3a73-4329-9e09-091d4a5345ae","timestamp":"2026-05-05T07:56:06.242Z"}
{"context":"AccessTokenGuard","level":"info","message":"isPublic: true","requestId":"b526b6a8-3a02-49e9-baa9-fa5b662fe24a","timestamp":"2026-05-05T07:56:38.516Z"}
{"context":"AccessTokenGuard","level":"info","message":"Public route, skipping authentication","requestId":"b526b6a8-3a02-49e9-baa9-fa5b662fe24a","timestamp":"2026-05-05T07:56:38.517Z"}
{"context":"LoggerMiddleware","level":"warn","message":"[RequestID: b526b6a8-3a02-49e9-baa9-fa5b662fe24a] POST /auth/login | Status: 401 | Duration: 12ms | IP: ::1 | UserAgent: Mozilla/5.0 (Windows NT 10.0; Win64; x64) AppleWebKit/537.36 (KHTML, like Gecko) Chrome/147.0.0.0 Safari/537.36","requestId":"b526b6a8-3a02-49e9-baa9-fa5b662fe24a","timestamp":"2026-05-05T07:56:38.528Z"}
{"context":"AccessTokenGuard","level":"info","message":"isPublic: true","requestId":"8677cbf3-b94c-49f1-ad6a-365e273a7142","timestamp":"2026-05-05T07:56:39.514Z"}
{"context":"AccessTokenGuard","level":"info","message":"Public route, skipping authentication","requestId":"8677cbf3-b94c-49f1-ad6a-365e273a7142","timestamp":"2026-05-05T07:56:39.514Z"}
{"context":"LoggerMiddleware","level":"warn","message":"[RequestID: 8677cbf3-b94c-49f1-ad6a-365e273a7142] POST /auth/login | Status: 401 | Duration: 3ms | IP: ::1 | UserAgent: Mozilla/5.0 (Windows NT 10.0; Win64; x64) AppleWebKit/537.36 (KHTML, like Gecko) Chrome/147.0.0.0 Safari/537.36","requestId":"8677cbf3-b94c-49f1-ad6a-365e273a7142","timestamp":"2026-05-05T07:56:39.517Z"}
{"context":"AccessTokenGuard","level":"info","message":"isPublic: true","requestId":"25360c79-7085-44bf-9c1b-c11c7fe6c0e1","timestamp":"2026-05-05T07:56:50.428Z"}
{"context":"AccessTokenGuard","level":"info","message":"Public route, skipping authentication","requestId":"25360c79-7085-44bf-9c1b-c11c7fe6c0e1","timestamp":"2026-05-05T07:56:50.428Z"}
{"context":"LoggerMiddleware","level":"warn","message":"[RequestID: 25360c79-7085-44bf-9c1b-c11c7fe6c0e1] POST /auth/login | Status: 401 | Duration: 12ms | IP: ::1 | UserAgent: Mozilla/5.0 (Windows NT 10.0; Win64; x64) AppleWebKit/537.36 (KHTML, like Gecko) Chrome/147.0.0.0 Safari/537.36","requestId":"25360c79-7085-44bf-9c1b-c11c7fe6c0e1","timestamp":"2026-05-05T07:56:50.439Z"}
{"context":"AccessTokenGuard","level":"info","message":"isPublic: true","requestId":"7808d942-fe63-457d-8610-64d4e5169208","timestamp":"2026-05-05T07:57:22.085Z"}
{"context":"AccessTokenGuard","level":"info","message":"Public route, skipping authentication","requestId":"7808d942-fe63-457d-8610-64d4e5169208","timestamp":"2026-05-05T07:57:22.085Z"}
{"context":"LoggerMiddleware","level":"warn","message":"[RequestID: 7808d942-fe63-457d-8610-64d4e5169208] POST /auth/login | Status: 401 | Duration: 11ms | IP: ::1 | UserAgent: Mozilla/5.0 (Windows NT 10.0; Win64; x64) AppleWebKit/537.36 (KHTML, like Gecko) Chrome/147.0.0.0 Safari/537.36","requestId":"7808d942-fe63-457d-8610-64d4e5169208","timestamp":"2026-05-05T07:57:22.096Z"}
{"context":"AccessTokenGuard","level":"info","message":"isPublic: true","requestId":"caee3ddf-ceb4-49dc-8865-5405ba7c5ced","timestamp":"2026-05-05T07:57:22.970Z"}
{"context":"AccessTokenGuard","level":"info","message":"Public route, skipping authentication","requestId":"caee3ddf-ceb4-49dc-8865-5405ba7c5ced","timestamp":"2026-05-05T07:57:22.970Z"}
{"context":"LoggerMiddleware","level":"warn","message":"[RequestID: caee3ddf-ceb4-49dc-8865-5405ba7c5ced] POST /auth/login | Status: 401 | Duration: 5ms | IP: ::1 | UserAgent: Mozilla/5.0 (Windows NT 10.0; Win64; x64) AppleWebKit/537.36 (KHTML, like Gecko) Chrome/147.0.0.0 Safari/537.36","requestId":"caee3ddf-ceb4-49dc-8865-5405ba7c5ced","timestamp":"2026-05-05T07:57:22.974Z"}
{"context":"AccessTokenGuard","level":"info","message":"isPublic: true","requestId":"e673977b-2cee-4105-aac9-6607fb8aa84f","timestamp":"2026-05-05T07:57:23.332Z"}
{"context":"AccessTokenGuard","level":"info","message":"Public route, skipping authentication","requestId":"e673977b-2cee-4105-aac9-6607fb8aa84f","timestamp":"2026-05-05T07:57:23.332Z"}
{"context":"LoggerMiddleware","level":"warn","message":"[RequestID: e673977b-2cee-4105-aac9-6607fb8aa84f] POST /auth/login | Status: 401 | Duration: 3ms | IP: ::1 | UserAgent: Mozilla/5.0 (Windows NT 10.0; Win64; x64) AppleWebKit/537.36 (KHTML, like Gecko) Chrome/147.0.0.0 Safari/537.36","requestId":"e673977b-2cee-4105-aac9-6607fb8aa84f","timestamp":"2026-05-05T07:57:23.335Z"}
{"context":"AccessTokenGuard","level":"info","message":"isPublic: true","requestId":"f4a72456-27e5-41ab-b230-16919507697e","timestamp":"2026-05-05T07:57:35.895Z"}
{"context":"AccessTokenGuard","level":"info","message":"Public route, skipping authentication","requestId":"f4a72456-27e5-41ab-b230-16919507697e","timestamp":"2026-05-05T07:57:35.895Z"}
{"context":"LoggerMiddleware","level":"warn","message":"[RequestID: f4a72456-27e5-41ab-b230-16919507697e] POST /auth/login | Status: 401 | Duration: 12ms | IP: ::1 | UserAgent: Mozilla/5.0 (Windows NT 10.0; Win64; x64) AppleWebKit/537.36 (KHTML, like Gecko) Chrome/147.0.0.0 Safari/537.36","requestId":"f4a72456-27e5-41ab-b230-16919507697e","timestamp":"2026-05-05T07:57:35.907Z"}
{"context":"AccessTokenGuard","level":"info","message":"isPublic: true","requestId":"ca85417e-6040-4ca5-8320-4cee9b216cbd","timestamp":"2026-05-05T07:57:36.052Z"}
{"context":"AccessTokenGuard","level":"info","message":"Public route, skipping authentication","requestId":"ca85417e-6040-4ca5-8320-4cee9b216cbd","timestamp":"2026-05-05T07:57:36.053Z"}
{"context":"LoggerMiddleware","level":"warn","message":"[RequestID: ca85417e-6040-4ca5-8320-4cee9b216cbd] POST /auth/login | Status: 401 | Duration: 5ms | IP: ::1 | UserAgent: Mozilla/5.0 (Windows NT 10.0; Win64; x64) AppleWebKit/537.36 (KHTML, like Gecko) Chrome/147.0.0.0 Safari/537.36","requestId":"ca85417e-6040-4ca5-8320-4cee9b216cbd","timestamp":"2026-05-05T07:57:36.057Z"}
{"context":"AccessTokenGuard","level":"info","message":"isPublic: true","requestId":"9d778782-b17b-413f-b76f-071d68b774e9","timestamp":"2026-05-05T07:57:36.555Z"}
{"context":"AccessTokenGuard","level":"info","message":"Public route, skipping authentication","requestId":"9d778782-b17b-413f-b76f-071d68b774e9","timestamp":"2026-05-05T07:57:36.556Z"}
{"context":"LoggerMiddleware","level":"warn","message":"[RequestID: 9d778782-b17b-413f-b76f-071d68b774e9] POST /auth/login | Status: 401 | Duration: 4ms | IP: ::1 | UserAgent: Mozilla/5.0 (Windows NT 10.0; Win64; x64) AppleWebKit/537.36 (KHTML, like Gecko) Chrome/147.0.0.0 Safari/537.36","requestId":"9d778782-b17b-413f-b76f-071d68b774e9","timestamp":"2026-05-05T07:57:36.559Z"}
{"context":"AccessTokenGuard","level":"info","message":"isPublic: true","requestId":"36b76bd4-aaa9-42a1-8a8e-8d88add37c3a","timestamp":"2026-05-05T07:57:36.715Z"}
{"context":"AccessTokenGuard","level":"info","message":"Public route, skipping authentication","requestId":"36b76bd4-aaa9-42a1-8a8e-8d88add37c3a","timestamp":"2026-05-05T07:57:36.716Z"}
{"context":"LoggerMiddleware","level":"warn","message":"[RequestID: 36b76bd4-aaa9-42a1-8a8e-8d88add37c3a] POST /auth/login | Status: 401 | Duration: 3ms | IP: ::1 | UserAgent: Mozilla/5.0 (Windows NT 10.0; Win64; x64) AppleWebKit/537.36 (KHTML, like Gecko) Chrome/147.0.0.0 Safari/537.36","requestId":"36b76bd4-aaa9-42a1-8a8e-8d88add37c3a","timestamp":"2026-05-05T07:57:36.719Z"}
{"context":"AccessTokenGuard","level":"info","message":"isPublic: true","requestId":"c14442ad-1d58-41e4-a59f-8f95e726de59","timestamp":"2026-05-05T07:57:37.042Z"}
{"context":"AccessTokenGuard","level":"info","message":"Public route, skipping authentication","requestId":"c14442ad-1d58-41e4-a59f-8f95e726de59","timestamp":"2026-05-05T07:57:37.042Z"}
{"context":"LoggerMiddleware","level":"warn","message":"[RequestID: c14442ad-1d58-41e4-a59f-8f95e726de59] POST /auth/login | Status: 401 | Duration: 6ms | IP: ::1 | UserAgent: Mozilla/5.0 (Windows NT 10.0; Win64; x64) AppleWebKit/537.36 (KHTML, like Gecko) Chrome/147.0.0.0 Safari/537.36","requestId":"c14442ad-1d58-41e4-a59f-8f95e726de59","timestamp":"2026-05-05T07:57:37.047Z"}
{"context":"AccessTokenGuard","level":"info","message":"isPublic: true","requestId":"db8aa90a-b4f8-437a-86d1-11f3a0610005","timestamp":"2026-05-05T07:58:26.937Z"}
{"context":"AccessTokenGuard","level":"info","message":"Public route, skipping authentication","requestId":"db8aa90a-b4f8-437a-86d1-11f3a0610005","timestamp":"2026-05-05T07:58:26.938Z"}
{"context":"LoggerMiddleware","level":"warn","message":"[RequestID: db8aa90a-b4f8-437a-86d1-11f3a0610005] POST /auth/login | Status: 401 | Duration: 11ms | IP: ::1 | UserAgent: Mozilla/5.0 (Windows NT 10.0; Win64; x64) AppleWebKit/537.36 (KHTML, like Gecko) Chrome/147.0.0.0 Safari/537.36","requestId":"db8aa90a-b4f8-437a-86d1-11f3a0610005","timestamp":"2026-05-05T07:58:26.948Z"}
{"context":"AccessTokenGuard","level":"info","message":"isPublic: true","requestId":"a256e027-b6d8-49b6-a78e-ce4e1685c02b","timestamp":"2026-05-05T07:58:46.198Z"}
{"context":"AccessTokenGuard","level":"info","message":"Public route, skipping authentication","requestId":"a256e027-b6d8-49b6-a78e-ce4e1685c02b","timestamp":"2026-05-05T07:58:46.199Z"}
{"context":"LoggerMiddleware","level":"warn","message":"[RequestID: a256e027-b6d8-49b6-a78e-ce4e1685c02b] POST /auth/login | Status: 401 | Duration: 11ms | IP: ::1 | UserAgent: Mozilla/5.0 (Windows NT 10.0; Win64; x64) AppleWebKit/537.36 (KHTML, like Gecko) Chrome/147.0.0.0 Safari/537.36","requestId":"a256e027-b6d8-49b6-a78e-ce4e1685c02b","timestamp":"2026-05-05T07:58:46.209Z"}
{"context":"AccessTokenGuard","level":"info","message":"isPublic: true","requestId":"96925c9b-aa06-4e78-a1cb-225311cbab02","timestamp":"2026-05-05T08:09:23.338Z"}
{"context":"AccessTokenGuard","level":"info","message":"Public route, skipping authentication","requestId":"96925c9b-aa06-4e78-a1cb-225311cbab02","timestamp":"2026-05-05T08:09:23.338Z"}
{"context":"LoggerMiddleware","level":"warn","message":"[RequestID: 96925c9b-aa06-4e78-a1cb-225311cbab02] POST /auth/login | Status: 401 | Duration: 13ms | IP: ::1 | UserAgent: Mozilla/5.0 (Windows NT 10.0; Win64; x64) AppleWebKit/537.36 (KHTML, like Gecko) Chrome/147.0.0.0 Safari/537.36","requestId":"96925c9b-aa06-4e78-a1cb-225311cbab02","timestamp":"2026-05-05T08:09:23.350Z"}
{"context":"AccessTokenGuard","level":"info","message":"isPublic: true","requestId":"781d6027-38ad-413f-a956-6d096bc14e65","timestamp":"2026-05-05T08:09:24.091Z"}
{"context":"AccessTokenGuard","level":"info","message":"Public route, skipping authentication","requestId":"781d6027-38ad-413f-a956-6d096bc14e65","timestamp":"2026-05-05T08:09:24.092Z"}
{"context":"LoggerMiddleware","level":"warn","message":"[RequestID: 781d6027-38ad-413f-a956-6d096bc14e65] POST /auth/login | Status: 401 | Duration: 4ms | IP: ::1 | UserAgent: Mozilla/5.0 (Windows NT 10.0; Win64; x64) AppleWebKit/537.36 (KHTML, like Gecko) Chrome/147.0.0.0 Safari/537.36","requestId":"781d6027-38ad-413f-a956-6d096bc14e65","timestamp":"2026-05-05T08:09:24.095Z"}
{"context":"AccessTokenGuard","level":"info","message":"isPublic: true","requestId":"2f8089ab-ded3-425d-a5e0-60792e14edc9","timestamp":"2026-05-05T08:09:24.515Z"}
{"context":"AccessTokenGuard","level":"info","message":"Public route, skipping authentication","requestId":"2f8089ab-ded3-425d-a5e0-60792e14edc9","timestamp":"2026-05-05T08:09:24.516Z"}
{"context":"LoggerMiddleware","level":"warn","message":"[RequestID: 2f8089ab-ded3-425d-a5e0-60792e14edc9] POST /auth/login | Status: 401 | Duration: 3ms | IP: ::1 | UserAgent: Mozilla/5.0 (Windows NT 10.0; Win64; x64) AppleWebKit/537.36 (KHTML, like Gecko) Chrome/147.0.0.0 Safari/537.36","requestId":"2f8089ab-ded3-425d-a5e0-60792e14edc9","timestamp":"2026-05-05T08:09:24.518Z"}
{"context":"AccessTokenGuard","level":"info","message":"isPublic: true","requestId":"19aa2b5b-6cd7-4ce1-a7fc-666b33ea2e87","timestamp":"2026-05-05T08:09:24.692Z"}
{"context":"AccessTokenGuard","level":"info","message":"Public route, skipping authentication","requestId":"19aa2b5b-6cd7-4ce1-a7fc-666b33ea2e87","timestamp":"2026-05-05T08:09:24.692Z"}
{"context":"LoggerMiddleware","level":"warn","message":"[RequestID: 19aa2b5b-6cd7-4ce1-a7fc-666b33ea2e87] POST /auth/login | Status: 401 | Duration: 4ms | IP: ::1 | UserAgent: Mozilla/5.0 (Windows NT 10.0; Win64; x64) AppleWebKit/537.36 (KHTML, like Gecko) Chrome/147.0.0.0 Safari/537.36","requestId":"19aa2b5b-6cd7-4ce1-a7fc-666b33ea2e87","timestamp":"2026-05-05T08:09:24.695Z"}
{"context":"AccessTokenGuard","level":"info","message":"isPublic: true","requestId":"d7f52739-3457-4cd2-beb9-78010be45b54","timestamp":"2026-05-05T08:09:24.875Z"}
{"context":"AccessTokenGuard","level":"info","message":"Public route, skipping authentication","requestId":"d7f52739-3457-4cd2-beb9-78010be45b54","timestamp":"2026-05-05T08:09:24.876Z"}
{"context":"LoggerMiddleware","level":"warn","message":"[RequestID: d7f52739-3457-4cd2-beb9-78010be45b54] POST /auth/login | Status: 401 | Duration: 4ms | IP: ::1 | UserAgent: Mozilla/5.0 (Windows NT 10.0; Win64; x64) AppleWebKit/537.36 (KHTML, like Gecko) Chrome/147.0.0.0 Safari/537.36","requestId":"d7f52739-3457-4cd2-beb9-78010be45b54","timestamp":"2026-05-05T08:09:24.880Z"}
{"context":"AccessTokenGuard","level":"info","message":"isPublic: true","requestId":"f498d1de-10ce-4898-b583-3a20334b4c0d","timestamp":"2026-05-05T08:09:25.051Z"}
{"context":"AccessTokenGuard","level":"info","message":"Public route, skipping authentication","requestId":"f498d1de-10ce-4898-b583-3a20334b4c0d","timestamp":"2026-05-05T08:09:25.051Z"}
{"context":"LoggerMiddleware","level":"warn","message":"[RequestID: f498d1de-10ce-4898-b583-3a20334b4c0d] POST /auth/login | Status: 401 | Duration: 3ms | IP: ::1 | UserAgent: Mozilla/5.0 (Windows NT 10.0; Win64; x64) AppleWebKit/537.36 (KHTML, like Gecko) Chrome/147.0.0.0 Safari/537.36","requestId":"f498d1de-10ce-4898-b583-3a20334b4c0d","timestamp":"2026-05-05T08:09:25.054Z"}
{"context":"AccessTokenGuard","level":"info","message":"isPublic: true","requestId":"5e304e8f-dbc7-4227-9e42-5165595b5e5b","timestamp":"2026-05-05T08:09:30.173Z"}
{"context":"AccessTokenGuard","level":"info","message":"Public route, skipping authentication","requestId":"5e304e8f-dbc7-4227-9e42-5165595b5e5b","timestamp":"2026-05-05T08:09:30.173Z"}
{"context":"LoggerMiddleware","level":"warn","message":"[RequestID: 5e304e8f-dbc7-4227-9e42-5165595b5e5b] POST /auth/login | Status: 401 | Duration: 3ms | IP: ::1 | UserAgent: Mozilla/5.0 (Windows NT 10.0; Win64; x64) AppleWebKit/537.36 (KHTML, like Gecko) Chrome/147.0.0.0 Safari/537.36","requestId":"5e304e8f-dbc7-4227-9e42-5165595b5e5b","timestamp":"2026-05-05T08:09:30.176Z"}
{"context":"AccessTokenGuard","level":"info","message":"isPublic: true","requestId":"22b4ce61-62e7-43b9-99ca-d31536f6c138","timestamp":"2026-05-05T08:09:30.352Z"}
{"context":"AccessTokenGuard","level":"info","message":"Public route, skipping authentication","requestId":"22b4ce61-62e7-43b9-99ca-d31536f6c138","timestamp":"2026-05-05T08:09:30.352Z"}
{"context":"LoggerMiddleware","level":"warn","message":"[RequestID: 22b4ce61-62e7-43b9-99ca-d31536f6c138] POST /auth/login | Status: 401 | Duration: 3ms | IP: ::1 | UserAgent: Mozilla/5.0 (Windows NT 10.0; Win64; x64) AppleWebKit/537.36 (KHTML, like Gecko) Chrome/147.0.0.0 Safari/537.36","requestId":"22b4ce61-62e7-43b9-99ca-d31536f6c138","timestamp":"2026-05-05T08:09:30.355Z"}
{"context":"AccessTokenGuard","level":"info","message":"isPublic: true","requestId":"4f96422e-31ea-4a36-bdea-362b56c3cdc5","timestamp":"2026-05-05T08:09:30.682Z"}
{"context":"AccessTokenGuard","level":"info","message":"Public route, skipping authentication","requestId":"4f96422e-31ea-4a36-bdea-362b56c3cdc5","timestamp":"2026-05-05T08:09:30.682Z"}
{"context":"LoggerMiddleware","level":"warn","message":"[RequestID: 4f96422e-31ea-4a36-bdea-362b56c3cdc5] POST /auth/login | Status: 401 | Duration: 3ms | IP: ::1 | UserAgent: Mozilla/5.0 (Windows NT 10.0; Win64; x64) AppleWebKit/537.36 (KHTML, like Gecko) Chrome/147.0.0.0 Safari/537.36","requestId":"4f96422e-31ea-4a36-bdea-362b56c3cdc5","timestamp":"2026-05-05T08:09:30.685Z"}
{"context":"AccessTokenGuard","level":"info","message":"isPublic: true","requestId":"339a5e69-9416-4154-ac6e-a433f0d76c98","timestamp":"2026-05-05T08:09:30.854Z"}
{"context":"AccessTokenGuard","level":"info","message":"Public route, skipping authentication","requestId":"339a5e69-9416-4154-ac6e-a433f0d76c98","timestamp":"2026-05-05T08:09:30.854Z"}
{"context":"LoggerMiddleware","level":"warn","message":"[RequestID: 339a5e69-9416-4154-ac6e-a433f0d76c98] POST /auth/login | Status: 401 | Duration: 4ms | IP: ::1 | UserAgent: Mozilla/5.0 (Windows NT 10.0; Win64; x64) AppleWebKit/537.36 (KHTML, like Gecko) Chrome/147.0.0.0 Safari/537.36","requestId":"339a5e69-9416-4154-ac6e-a433f0d76c98","timestamp":"2026-05-05T08:09:30.857Z"}
{"context":"AccessTokenGuard","level":"info","message":"isPublic: true","requestId":"6385be36-a423-4885-8faf-4870921bf25f","timestamp":"2026-05-05T08:09:31.025Z"}
{"context":"AccessTokenGuard","level":"info","message":"Public route, skipping authentication","requestId":"6385be36-a423-4885-8faf-4870921bf25f","timestamp":"2026-05-05T08:09:31.025Z"}
{"context":"LoggerMiddleware","level":"warn","message":"[RequestID: 6385be36-a423-4885-8faf-4870921bf25f] POST /auth/login | Status: 401 | Duration: 4ms | IP: ::1 | UserAgent: Mozilla/5.0 (Windows NT 10.0; Win64; x64) AppleWebKit/537.36 (KHTML, like Gecko) Chrome/147.0.0.0 Safari/537.36","requestId":"6385be36-a423-4885-8faf-4870921bf25f","timestamp":"2026-05-05T08:09:31.029Z"}
{"context":"AccessTokenGuard","level":"info","message":"isPublic: true","requestId":"70d3ed48-4187-4b89-9fbc-1b3d0d13d32d","timestamp":"2026-05-05T08:09:31.323Z"}
{"context":"AccessTokenGuard","level":"info","message":"Public route, skipping authentication","requestId":"70d3ed48-4187-4b89-9fbc-1b3d0d13d32d","timestamp":"2026-05-05T08:09:31.323Z"}
{"context":"LoggerMiddleware","level":"warn","message":"[RequestID: 70d3ed48-4187-4b89-9fbc-1b3d0d13d32d] POST /auth/login | Status: 401 | Duration: 11ms | IP: ::1 | UserAgent: Mozilla/5.0 (Windows NT 10.0; Win64; x64) AppleWebKit/537.36 (KHTML, like Gecko) Chrome/147.0.0.0 Safari/537.36","requestId":"70d3ed48-4187-4b89-9fbc-1b3d0d13d32d","timestamp":"2026-05-05T08:09:31.334Z"}
{"context":"AccessTokenGuard","level":"info","message":"isPublic: true","requestId":"0abdb65b-3106-450b-b284-1ede63aa566d","timestamp":"2026-05-05T08:10:14.286Z"}
{"context":"AccessTokenGuard","level":"info","message":"Public route, skipping authentication","requestId":"0abdb65b-3106-450b-b284-1ede63aa566d","timestamp":"2026-05-05T08:10:14.286Z"}
{"context":"LoggerMiddleware","level":"warn","message":"[RequestID: 0abdb65b-3106-450b-b284-1ede63aa566d] POST /auth/login | Status: 401 | Duration: 13ms | IP: ::1 | UserAgent: Mozilla/5.0 (Windows NT 10.0; Win64; x64) AppleWebKit/537.36 (KHTML, like Gecko) Chrome/147.0.0.0 Safari/537.36","requestId":"0abdb65b-3106-450b-b284-1ede63aa566d","timestamp":"2026-05-05T08:10:14.298Z"}
{"context":"AccessTokenGuard","level":"info","message":"isPublic: true","requestId":"259cbb95-961e-4f84-81ac-8601b9aded0b","timestamp":"2026-05-05T08:10:25.880Z"}
{"context":"AccessTokenGuard","level":"info","message":"Public route, skipping authentication","requestId":"259cbb95-961e-4f84-81ac-8601b9aded0b","timestamp":"2026-05-05T08:10:25.880Z"}
{"context":"LoggerMiddleware","level":"warn","message":"[RequestID: 259cbb95-961e-4f84-81ac-8601b9aded0b] POST /auth/login | Status: 401 | Duration: 10ms | IP: ::1 | UserAgent: Mozilla/5.0 (Windows NT 10.0; Win64; x64) AppleWebKit/537.36 (KHTML, like Gecko) Chrome/147.0.0.0 Safari/537.36","requestId":"259cbb95-961e-4f84-81ac-8601b9aded0b","timestamp":"2026-05-05T08:10:25.890Z"}
{"context":"AccessTokenGuard","level":"info","message":"isPublic: true","requestId":"32873a3a-a72e-4b0a-91bc-7771d0c68c35","timestamp":"2026-05-05T08:14:05.724Z"}
{"context":"AccessTokenGuard","level":"info","message":"Public route, skipping authentication","requestId":"32873a3a-a72e-4b0a-91bc-7771d0c68c35","timestamp":"2026-05-05T08:14:05.725Z"}
{"context":"LoggerMiddleware","level":"info","message":"[RequestID: 32873a3a-a72e-4b0a-91bc-7771d0c68c35] POST /auth/login | Status: 201 | Duration: 60ms | IP: ::1 | UserAgent: Mozilla/5.0 (Windows NT 10.0; Win64; x64) AppleWebKit/537.36 (KHTML, like Gecko) Chrome/147.0.0.0 Safari/537.36","requestId":"32873a3a-a72e-4b0a-91bc-7771d0c68c35","timestamp":"2026-05-05T08:14:05.784Z"}
{"context":"AccessTokenGuard","level":"info","message":"isPublic: true","requestId":"d4b3ff65-bdb4-44e6-a5d8-65b5dd939c64","timestamp":"2026-05-05T08:14:07.229Z"}
{"context":"AccessTokenGuard","level":"info","message":"Public route, skipping authentication","requestId":"d4b3ff65-bdb4-44e6-a5d8-65b5dd939c64","timestamp":"2026-05-05T08:14:07.229Z"}
{"context":"LoggerMiddleware","level":"info","message":"[RequestID: d4b3ff65-bdb4-44e6-a5d8-65b5dd939c64] POST /auth/login | Status: 201 | Duration: 37ms | IP: ::1 | UserAgent: Mozilla/5.0 (Windows NT 10.0; Win64; x64) AppleWebKit/537.36 (KHTML, like Gecko) Chrome/147.0.0.0 Safari/537.36","requestId":"d4b3ff65-bdb4-44e6-a5d8-65b5dd939c64","timestamp":"2026-05-05T08:14:07.265Z"}
{"context":"AccessTokenGuard","level":"info","message":"isPublic: true","requestId":"b940cc01-e41d-42b3-8904-b75403294133","timestamp":"2026-05-05T08:14:11.398Z"}
{"context":"AccessTokenGuard","level":"info","message":"Public route, skipping authentication","requestId":"b940cc01-e41d-42b3-8904-b75403294133","timestamp":"2026-05-05T08:14:11.398Z"}
{"context":"LoggerMiddleware","level":"info","message":"[RequestID: b940cc01-e41d-42b3-8904-b75403294133] POST /auth/login | Status: 201 | Duration: 37ms | IP: ::1 | UserAgent: Mozilla/5.0 (Windows NT 10.0; Win64; x64) AppleWebKit/537.36 (KHTML, like Gecko) Chrome/147.0.0.0 Safari/537.36","requestId":"b940cc01-e41d-42b3-8904-b75403294133","timestamp":"2026-05-05T08:14:11.435Z"}
{"context":"AccessTokenGuard","level":"info","message":"isPublic: true","requestId":"7ae38ac3-a9c5-4b4c-be74-b31d1d7f50bc","timestamp":"2026-05-05T08:14:42.303Z"}
{"context":"AccessTokenGuard","level":"info","message":"Public route, skipping authentication","requestId":"7ae38ac3-a9c5-4b4c-be74-b31d1d7f50bc","timestamp":"2026-05-05T08:14:42.303Z"}
{"context":"LoggerMiddleware","level":"warn","message":"[RequestID: 7ae38ac3-a9c5-4b4c-be74-b31d1d7f50bc] POST /auth/login | Status: 401 | Duration: 14ms | IP: ::1 | UserAgent: Mozilla/5.0 (Windows NT 10.0; Win64; x64) AppleWebKit/537.36 (KHTML, like Gecko) Chrome/147.0.0.0 Safari/537.36","requestId":"7ae38ac3-a9c5-4b4c-be74-b31d1d7f50bc","timestamp":"2026-05-05T08:14:42.317Z"}
{"context":"AccessTokenGuard","level":"info","message":"isPublic: true","requestId":"f742193d-96e2-4ee9-8794-188fe3c492a3","timestamp":"2026-05-05T08:14:43.133Z"}
{"context":"AccessTokenGuard","level":"info","message":"Public route, skipping authentication","requestId":"f742193d-96e2-4ee9-8794-188fe3c492a3","timestamp":"2026-05-05T08:14:43.133Z"}
{"context":"LoggerMiddleware","level":"warn","message":"[RequestID: f742193d-96e2-4ee9-8794-188fe3c492a3] POST /auth/login | Status: 401 | Duration: 4ms | IP: ::1 | UserAgent: Mozilla/5.0 (Windows NT 10.0; Win64; x64) AppleWebKit/537.36 (KHTML, like Gecko) Chrome/147.0.0.0 Safari/537.36","requestId":"f742193d-96e2-4ee9-8794-188fe3c492a3","timestamp":"2026-05-05T08:14:43.136Z"}
{"context":"AccessTokenGuard","level":"info","message":"isPublic: true","requestId":"697e63b3-6509-41eb-ba72-4baa4771704f","timestamp":"2026-05-05T08:14:43.485Z"}
{"context":"AccessTokenGuard","level":"info","message":"Public route, skipping authentication","requestId":"697e63b3-6509-41eb-ba72-4baa4771704f","timestamp":"2026-05-05T08:14:43.485Z"}
{"context":"LoggerMiddleware","level":"warn","message":"[RequestID: 697e63b3-6509-41eb-ba72-4baa4771704f] POST /auth/login | Status: 401 | Duration: 4ms | IP: ::1 | UserAgent: Mozilla/5.0 (Windows NT 10.0; Win64; x64) AppleWebKit/537.36 (KHTML, like Gecko) Chrome/147.0.0.0 Safari/537.36","requestId":"697e63b3-6509-41eb-ba72-4baa4771704f","timestamp":"2026-05-05T08:14:43.488Z"}
{"context":"AccessTokenGuard","level":"info","message":"isPublic: true","requestId":"2833e440-b603-4f2d-b7a6-5250a84536b1","timestamp":"2026-05-05T08:14:44.029Z"}
{"context":"AccessTokenGuard","level":"info","message":"Public route, skipping authentication","requestId":"2833e440-b603-4f2d-b7a6-5250a84536b1","timestamp":"2026-05-05T08:14:44.029Z"}
{"context":"LoggerMiddleware","level":"warn","message":"[RequestID: 2833e440-b603-4f2d-b7a6-5250a84536b1] POST /auth/login | Status: 401 | Duration: 4ms | IP: ::1 | UserAgent: Mozilla/5.0 (Windows NT 10.0; Win64; x64) AppleWebKit/537.36 (KHTML, like Gecko) Chrome/147.0.0.0 Safari/537.36","requestId":"2833e440-b603-4f2d-b7a6-5250a84536b1","timestamp":"2026-05-05T08:14:44.033Z"}
{"context":"AccessTokenGuard","level":"info","message":"isPublic: true","requestId":"d0dfd13c-26f6-47f8-b366-440fe9415c81","timestamp":"2026-05-05T08:14:44.547Z"}
{"context":"AccessTokenGuard","level":"info","message":"Public route, skipping authentication","requestId":"d0dfd13c-26f6-47f8-b366-440fe9415c81","timestamp":"2026-05-05T08:14:44.547Z"}
{"context":"LoggerMiddleware","level":"warn","message":"[RequestID: d0dfd13c-26f6-47f8-b366-440fe9415c81] POST /auth/login | Status: 401 | Duration: 3ms | IP: ::1 | UserAgent: Mozilla/5.0 (Windows NT 10.0; Win64; x64) AppleWebKit/537.36 (KHTML, like Gecko) Chrome/147.0.0.0 Safari/537.36","requestId":"d0dfd13c-26f6-47f8-b366-440fe9415c81","timestamp":"2026-05-05T08:14:44.550Z"}
{"context":"AccessTokenGuard","level":"info","message":"isPublic: true","requestId":"03e87ff0-38bf-4d60-a1dd-ac2a2399a618","timestamp":"2026-05-05T08:14:45.018Z"}
{"context":"AccessTokenGuard","level":"info","message":"Public route, skipping authentication","requestId":"03e87ff0-38bf-4d60-a1dd-ac2a2399a618","timestamp":"2026-05-05T08:14:45.018Z"}
{"context":"LoggerMiddleware","level":"warn","message":"[RequestID: 03e87ff0-38bf-4d60-a1dd-ac2a2399a618] POST /auth/login | Status: 401 | Duration: 3ms | IP: ::1 | UserAgent: Mozilla/5.0 (Windows NT 10.0; Win64; x64) AppleWebKit/537.36 (KHTML, like Gecko) Chrome/147.0.0.0 Safari/537.36","requestId":"03e87ff0-38bf-4d60-a1dd-ac2a2399a618","timestamp":"2026-05-05T08:14:45.021Z"}
{"context":"AccessTokenGuard","level":"info","message":"isPublic: true","requestId":"c9701c26-f5dc-4b01-bc96-a393d5ad5e60","timestamp":"2026-05-05T08:14:45.572Z"}
{"context":"AccessTokenGuard","level":"info","message":"Public route, skipping authentication","requestId":"c9701c26-f5dc-4b01-bc96-a393d5ad5e60","timestamp":"2026-05-05T08:14:45.572Z"}
{"context":"LoggerMiddleware","level":"warn","message":"[RequestID: c9701c26-f5dc-4b01-bc96-a393d5ad5e60] POST /auth/login | Status: 401 | Duration: 4ms | IP: ::1 | UserAgent: Mozilla/5.0 (Windows NT 10.0; Win64; x64) AppleWebKit/537.36 (KHTML, like Gecko) Chrome/147.0.0.0 Safari/537.36","requestId":"c9701c26-f5dc-4b01-bc96-a393d5ad5e60","timestamp":"2026-05-05T08:14:45.576Z"}
{"context":"AccessTokenGuard","level":"info","message":"isPublic: true","requestId":"5119c29e-6a85-4867-8f91-59ec2358f645","timestamp":"2026-05-05T08:14:46.074Z"}
{"context":"AccessTokenGuard","level":"info","message":"Public route, skipping authentication","requestId":"5119c29e-6a85-4867-8f91-59ec2358f645","timestamp":"2026-05-05T08:14:46.074Z"}
{"context":"LoggerMiddleware","level":"warn","message":"[RequestID: 5119c29e-6a85-4867-8f91-59ec2358f645] POST /auth/login | Status: 401 | Duration: 3ms | IP: ::1 | UserAgent: Mozilla/5.0 (Windows NT 10.0; Win64; x64) AppleWebKit/537.36 (KHTML, like Gecko) Chrome/147.0.0.0 Safari/537.36","requestId":"5119c29e-6a85-4867-8f91-59ec2358f645","timestamp":"2026-05-05T08:14:46.078Z"}
{"context":"AccessTokenGuard","level":"info","message":"isPublic: true","requestId":"1c0154b5-bbfa-48ab-8eb1-4a8fb116045f","timestamp":"2026-05-05T08:14:59.292Z"}
{"context":"AccessTokenGuard","level":"info","message":"Public route, skipping authentication","requestId":"1c0154b5-bbfa-48ab-8eb1-4a8fb116045f","timestamp":"2026-05-05T08:14:59.292Z"}
{"context":"LoggerMiddleware","level":"warn","message":"[RequestID: 1c0154b5-bbfa-48ab-8eb1-4a8fb116045f] POST /auth/login | Status: 401 | Duration: 13ms | IP: ::1 | UserAgent: Mozilla/5.0 (Windows NT 10.0; Win64; x64) AppleWebKit/537.36 (KHTML, like Gecko) Chrome/147.0.0.0 Safari/537.36","requestId":"1c0154b5-bbfa-48ab-8eb1-4a8fb116045f","timestamp":"2026-05-05T08:14:59.305Z"}
{"context":"AccessTokenGuard","level":"info","message":"isPublic: true","requestId":"bc454abf-c195-4a38-980b-03f3384cbabe","timestamp":"2026-05-05T08:14:59.947Z"}
{"context":"AccessTokenGuard","level":"info","message":"Public route, skipping authentication","requestId":"bc454abf-c195-4a38-980b-03f3384cbabe","timestamp":"2026-05-05T08:14:59.948Z"}
{"context":"LoggerMiddleware","level":"warn","message":"[RequestID: bc454abf-c195-4a38-980b-03f3384cbabe] POST /auth/login | Status: 401 | Duration: 4ms | IP: ::1 | UserAgent: Mozilla/5.0 (Windows NT 10.0; Win64; x64) AppleWebKit/537.36 (KHTML, like Gecko) Chrome/147.0.0.0 Safari/537.36","requestId":"bc454abf-c195-4a38-980b-03f3384cbabe","timestamp":"2026-05-05T08:14:59.951Z"}
{"context":"AccessTokenGuard","level":"info","message":"isPublic: true","requestId":"4b6507e4-ed0b-473e-bca0-f6634e910ead","timestamp":"2026-05-05T08:15:00.426Z"}
{"context":"AccessTokenGuard","level":"info","message":"Public route, skipping authentication","requestId":"4b6507e4-ed0b-473e-bca0-f6634e910ead","timestamp":"2026-05-05T08:15:00.427Z"}
{"context":"LoggerMiddleware","level":"warn","message":"[RequestID: 4b6507e4-ed0b-473e-bca0-f6634e910ead] POST /auth/login | Status: 401 | Duration: 4ms | IP: ::1 | UserAgent: Mozilla/5.0 (Windows NT 10.0; Win64; x64) AppleWebKit/537.36 (KHTML, like Gecko) Chrome/147.0.0.0 Safari/537.36","requestId":"4b6507e4-ed0b-473e-bca0-f6634e910ead","timestamp":"2026-05-05T08:15:00.430Z"}
{"context":"AccessTokenGuard","level":"info","message":"isPublic: undefined","requestId":"9d996a64-7c04-457f-9f5e-bc040787e324","timestamp":"2026-05-05T08:48:10.589Z"}
{"context":"LoggerMiddleware","level":"warn","message":"[RequestID: 9d996a64-7c04-457f-9f5e-bc040787e324] GET /users/me | Status: 401 | Duration: 3ms | IP: ::1 | UserAgent: Mozilla/5.0 (Windows NT 10.0; Win64; x64) AppleWebKit/537.36 (KHTML, like Gecko) Chrome/147.0.0.0 Safari/537.36","requestId":"9d996a64-7c04-457f-9f5e-bc040787e324","timestamp":"2026-05-05T08:48:10.592Z"}
{"context":"AccessTokenGuard","level":"info","message":"isPublic: true","requestId":"d585e28f-1f80-4497-8f76-2ad32cb752b7","timestamp":"2026-05-05T08:50:16.840Z"}
{"context":"AccessTokenGuard","level":"info","message":"Public route, skipping authentication","requestId":"d585e28f-1f80-4497-8f76-2ad32cb752b7","timestamp":"2026-05-05T08:50:16.840Z"}
{"context":"LoggerMiddleware","level":"info","message":"[RequestID: d585e28f-1f80-4497-8f76-2ad32cb752b7] POST /auth/login | Status: 201 | Duration: 61ms | IP: ::1 | UserAgent: Mozilla/5.0 (Windows NT 10.0; Win64; x64) AppleWebKit/537.36 (KHTML, like Gecko) Chrome/147.0.0.0 Safari/537.36","requestId":"d585e28f-1f80-4497-8f76-2ad32cb752b7","timestamp":"2026-05-05T08:50:16.902Z"}
{"context":"AccessTokenGuard","level":"info","message":"isPublic: undefined","requestId":"9deb59a4-da5c-422a-a790-6c1a21890503","timestamp":"2026-05-05T08:50:17.039Z"}
{"context":"AccessTokenStrategy","level":"info","message":"user: {\"id\":\"cc6d2974-22cf-4b0b-9590-4b701cfa3c00\",\"username\":\"customer_001\",\"hashed_password\":\"scrypt:61b7465b5cc602c81ecaa66e31f0f570:064a122e33f58ab9bedcc806f62492b81e4451665c71c7dc3a5afd28b63aa6017713b59fb84dc9594c530b3bbe79c2bf5c738ae510f3152bf09f34a3b6d02482\",\"displayName\":\"Nguyễn Văn A\",\"token_version\":5,\"isActive\":true,\"createdAt\":\"2026-05-03T15:37:18.203Z\",\"updatedAt\":\"2026-05-04T09:10:04.759Z\",\"deletedAt\":null,\"roles\":[]}","requestId":"9deb59a4-da5c-422a-a790-6c1a21890503","timestamp":"2026-05-05T08:50:17.043Z"}
{"context":"LoggerMiddleware","level":"warn","message":"[RequestID: 9deb59a4-da5c-422a-a790-6c1a21890503] GET /users/me | Status: 400 | Duration: 4ms | IP: ::1 | UserAgent: Mozilla/5.0 (Windows NT 10.0; Win64; x64) AppleWebKit/537.36 (KHTML, like Gecko) Chrome/147.0.0.0 Safari/537.36","requestId":"9deb59a4-da5c-422a-a790-6c1a21890503","timestamp":"2026-05-05T08:50:17.044Z"}
{"context":"AccessTokenGuard","level":"info","message":"isPublic: undefined","requestId":"c1cf052d-d2f7-49be-b436-91b724245203","timestamp":"2026-05-05T08:50:44.819Z"}
{"context":"AccessTokenStrategy","level":"info","message":"user: {\"id\":\"cc6d2974-22cf-4b0b-9590-4b701cfa3c00\",\"username\":\"customer_001\",\"hashed_password\":\"scrypt:61b7465b5cc602c81ecaa66e31f0f570:064a122e33f58ab9bedcc806f62492b81e4451665c71c7dc3a5afd28b63aa6017713b59fb84dc9594c530b3bbe79c2bf5c738ae510f3152bf09f34a3b6d02482\",\"displayName\":\"Nguyễn Văn A\",\"token_version\":5,\"isActive\":true,\"createdAt\":\"2026-05-03T15:37:18.203Z\",\"updatedAt\":\"2026-05-04T09:10:04.759Z\",\"deletedAt\":null,\"roles\":[]}","requestId":"c1cf052d-d2f7-49be-b436-91b724245203","timestamp":"2026-05-05T08:50:44.835Z"}
{"context":"LoggerMiddleware","level":"warn","message":"[RequestID: c1cf052d-d2f7-49be-b436-91b724245203] GET /users/me | Status: 400 | Duration: 17ms | IP: ::1 | UserAgent: Mozilla/5.0 (Windows NT 10.0; Win64; x64) AppleWebKit/537.36 (KHTML, like Gecko) Chrome/147.0.0.0 Safari/537.36","requestId":"c1cf052d-d2f7-49be-b436-91b724245203","timestamp":"2026-05-05T08:50:44.836Z"}
{"context":"AccessTokenGuard","level":"info","message":"isPublic: true","requestId":"3ec04cba-938d-4997-b708-bc26d901e4a2","timestamp":"2026-05-05T08:52:21.175Z"}
{"context":"AccessTokenGuard","level":"info","message":"Public route, skipping authentication","requestId":"3ec04cba-938d-4997-b708-bc26d901e4a2","timestamp":"2026-05-05T08:52:21.175Z"}
{"context":"LoggerMiddleware","level":"warn","message":"[RequestID: 3ec04cba-938d-4997-b708-bc26d901e4a2] POST /auth/login | Status: 401 | Duration: 12ms | IP: ::1 | UserAgent: Mozilla/5.0 (Windows NT 10.0; Win64; x64) AppleWebKit/537.36 (KHTML, like Gecko) Chrome/147.0.0.0 Safari/537.36","requestId":"3ec04cba-938d-4997-b708-bc26d901e4a2","timestamp":"2026-05-05T08:52:21.187Z"}
{"context":"AccessTokenGuard","level":"info","message":"isPublic: true","requestId":"4f851cff-4ffe-478c-9a44-5138258514ff","timestamp":"2026-05-05T08:53:38.441Z"}
{"context":"AccessTokenGuard","level":"info","message":"Public route, skipping authentication","requestId":"4f851cff-4ffe-478c-9a44-5138258514ff","timestamp":"2026-05-05T08:53:38.442Z"}
{"context":"LoggerMiddleware","level":"info","message":"[RequestID: 4f851cff-4ffe-478c-9a44-5138258514ff] POST /auth/login | Status: 201 | Duration: 45ms | IP: ::1 | UserAgent: Mozilla/5.0 (Windows NT 10.0; Win64; x64) AppleWebKit/537.36 (KHTML, like Gecko) Chrome/147.0.0.0 Safari/537.36","requestId":"4f851cff-4ffe-478c-9a44-5138258514ff","timestamp":"2026-05-05T08:53:38.486Z"}
{"context":"AccessTokenGuard","level":"info","message":"isPublic: undefined","requestId":"420263a8-a0de-4bce-b31b-8538c271103d","timestamp":"2026-05-05T08:53:38.607Z"}
{"context":"AccessTokenStrategy","level":"info","message":"user: {\"id\":\"cc6d2974-22cf-4b0b-9590-4b701cfa3c00\",\"username\":\"customer_001\",\"hashed_password\":\"scrypt:61b7465b5cc602c81ecaa66e31f0f570:064a122e33f58ab9bedcc806f62492b81e4451665c71c7dc3a5afd28b63aa6017713b59fb84dc9594c530b3bbe79c2bf5c738ae510f3152bf09f34a3b6d02482\",\"displayName\":\"Nguyễn Văn A\",\"token_version\":5,\"isActive\":true,\"createdAt\":\"2026-05-03T15:37:18.203Z\",\"updatedAt\":\"2026-05-04T09:10:04.759Z\",\"deletedAt\":null,\"roles\":[]}","requestId":"420263a8-a0de-4bce-b31b-8538c271103d","timestamp":"2026-05-05T08:53:38.612Z"}
{"context":"LoggerMiddleware","level":"warn","message":"[RequestID: 420263a8-a0de-4bce-b31b-8538c271103d] GET /users/me | Status: 400 | Duration: 6ms | IP: ::1 | UserAgent: Mozilla/5.0 (Windows NT 10.0; Win64; x64) AppleWebKit/537.36 (KHTML, like Gecko) Chrome/147.0.0.0 Safari/537.36","requestId":"420263a8-a0de-4bce-b31b-8538c271103d","timestamp":"2026-05-05T08:53:38.613Z"}
{"context":"AccessTokenGuard","level":"info","message":"isPublic: true","requestId":"475afc0e-ff10-4c6c-b849-5b2a7a935ec5","timestamp":"2026-05-05T08:55:12.174Z"}
{"context":"AccessTokenGuard","level":"info","message":"Public route, skipping authentication","requestId":"475afc0e-ff10-4c6c-b849-5b2a7a935ec5","timestamp":"2026-05-05T08:55:12.175Z"}
{"context":"LoggerMiddleware","level":"info","message":"[RequestID: 475afc0e-ff10-4c6c-b849-5b2a7a935ec5] POST /auth/login | Status: 201 | Duration: 48ms | IP: ::1 | UserAgent: Mozilla/5.0 (Windows NT 10.0; Win64; x64) AppleWebKit/537.36 (KHTML, like Gecko) Chrome/147.0.0.0 Safari/537.36","requestId":"475afc0e-ff10-4c6c-b849-5b2a7a935ec5","timestamp":"2026-05-05T08:55:12.222Z"}
{"context":"AccessTokenGuard","level":"info","message":"isPublic: undefined","requestId":"7d258969-ddd2-49cf-ab19-6147fea59c03","timestamp":"2026-05-05T08:55:12.382Z"}
{"context":"AccessTokenStrategy","level":"info","message":"user: {\"id\":\"cc6d2974-22cf-4b0b-9590-4b701cfa3c00\",\"username\":\"customer_001\",\"hashed_password\":\"scrypt:61b7465b5cc602c81ecaa66e31f0f570:064a122e33f58ab9bedcc806f62492b81e4451665c71c7dc3a5afd28b63aa6017713b59fb84dc9594c530b3bbe79c2bf5c738ae510f3152bf09f34a3b6d02482\",\"displayName\":\"Nguyễn Văn A\",\"token_version\":5,\"isActive\":true,\"createdAt\":\"2026-05-03T15:37:18.203Z\",\"updatedAt\":\"2026-05-04T09:10:04.759Z\",\"deletedAt\":null,\"roles\":[]}","requestId":"7d258969-ddd2-49cf-ab19-6147fea59c03","timestamp":"2026-05-05T08:55:12.386Z"}
{"context":"LoggerMiddleware","level":"warn","message":"[RequestID: 7d258969-ddd2-49cf-ab19-6147fea59c03] GET /users/me | Status: 400 | Duration: 5ms | IP: ::1 | UserAgent: Mozilla/5.0 (Windows NT 10.0; Win64; x64) AppleWebKit/537.36 (KHTML, like Gecko) Chrome/147.0.0.0 Safari/537.36","requestId":"7d258969-ddd2-49cf-ab19-6147fea59c03","timestamp":"2026-05-05T08:55:12.387Z"}
{"context":"AccessTokenGuard","level":"info","message":"isPublic: true","requestId":"7c0ba572-2e7e-4e49-81fc-2ae3adc1ac34","timestamp":"2026-05-05T08:55:43.553Z"}
{"context":"AccessTokenGuard","level":"info","message":"Public route, skipping authentication","requestId":"7c0ba572-2e7e-4e49-81fc-2ae3adc1ac34","timestamp":"2026-05-05T08:55:43.553Z"}
{"context":"LoggerMiddleware","level":"info","message":"[RequestID: 7c0ba572-2e7e-4e49-81fc-2ae3adc1ac34] POST /auth/login | Status: 201 | Duration: 52ms | IP: ::1 | UserAgent: Mozilla/5.0 (Windows NT 10.0; Win64; x64) AppleWebKit/537.36 (KHTML, like Gecko) Chrome/147.0.0.0 Safari/537.36","requestId":"7c0ba572-2e7e-4e49-81fc-2ae3adc1ac34","timestamp":"2026-05-05T08:55:43.605Z"}
{"context":"AccessTokenGuard","level":"info","message":"isPublic: undefined","requestId":"9b45cc2d-caf6-4c85-8402-efb85dbb5ea4","timestamp":"2026-05-05T08:55:43.741Z"}
{"context":"AccessTokenStrategy","level":"info","message":"user: {\"id\":\"cc6d2974-22cf-4b0b-9590-4b701cfa3c00\",\"username\":\"customer_001\",\"hashed_password\":\"scrypt:61b7465b5cc602c81ecaa66e31f0f570:064a122e33f58ab9bedcc806f62492b81e4451665c71c7dc3a5afd28b63aa6017713b59fb84dc9594c530b3bbe79c2bf5c738ae510f3152bf09f34a3b6d02482\",\"displayName\":\"Nguyễn Văn A\",\"token_version\":5,\"isActive\":true,\"createdAt\":\"2026-05-03T15:37:18.203Z\",\"updatedAt\":\"2026-05-04T09:10:04.759Z\",\"deletedAt\":null,\"roles\":[]}","requestId":"9b45cc2d-caf6-4c85-8402-efb85dbb5ea4","timestamp":"2026-05-05T08:55:43.744Z"}
{"context":"LoggerMiddleware","level":"warn","message":"[RequestID: 9b45cc2d-caf6-4c85-8402-efb85dbb5ea4] GET /users/me | Status: 400 | Duration: 4ms | IP: ::1 | UserAgent: Mozilla/5.0 (Windows NT 10.0; Win64; x64) AppleWebKit/537.36 (KHTML, like Gecko) Chrome/147.0.0.0 Safari/537.36","requestId":"9b45cc2d-caf6-4c85-8402-efb85dbb5ea4","timestamp":"2026-05-05T08:55:43.745Z"}
{"context":"AccessTokenGuard","level":"info","message":"isPublic: true","requestId":"03fec79e-7ea5-41f2-96b2-d41dc2a935c6","timestamp":"2026-05-05T08:56:40.233Z"}
{"context":"AccessTokenGuard","level":"info","message":"Public route, skipping authentication","requestId":"03fec79e-7ea5-41f2-96b2-d41dc2a935c6","timestamp":"2026-05-05T08:56:40.233Z"}
{"context":"LoggerMiddleware","level":"warn","message":"[RequestID: 03fec79e-7ea5-41f2-96b2-d41dc2a935c6] POST /auth/login | Status: 401 | Duration: 13ms | IP: ::1 | UserAgent: Mozilla/5.0 (Windows NT 10.0; Win64; x64) AppleWebKit/537.36 (KHTML, like Gecko) Chrome/147.0.0.0 Safari/537.36","requestId":"03fec79e-7ea5-41f2-96b2-d41dc2a935c6","timestamp":"2026-05-05T08:56:40.246Z"}
{"context":"AccessTokenGuard","level":"info","message":"isPublic: true","requestId":"50982140-b5dd-402d-a4f9-c6442354a948","timestamp":"2026-05-05T08:56:51.012Z"}
{"context":"AccessTokenGuard","level":"info","message":"Public route, skipping authentication","requestId":"50982140-b5dd-402d-a4f9-c6442354a948","timestamp":"2026-05-05T08:56:51.013Z"}
{"context":"LoggerMiddleware","level":"info","message":"[RequestID: 50982140-b5dd-402d-a4f9-c6442354a948] POST /auth/login | Status: 201 | Duration: 49ms | IP: ::1 | UserAgent: Mozilla/5.0 (Windows NT 10.0; Win64; x64) AppleWebKit/537.36 (KHTML, like Gecko) Chrome/147.0.0.0 Safari/537.36","requestId":"50982140-b5dd-402d-a4f9-c6442354a948","timestamp":"2026-05-05T08:56:51.062Z"}
{"context":"AccessTokenGuard","level":"info","message":"isPublic: undefined","requestId":"3ab92058-c2c3-473e-9c6f-d9a4a0b568c1","timestamp":"2026-05-05T08:56:51.159Z"}
{"context":"AccessTokenStrategy","level":"info","message":"user: {\"id\":\"cc6d2974-22cf-4b0b-9590-4b701cfa3c00\",\"username\":\"customer_001\",\"hashed_password\":\"scrypt:61b7465b5cc602c81ecaa66e31f0f570:064a122e33f58ab9bedcc806f62492b81e4451665c71c7dc3a5afd28b63aa6017713b59fb84dc9594c530b3bbe79c2bf5c738ae510f3152bf09f34a3b6d02482\",\"displayName\":\"Nguyễn Văn A\",\"token_version\":5,\"isActive\":true,\"createdAt\":\"2026-05-03T15:37:18.203Z\",\"updatedAt\":\"2026-05-04T09:10:04.759Z\",\"deletedAt\":null,\"roles\":[]}","requestId":"3ab92058-c2c3-473e-9c6f-d9a4a0b568c1","timestamp":"2026-05-05T08:56:51.164Z"}
{"context":"LoggerMiddleware","level":"warn","message":"[RequestID: 3ab92058-c2c3-473e-9c6f-d9a4a0b568c1] GET /users/me | Status: 400 | Duration: 7ms | IP: ::1 | UserAgent: Mozilla/5.0 (Windows NT 10.0; Win64; x64) AppleWebKit/537.36 (KHTML, like Gecko) Chrome/147.0.0.0 Safari/537.36","requestId":"3ab92058-c2c3-473e-9c6f-d9a4a0b568c1","timestamp":"2026-05-05T08:56:51.165Z"}
{"context":"AccessTokenGuard","level":"info","message":"isPublic: true","requestId":"fc994521-0722-445a-bc08-03af0c1f31e7","timestamp":"2026-05-05T08:58:21.056Z"}
{"context":"AccessTokenGuard","level":"info","message":"Public route, skipping authentication","requestId":"fc994521-0722-445a-bc08-03af0c1f31e7","timestamp":"2026-05-05T08:58:21.056Z"}
{"context":"LoggerMiddleware","level":"info","message":"[RequestID: fc994521-0722-445a-bc08-03af0c1f31e7] POST /auth/login | Status: 201 | Duration: 57ms | IP: ::1 | UserAgent: Mozilla/5.0 (Windows NT 10.0; Win64; x64) AppleWebKit/537.36 (KHTML, like Gecko) Chrome/147.0.0.0 Safari/537.36","requestId":"fc994521-0722-445a-bc08-03af0c1f31e7","timestamp":"2026-05-05T08:58:21.112Z"}
{"context":"AccessTokenGuard","level":"info","message":"isPublic: undefined","requestId":"6f74c696-440a-434d-861d-55c43f9c6678","timestamp":"2026-05-05T08:58:21.352Z"}
{"context":"AccessTokenStrategy","level":"info","message":"user: {\"id\":\"cc6d2974-22cf-4b0b-9590-4b701cfa3c00\",\"username\":\"customer_001\",\"hashed_password\":\"scrypt:61b7465b5cc602c81ecaa66e31f0f570:064a122e33f58ab9bedcc806f62492b81e4451665c71c7dc3a5afd28b63aa6017713b59fb84dc9594c530b3bbe79c2bf5c738ae510f3152bf09f34a3b6d02482\",\"displayName\":\"Nguyễn Văn A\",\"token_version\":5,\"isActive\":true,\"createdAt\":\"2026-05-03T15:37:18.203Z\",\"updatedAt\":\"2026-05-04T09:10:04.759Z\",\"deletedAt\":null,\"roles\":[]}","requestId":"6f74c696-440a-434d-861d-55c43f9c6678","timestamp":"2026-05-05T08:58:21.357Z"}
{"context":"LoggerMiddleware","level":"warn","message":"[RequestID: 6f74c696-440a-434d-861d-55c43f9c6678] GET /users/me | Status: 400 | Duration: 6ms | IP: ::1 | UserAgent: Mozilla/5.0 (Windows NT 10.0; Win64; x64) AppleWebKit/537.36 (KHTML, like Gecko) Chrome/147.0.0.0 Safari/537.36","requestId":"6f74c696-440a-434d-861d-55c43f9c6678","timestamp":"2026-05-05T08:58:21.358Z"}
{"context":"AccessTokenGuard","level":"info","message":"isPublic: undefined","requestId":"9036e850-ce41-4177-b14f-b7d0cfd4ae1e","timestamp":"2026-05-05T08:58:22.071Z"}
{"context":"AccessTokenStrategy","level":"info","message":"user: {\"id\":\"cc6d2974-22cf-4b0b-9590-4b701cfa3c00\",\"username\":\"customer_001\",\"hashed_password\":\"scrypt:61b7465b5cc602c81ecaa66e31f0f570:064a122e33f58ab9bedcc806f62492b81e4451665c71c7dc3a5afd28b63aa6017713b59fb84dc9594c530b3bbe79c2bf5c738ae510f3152bf09f34a3b6d02482\",\"displayName\":\"Nguyễn Văn A\",\"token_version\":5,\"isActive\":true,\"createdAt\":\"2026-05-03T15:37:18.203Z\",\"updatedAt\":\"2026-05-04T09:10:04.759Z\",\"deletedAt\":null,\"roles\":[]}","requestId":"9036e850-ce41-4177-b14f-b7d0cfd4ae1e","timestamp":"2026-05-05T08:58:22.075Z"}
{"context":"LoggerMiddleware","level":"warn","message":"[RequestID: 9036e850-ce41-4177-b14f-b7d0cfd4ae1e] GET /users/me | Status: 400 | Duration: 4ms | IP: ::1 | UserAgent: Mozilla/5.0 (Windows NT 10.0; Win64; x64) AppleWebKit/537.36 (KHTML, like Gecko) Chrome/147.0.0.0 Safari/537.36","requestId":"9036e850-ce41-4177-b14f-b7d0cfd4ae1e","timestamp":"2026-05-05T08:58:22.075Z"}
{"context":"AccessTokenGuard","level":"info","message":"isPublic: true","requestId":"6ca6488c-145d-4c71-b50b-9325f3aeab40","timestamp":"2026-05-05T08:58:43.977Z"}
{"context":"AccessTokenGuard","level":"info","message":"Public route, skipping authentication","requestId":"6ca6488c-145d-4c71-b50b-9325f3aeab40","timestamp":"2026-05-05T08:58:43.977Z"}
{"context":"LoggerMiddleware","level":"info","message":"[RequestID: 6ca6488c-145d-4c71-b50b-9325f3aeab40] POST /auth/login | Status: 201 | Duration: 54ms | IP: ::1 | UserAgent: Mozilla/5.0 (Windows NT 10.0; Win64; x64) AppleWebKit/537.36 (KHTML, like Gecko) Chrome/147.0.0.0 Safari/537.36","requestId":"6ca6488c-145d-4c71-b50b-9325f3aeab40","timestamp":"2026-05-05T08:58:44.032Z"}
{"context":"AccessTokenGuard","level":"info","message":"isPublic: undefined","requestId":"9b26056c-7059-4f2b-9790-b8d5e0d2dbe1","timestamp":"2026-05-05T08:58:44.136Z"}
{"context":"AccessTokenStrategy","level":"info","message":"user: {\"id\":\"cc6d2974-22cf-4b0b-9590-4b701cfa3c00\",\"username\":\"customer_001\",\"hashed_password\":\"scrypt:61b7465b5cc602c81ecaa66e31f0f570:064a122e33f58ab9bedcc806f62492b81e4451665c71c7dc3a5afd28b63aa6017713b59fb84dc9594c530b3bbe79c2bf5c738ae510f3152bf09f34a3b6d02482\",\"displayName\":\"Nguyễn Văn A\",\"token_version\":5,\"isActive\":true,\"createdAt\":\"2026-05-03T15:37:18.203Z\",\"updatedAt\":\"2026-05-04T09:10:04.759Z\",\"deletedAt\":null,\"roles\":[]}","requestId":"9b26056c-7059-4f2b-9790-b8d5e0d2dbe1","timestamp":"2026-05-05T08:58:44.141Z"}
{"context":"LoggerMiddleware","level":"warn","message":"[RequestID: 9b26056c-7059-4f2b-9790-b8d5e0d2dbe1] GET /users/me | Status: 400 | Duration: 6ms | IP: ::1 | UserAgent: Mozilla/5.0 (Windows NT 10.0; Win64; x64) AppleWebKit/537.36 (KHTML, like Gecko) Chrome/147.0.0.0 Safari/537.36","requestId":"9b26056c-7059-4f2b-9790-b8d5e0d2dbe1","timestamp":"2026-05-05T08:58:44.142Z"}
{"context":"AccessTokenGuard","level":"info","message":"isPublic: undefined","requestId":"3adfaf50-a2d3-4590-a159-7183fd044f46","timestamp":"2026-05-05T08:58:44.872Z"}
{"context":"AccessTokenStrategy","level":"info","message":"user: {\"id\":\"cc6d2974-22cf-4b0b-9590-4b701cfa3c00\",\"username\":\"customer_001\",\"hashed_password\":\"scrypt:61b7465b5cc602c81ecaa66e31f0f570:064a122e33f58ab9bedcc806f62492b81e4451665c71c7dc3a5afd28b63aa6017713b59fb84dc9594c530b3bbe79c2bf5c738ae510f3152bf09f34a3b6d02482\",\"displayName\":\"Nguyễn Văn A\",\"token_version\":5,\"isActive\":true,\"createdAt\":\"2026-05-03T15:37:18.203Z\",\"updatedAt\":\"2026-05-04T09:10:04.759Z\",\"deletedAt\":null,\"roles\":[]}","requestId":"3adfaf50-a2d3-4590-a159-7183fd044f46","timestamp":"2026-05-05T08:58:44.876Z"}
{"context":"LoggerMiddleware","level":"warn","message":"[RequestID: 3adfaf50-a2d3-4590-a159-7183fd044f46] GET /users/me | Status: 400 | Duration: 6ms | IP: ::1 | UserAgent: Mozilla/5.0 (Windows NT 10.0; Win64; x64) AppleWebKit/537.36 (KHTML, like Gecko) Chrome/147.0.0.0 Safari/537.36","requestId":"3adfaf50-a2d3-4590-a159-7183fd044f46","timestamp":"2026-05-05T08:58:44.877Z"}
{"context":"AccessTokenGuard","level":"info","message":"isPublic: true","requestId":"272fc448-a1d8-4cbd-9aec-abcd2799fee5","timestamp":"2026-05-05T08:59:55.665Z"}
{"context":"AccessTokenGuard","level":"info","message":"Public route, skipping authentication","requestId":"272fc448-a1d8-4cbd-9aec-abcd2799fee5","timestamp":"2026-05-05T08:59:55.665Z"}
{"context":"LoggerMiddleware","level":"info","message":"[RequestID: 272fc448-a1d8-4cbd-9aec-abcd2799fee5] POST /auth/login | Status: 201 | Duration: 37ms | IP: ::1 | UserAgent: Mozilla/5.0 (Windows NT 10.0; Win64; x64) AppleWebKit/537.36 (KHTML, like Gecko) Chrome/147.0.0.0 Safari/537.36","requestId":"272fc448-a1d8-4cbd-9aec-abcd2799fee5","timestamp":"2026-05-05T08:59:55.702Z"}
{"context":"AccessTokenGuard","level":"info","message":"isPublic: undefined","requestId":"917e7a09-0406-406c-98a7-24157a8320f5","timestamp":"2026-05-05T09:00:01.047Z"}
{"context":"AccessTokenStrategy","level":"info","message":"user: {\"id\":\"cc6d2974-22cf-4b0b-9590-4b701cfa3c00\",\"username\":\"customer_001\",\"hashed_password\":\"scrypt:61b7465b5cc602c81ecaa66e31f0f570:064a122e33f58ab9bedcc806f62492b81e4451665c71c7dc3a5afd28b63aa6017713b59fb84dc9594c530b3bbe79c2bf5c738ae510f3152bf09f34a3b6d02482\",\"displayName\":\"Nguyễn Văn A\",\"token_version\":5,\"isActive\":true,\"createdAt\":\"2026-05-03T15:37:18.203Z\",\"updatedAt\":\"2026-05-04T09:10:04.759Z\",\"deletedAt\":null,\"roles\":[]}","requestId":"917e7a09-0406-406c-98a7-24157a8320f5","timestamp":"2026-05-05T09:00:01.050Z"}
{"context":"LoggerMiddleware","level":"warn","message":"[RequestID: 917e7a09-0406-406c-98a7-24157a8320f5] POST /auth/logout | Status: 401 | Duration: 4ms | IP: ::1 | UserAgent: Mozilla/5.0 (Windows NT 10.0; Win64; x64) AppleWebKit/537.36 (KHTML, like Gecko) Chrome/147.0.0.0 Safari/537.36","requestId":"917e7a09-0406-406c-98a7-24157a8320f5","timestamp":"2026-05-05T09:00:01.051Z"}
{"context":"AccessTokenGuard","level":"info","message":"isPublic: true","requestId":"067d102a-e405-415d-af22-7c5c404e1619","timestamp":"2026-05-05T09:00:21.698Z"}
{"context":"AccessTokenGuard","level":"info","message":"Public route, skipping authentication","requestId":"067d102a-e405-415d-af22-7c5c404e1619","timestamp":"2026-05-05T09:00:21.699Z"}
{"context":"LoggerMiddleware","level":"info","message":"[RequestID: 067d102a-e405-415d-af22-7c5c404e1619] POST /auth/login | Status: 201 | Duration: 53ms | IP: ::1 | UserAgent: Mozilla/5.0 (Windows NT 10.0; Win64; x64) AppleWebKit/537.36 (KHTML, like Gecko) Chrome/147.0.0.0 Safari/537.36","requestId":"067d102a-e405-415d-af22-7c5c404e1619","timestamp":"2026-05-05T09:00:21.751Z"}
{"context":"AccessTokenGuard","level":"info","message":"isPublic: true","requestId":"3331934c-96fe-4e6f-acf1-131a7120859b","timestamp":"2026-05-05T09:12:41.871Z"}
{"context":"AccessTokenGuard","level":"info","message":"Public route, skipping authentication","requestId":"3331934c-96fe-4e6f-acf1-131a7120859b","timestamp":"2026-05-05T09:12:41.871Z"}
{"context":"LoggerMiddleware","level":"info","message":"[RequestID: 3331934c-96fe-4e6f-acf1-131a7120859b] POST /auth/login | Status: 201 | Duration: 51ms | IP: ::1 | UserAgent: Mozilla/5.0 (Windows NT 10.0; Win64; x64) AppleWebKit/537.36 (KHTML, like Gecko) Chrome/147.0.0.0 Safari/537.36","requestId":"3331934c-96fe-4e6f-acf1-131a7120859b","timestamp":"2026-05-05T09:12:41.921Z"}
{"context":"AccessTokenGuard","level":"info","message":"isPublic: undefined","requestId":"b536f25f-da65-43dc-9757-76c31f71602e","timestamp":"2026-05-05T09:42:46.356Z"}
{"context":"LoggerMiddleware","level":"warn","message":"[RequestID: b536f25f-da65-43dc-9757-76c31f71602e] POST /auth/logout | Status: 401 | Duration: 1ms | IP: ::1 | UserAgent: Mozilla/5.0 (Windows NT 10.0; Win64; x64) AppleWebKit/537.36 (KHTML, like Gecko) Chrome/147.0.0.0 Safari/537.36","requestId":"b536f25f-da65-43dc-9757-76c31f71602e","timestamp":"2026-05-05T09:42:46.357Z"}
{"context":"AccessTokenGuard","level":"info","message":"isPublic: true","requestId":"30d38b90-d4a6-4ad5-9d27-bc54878cf14d","timestamp":"2026-05-05T09:43:33.032Z"}
{"context":"AccessTokenGuard","level":"info","message":"Public route, skipping authentication","requestId":"30d38b90-d4a6-4ad5-9d27-bc54878cf14d","timestamp":"2026-05-05T09:43:33.032Z"}
{"context":"LoggerMiddleware","level":"info","message":"[RequestID: 30d38b90-d4a6-4ad5-9d27-bc54878cf14d] POST /auth/login | Status: 201 | Duration: 45ms | IP: ::1 | UserAgent: Mozilla/5.0 (Windows NT 10.0; Win64; x64) AppleWebKit/537.36 (KHTML, like Gecko) Chrome/147.0.0.0 Safari/537.36","requestId":"30d38b90-d4a6-4ad5-9d27-bc54878cf14d","timestamp":"2026-05-05T09:43:33.076Z"}
{"context":"AccessTokenGuard","level":"info","message":"isPublic: true","requestId":"95bd3075-37f8-47e5-97ad-587eb1d56827","timestamp":"2026-05-05T12:31:30.008Z"}
{"context":"AccessTokenGuard","level":"info","message":"Public route, skipping authentication","requestId":"95bd3075-37f8-47e5-97ad-587eb1d56827","timestamp":"2026-05-05T12:31:30.008Z"}
{"context":"LoggerMiddleware","level":"warn","message":"[RequestID: 95bd3075-37f8-47e5-97ad-587eb1d56827] POST /auth/login | Status: 401 | Duration: 34ms | IP: ::1 | UserAgent: Mozilla/5.0 (Windows NT 10.0; Win64; x64) AppleWebKit/537.36 (KHTML, like Gecko) Chrome/147.0.0.0 Safari/537.36","requestId":"95bd3075-37f8-47e5-97ad-587eb1d56827","timestamp":"2026-05-05T12:31:30.040Z"}
{"context":"AccessTokenGuard","level":"info","message":"isPublic: true","requestId":"af365c99-33a9-4973-a588-cbcffce7ba65","timestamp":"2026-05-05T12:31:33.937Z"}
{"context":"AccessTokenGuard","level":"info","message":"Public route, skipping authentication","requestId":"af365c99-33a9-4973-a588-cbcffce7ba65","timestamp":"2026-05-05T12:31:33.937Z"}
{"context":"LoggerMiddleware","level":"warn","message":"[RequestID: af365c99-33a9-4973-a588-cbcffce7ba65] POST /auth/login | Status: 401 | Duration: 8ms | IP: ::1 | UserAgent: Mozilla/5.0 (Windows NT 10.0; Win64; x64) AppleWebKit/537.36 (KHTML, like Gecko) Chrome/147.0.0.0 Safari/537.36","requestId":"af365c99-33a9-4973-a588-cbcffce7ba65","timestamp":"2026-05-05T12:31:33.945Z"}
{"context":"AccessTokenGuard","level":"info","message":"isPublic: true","requestId":"e8edadb9-725e-4a6f-b918-f70f4b8cbee8","timestamp":"2026-05-05T12:31:36.569Z"}
{"context":"AccessTokenGuard","level":"info","message":"Public route, skipping authentication","requestId":"e8edadb9-725e-4a6f-b918-f70f4b8cbee8","timestamp":"2026-05-05T12:31:36.569Z"}
{"context":"LoggerMiddleware","level":"warn","message":"[RequestID: e8edadb9-725e-4a6f-b918-f70f4b8cbee8] POST /auth/login | Status: 401 | Duration: 3ms | IP: ::1 | UserAgent: Mozilla/5.0 (Windows NT 10.0; Win64; x64) AppleWebKit/537.36 (KHTML, like Gecko) Chrome/147.0.0.0 Safari/537.36","requestId":"e8edadb9-725e-4a6f-b918-f70f4b8cbee8","timestamp":"2026-05-05T12:31:36.572Z"}
{"context":"AccessTokenGuard","level":"info","message":"isPublic: true","requestId":"660cf76f-1035-49d0-a55b-5901790108c0","timestamp":"2026-05-05T12:31:52.806Z"}
{"context":"AccessTokenGuard","level":"info","message":"Public route, skipping authentication","requestId":"660cf76f-1035-49d0-a55b-5901790108c0","timestamp":"2026-05-05T12:31:52.806Z"}
{"context":"LoggerMiddleware","level":"info","message":"[RequestID: 660cf76f-1035-49d0-a55b-5901790108c0] POST /auth/login | Status: 201 | Duration: 48ms | IP: ::1 | UserAgent: Mozilla/5.0 (Windows NT 10.0; Win64; x64) AppleWebKit/537.36 (KHTML, like Gecko) Chrome/147.0.0.0 Safari/537.36","requestId":"660cf76f-1035-49d0-a55b-5901790108c0","timestamp":"2026-05-05T12:31:52.854Z"}
{"context":"AccessTokenGuard","level":"info","message":"isPublic: true","requestId":"c722d6ca-d8fb-4f91-b4e7-bace26b093ad","timestamp":"2026-05-05T13:27:05.935Z"}
{"context":"AccessTokenGuard","level":"info","message":"Public route, skipping authentication","requestId":"c722d6ca-d8fb-4f91-b4e7-bace26b093ad","timestamp":"2026-05-05T13:27:05.935Z"}
{"context":"LoggerMiddleware","level":"info","message":"[RequestID: c722d6ca-d8fb-4f91-b4e7-bace26b093ad] POST /auth/login | Status: 201 | Duration: 56ms | IP: ::1 | UserAgent: Mozilla/5.0 (Windows NT 10.0; Win64; x64) AppleWebKit/537.36 (KHTML, like Gecko) Chrome/147.0.0.0 Safari/537.36","requestId":"c722d6ca-d8fb-4f91-b4e7-bace26b093ad","timestamp":"2026-05-05T13:27:05.990Z"}
{"context":"AccessTokenGuard","level":"info","message":"isPublic: true","requestId":"813351c1-a19b-439b-ba86-d904148f8753","timestamp":"2026-05-05T13:27:18.010Z"}
{"context":"AccessTokenGuard","level":"info","message":"Public route, skipping authentication","requestId":"813351c1-a19b-439b-ba86-d904148f8753","timestamp":"2026-05-05T13:27:18.010Z"}
{"context":"LoggerMiddleware","level":"info","message":"[RequestID: 813351c1-a19b-439b-ba86-d904148f8753] POST /auth/login | Status: 201 | Duration: 40ms | IP: ::1 | UserAgent: Mozilla/5.0 (Windows NT 10.0; Win64; x64) AppleWebKit/537.36 (KHTML, like Gecko) Chrome/147.0.0.0 Safari/537.36","requestId":"813351c1-a19b-439b-ba86-d904148f8753","timestamp":"2026-05-05T13:27:18.051Z"}
{"context":"AccessTokenGuard","level":"info","message":"isPublic: true","requestId":"d6f6c17e-9815-43d0-b2d7-0f363eb0d6c3","timestamp":"2026-05-05T13:27:26.620Z"}
{"context":"AccessTokenGuard","level":"info","message":"Public route, skipping authentication","requestId":"d6f6c17e-9815-43d0-b2d7-0f363eb0d6c3","timestamp":"2026-05-05T13:27:26.621Z"}
{"context":"LoggerMiddleware","level":"info","message":"[RequestID: d6f6c17e-9815-43d0-b2d7-0f363eb0d6c3] POST /auth/login | Status: 201 | Duration: 40ms | IP: ::1 | UserAgent: Mozilla/5.0 (Windows NT 10.0; Win64; x64) AppleWebKit/537.36 (KHTML, like Gecko) Chrome/147.0.0.0 Safari/537.36","requestId":"d6f6c17e-9815-43d0-b2d7-0f363eb0d6c3","timestamp":"2026-05-05T13:27:26.660Z"}
{"context":"AccessTokenGuard","level":"info","message":"isPublic: true","requestId":"f15c15e5-3e52-433a-9476-5c6c36e84b6d","timestamp":"2026-05-05T13:27:32.402Z"}
{"context":"AccessTokenGuard","level":"info","message":"Public route, skipping authentication","requestId":"f15c15e5-3e52-433a-9476-5c6c36e84b6d","timestamp":"2026-05-05T13:27:32.403Z"}
{"context":"LoggerMiddleware","level":"info","message":"[RequestID: f15c15e5-3e52-433a-9476-5c6c36e84b6d] POST /auth/login | Status: 201 | Duration: 42ms | IP: ::1 | UserAgent: Mozilla/5.0 (Windows NT 10.0; Win64; x64) AppleWebKit/537.36 (KHTML, like Gecko) Chrome/147.0.0.0 Safari/537.36","requestId":"f15c15e5-3e52-433a-9476-5c6c36e84b6d","timestamp":"2026-05-05T13:27:32.444Z"}
{"context":"AccessTokenGuard","level":"info","message":"isPublic: true","requestId":"bb581e26-5c61-44fb-98f0-e22e623c7972","timestamp":"2026-05-05T13:28:37.113Z"}
{"context":"AccessTokenGuard","level":"info","message":"Public route, skipping authentication","requestId":"bb581e26-5c61-44fb-98f0-e22e623c7972","timestamp":"2026-05-05T13:28:37.114Z"}
{"context":"LoggerMiddleware","level":"info","message":"[RequestID: bb581e26-5c61-44fb-98f0-e22e623c7972] POST /auth/login | Status: 201 | Duration: 47ms | IP: ::1 | UserAgent: Mozilla/5.0 (Windows NT 10.0; Win64; x64) AppleWebKit/537.36 (KHTML, like Gecko) Chrome/147.0.0.0 Safari/537.36","requestId":"bb581e26-5c61-44fb-98f0-e22e623c7972","timestamp":"2026-05-05T13:28:37.160Z"}
{"level":"info","message":"Khởi tạo ứng dụng...","timestamp":"2026-05-05T13:30:00.319Z"}
{"context":"NestFactory","level":"info","message":"Starting Nest application...","timestamp":"2026-05-05T13:30:00.401Z"}
{"context":"InstanceLoader","level":"info","message":"PassportModule dependencies initialized","timestamp":"2026-05-05T13:30:00.409Z"}
{"context":"InstanceLoader","level":"info","message":"ConfigHostModule dependencies initialized","timestamp":"2026-05-05T13:30:00.410Z"}
{"context":"PrismaService","level":"info","message":"🔌 Prisma Connection String: postgresql://admin:******@localhost:5433/kyc_asset_db?schema=public","timestamp":"2026-05-05T13:30:00.413Z"}
{"context":"InstanceLoader","level":"info","message":"AppModule dependencies initialized","timestamp":"2026-05-05T13:30:00.413Z"}
{"context":"InstanceLoader","level":"info","message":"ConfigModule dependencies initialized","timestamp":"2026-05-05T13:30:00.414Z"}
{"context":"InstanceLoader","level":"info","message":"CommonModule dependencies initialized","timestamp":"2026-05-05T13:30:00.414Z"}
{"context":"InstanceLoader","level":"info","message":"JwtModule dependencies initialized","timestamp":"2026-05-05T13:30:00.414Z"}
{"context":"InstanceLoader","level":"info","message":"PrismaModule dependencies initialized","timestamp":"2026-05-05T13:30:00.415Z"}
{"context":"InstanceLoader","level":"info","message":"WhitelistIpModule dependencies initialized","timestamp":"2026-05-05T13:30:00.416Z"}
{"context":"InstanceLoader","level":"info","message":"AttributeModule dependencies initialized","timestamp":"2026-05-05T13:30:00.417Z"}
{"context":"InstanceLoader","level":"info","message":"UsersModule dependencies initialized","timestamp":"2026-05-05T13:30:00.417Z"}
{"context":"InstanceLoader","level":"info","message":"RolesModule dependencies initialized","timestamp":"2026-05-05T13:30:00.417Z"}
{"context":"InstanceLoader","level":"info","message":"PermissionsModule dependencies initialized","timestamp":"2026-05-05T13:30:00.417Z"}
{"context":"InstanceLoader","level":"info","message":"AuthModule dependencies initialized","timestamp":"2026-05-05T13:30:00.417Z"}
{"context":"RoutesResolver","level":"info","message":"AppController {/}:","timestamp":"2026-05-05T13:30:00.440Z"}
{"context":"RouterExplorer","level":"info","message":"Mapped {/, GET} route","timestamp":"2026-05-05T13:30:00.442Z"}
{"context":"RoutesResolver","level":"info","message":"UsersController {/users}:","timestamp":"2026-05-05T13:30:00.442Z"}
{"context":"RouterExplorer","level":"info","message":"Mapped {/users, POST} route","timestamp":"2026-05-05T13:30:00.442Z"}
{"context":"RouterExplorer","level":"info","message":"Mapped {/users, GET} route","timestamp":"2026-05-05T13:30:00.442Z"}
{"context":"RouterExplorer","level":"info","message":"Mapped {/users/:id, GET} route","timestamp":"2026-05-05T13:30:00.443Z"}
{"context":"RouterExplorer","level":"info","message":"Mapped {/users/:id, PATCH} route","timestamp":"2026-05-05T13:30:00.443Z"}
{"context":"RouterExplorer","level":"info","message":"Mapped {/users/:id, DELETE} route","timestamp":"2026-05-05T13:30:00.443Z"}
{"context":"RoutesResolver","level":"info","message":"WhitelistIpController {/whitelist-ip}:","timestamp":"2026-05-05T13:30:00.443Z"}
{"context":"RouterExplorer","level":"info","message":"Mapped {/whitelist-ip, POST} route","timestamp":"2026-05-05T13:30:00.444Z"}
{"context":"RouterExplorer","level":"info","message":"Mapped {/whitelist-ip, GET} route","timestamp":"2026-05-05T13:30:00.444Z"}
{"context":"RouterExplorer","level":"info","message":"Mapped {/whitelist-ip/:id, GET} route","timestamp":"2026-05-05T13:30:00.444Z"}
{"context":"RouterExplorer","level":"info","message":"Mapped {/whitelist-ip/:id, PATCH} route","timestamp":"2026-05-05T13:30:00.444Z"}
{"context":"RouterExplorer","level":"info","message":"Mapped {/whitelist-ip/:id, DELETE} route","timestamp":"2026-05-05T13:30:00.444Z"}
{"context":"RoutesResolver","level":"info","message":"RolesController {/roles}:","timestamp":"2026-05-05T13:30:00.444Z"}
{"context":"RouterExplorer","level":"info","message":"Mapped {/roles, POST} route","timestamp":"2026-05-05T13:30:00.445Z"}
{"context":"RouterExplorer","level":"info","message":"Mapped {/roles, GET} route","timestamp":"2026-05-05T13:30:00.445Z"}
{"context":"RouterExplorer","level":"info","message":"Mapped {/roles/:id, GET} route","timestamp":"2026-05-05T13:30:00.445Z"}
{"context":"RouterExplorer","level":"info","message":"Mapped {/roles/:id, PATCH} route","timestamp":"2026-05-05T13:30:00.445Z"}
{"context":"RouterExplorer","level":"info","message":"Mapped {/roles/:id, DELETE} route","timestamp":"2026-05-05T13:30:00.445Z"}
{"context":"RoutesResolver","level":"info","message":"PermissionsController {/permissions}:","timestamp":"2026-05-05T13:30:00.445Z"}
{"context":"RouterExplorer","level":"info","message":"Mapped {/permissions, POST} route","timestamp":"2026-05-05T13:30:00.446Z"}
{"context":"RouterExplorer","level":"info","message":"Mapped {/permissions, GET} route","timestamp":"2026-05-05T13:30:00.446Z"}
{"context":"RouterExplorer","level":"info","message":"Mapped {/permissions/:id, PATCH} route","timestamp":"2026-05-05T13:30:00.446Z"}
{"context":"RouterExplorer","level":"info","message":"Mapped {/permissions/:id, DELETE} route","timestamp":"2026-05-05T13:30:00.447Z"}
{"context":"RoutesResolver","level":"info","message":"AuthController {/auth}:","timestamp":"2026-05-05T13:30:00.447Z"}
{"context":"RouterExplorer","level":"info","message":"Mapped {/auth/register, POST} route","timestamp":"2026-05-05T13:30:00.447Z"}
{"context":"RouterExplorer","level":"info","message":"Mapped {/auth/login, POST} route","timestamp":"2026-05-05T13:30:00.447Z"}
{"context":"RouterExplorer","level":"info","message":"Mapped {/auth/refresh, POST} route","timestamp":"2026-05-05T13:30:00.448Z"}
{"context":"RouterExplorer","level":"info","message":"Mapped {/auth/logout, POST} route","timestamp":"2026-05-05T13:30:00.448Z"}
{"context":"RouterExplorer","level":"info","message":"Mapped {/auth/me, GET} route","timestamp":"2026-05-05T13:30:00.448Z"}
{"context":"RouterExplorer","level":"info","message":"Mapped {/auth/me/password, PATCH} route","timestamp":"2026-05-05T13:30:00.448Z"}
{"context":"RoutesResolver","level":"info","message":"AttributeController {/attribute}:","timestamp":"2026-05-05T13:30:00.448Z"}
{"context":"RouterExplorer","level":"info","message":"Mapped {/attribute, POST} route","timestamp":"2026-05-05T13:30:00.449Z"}
{"context":"RouterExplorer","level":"info","message":"Mapped {/attribute, GET} route","timestamp":"2026-05-05T13:30:00.449Z"}
{"context":"RouterExplorer","level":"info","message":"Mapped {/attribute/:id, GET} route","timestamp":"2026-05-05T13:30:00.449Z"}
{"context":"RouterExplorer","level":"info","message":"Mapped {/attribute/:id, PATCH} route","timestamp":"2026-05-05T13:30:00.449Z"}
{"context":"RouterExplorer","level":"info","message":"Mapped {/attribute/:id, DELETE} route","timestamp":"2026-05-05T13:30:00.449Z"}
{"context":"PrismaService","level":"info","message":"Kết nối database thành công","timestamp":"2026-05-05T13:30:00.488Z"}
{"context":"NestApplication","level":"info","message":"Nest application successfully started","timestamp":"2026-05-05T13:30:00.491Z"}
{"level":"info","message":"Khởi tạo ứng dụng...","timestamp":"2026-05-05T13:30:01.395Z"}
{"context":"NestFactory","level":"info","message":"Starting Nest application...","timestamp":"2026-05-05T13:30:01.466Z"}
{"context":"InstanceLoader","level":"info","message":"PassportModule dependencies initialized","timestamp":"2026-05-05T13:30:01.474Z"}
{"context":"InstanceLoader","level":"info","message":"ConfigHostModule dependencies initialized","timestamp":"2026-05-05T13:30:01.475Z"}
{"context":"PrismaService","level":"info","message":"🔌 Prisma Connection String: postgresql://admin:******@localhost:5433/kyc_asset_db?schema=public","timestamp":"2026-05-05T13:30:01.478Z"}
{"context":"InstanceLoader","level":"info","message":"AppModule dependencies initialized","timestamp":"2026-05-05T13:30:01.478Z"}
{"context":"InstanceLoader","level":"info","message":"ConfigModule dependencies initialized","timestamp":"2026-05-05T13:30:01.478Z"}
{"context":"InstanceLoader","level":"info","message":"CommonModule dependencies initialized","timestamp":"2026-05-05T13:30:01.478Z"}
{"context":"InstanceLoader","level":"info","message":"JwtModule dependencies initialized","timestamp":"2026-05-05T13:30:01.479Z"}
{"context":"InstanceLoader","level":"info","message":"PrismaModule dependencies initialized","timestamp":"2026-05-05T13:30:01.480Z"}
{"context":"InstanceLoader","level":"info","message":"WhitelistIpModule dependencies initialized","timestamp":"2026-05-05T13:30:01.481Z"}
{"context":"InstanceLoader","level":"info","message":"AttributeModule dependencies initialized","timestamp":"2026-05-05T13:30:01.481Z"}
{"context":"InstanceLoader","level":"info","message":"UsersModule dependencies initialized","timestamp":"2026-05-05T13:30:01.481Z"}
{"context":"InstanceLoader","level":"info","message":"RolesModule dependencies initialized","timestamp":"2026-05-05T13:30:01.481Z"}
{"context":"InstanceLoader","level":"info","message":"PermissionsModule dependencies initialized","timestamp":"2026-05-05T13:30:01.481Z"}
{"context":"InstanceLoader","level":"info","message":"AuthModule dependencies initialized","timestamp":"2026-05-05T13:30:01.481Z"}
{"context":"RoutesResolver","level":"info","message":"AppController {/}:","timestamp":"2026-05-05T13:30:01.504Z"}
{"context":"RouterExplorer","level":"info","message":"Mapped {/, GET} route","timestamp":"2026-05-05T13:30:01.506Z"}
{"context":"RoutesResolver","level":"info","message":"UsersController {/users}:","timestamp":"2026-05-05T13:30:01.506Z"}
{"context":"RouterExplorer","level":"info","message":"Mapped {/users, POST} route","timestamp":"2026-05-05T13:30:01.506Z"}
{"context":"RouterExplorer","level":"info","message":"Mapped {/users, GET} route","timestamp":"2026-05-05T13:30:01.506Z"}
{"context":"RouterExplorer","level":"info","message":"Mapped {/users/:id, GET} route","timestamp":"2026-05-05T13:30:01.507Z"}
{"context":"RouterExplorer","level":"info","message":"Mapped {/users/:id, PATCH} route","timestamp":"2026-05-05T13:30:01.507Z"}
{"context":"RouterExplorer","level":"info","message":"Mapped {/users/:id, DELETE} route","timestamp":"2026-05-05T13:30:01.507Z"}
{"context":"RoutesResolver","level":"info","message":"WhitelistIpController {/whitelist-ip}:","timestamp":"2026-05-05T13:30:01.507Z"}
{"context":"RouterExplorer","level":"info","message":"Mapped {/whitelist-ip, POST} route","timestamp":"2026-05-05T13:30:01.507Z"}
{"context":"RouterExplorer","level":"info","message":"Mapped {/whitelist-ip, GET} route","timestamp":"2026-05-05T13:30:01.507Z"}
{"context":"RouterExplorer","level":"info","message":"Mapped {/whitelist-ip/:id, GET} route","timestamp":"2026-05-05T13:30:01.508Z"}
{"context":"RouterExplorer","level":"info","message":"Mapped {/whitelist-ip/:id, PATCH} route","timestamp":"2026-05-05T13:30:01.508Z"}
{"context":"RouterExplorer","level":"info","message":"Mapped {/whitelist-ip/:id, DELETE} route","timestamp":"2026-05-05T13:30:01.508Z"}
{"context":"RoutesResolver","level":"info","message":"RolesController {/roles}:","timestamp":"2026-05-05T13:30:01.508Z"}
{"context":"RouterExplorer","level":"info","message":"Mapped {/roles, POST} route","timestamp":"2026-05-05T13:30:01.508Z"}
{"context":"RouterExplorer","level":"info","message":"Mapped {/roles, GET} route","timestamp":"2026-05-05T13:30:01.509Z"}
{"context":"RouterExplorer","level":"info","message":"Mapped {/roles/:id, GET} route","timestamp":"2026-05-05T13:30:01.509Z"}
{"context":"RouterExplorer","level":"info","message":"Mapped {/roles/:id, PATCH} route","timestamp":"2026-05-05T13:30:01.509Z"}
{"context":"RouterExplorer","level":"info","message":"Mapped {/roles/:id, DELETE} route","timestamp":"2026-05-05T13:30:01.509Z"}
{"context":"RoutesResolver","level":"info","message":"PermissionsController {/permissions}:","timestamp":"2026-05-05T13:30:01.509Z"}
{"context":"RouterExplorer","level":"info","message":"Mapped {/permissions, POST} route","timestamp":"2026-05-05T13:30:01.509Z"}
{"context":"RouterExplorer","level":"info","message":"Mapped {/permissions, GET} route","timestamp":"2026-05-05T13:30:01.509Z"}
{"context":"RouterExplorer","level":"info","message":"Mapped {/permissions/:id, PATCH} route","timestamp":"2026-05-05T13:30:01.510Z"}
{"context":"RouterExplorer","level":"info","message":"Mapped {/permissions/:id, DELETE} route","timestamp":"2026-05-05T13:30:01.510Z"}
{"context":"RoutesResolver","level":"info","message":"AuthController {/auth}:","timestamp":"2026-05-05T13:30:01.510Z"}
{"context":"RouterExplorer","level":"info","message":"Mapped {/auth/register, POST} route","timestamp":"2026-05-05T13:30:01.510Z"}
{"context":"RouterExplorer","level":"info","message":"Mapped {/auth/login, POST} route","timestamp":"2026-05-05T13:30:01.510Z"}
{"context":"RouterExplorer","level":"info","message":"Mapped {/auth/refresh, POST} route","timestamp":"2026-05-05T13:30:01.511Z"}
{"context":"RouterExplorer","level":"info","message":"Mapped {/auth/logout, POST} route","timestamp":"2026-05-05T13:30:01.511Z"}
{"context":"RouterExplorer","level":"info","message":"Mapped {/auth/me, GET} route","timestamp":"2026-05-05T13:30:01.511Z"}
{"context":"RouterExplorer","level":"info","message":"Mapped {/auth/me/password, PATCH} route","timestamp":"2026-05-05T13:30:01.511Z"}
{"context":"RoutesResolver","level":"info","message":"AttributeController {/attribute}:","timestamp":"2026-05-05T13:30:01.511Z"}
{"context":"RouterExplorer","level":"info","message":"Mapped {/attribute, POST} route","timestamp":"2026-05-05T13:30:01.512Z"}
{"context":"RouterExplorer","level":"info","message":"Mapped {/attribute, GET} route","timestamp":"2026-05-05T13:30:01.512Z"}
{"context":"RouterExplorer","level":"info","message":"Mapped {/attribute/:id, GET} route","timestamp":"2026-05-05T13:30:01.512Z"}
{"context":"RouterExplorer","level":"info","message":"Mapped {/attribute/:id, PATCH} route","timestamp":"2026-05-05T13:30:01.512Z"}
{"context":"RouterExplorer","level":"info","message":"Mapped {/attribute/:id, DELETE} route","timestamp":"2026-05-05T13:30:01.512Z"}
{"context":"PrismaService","level":"info","message":"Kết nối database thành công","timestamp":"2026-05-05T13:30:01.550Z"}
{"context":"NestApplication","level":"info","message":"Nest application successfully started","timestamp":"2026-05-05T13:30:01.554Z"}
{"level":"info","message":"Khởi tạo ứng dụng...","timestamp":"2026-05-05T13:30:02.703Z"}
{"context":"NestFactory","level":"info","message":"Starting Nest application...","timestamp":"2026-05-05T13:30:02.785Z"}
{"context":"InstanceLoader","level":"info","message":"PassportModule dependencies initialized","timestamp":"2026-05-05T13:30:02.801Z"}
{"context":"InstanceLoader","level":"info","message":"ConfigHostModule dependencies initialized","timestamp":"2026-05-05T13:30:02.802Z"}
{"context":"PrismaService","level":"info","message":"🔌 Prisma Connection String: postgresql://admin:******@localhost:5433/kyc_asset_db?schema=public","timestamp":"2026-05-05T13:30:02.808Z"}
{"context":"InstanceLoader","level":"info","message":"AppModule dependencies initialized","timestamp":"2026-05-05T13:30:02.809Z"}
{"context":"InstanceLoader","level":"info","message":"ConfigModule dependencies initialized","timestamp":"2026-05-05T13:30:02.809Z"}
{"context":"InstanceLoader","level":"info","message":"CommonModule dependencies initialized","timestamp":"2026-05-05T13:30:02.809Z"}
{"context":"InstanceLoader","level":"info","message":"JwtModule dependencies initialized","timestamp":"2026-05-05T13:30:02.810Z"}
{"context":"InstanceLoader","level":"info","message":"PrismaModule dependencies initialized","timestamp":"2026-05-05T13:30:02.811Z"}
{"context":"InstanceLoader","level":"info","message":"WhitelistIpModule dependencies initialized","timestamp":"2026-05-05T13:30:02.814Z"}
{"context":"InstanceLoader","level":"info","message":"AttributeModule dependencies initialized","timestamp":"2026-05-05T13:30:02.815Z"}
{"context":"InstanceLoader","level":"info","message":"UsersModule dependencies initialized","timestamp":"2026-05-05T13:30:02.815Z"}
{"context":"InstanceLoader","level":"info","message":"RolesModule dependencies initialized","timestamp":"2026-05-05T13:30:02.815Z"}
{"context":"InstanceLoader","level":"info","message":"PermissionsModule dependencies initialized","timestamp":"2026-05-05T13:30:02.815Z"}
{"context":"InstanceLoader","level":"info","message":"AuthModule dependencies initialized","timestamp":"2026-05-05T13:30:02.816Z"}
{"context":"RoutesResolver","level":"info","message":"AppController {/}:","timestamp":"2026-05-05T13:30:02.848Z"}
{"context":"RouterExplorer","level":"info","message":"Mapped {/, GET} route","timestamp":"2026-05-05T13:30:02.849Z"}
{"context":"RoutesResolver","level":"info","message":"UsersController {/users}:","timestamp":"2026-05-05T13:30:02.849Z"}
{"context":"RouterExplorer","level":"info","message":"Mapped {/users, POST} route","timestamp":"2026-05-05T13:30:02.850Z"}
{"context":"RouterExplorer","level":"info","message":"Mapped {/users, GET} route","timestamp":"2026-05-05T13:30:02.850Z"}
{"context":"RouterExplorer","level":"info","message":"Mapped {/users/:id, GET} route","timestamp":"2026-05-05T13:30:02.851Z"}
{"context":"RouterExplorer","level":"info","message":"Mapped {/users/:id, PATCH} route","timestamp":"2026-05-05T13:30:02.851Z"}
{"context":"RouterExplorer","level":"info","message":"Mapped {/users/:id, DELETE} route","timestamp":"2026-05-05T13:30:02.851Z"}
{"context":"RoutesResolver","level":"info","message":"WhitelistIpController {/whitelist-ip}:","timestamp":"2026-05-05T13:30:02.851Z"}
{"context":"RouterExplorer","level":"info","message":"Mapped {/whitelist-ip, POST} route","timestamp":"2026-05-05T13:30:02.852Z"}
{"context":"RouterExplorer","level":"info","message":"Mapped {/whitelist-ip, GET} route","timestamp":"2026-05-05T13:30:02.852Z"}
{"context":"RouterExplorer","level":"info","message":"Mapped {/whitelist-ip/:id, GET} route","timestamp":"2026-05-05T13:30:02.852Z"}
{"context":"RouterExplorer","level":"info","message":"Mapped {/whitelist-ip/:id, PATCH} route","timestamp":"2026-05-05T13:30:02.852Z"}
{"context":"RouterExplorer","level":"info","message":"Mapped {/whitelist-ip/:id, DELETE} route","timestamp":"2026-05-05T13:30:02.853Z"}
{"context":"RoutesResolver","level":"info","message":"RolesController {/roles}:","timestamp":"2026-05-05T13:30:02.853Z"}
{"context":"RouterExplorer","level":"info","message":"Mapped {/roles, POST} route","timestamp":"2026-05-05T13:30:02.853Z"}
{"context":"RouterExplorer","level":"info","message":"Mapped {/roles, GET} route","timestamp":"2026-05-05T13:30:02.853Z"}
{"context":"RouterExplorer","level":"info","message":"Mapped {/roles/:id, GET} route","timestamp":"2026-05-05T13:30:02.853Z"}
{"context":"RouterExplorer","level":"info","message":"Mapped {/roles/:id, PATCH} route","timestamp":"2026-05-05T13:30:02.854Z"}
{"context":"RouterExplorer","level":"info","message":"Mapped {/roles/:id, DELETE} route","timestamp":"2026-05-05T13:30:02.854Z"}
{"context":"RoutesResolver","level":"info","message":"PermissionsController {/permissions}:","timestamp":"2026-05-05T13:30:02.854Z"}
{"context":"RouterExplorer","level":"info","message":"Mapped {/permissions, POST} route","timestamp":"2026-05-05T13:30:02.854Z"}
{"context":"RouterExplorer","level":"info","message":"Mapped {/permissions, GET} route","timestamp":"2026-05-05T13:30:02.854Z"}
{"context":"RouterExplorer","level":"info","message":"Mapped {/permissions/:id, PATCH} route","timestamp":"2026-05-05T13:30:02.855Z"}
{"context":"RouterExplorer","level":"info","message":"Mapped {/permissions/:id, DELETE} route","timestamp":"2026-05-05T13:30:02.855Z"}
{"context":"RoutesResolver","level":"info","message":"AuthController {/auth}:","timestamp":"2026-05-05T13:30:02.855Z"}
{"context":"RouterExplorer","level":"info","message":"Mapped {/auth/register, POST} route","timestamp":"2026-05-05T13:30:02.855Z"}
{"context":"RouterExplorer","level":"info","message":"Mapped {/auth/login, POST} route","timestamp":"2026-05-05T13:30:02.856Z"}
{"context":"RouterExplorer","level":"info","message":"Mapped {/auth/refresh, POST} route","timestamp":"2026-05-05T13:30:02.856Z"}
{"context":"RouterExplorer","level":"info","message":"Mapped {/auth/logout, POST} route","timestamp":"2026-05-05T13:30:02.856Z"}
{"context":"RouterExplorer","level":"info","message":"Mapped {/auth/me, GET} route","timestamp":"2026-05-05T13:30:02.856Z"}
{"context":"RouterExplorer","level":"info","message":"Mapped {/auth/me/password, PATCH} route","timestamp":"2026-05-05T13:30:02.857Z"}
{"context":"RoutesResolver","level":"info","message":"AttributeController {/attribute}:","timestamp":"2026-05-05T13:30:02.857Z"}
{"context":"RouterExplorer","level":"info","message":"Mapped {/attribute, POST} route","timestamp":"2026-05-05T13:30:02.857Z"}
{"context":"RouterExplorer","level":"info","message":"Mapped {/attribute, GET} route","timestamp":"2026-05-05T13:30:02.857Z"}
{"context":"RouterExplorer","level":"info","message":"Mapped {/attribute/:id, GET} route","timestamp":"2026-05-05T13:30:02.858Z"}
{"context":"RouterExplorer","level":"info","message":"Mapped {/attribute/:id, PATCH} route","timestamp":"2026-05-05T13:30:02.858Z"}
{"context":"RouterExplorer","level":"info","message":"Mapped {/attribute/:id, DELETE} route","timestamp":"2026-05-05T13:30:02.858Z"}
{"context":"PrismaService","level":"info","message":"Kết nối database thành công","timestamp":"2026-05-05T13:30:02.897Z"}
{"context":"NestApplication","level":"info","message":"Nest application successfully started","timestamp":"2026-05-05T13:30:02.902Z"}
{"context":"AccessTokenGuard","level":"info","message":"isPublic: true","requestId":"03214698-894c-46d1-9052-c97b979b20d4","timestamp":"2026-05-05T13:32:55.278Z"}
{"context":"AccessTokenGuard","level":"info","message":"Public route, skipping authentication","requestId":"03214698-894c-46d1-9052-c97b979b20d4","timestamp":"2026-05-05T13:32:55.279Z"}
{"context":"LoggerMiddleware","level":"info","message":"[RequestID: 03214698-894c-46d1-9052-c97b979b20d4] POST /auth/login | Status: 201 | Duration: 129ms | IP: ::1 | UserAgent: Mozilla/5.0 (Windows NT 10.0; Win64; x64) AppleWebKit/537.36 (KHTML, like Gecko) Chrome/147.0.0.0 Safari/537.36","requestId":"03214698-894c-46d1-9052-c97b979b20d4","timestamp":"2026-05-05T13:32:55.407Z"}
{"context":"AccessTokenGuard","level":"info","message":"isPublic: true","requestId":"1b2469e1-6b2b-4c85-868a-61000cbe1faa","timestamp":"2026-05-05T13:35:25.853Z"}
{"context":"AccessTokenGuard","level":"info","message":"Public route, skipping authentication","requestId":"1b2469e1-6b2b-4c85-868a-61000cbe1faa","timestamp":"2026-05-05T13:35:25.853Z"}
{"context":"LoggerMiddleware","level":"info","message":"[RequestID: 1b2469e1-6b2b-4c85-868a-61000cbe1faa] POST /auth/login | Status: 201 | Duration: 51ms | IP: ::1 | UserAgent: Mozilla/5.0 (Windows NT 10.0; Win64; x64) AppleWebKit/537.36 (KHTML, like Gecko) Chrome/147.0.0.0 Safari/537.36","requestId":"1b2469e1-6b2b-4c85-868a-61000cbe1faa","timestamp":"2026-05-05T13:35:25.904Z"}
{"context":"AccessTokenGuard","level":"info","message":"isPublic: true","requestId":"5a440529-7617-4730-a6d5-648c599b4a4f","timestamp":"2026-05-05T13:35:39.241Z"}
{"context":"AccessTokenGuard","level":"info","message":"Public route, skipping authentication","requestId":"5a440529-7617-4730-a6d5-648c599b4a4f","timestamp":"2026-05-05T13:35:39.242Z"}
{"context":"LoggerMiddleware","level":"info","message":"[RequestID: 5a440529-7617-4730-a6d5-648c599b4a4f] POST /auth/login | Status: 201 | Duration: 45ms | IP: ::1 | UserAgent: Mozilla/5.0 (Windows NT 10.0; Win64; x64) AppleWebKit/537.36 (KHTML, like Gecko) Chrome/147.0.0.0 Safari/537.36","requestId":"5a440529-7617-4730-a6d5-648c599b4a4f","timestamp":"2026-05-05T13:35:39.287Z"}
{"context":"AccessTokenGuard","level":"info","message":"isPublic: true","requestId":"4dc8eaf5-c125-43a5-b764-30bd2ea9df85","timestamp":"2026-05-05T13:36:20.491Z"}
{"context":"AccessTokenGuard","level":"info","message":"Public route, skipping authentication","requestId":"4dc8eaf5-c125-43a5-b764-30bd2ea9df85","timestamp":"2026-05-05T13:36:20.491Z"}
{"context":"LoggerMiddleware","level":"info","message":"[RequestID: 4dc8eaf5-c125-43a5-b764-30bd2ea9df85] POST /auth/login | Status: 201 | Duration: 52ms | IP: ::1 | UserAgent: Mozilla/5.0 (Windows NT 10.0; Win64; x64) AppleWebKit/537.36 (KHTML, like Gecko) Chrome/147.0.0.0 Safari/537.36","requestId":"4dc8eaf5-c125-43a5-b764-30bd2ea9df85","timestamp":"2026-05-05T13:36:20.542Z"}
{"context":"AccessTokenGuard","level":"info","message":"isPublic: true","requestId":"411dc24d-a85d-42c5-9006-02ab7d1d9306","timestamp":"2026-05-05T13:38:38.611Z"}
{"context":"AccessTokenGuard","level":"info","message":"Public route, skipping authentication","requestId":"411dc24d-a85d-42c5-9006-02ab7d1d9306","timestamp":"2026-05-05T13:38:38.611Z"}
{"context":"LoggerMiddleware","level":"info","message":"[RequestID: 411dc24d-a85d-42c5-9006-02ab7d1d9306] POST /auth/login | Status: 201 | Duration: 58ms | IP: ::1 | UserAgent: Mozilla/5.0 (Windows NT 10.0; Win64; x64) AppleWebKit/537.36 (KHTML, like Gecko) Chrome/147.0.0.0 Safari/537.36","requestId":"411dc24d-a85d-42c5-9006-02ab7d1d9306","timestamp":"2026-05-05T13:38:38.668Z"}
{"context":"AccessTokenGuard","level":"info","message":"isPublic: true","requestId":"adb98728-a6f7-4268-a8a2-936f2e191c7a","timestamp":"2026-05-05T13:38:50.112Z"}
{"context":"AccessTokenGuard","level":"info","message":"Public route, skipping authentication","requestId":"adb98728-a6f7-4268-a8a2-936f2e191c7a","timestamp":"2026-05-05T13:38:50.113Z"}
{"context":"LoggerMiddleware","level":"info","message":"[RequestID: adb98728-a6f7-4268-a8a2-936f2e191c7a] POST /auth/login | Status: 201 | Duration: 49ms | IP: ::1 | UserAgent: Mozilla/5.0 (Windows NT 10.0; Win64; x64) AppleWebKit/537.36 (KHTML, like Gecko) Chrome/147.0.0.0 Safari/537.36","requestId":"adb98728-a6f7-4268-a8a2-936f2e191c7a","timestamp":"2026-05-05T13:38:50.162Z"}
{"context":"AccessTokenGuard","level":"info","message":"isPublic: true","requestId":"515b69fa-68a1-4454-87dd-5a0c81d72c6e","timestamp":"2026-05-05T13:46:51.701Z"}
{"context":"AccessTokenGuard","level":"info","message":"Public route, skipping authentication","requestId":"515b69fa-68a1-4454-87dd-5a0c81d72c6e","timestamp":"2026-05-05T13:46:51.701Z"}
{"context":"LoggerMiddleware","level":"info","message":"[RequestID: 515b69fa-68a1-4454-87dd-5a0c81d72c6e] POST /auth/login | Status: 201 | Duration: 41ms | IP: ::1 | UserAgent: Mozilla/5.0 (Windows NT 10.0; Win64; x64) AppleWebKit/537.36 (KHTML, like Gecko) Chrome/147.0.0.0 Safari/537.36","requestId":"515b69fa-68a1-4454-87dd-5a0c81d72c6e","timestamp":"2026-05-05T13:46:51.742Z"}
{"context":"AccessTokenGuard","level":"info","message":"isPublic: true","requestId":"a80263a8-dcfb-40f4-ae02-87243acc16ee","timestamp":"2026-05-05T13:46:59.138Z"}
{"context":"AccessTokenGuard","level":"info","message":"Public route, skipping authentication","requestId":"a80263a8-dcfb-40f4-ae02-87243acc16ee","timestamp":"2026-05-05T13:46:59.138Z"}
{"context":"LoggerMiddleware","level":"info","message":"[RequestID: a80263a8-dcfb-40f4-ae02-87243acc16ee] POST /auth/login | Status: 201 | Duration: 40ms | IP: ::1 | UserAgent: Mozilla/5.0 (Windows NT 10.0; Win64; x64) AppleWebKit/537.36 (KHTML, like Gecko) Chrome/147.0.0.0 Safari/537.36","requestId":"a80263a8-dcfb-40f4-ae02-87243acc16ee","timestamp":"2026-05-05T13:46:59.177Z"}
{"context":"AccessTokenGuard","level":"info","message":"isPublic: true","requestId":"abada6d0-d13b-473b-811f-5afb560c0435","timestamp":"2026-05-05T13:47:10.405Z"}
{"context":"AccessTokenGuard","level":"info","message":"Public route, skipping authentication","requestId":"abada6d0-d13b-473b-811f-5afb560c0435","timestamp":"2026-05-05T13:47:10.405Z"}
{"context":"LoggerMiddleware","level":"info","message":"[RequestID: abada6d0-d13b-473b-811f-5afb560c0435] POST /auth/login | Status: 201 | Duration: 41ms | IP: ::1 | UserAgent: Mozilla/5.0 (Windows NT 10.0; Win64; x64) AppleWebKit/537.36 (KHTML, like Gecko) Chrome/147.0.0.0 Safari/537.36","requestId":"abada6d0-d13b-473b-811f-5afb560c0435","timestamp":"2026-05-05T13:47:10.446Z"}
{"context":"AccessTokenGuard","level":"info","message":"isPublic: true","requestId":"82b2a6d2-ad78-475d-9df6-5f25dc45cb5d","timestamp":"2026-05-05T13:47:15.866Z"}
{"context":"AccessTokenGuard","level":"info","message":"Public route, skipping authentication","requestId":"82b2a6d2-ad78-475d-9df6-5f25dc45cb5d","timestamp":"2026-05-05T13:47:15.866Z"}
{"context":"LoggerMiddleware","level":"info","message":"[RequestID: 82b2a6d2-ad78-475d-9df6-5f25dc45cb5d] POST /auth/login | Status: 201 | Duration: 42ms | IP: ::1 | UserAgent: Mozilla/5.0 (Windows NT 10.0; Win64; x64) AppleWebKit/537.36 (KHTML, like Gecko) Chrome/147.0.0.0 Safari/537.36","requestId":"82b2a6d2-ad78-475d-9df6-5f25dc45cb5d","timestamp":"2026-05-05T13:47:15.907Z"}
{"context":"AccessTokenGuard","level":"info","message":"isPublic: true","requestId":"bbb7f16b-6145-40fa-bc84-ddc0d3efc07e","timestamp":"2026-05-05T14:17:48.283Z"}
{"context":"AccessTokenGuard","level":"info","message":"Public route, skipping authentication","requestId":"bbb7f16b-6145-40fa-bc84-ddc0d3efc07e","timestamp":"2026-05-05T14:17:48.284Z"}
{"context":"LoggerMiddleware","level":"info","message":"[RequestID: bbb7f16b-6145-40fa-bc84-ddc0d3efc07e] POST /auth/login | Status: 201 | Duration: 42ms | IP: ::1 | UserAgent: Mozilla/5.0 (Windows NT 10.0; Win64; x64) AppleWebKit/537.36 (KHTML, like Gecko) Chrome/147.0.0.0 Safari/537.36","requestId":"bbb7f16b-6145-40fa-bc84-ddc0d3efc07e","timestamp":"2026-05-05T14:17:48.325Z"}
{"context":"AccessTokenGuard","level":"info","message":"isPublic: true","requestId":"51b753d8-d993-49ff-b71f-ab43ce942e39","timestamp":"2026-05-05T14:18:03.188Z"}
{"context":"AccessTokenGuard","level":"info","message":"Public route, skipping authentication","requestId":"51b753d8-d993-49ff-b71f-ab43ce942e39","timestamp":"2026-05-05T14:18:03.188Z"}
{"context":"LoggerMiddleware","level":"info","message":"[RequestID: 51b753d8-d993-49ff-b71f-ab43ce942e39] POST /auth/login | Status: 201 | Duration: 56ms | IP: ::1 | UserAgent: Mozilla/5.0 (Windows NT 10.0; Win64; x64) AppleWebKit/537.36 (KHTML, like Gecko) Chrome/147.0.0.0 Safari/537.36","requestId":"51b753d8-d993-49ff-b71f-ab43ce942e39","timestamp":"2026-05-05T14:18:03.244Z"}
{"context":"AccessTokenGuard","level":"info","message":"isPublic: true","requestId":"883703f0-449d-4581-9991-b17aa9efb7be","timestamp":"2026-05-05T14:21:45.420Z"}
{"context":"AccessTokenGuard","level":"info","message":"Public route, skipping authentication","requestId":"883703f0-449d-4581-9991-b17aa9efb7be","timestamp":"2026-05-05T14:21:45.420Z"}
{"context":"LoggerMiddleware","level":"info","message":"[RequestID: 883703f0-449d-4581-9991-b17aa9efb7be] POST /auth/login | Status: 201 | Duration: 49ms | IP: ::1 | UserAgent: Mozilla/5.0 (Windows NT 10.0; Win64; x64) AppleWebKit/537.36 (KHTML, like Gecko) Chrome/147.0.0.0 Safari/537.36","requestId":"883703f0-449d-4581-9991-b17aa9efb7be","timestamp":"2026-05-05T14:21:45.468Z"}
{"context":"AccessTokenGuard","level":"info","message":"isPublic: true","requestId":"b1c15b8b-9feb-41b0-b6b7-a4ac6121d4b7","timestamp":"2026-05-05T14:21:53.208Z"}
{"context":"AccessTokenGuard","level":"info","message":"Public route, skipping authentication","requestId":"b1c15b8b-9feb-41b0-b6b7-a4ac6121d4b7","timestamp":"2026-05-05T14:21:53.209Z"}
{"context":"LoggerMiddleware","level":"info","message":"[RequestID: b1c15b8b-9feb-41b0-b6b7-a4ac6121d4b7] POST /auth/login | Status: 201 | Duration: 40ms | IP: ::1 | UserAgent: Mozilla/5.0 (Windows NT 10.0; Win64; x64) AppleWebKit/537.36 (KHTML, like Gecko) Chrome/147.0.0.0 Safari/537.36","requestId":"b1c15b8b-9feb-41b0-b6b7-a4ac6121d4b7","timestamp":"2026-05-05T14:21:53.248Z"}
{"context":"AccessTokenGuard","level":"info","message":"isPublic: true","requestId":"8f8c598c-3670-4849-8c9c-6895e51bec2b","timestamp":"2026-05-05T14:22:01.187Z"}
{"context":"AccessTokenGuard","level":"info","message":"Public route, skipping authentication","requestId":"8f8c598c-3670-4849-8c9c-6895e51bec2b","timestamp":"2026-05-05T14:22:01.187Z"}
{"context":"LoggerMiddleware","level":"info","message":"[RequestID: 8f8c598c-3670-4849-8c9c-6895e51bec2b] POST /auth/login | Status: 201 | Duration: 33ms | IP: ::1 | UserAgent: Mozilla/5.0 (Windows NT 10.0; Win64; x64) AppleWebKit/537.36 (KHTML, like Gecko) Chrome/147.0.0.0 Safari/537.36","requestId":"8f8c598c-3670-4849-8c9c-6895e51bec2b","timestamp":"2026-05-05T14:22:01.220Z"}
{"context":"AccessTokenGuard","level":"info","message":"isPublic: true","requestId":"ecd9219c-ccdb-4e29-8fcd-5db48b216996","timestamp":"2026-05-05T14:23:05.954Z"}
{"context":"AccessTokenGuard","level":"info","message":"Public route, skipping authentication","requestId":"ecd9219c-ccdb-4e29-8fcd-5db48b216996","timestamp":"2026-05-05T14:23:05.954Z"}
{"context":"LoggerMiddleware","level":"info","message":"[RequestID: ecd9219c-ccdb-4e29-8fcd-5db48b216996] POST /auth/login | Status: 201 | Duration: 37ms | IP: ::1 | UserAgent: Mozilla/5.0 (Windows NT 10.0; Win64; x64) AppleWebKit/537.36 (KHTML, like Gecko) Chrome/147.0.0.0 Safari/537.36","requestId":"ecd9219c-ccdb-4e29-8fcd-5db48b216996","timestamp":"2026-05-05T14:23:05.992Z"}
{"context":"AccessTokenGuard","level":"info","message":"isPublic: true","requestId":"bd2e4977-5fe7-4fba-ab13-f624c9f2cf29","timestamp":"2026-05-05T14:23:15.663Z"}
{"context":"AccessTokenGuard","level":"info","message":"Public route, skipping authentication","requestId":"bd2e4977-5fe7-4fba-ab13-f624c9f2cf29","timestamp":"2026-05-05T14:23:15.664Z"}
{"context":"LoggerMiddleware","level":"info","message":"[RequestID: bd2e4977-5fe7-4fba-ab13-f624c9f2cf29] POST /auth/login | Status: 201 | Duration: 32ms | IP: ::1 | UserAgent: Mozilla/5.0 (Windows NT 10.0; Win64; x64) AppleWebKit/537.36 (KHTML, like Gecko) Chrome/147.0.0.0 Safari/537.36","requestId":"bd2e4977-5fe7-4fba-ab13-f624c9f2cf29","timestamp":"2026-05-05T14:23:15.696Z"}
{"context":"AccessTokenGuard","level":"info","message":"isPublic: true","requestId":"f4d4e879-9e1c-40b7-8d3d-084afda73cf9","timestamp":"2026-05-05T14:24:29.460Z"}
{"context":"AccessTokenGuard","level":"info","message":"Public route, skipping authentication","requestId":"f4d4e879-9e1c-40b7-8d3d-084afda73cf9","timestamp":"2026-05-05T14:24:29.460Z"}
{"context":"LoggerMiddleware","level":"info","message":"[RequestID: f4d4e879-9e1c-40b7-8d3d-084afda73cf9] POST /auth/login | Status: 201 | Duration: 50ms | IP: ::1 | UserAgent: Mozilla/5.0 (Windows NT 10.0; Win64; x64) AppleWebKit/537.36 (KHTML, like Gecko) Chrome/147.0.0.0 Safari/537.36","requestId":"f4d4e879-9e1c-40b7-8d3d-084afda73cf9","timestamp":"2026-05-05T14:24:29.510Z"}
{"context":"AccessTokenGuard","level":"info","message":"isPublic: true","requestId":"e98ce984-d3f9-4403-8ff8-7ac0e86cfb10","timestamp":"2026-05-05T14:24:36.530Z"}
{"context":"AccessTokenGuard","level":"info","message":"Public route, skipping authentication","requestId":"e98ce984-d3f9-4403-8ff8-7ac0e86cfb10","timestamp":"2026-05-05T14:24:36.530Z"}
{"context":"LoggerMiddleware","level":"info","message":"[RequestID: e98ce984-d3f9-4403-8ff8-7ac0e86cfb10] POST /auth/login | Status: 201 | Duration: 38ms | IP: ::1 | UserAgent: Mozilla/5.0 (Windows NT 10.0; Win64; x64) AppleWebKit/537.36 (KHTML, like Gecko) Chrome/147.0.0.0 Safari/537.36","requestId":"e98ce984-d3f9-4403-8ff8-7ac0e86cfb10","timestamp":"2026-05-05T14:24:36.568Z"}
{"context":"AccessTokenGuard","level":"info","message":"isPublic: true","requestId":"3bfcf02e-d406-470b-8006-9cdd606158ad","timestamp":"2026-05-05T14:24:45.635Z"}
{"context":"AccessTokenGuard","level":"info","message":"Public route, skipping authentication","requestId":"3bfcf02e-d406-470b-8006-9cdd606158ad","timestamp":"2026-05-05T14:24:45.635Z"}
{"context":"LoggerMiddleware","level":"warn","message":"[RequestID: 3bfcf02e-d406-470b-8006-9cdd606158ad] POST /auth/login | Status: 401 | Duration: 5ms | IP: ::1 | UserAgent: Mozilla/5.0 (Windows NT 10.0; Win64; x64) AppleWebKit/537.36 (KHTML, like Gecko) Chrome/147.0.0.0 Safari/537.36","requestId":"3bfcf02e-d406-470b-8006-9cdd606158ad","timestamp":"2026-05-05T14:24:45.639Z"}
{"context":"AccessTokenGuard","level":"info","message":"isPublic: true","requestId":"08e3a355-6ac8-41d3-82ce-97bf88c8a8b1","timestamp":"2026-05-05T14:24:48.416Z"}
{"context":"AccessTokenGuard","level":"info","message":"Public route, skipping authentication","requestId":"08e3a355-6ac8-41d3-82ce-97bf88c8a8b1","timestamp":"2026-05-05T14:24:48.416Z"}
{"context":"LoggerMiddleware","level":"info","message":"[RequestID: 08e3a355-6ac8-41d3-82ce-97bf88c8a8b1] POST /auth/login | Status: 201 | Duration: 32ms | IP: ::1 | UserAgent: Mozilla/5.0 (Windows NT 10.0; Win64; x64) AppleWebKit/537.36 (KHTML, like Gecko) Chrome/147.0.0.0 Safari/537.36","requestId":"08e3a355-6ac8-41d3-82ce-97bf88c8a8b1","timestamp":"2026-05-05T14:24:48.447Z"}
{"context":"AccessTokenGuard","level":"info","message":"isPublic: true","requestId":"288ad1b8-7828-41c3-9479-efa191273cf6","timestamp":"2026-05-05T14:25:16.373Z"}
{"context":"AccessTokenGuard","level":"info","message":"Public route, skipping authentication","requestId":"288ad1b8-7828-41c3-9479-efa191273cf6","timestamp":"2026-05-05T14:25:16.373Z"}
{"context":"LoggerMiddleware","level":"info","message":"[RequestID: 288ad1b8-7828-41c3-9479-efa191273cf6] POST /auth/login | Status: 201 | Duration: 44ms | IP: ::1 | UserAgent: Mozilla/5.0 (Windows NT 10.0; Win64; x64) AppleWebKit/537.36 (KHTML, like Gecko) Chrome/147.0.0.0 Safari/537.36","requestId":"288ad1b8-7828-41c3-9479-efa191273cf6","timestamp":"2026-05-05T14:25:16.417Z"}
{"context":"AccessTokenGuard","level":"info","message":"isPublic: true","requestId":"5e91a338-0ccc-407f-83ee-a53899c8ee58","timestamp":"2026-05-05T14:25:40.396Z"}
{"context":"AccessTokenGuard","level":"info","message":"Public route, skipping authentication","requestId":"5e91a338-0ccc-407f-83ee-a53899c8ee58","timestamp":"2026-05-05T14:25:40.396Z"}
{"context":"LoggerMiddleware","level":"info","message":"[RequestID: 5e91a338-0ccc-407f-83ee-a53899c8ee58] POST /auth/login | Status: 201 | Duration: 44ms | IP: ::1 | UserAgent: Mozilla/5.0 (Windows NT 10.0; Win64; x64) AppleWebKit/537.36 (KHTML, like Gecko) Chrome/147.0.0.0 Safari/537.36","requestId":"5e91a338-0ccc-407f-83ee-a53899c8ee58","timestamp":"2026-05-05T14:25:40.439Z"}
{"context":"AccessTokenGuard","level":"info","message":"isPublic: true","requestId":"928a0189-961e-44be-8696-622275c1cbf1","timestamp":"2026-05-05T14:25:50.020Z"}
{"context":"AccessTokenGuard","level":"info","message":"Public route, skipping authentication","requestId":"928a0189-961e-44be-8696-622275c1cbf1","timestamp":"2026-05-05T14:25:50.021Z"}
{"context":"LoggerMiddleware","level":"info","message":"[RequestID: 928a0189-961e-44be-8696-622275c1cbf1] POST /auth/login | Status: 201 | Duration: 41ms | IP: ::1 | UserAgent: Mozilla/5.0 (Windows NT 10.0; Win64; x64) AppleWebKit/537.36 (KHTML, like Gecko) Chrome/147.0.0.0 Safari/537.36","requestId":"928a0189-961e-44be-8696-622275c1cbf1","timestamp":"2026-05-05T14:25:50.061Z"}
{"context":"AccessTokenGuard","level":"info","message":"isPublic: true","requestId":"436def2e-2c5a-4bca-b200-9105ee105f89","timestamp":"2026-05-05T14:33:56.028Z"}
{"context":"AccessTokenGuard","level":"info","message":"Public route, skipping authentication","requestId":"436def2e-2c5a-4bca-b200-9105ee105f89","timestamp":"2026-05-05T14:33:56.029Z"}
{"context":"LoggerMiddleware","level":"info","message":"[RequestID: 436def2e-2c5a-4bca-b200-9105ee105f89] POST /auth/login | Status: 201 | Duration: 41ms | IP: ::1 | UserAgent: Mozilla/5.0 (Windows NT 10.0; Win64; x64) AppleWebKit/537.36 (KHTML, like Gecko) Chrome/147.0.0.0 Safari/537.36","requestId":"436def2e-2c5a-4bca-b200-9105ee105f89","timestamp":"2026-05-05T14:33:56.069Z"}
{"context":"AccessTokenGuard","level":"info","message":"isPublic: true","requestId":"06348e9e-38fd-4151-8c5c-be03ddca9cff","timestamp":"2026-05-05T14:34:22.059Z"}
{"context":"AccessTokenGuard","level":"info","message":"Public route, skipping authentication","requestId":"06348e9e-38fd-4151-8c5c-be03ddca9cff","timestamp":"2026-05-05T14:34:22.060Z"}
{"context":"LoggerMiddleware","level":"info","message":"[RequestID: 06348e9e-38fd-4151-8c5c-be03ddca9cff] POST /auth/login | Status: 201 | Duration: 41ms | IP: ::1 | UserAgent: Mozilla/5.0 (Windows NT 10.0; Win64; x64) AppleWebKit/537.36 (KHTML, like Gecko) Chrome/147.0.0.0 Safari/537.36","requestId":"06348e9e-38fd-4151-8c5c-be03ddca9cff","timestamp":"2026-05-05T14:34:22.101Z"}
{"context":"AccessTokenGuard","level":"info","message":"isPublic: true","requestId":"40cc6e3a-7f8a-49e3-837f-2b78907bdedb","timestamp":"2026-05-05T14:34:30.753Z"}
{"context":"AccessTokenGuard","level":"info","message":"Public route, skipping authentication","requestId":"40cc6e3a-7f8a-49e3-837f-2b78907bdedb","timestamp":"2026-05-05T14:34:30.754Z"}
{"context":"LoggerMiddleware","level":"info","message":"[RequestID: 40cc6e3a-7f8a-49e3-837f-2b78907bdedb] POST /auth/login | Status: 201 | Duration: 36ms | IP: ::1 | UserAgent: Mozilla/5.0 (Windows NT 10.0; Win64; x64) AppleWebKit/537.36 (KHTML, like Gecko) Chrome/147.0.0.0 Safari/537.36","requestId":"40cc6e3a-7f8a-49e3-837f-2b78907bdedb","timestamp":"2026-05-05T14:34:30.789Z"}
{"context":"AccessTokenGuard","level":"info","message":"isPublic: true","requestId":"7c77a8f0-a044-42d2-980d-bb09c35fdc8a","timestamp":"2026-05-05T14:34:39.416Z"}
{"context":"AccessTokenGuard","level":"info","message":"Public route, skipping authentication","requestId":"7c77a8f0-a044-42d2-980d-bb09c35fdc8a","timestamp":"2026-05-05T14:34:39.416Z"}
{"context":"LoggerMiddleware","level":"info","message":"[RequestID: 7c77a8f0-a044-42d2-980d-bb09c35fdc8a] POST /auth/login | Status: 201 | Duration: 29ms | IP: ::1 | UserAgent: Mozilla/5.0 (Windows NT 10.0; Win64; x64) AppleWebKit/537.36 (KHTML, like Gecko) Chrome/147.0.0.0 Safari/537.36","requestId":"7c77a8f0-a044-42d2-980d-bb09c35fdc8a","timestamp":"2026-05-05T14:34:39.445Z"}
{"context":"AccessTokenGuard","level":"info","message":"isPublic: true","requestId":"201bdff1-03a3-4f62-a1f9-e2a795bad27d","timestamp":"2026-05-05T14:35:29.577Z"}
{"context":"AccessTokenGuard","level":"info","message":"Public route, skipping authentication","requestId":"201bdff1-03a3-4f62-a1f9-e2a795bad27d","timestamp":"2026-05-05T14:35:29.577Z"}
{"context":"LoggerMiddleware","level":"warn","message":"[RequestID: 201bdff1-03a3-4f62-a1f9-e2a795bad27d] POST /auth/login | Status: 401 | Duration: 13ms | IP: ::1 | UserAgent: Mozilla/5.0 (Windows NT 10.0; Win64; x64) AppleWebKit/537.36 (KHTML, like Gecko) Chrome/147.0.0.0 Safari/537.36","requestId":"201bdff1-03a3-4f62-a1f9-e2a795bad27d","timestamp":"2026-05-05T14:35:29.590Z"}
{"context":"AccessTokenGuard","level":"info","message":"isPublic: true","requestId":"d02bdce6-22f9-454d-abee-803b79f48d7c","timestamp":"2026-05-05T14:35:33.400Z"}
{"context":"AccessTokenGuard","level":"info","message":"Public route, skipping authentication","requestId":"d02bdce6-22f9-454d-abee-803b79f48d7c","timestamp":"2026-05-05T14:35:33.400Z"}
{"context":"LoggerMiddleware","level":"info","message":"[RequestID: d02bdce6-22f9-454d-abee-803b79f48d7c] POST /auth/login | Status: 201 | Duration: 36ms | IP: ::1 | UserAgent: Mozilla/5.0 (Windows NT 10.0; Win64; x64) AppleWebKit/537.36 (KHTML, like Gecko) Chrome/147.0.0.0 Safari/537.36","requestId":"d02bdce6-22f9-454d-abee-803b79f48d7c","timestamp":"2026-05-05T14:35:33.435Z"}
{"context":"AccessTokenGuard","level":"info","message":"isPublic: true","requestId":"298a5f27-3192-4072-b8db-5ee253aa601f","timestamp":"2026-05-05T14:43:39.137Z"}
{"context":"AccessTokenGuard","level":"info","message":"Public route, skipping authentication","requestId":"298a5f27-3192-4072-b8db-5ee253aa601f","timestamp":"2026-05-05T14:43:39.138Z"}
{"context":"LoggerMiddleware","level":"info","message":"[RequestID: 298a5f27-3192-4072-b8db-5ee253aa601f] POST /auth/login | Status: 201 | Duration: 48ms | IP: ::1 | UserAgent: Mozilla/5.0 (Windows NT 10.0; Win64; x64) AppleWebKit/537.36 (KHTML, like Gecko) Chrome/147.0.0.0 Safari/537.36","requestId":"298a5f27-3192-4072-b8db-5ee253aa601f","timestamp":"2026-05-05T14:43:39.185Z"}
{"context":"AccessTokenGuard","level":"info","message":"isPublic: true","requestId":"a180b04d-1ce5-478e-920f-f3cea1f7d398","timestamp":"2026-05-05T14:43:47.244Z"}
{"context":"AccessTokenGuard","level":"info","message":"Public route, skipping authentication","requestId":"a180b04d-1ce5-478e-920f-f3cea1f7d398","timestamp":"2026-05-05T14:43:47.244Z"}
{"context":"LoggerMiddleware","level":"info","message":"[RequestID: a180b04d-1ce5-478e-920f-f3cea1f7d398] POST /auth/login | Status: 201 | Duration: 34ms | IP: ::1 | UserAgent: Mozilla/5.0 (Windows NT 10.0; Win64; x64) AppleWebKit/537.36 (KHTML, like Gecko) Chrome/147.0.0.0 Safari/537.36","requestId":"a180b04d-1ce5-478e-920f-f3cea1f7d398","timestamp":"2026-05-05T14:43:47.278Z"}
{"context":"AccessTokenGuard","level":"info","message":"isPublic: true","requestId":"eb522835-61c4-4f68-9348-768600ac5cc7","timestamp":"2026-05-05T14:45:57.630Z"}
{"context":"AccessTokenGuard","level":"info","message":"Public route, skipping authentication","requestId":"eb522835-61c4-4f68-9348-768600ac5cc7","timestamp":"2026-05-05T14:45:57.631Z"}
{"context":"LoggerMiddleware","level":"info","message":"[RequestID: eb522835-61c4-4f68-9348-768600ac5cc7] POST /auth/login | Status: 201 | Duration: 47ms | IP: ::1 | UserAgent: Mozilla/5.0 (Windows NT 10.0; Win64; x64) AppleWebKit/537.36 (KHTML, like Gecko) Chrome/147.0.0.0 Safari/537.36","requestId":"eb522835-61c4-4f68-9348-768600ac5cc7","timestamp":"2026-05-05T14:45:57.677Z"}
{"context":"AccessTokenGuard","level":"info","message":"isPublic: undefined","requestId":"354fc3ca-7d05-4fa5-a76f-5c280168a441","timestamp":"2026-05-05T14:46:27.875Z"}
{"context":"AccessTokenStrategy","level":"info","message":"user: {\"id\":\"cc6d2974-22cf-4b0b-9590-4b701cfa3c00\",\"username\":\"customer_001\",\"hashed_password\":\"scrypt:61b7465b5cc602c81ecaa66e31f0f570:064a122e33f58ab9bedcc806f62492b81e4451665c71c7dc3a5afd28b63aa6017713b59fb84dc9594c530b3bbe79c2bf5c738ae510f3152bf09f34a3b6d02482\",\"displayName\":\"Nguyễn Văn A\",\"token_version\":5,\"isActive\":true,\"createdAt\":\"2026-05-03T15:37:18.203Z\",\"updatedAt\":\"2026-05-04T09:10:04.759Z\",\"deletedAt\":null,\"roles\":[]}","requestId":"354fc3ca-7d05-4fa5-a76f-5c280168a441","timestamp":"2026-05-05T14:46:27.897Z"}
{"context":"AuthService","level":"info","message":"payload: {\"id\":\"cc6d2974-22cf-4b0b-9590-4b701cfa3c00\",\"username\":\"customer_001\",\"hashed_password\":\"scrypt:61b7465b5cc602c81ecaa66e31f0f570:064a122e33f58ab9bedcc806f62492b81e4451665c71c7dc3a5afd28b63aa6017713b59fb84dc9594c530b3bbe79c2bf5c738ae510f3152bf09f34a3b6d02482\",\"displayName\":\"Nguyễn Văn A\",\"token_version\":5,\"isActive\":true,\"createdAt\":\"2026-05-03T15:37:18.203Z\",\"updatedAt\":\"2026-05-04T09:10:04.759Z\",\"deletedAt\":null,\"roles\":[]}","requestId":"354fc3ca-7d05-4fa5-a76f-5c280168a441","timestamp":"2026-05-05T14:46:27.898Z"}
{"context":"AuthService","level":"info","message":"user: {\"id\":\"cc6d2974-22cf-4b0b-9590-4b701cfa3c00\",\"username\":\"customer_001\",\"hashed_password\":\"scrypt:61b7465b5cc602c81ecaa66e31f0f570:064a122e33f58ab9bedcc806f62492b81e4451665c71c7dc3a5afd28b63aa6017713b59fb84dc9594c530b3bbe79c2bf5c738ae510f3152bf09f34a3b6d02482\",\"displayName\":\"Nguyễn Văn A\",\"token_version\":5,\"isActive\":true,\"createdAt\":\"2026-05-03T15:37:18.203Z\",\"updatedAt\":\"2026-05-04T09:10:04.759Z\",\"deletedAt\":null,\"roles\":[]}","requestId":"354fc3ca-7d05-4fa5-a76f-5c280168a441","timestamp":"2026-05-05T14:46:27.903Z"}
{"context":"LoggerMiddleware","level":"info","message":"[RequestID: 354fc3ca-7d05-4fa5-a76f-5c280168a441] GET /auth/me | Status: 200 | Duration: 29ms | IP: ::1 | UserAgent: Mozilla/5.0 (Windows NT 10.0; Win64; x64) AppleWebKit/537.36 (KHTML, like Gecko) Chrome/147.0.0.0 Safari/537.36","requestId":"354fc3ca-7d05-4fa5-a76f-5c280168a441","timestamp":"2026-05-05T14:46:27.904Z"}
{"level":"info","message":"Khởi tạo ứng dụng...","timestamp":"2026-05-05T14:47:26.967Z"}
{"context":"NestFactory","level":"info","message":"Starting Nest application...","timestamp":"2026-05-05T14:47:27.051Z"}
{"context":"InstanceLoader","level":"info","message":"PassportModule dependencies initialized","timestamp":"2026-05-05T14:47:27.059Z"}
{"context":"InstanceLoader","level":"info","message":"ConfigHostModule dependencies initialized","timestamp":"2026-05-05T14:47:27.060Z"}
{"context":"PrismaService","level":"info","message":"🔌 Prisma Connection String: postgresql://admin:******@localhost:5433/kyc_asset_db?schema=public","timestamp":"2026-05-05T14:47:27.063Z"}
{"context":"InstanceLoader","level":"info","message":"AppModule dependencies initialized","timestamp":"2026-05-05T14:47:27.063Z"}
{"context":"InstanceLoader","level":"info","message":"ConfigModule dependencies initialized","timestamp":"2026-05-05T14:47:27.063Z"}
{"context":"InstanceLoader","level":"info","message":"CommonModule dependencies initialized","timestamp":"2026-05-05T14:47:27.063Z"}
{"context":"InstanceLoader","level":"info","message":"JwtModule dependencies initialized","timestamp":"2026-05-05T14:47:27.064Z"}
{"context":"InstanceLoader","level":"info","message":"PrismaModule dependencies initialized","timestamp":"2026-05-05T14:47:27.064Z"}
{"context":"InstanceLoader","level":"info","message":"WhitelistIpModule dependencies initialized","timestamp":"2026-05-05T14:47:27.065Z"}
{"context":"InstanceLoader","level":"info","message":"AttributeModule dependencies initialized","timestamp":"2026-05-05T14:47:27.065Z"}
{"context":"InstanceLoader","level":"info","message":"UsersModule dependencies initialized","timestamp":"2026-05-05T14:47:27.065Z"}
{"context":"InstanceLoader","level":"info","message":"RolesModule dependencies initialized","timestamp":"2026-05-05T14:47:27.066Z"}
{"context":"InstanceLoader","level":"info","message":"PermissionsModule dependencies initialized","timestamp":"2026-05-05T14:47:27.066Z"}
{"context":"InstanceLoader","level":"info","message":"AuthModule dependencies initialized","timestamp":"2026-05-05T14:47:27.066Z"}
{"context":"RoutesResolver","level":"info","message":"AppController {/}:","timestamp":"2026-05-05T14:47:27.087Z"}
{"context":"RouterExplorer","level":"info","message":"Mapped {/, GET} route","timestamp":"2026-05-05T14:47:27.088Z"}
{"context":"RoutesResolver","level":"info","message":"UsersController {/users}:","timestamp":"2026-05-05T14:47:27.089Z"}
{"context":"RouterExplorer","level":"info","message":"Mapped {/users, POST} route","timestamp":"2026-05-05T14:47:27.089Z"}
{"context":"RouterExplorer","level":"info","message":"Mapped {/users, GET} route","timestamp":"2026-05-05T14:47:27.089Z"}
{"context":"RouterExplorer","level":"info","message":"Mapped {/users/:id, GET} route","timestamp":"2026-05-05T14:47:27.089Z"}
{"context":"RouterExplorer","level":"info","message":"Mapped {/users/:id, PATCH} route","timestamp":"2026-05-05T14:47:27.090Z"}
{"context":"RouterExplorer","level":"info","message":"Mapped {/users/:id, DELETE} route","timestamp":"2026-05-05T14:47:27.090Z"}
{"context":"RoutesResolver","level":"info","message":"WhitelistIpController {/whitelist-ip}:","timestamp":"2026-05-05T14:47:27.090Z"}
{"context":"RouterExplorer","level":"info","message":"Mapped {/whitelist-ip, POST} route","timestamp":"2026-05-05T14:47:27.090Z"}
{"context":"RouterExplorer","level":"info","message":"Mapped {/whitelist-ip, GET} route","timestamp":"2026-05-05T14:47:27.090Z"}
{"context":"RouterExplorer","level":"info","message":"Mapped {/whitelist-ip/:id, GET} route","timestamp":"2026-05-05T14:47:27.091Z"}
{"context":"RouterExplorer","level":"info","message":"Mapped {/whitelist-ip/:id, PATCH} route","timestamp":"2026-05-05T14:47:27.091Z"}
{"context":"RouterExplorer","level":"info","message":"Mapped {/whitelist-ip/:id, DELETE} route","timestamp":"2026-05-05T14:47:27.091Z"}
{"context":"RoutesResolver","level":"info","message":"RolesController {/roles}:","timestamp":"2026-05-05T14:47:27.091Z"}
{"context":"RouterExplorer","level":"info","message":"Mapped {/roles, POST} route","timestamp":"2026-05-05T14:47:27.091Z"}
{"context":"RouterExplorer","level":"info","message":"Mapped {/roles, GET} route","timestamp":"2026-05-05T14:47:27.091Z"}
{"context":"RouterExplorer","level":"info","message":"Mapped {/roles/:id, GET} route","timestamp":"2026-05-05T14:47:27.092Z"}
{"context":"RouterExplorer","level":"info","message":"Mapped {/roles/:id, PATCH} route","timestamp":"2026-05-05T14:47:27.092Z"}
{"context":"RouterExplorer","level":"info","message":"Mapped {/roles/:id, DELETE} route","timestamp":"2026-05-05T14:47:27.092Z"}
{"context":"RoutesResolver","level":"info","message":"PermissionsController {/permissions}:","timestamp":"2026-05-05T14:47:27.092Z"}
{"context":"RouterExplorer","level":"info","message":"Mapped {/permissions, POST} route","timestamp":"2026-05-05T14:47:27.092Z"}
{"context":"RouterExplorer","level":"info","message":"Mapped {/permissions, GET} route","timestamp":"2026-05-05T14:47:27.092Z"}
{"context":"RouterExplorer","level":"info","message":"Mapped {/permissions/:id, PATCH} route","timestamp":"2026-05-05T14:47:27.092Z"}
{"context":"RouterExplorer","level":"info","message":"Mapped {/permissions/:id, DELETE} route","timestamp":"2026-05-05T14:47:27.093Z"}
{"context":"RoutesResolver","level":"info","message":"AuthController {/auth}:","timestamp":"2026-05-05T14:47:27.093Z"}
{"context":"RouterExplorer","level":"info","message":"Mapped {/auth/register, POST} route","timestamp":"2026-05-05T14:47:27.093Z"}
{"context":"RouterExplorer","level":"info","message":"Mapped {/auth/login, POST} route","timestamp":"2026-05-05T14:47:27.093Z"}
{"context":"RouterExplorer","level":"info","message":"Mapped {/auth/refresh, POST} route","timestamp":"2026-05-05T14:47:27.093Z"}
{"context":"RouterExplorer","level":"info","message":"Mapped {/auth/logout, POST} route","timestamp":"2026-05-05T14:47:27.094Z"}
{"context":"RouterExplorer","level":"info","message":"Mapped {/auth/me, GET} route","timestamp":"2026-05-05T14:47:27.094Z"}
{"context":"RouterExplorer","level":"info","message":"Mapped {/auth/me/password, PATCH} route","timestamp":"2026-05-05T14:47:27.094Z"}
{"context":"RoutesResolver","level":"info","message":"AttributeController {/attribute}:","timestamp":"2026-05-05T14:47:27.094Z"}
{"context":"RouterExplorer","level":"info","message":"Mapped {/attribute, POST} route","timestamp":"2026-05-05T14:47:27.094Z"}
{"context":"RouterExplorer","level":"info","message":"Mapped {/attribute, GET} route","timestamp":"2026-05-05T14:47:27.095Z"}
{"context":"RouterExplorer","level":"info","message":"Mapped {/attribute/:id, GET} route","timestamp":"2026-05-05T14:47:27.095Z"}
{"context":"RouterExplorer","level":"info","message":"Mapped {/attribute/:id, PATCH} route","timestamp":"2026-05-05T14:47:27.095Z"}
{"context":"RouterExplorer","level":"info","message":"Mapped {/attribute/:id, DELETE} route","timestamp":"2026-05-05T14:47:27.095Z"}
{"context":"PrismaService","level":"info","message":"Kết nối database thành công","timestamp":"2026-05-05T14:47:27.142Z"}
{"context":"NestApplication","level":"info","message":"Nest application successfully started","timestamp":"2026-05-05T14:47:27.145Z"}
{"level":"info","message":"Khởi tạo ứng dụng...","timestamp":"2026-05-05T14:47:27.991Z"}
{"context":"NestFactory","level":"info","message":"Starting Nest application...","timestamp":"2026-05-05T14:47:28.069Z"}
{"context":"InstanceLoader","level":"info","message":"PassportModule dependencies initialized","timestamp":"2026-05-05T14:47:28.077Z"}
{"context":"InstanceLoader","level":"info","message":"ConfigHostModule dependencies initialized","timestamp":"2026-05-05T14:47:28.078Z"}
{"context":"PrismaService","level":"info","message":"🔌 Prisma Connection String: postgresql://admin:******@localhost:5433/kyc_asset_db?schema=public","timestamp":"2026-05-05T14:47:28.081Z"}
{"context":"InstanceLoader","level":"info","message":"AppModule dependencies initialized","timestamp":"2026-05-05T14:47:28.082Z"}
{"context":"InstanceLoader","level":"info","message":"ConfigModule dependencies initialized","timestamp":"2026-05-05T14:47:28.082Z"}
{"context":"InstanceLoader","level":"info","message":"CommonModule dependencies initialized","timestamp":"2026-05-05T14:47:28.082Z"}
{"context":"InstanceLoader","level":"info","message":"JwtModule dependencies initialized","timestamp":"2026-05-05T14:47:28.082Z"}
{"context":"InstanceLoader","level":"info","message":"PrismaModule dependencies initialized","timestamp":"2026-05-05T14:47:28.083Z"}
{"context":"InstanceLoader","level":"info","message":"WhitelistIpModule dependencies initialized","timestamp":"2026-05-05T14:47:28.084Z"}
{"context":"InstanceLoader","level":"info","message":"AttributeModule dependencies initialized","timestamp":"2026-05-05T14:47:28.084Z"}
{"context":"InstanceLoader","level":"info","message":"UsersModule dependencies initialized","timestamp":"2026-05-05T14:47:28.084Z"}
{"context":"InstanceLoader","level":"info","message":"RolesModule dependencies initialized","timestamp":"2026-05-05T14:47:28.084Z"}
{"context":"InstanceLoader","level":"info","message":"PermissionsModule dependencies initialized","timestamp":"2026-05-05T14:47:28.084Z"}
{"context":"InstanceLoader","level":"info","message":"AuthModule dependencies initialized","timestamp":"2026-05-05T14:47:28.084Z"}
{"context":"RoutesResolver","level":"info","message":"AppController {/}:","timestamp":"2026-05-05T14:47:28.107Z"}
{"context":"RouterExplorer","level":"info","message":"Mapped {/, GET} route","timestamp":"2026-05-05T14:47:28.108Z"}
{"context":"RoutesResolver","level":"info","message":"UsersController {/users}:","timestamp":"2026-05-05T14:47:28.108Z"}
{"context":"RouterExplorer","level":"info","message":"Mapped {/users, POST} route","timestamp":"2026-05-05T14:47:28.109Z"}
{"context":"RouterExplorer","level":"info","message":"Mapped {/users, GET} route","timestamp":"2026-05-05T14:47:28.109Z"}
{"context":"RouterExplorer","level":"info","message":"Mapped {/users/:id, GET} route","timestamp":"2026-05-05T14:47:28.109Z"}
{"context":"RouterExplorer","level":"info","message":"Mapped {/users/:id, PATCH} route","timestamp":"2026-05-05T14:47:28.109Z"}
{"context":"RouterExplorer","level":"info","message":"Mapped {/users/:id, DELETE} route","timestamp":"2026-05-05T14:47:28.109Z"}
{"context":"RoutesResolver","level":"info","message":"WhitelistIpController {/whitelist-ip}:","timestamp":"2026-05-05T14:47:28.110Z"}
{"context":"RouterExplorer","level":"info","message":"Mapped {/whitelist-ip, POST} route","timestamp":"2026-05-05T14:47:28.110Z"}
{"context":"RouterExplorer","level":"info","message":"Mapped {/whitelist-ip, GET} route","timestamp":"2026-05-05T14:47:28.110Z"}
{"context":"RouterExplorer","level":"info","message":"Mapped {/whitelist-ip/:id, GET} route","timestamp":"2026-05-05T14:47:28.110Z"}
{"context":"RouterExplorer","level":"info","message":"Mapped {/whitelist-ip/:id, PATCH} route","timestamp":"2026-05-05T14:47:28.110Z"}
{"context":"RouterExplorer","level":"info","message":"Mapped {/whitelist-ip/:id, DELETE} route","timestamp":"2026-05-05T14:47:28.111Z"}
{"context":"RoutesResolver","level":"info","message":"RolesController {/roles}:","timestamp":"2026-05-05T14:47:28.111Z"}
{"context":"RouterExplorer","level":"info","message":"Mapped {/roles, POST} route","timestamp":"2026-05-05T14:47:28.111Z"}
{"context":"RouterExplorer","level":"info","message":"Mapped {/roles, GET} route","timestamp":"2026-05-05T14:47:28.111Z"}
{"context":"RouterExplorer","level":"info","message":"Mapped {/roles/:id, GET} route","timestamp":"2026-05-05T14:47:28.111Z"}
{"context":"RouterExplorer","level":"info","message":"Mapped {/roles/:id, PATCH} route","timestamp":"2026-05-05T14:47:28.111Z"}
{"context":"RouterExplorer","level":"info","message":"Mapped {/roles/:id, DELETE} route","timestamp":"2026-05-05T14:47:28.111Z"}
{"context":"RoutesResolver","level":"info","message":"PermissionsController {/permissions}:","timestamp":"2026-05-05T14:47:28.111Z"}
{"context":"RouterExplorer","level":"info","message":"Mapped {/permissions, POST} route","timestamp":"2026-05-05T14:47:28.112Z"}
{"context":"RouterExplorer","level":"info","message":"Mapped {/permissions, GET} route","timestamp":"2026-05-05T14:47:28.112Z"}
{"context":"RouterExplorer","level":"info","message":"Mapped {/permissions/:id, PATCH} route","timestamp":"2026-05-05T14:47:28.112Z"}
{"context":"RouterExplorer","level":"info","message":"Mapped {/permissions/:id, DELETE} route","timestamp":"2026-05-05T14:47:28.112Z"}
{"context":"RoutesResolver","level":"info","message":"AuthController {/auth}:","timestamp":"2026-05-05T14:47:28.112Z"}
{"context":"RouterExplorer","level":"info","message":"Mapped {/auth/register, POST} route","timestamp":"2026-05-05T14:47:28.113Z"}
{"context":"RouterExplorer","level":"info","message":"Mapped {/auth/login, POST} route","timestamp":"2026-05-05T14:47:28.113Z"}
{"context":"RouterExplorer","level":"info","message":"Mapped {/auth/refresh, POST} route","timestamp":"2026-05-05T14:47:28.113Z"}
{"context":"RouterExplorer","level":"info","message":"Mapped {/auth/logout, POST} route","timestamp":"2026-05-05T14:47:28.113Z"}
{"context":"RouterExplorer","level":"info","message":"Mapped {/auth/me, GET} route","timestamp":"2026-05-05T14:47:28.113Z"}
{"context":"RouterExplorer","level":"info","message":"Mapped {/auth/me/password, PATCH} route","timestamp":"2026-05-05T14:47:28.113Z"}
{"context":"RoutesResolver","level":"info","message":"AttributeController {/attribute}:","timestamp":"2026-05-05T14:47:28.113Z"}
{"context":"RouterExplorer","level":"info","message":"Mapped {/attribute, POST} route","timestamp":"2026-05-05T14:47:28.114Z"}
{"context":"RouterExplorer","level":"info","message":"Mapped {/attribute, GET} route","timestamp":"2026-05-05T14:47:28.114Z"}
{"context":"RouterExplorer","level":"info","message":"Mapped {/attribute/:id, GET} route","timestamp":"2026-05-05T14:47:28.114Z"}
{"context":"RouterExplorer","level":"info","message":"Mapped {/attribute/:id, PATCH} route","timestamp":"2026-05-05T14:47:28.114Z"}
{"context":"RouterExplorer","level":"info","message":"Mapped {/attribute/:id, DELETE} route","timestamp":"2026-05-05T14:47:28.114Z"}
{"context":"PrismaService","level":"info","message":"Kết nối database thành công","timestamp":"2026-05-05T14:47:28.157Z"}
{"context":"NestApplication","level":"info","message":"Nest application successfully started","timestamp":"2026-05-05T14:47:28.161Z"}
{"level":"info","message":"Khởi tạo ứng dụng...","timestamp":"2026-05-05T14:47:29.362Z"}
{"context":"NestFactory","level":"info","message":"Starting Nest application...","timestamp":"2026-05-05T14:47:29.433Z"}
{"context":"InstanceLoader","level":"info","message":"PassportModule dependencies initialized","timestamp":"2026-05-05T14:47:29.441Z"}
{"context":"InstanceLoader","level":"info","message":"ConfigHostModule dependencies initialized","timestamp":"2026-05-05T14:47:29.441Z"}
{"context":"PrismaService","level":"info","message":"🔌 Prisma Connection String: postgresql://admin:******@localhost:5433/kyc_asset_db?schema=public","timestamp":"2026-05-05T14:47:29.444Z"}
{"context":"InstanceLoader","level":"info","message":"AppModule dependencies initialized","timestamp":"2026-05-05T14:47:29.444Z"}
{"context":"InstanceLoader","level":"info","message":"ConfigModule dependencies initialized","timestamp":"2026-05-05T14:47:29.444Z"}
{"context":"InstanceLoader","level":"info","message":"CommonModule dependencies initialized","timestamp":"2026-05-05T14:47:29.444Z"}
{"context":"InstanceLoader","level":"info","message":"JwtModule dependencies initialized","timestamp":"2026-05-05T14:47:29.445Z"}
{"context":"InstanceLoader","level":"info","message":"PrismaModule dependencies initialized","timestamp":"2026-05-05T14:47:29.445Z"}
{"context":"InstanceLoader","level":"info","message":"WhitelistIpModule dependencies initialized","timestamp":"2026-05-05T14:47:29.446Z"}
{"context":"InstanceLoader","level":"info","message":"AttributeModule dependencies initialized","timestamp":"2026-05-05T14:47:29.446Z"}
{"context":"InstanceLoader","level":"info","message":"UsersModule dependencies initialized","timestamp":"2026-05-05T14:47:29.446Z"}
{"context":"InstanceLoader","level":"info","message":"RolesModule dependencies initialized","timestamp":"2026-05-05T14:47:29.447Z"}
{"context":"InstanceLoader","level":"info","message":"PermissionsModule dependencies initialized","timestamp":"2026-05-05T14:47:29.447Z"}
{"context":"InstanceLoader","level":"info","message":"AuthModule dependencies initialized","timestamp":"2026-05-05T14:47:29.447Z"}
{"context":"RoutesResolver","level":"info","message":"AppController {/}:","timestamp":"2026-05-05T14:47:29.469Z"}
{"context":"RouterExplorer","level":"info","message":"Mapped {/, GET} route","timestamp":"2026-05-05T14:47:29.470Z"}
{"context":"RoutesResolver","level":"info","message":"UsersController {/users}:","timestamp":"2026-05-05T14:47:29.470Z"}
{"context":"RouterExplorer","level":"info","message":"Mapped {/users, POST} route","timestamp":"2026-05-05T14:47:29.470Z"}
{"context":"RouterExplorer","level":"info","message":"Mapped {/users, GET} route","timestamp":"2026-05-05T14:47:29.470Z"}
{"context":"RouterExplorer","level":"info","message":"Mapped {/users/:id, GET} route","timestamp":"2026-05-05T14:47:29.471Z"}
{"context":"RouterExplorer","level":"info","message":"Mapped {/users/:id, PATCH} route","timestamp":"2026-05-05T14:47:29.471Z"}
{"context":"RouterExplorer","level":"info","message":"Mapped {/users/:id, DELETE} route","timestamp":"2026-05-05T14:47:29.471Z"}
{"context":"RoutesResolver","level":"info","message":"WhitelistIpController {/whitelist-ip}:","timestamp":"2026-05-05T14:47:29.471Z"}
{"context":"RouterExplorer","level":"info","message":"Mapped {/whitelist-ip, POST} route","timestamp":"2026-05-05T14:47:29.472Z"}
{"context":"RouterExplorer","level":"info","message":"Mapped {/whitelist-ip, GET} route","timestamp":"2026-05-05T14:47:29.472Z"}
{"context":"RouterExplorer","level":"info","message":"Mapped {/whitelist-ip/:id, GET} route","timestamp":"2026-05-05T14:47:29.472Z"}
{"context":"RouterExplorer","level":"info","message":"Mapped {/whitelist-ip/:id, PATCH} route","timestamp":"2026-05-05T14:47:29.472Z"}
{"context":"RouterExplorer","level":"info","message":"Mapped {/whitelist-ip/:id, DELETE} route","timestamp":"2026-05-05T14:47:29.472Z"}
{"context":"RoutesResolver","level":"info","message":"RolesController {/roles}:","timestamp":"2026-05-05T14:47:29.473Z"}
{"context":"RouterExplorer","level":"info","message":"Mapped {/roles, POST} route","timestamp":"2026-05-05T14:47:29.473Z"}
{"context":"RouterExplorer","level":"info","message":"Mapped {/roles, GET} route","timestamp":"2026-05-05T14:47:29.473Z"}
{"context":"RouterExplorer","level":"info","message":"Mapped {/roles/:id, GET} route","timestamp":"2026-05-05T14:47:29.473Z"}
{"context":"RouterExplorer","level":"info","message":"Mapped {/roles/:id, PATCH} route","timestamp":"2026-05-05T14:47:29.473Z"}
{"context":"RouterExplorer","level":"info","message":"Mapped {/roles/:id, DELETE} route","timestamp":"2026-05-05T14:47:29.473Z"}
{"context":"RoutesResolver","level":"info","message":"PermissionsController {/permissions}:","timestamp":"2026-05-05T14:47:29.474Z"}
{"context":"RouterExplorer","level":"info","message":"Mapped {/permissions, POST} route","timestamp":"2026-05-05T14:47:29.474Z"}
{"context":"RouterExplorer","level":"info","message":"Mapped {/permissions, GET} route","timestamp":"2026-05-05T14:47:29.474Z"}
{"context":"RouterExplorer","level":"info","message":"Mapped {/permissions/:id, PATCH} route","timestamp":"2026-05-05T14:47:29.474Z"}
{"context":"RouterExplorer","level":"info","message":"Mapped {/permissions/:id, DELETE} route","timestamp":"2026-05-05T14:47:29.474Z"}
{"context":"RoutesResolver","level":"info","message":"AuthController {/auth}:","timestamp":"2026-05-05T14:47:29.475Z"}
{"context":"RouterExplorer","level":"info","message":"Mapped {/auth/register, POST} route","timestamp":"2026-05-05T14:47:29.475Z"}
{"context":"RouterExplorer","level":"info","message":"Mapped {/auth/login, POST} route","timestamp":"2026-05-05T14:47:29.475Z"}
{"context":"RouterExplorer","level":"info","message":"Mapped {/auth/refresh, POST} route","timestamp":"2026-05-05T14:47:29.475Z"}
{"context":"RouterExplorer","level":"info","message":"Mapped {/auth/logout, POST} route","timestamp":"2026-05-05T14:47:29.475Z"}
{"context":"RouterExplorer","level":"info","message":"Mapped {/auth/me, GET} route","timestamp":"2026-05-05T14:47:29.475Z"}
{"context":"RouterExplorer","level":"info","message":"Mapped {/auth/me/password, PATCH} route","timestamp":"2026-05-05T14:47:29.475Z"}
{"context":"RoutesResolver","level":"info","message":"AttributeController {/attribute}:","timestamp":"2026-05-05T14:47:29.476Z"}
{"context":"RouterExplorer","level":"info","message":"Mapped {/attribute, POST} route","timestamp":"2026-05-05T14:47:29.476Z"}
{"context":"RouterExplorer","level":"info","message":"Mapped {/attribute, GET} route","timestamp":"2026-05-05T14:47:29.476Z"}
{"context":"RouterExplorer","level":"info","message":"Mapped {/attribute/:id, GET} route","timestamp":"2026-05-05T14:47:29.476Z"}
{"context":"RouterExplorer","level":"info","message":"Mapped {/attribute/:id, PATCH} route","timestamp":"2026-05-05T14:47:29.476Z"}
{"context":"RouterExplorer","level":"info","message":"Mapped {/attribute/:id, DELETE} route","timestamp":"2026-05-05T14:47:29.476Z"}
{"context":"PrismaService","level":"info","message":"Kết nối database thành công","timestamp":"2026-05-05T14:47:29.518Z"}
{"context":"NestApplication","level":"info","message":"Nest application successfully started","timestamp":"2026-05-05T14:47:29.521Z"}
{"level":"info","message":"Khởi tạo ứng dụng...","timestamp":"2026-05-05T14:48:17.634Z"}
{"context":"NestFactory","level":"info","message":"Starting Nest application...","timestamp":"2026-05-05T14:48:17.707Z"}
{"context":"InstanceLoader","level":"info","message":"PassportModule dependencies initialized","timestamp":"2026-05-05T14:48:17.715Z"}
{"context":"InstanceLoader","level":"info","message":"ConfigHostModule dependencies initialized","timestamp":"2026-05-05T14:48:17.715Z"}
{"context":"InstanceLoader","level":"info","message":"AppModule dependencies initialized","timestamp":"2026-05-05T14:48:17.716Z"}
{"context":"PrismaService","level":"info","message":"🔌 Prisma Connection String: postgresql://admin:******@localhost:5433/kyc_asset_db?schema=public","timestamp":"2026-05-05T14:48:17.718Z"}
{"context":"InstanceLoader","level":"info","message":"ConfigModule dependencies initialized","timestamp":"2026-05-05T14:48:17.718Z"}
{"context":"InstanceLoader","level":"info","message":"CommonModule dependencies initialized","timestamp":"2026-05-05T14:48:17.718Z"}
{"context":"InstanceLoader","level":"info","message":"JwtModule dependencies initialized","timestamp":"2026-05-05T14:48:17.719Z"}
{"context":"InstanceLoader","level":"info","message":"PrismaModule dependencies initialized","timestamp":"2026-05-05T14:48:17.719Z"}
{"context":"InstanceLoader","level":"info","message":"WhitelistIpModule dependencies initialized","timestamp":"2026-05-05T14:48:17.721Z"}
{"context":"InstanceLoader","level":"info","message":"AttributeModule dependencies initialized","timestamp":"2026-05-05T14:48:17.721Z"}
{"context":"InstanceLoader","level":"info","message":"UsersModule dependencies initialized","timestamp":"2026-05-05T14:48:17.721Z"}
{"context":"InstanceLoader","level":"info","message":"RolesModule dependencies initialized","timestamp":"2026-05-05T14:48:17.721Z"}
{"context":"InstanceLoader","level":"info","message":"PermissionsModule dependencies initialized","timestamp":"2026-05-05T14:48:17.721Z"}
{"context":"InstanceLoader","level":"info","message":"AuthModule dependencies initialized","timestamp":"2026-05-05T14:48:17.721Z"}
{"context":"RoutesResolver","level":"info","message":"AppController {/ping}:","timestamp":"2026-05-05T14:48:17.744Z"}
{"context":"RouterExplorer","level":"info","message":"Mapped {/ping, GET} route","timestamp":"2026-05-05T14:48:17.745Z"}
{"context":"RoutesResolver","level":"info","message":"UsersController {/users}:","timestamp":"2026-05-05T14:48:17.746Z"}
{"context":"RouterExplorer","level":"info","message":"Mapped {/users, POST} route","timestamp":"2026-05-05T14:48:17.746Z"}
{"context":"RouterExplorer","level":"info","message":"Mapped {/users, GET} route","timestamp":"2026-05-05T14:48:17.746Z"}
{"context":"RouterExplorer","level":"info","message":"Mapped {/users/:id, GET} route","timestamp":"2026-05-05T14:48:17.746Z"}
{"context":"RouterExplorer","level":"info","message":"Mapped {/users/:id, PATCH} route","timestamp":"2026-05-05T14:48:17.747Z"}
{"context":"RouterExplorer","level":"info","message":"Mapped {/users/:id, DELETE} route","timestamp":"2026-05-05T14:48:17.747Z"}
{"context":"RoutesResolver","level":"info","message":"WhitelistIpController {/whitelist-ip}:","timestamp":"2026-05-05T14:48:17.747Z"}
{"context":"RouterExplorer","level":"info","message":"Mapped {/whitelist-ip, POST} route","timestamp":"2026-05-05T14:48:17.747Z"}
{"context":"RouterExplorer","level":"info","message":"Mapped {/whitelist-ip, GET} route","timestamp":"2026-05-05T14:48:17.747Z"}
{"context":"RouterExplorer","level":"info","message":"Mapped {/whitelist-ip/:id, GET} route","timestamp":"2026-05-05T14:48:17.747Z"}
{"context":"RouterExplorer","level":"info","message":"Mapped {/whitelist-ip/:id, PATCH} route","timestamp":"2026-05-05T14:48:17.748Z"}
{"context":"RouterExplorer","level":"info","message":"Mapped {/whitelist-ip/:id, DELETE} route","timestamp":"2026-05-05T14:48:17.748Z"}
{"context":"RoutesResolver","level":"info","message":"RolesController {/roles}:","timestamp":"2026-05-05T14:48:17.748Z"}
{"context":"RouterExplorer","level":"info","message":"Mapped {/roles, POST} route","timestamp":"2026-05-05T14:48:17.748Z"}
{"context":"RouterExplorer","level":"info","message":"Mapped {/roles, GET} route","timestamp":"2026-05-05T14:48:17.748Z"}
{"context":"RouterExplorer","level":"info","message":"Mapped {/roles/:id, GET} route","timestamp":"2026-05-05T14:48:17.748Z"}
{"context":"RouterExplorer","level":"info","message":"Mapped {/roles/:id, PATCH} route","timestamp":"2026-05-05T14:48:17.748Z"}
{"context":"RouterExplorer","level":"info","message":"Mapped {/roles/:id, DELETE} route","timestamp":"2026-05-05T14:48:17.749Z"}
{"context":"RoutesResolver","level":"info","message":"PermissionsController {/permissions}:","timestamp":"2026-05-05T14:48:17.749Z"}
{"context":"RouterExplorer","level":"info","message":"Mapped {/permissions, POST} route","timestamp":"2026-05-05T14:48:17.749Z"}
{"context":"RouterExplorer","level":"info","message":"Mapped {/permissions, GET} route","timestamp":"2026-05-05T14:48:17.749Z"}
{"context":"RouterExplorer","level":"info","message":"Mapped {/permissions/:id, PATCH} route","timestamp":"2026-05-05T14:48:17.749Z"}
{"context":"RouterExplorer","level":"info","message":"Mapped {/permissions/:id, DELETE} route","timestamp":"2026-05-05T14:48:17.749Z"}
{"context":"RoutesResolver","level":"info","message":"AuthController {/auth}:","timestamp":"2026-05-05T14:48:17.750Z"}
{"context":"RouterExplorer","level":"info","message":"Mapped {/auth/register, POST} route","timestamp":"2026-05-05T14:48:17.750Z"}
{"context":"RouterExplorer","level":"info","message":"Mapped {/auth/login, POST} route","timestamp":"2026-05-05T14:48:17.750Z"}
{"context":"RouterExplorer","level":"info","message":"Mapped {/auth/refresh, POST} route","timestamp":"2026-05-05T14:48:17.750Z"}
{"context":"RouterExplorer","level":"info","message":"Mapped {/auth/logout, POST} route","timestamp":"2026-05-05T14:48:17.750Z"}
{"context":"RouterExplorer","level":"info","message":"Mapped {/auth/me, GET} route","timestamp":"2026-05-05T14:48:17.751Z"}
{"context":"RouterExplorer","level":"info","message":"Mapped {/auth/me/password, PATCH} route","timestamp":"2026-05-05T14:48:17.751Z"}
{"context":"RoutesResolver","level":"info","message":"AttributeController {/attribute}:","timestamp":"2026-05-05T14:48:17.751Z"}
{"context":"RouterExplorer","level":"info","message":"Mapped {/attribute, POST} route","timestamp":"2026-05-05T14:48:17.751Z"}
{"context":"RouterExplorer","level":"info","message":"Mapped {/attribute, GET} route","timestamp":"2026-05-05T14:48:17.751Z"}
{"context":"RouterExplorer","level":"info","message":"Mapped {/attribute/:id, GET} route","timestamp":"2026-05-05T14:48:17.751Z"}
{"context":"RouterExplorer","level":"info","message":"Mapped {/attribute/:id, PATCH} route","timestamp":"2026-05-05T14:48:17.751Z"}
{"context":"RouterExplorer","level":"info","message":"Mapped {/attribute/:id, DELETE} route","timestamp":"2026-05-05T14:48:17.752Z"}
{"context":"PrismaService","level":"info","message":"Kết nối database thành công","timestamp":"2026-05-05T14:48:17.793Z"}
{"context":"NestApplication","level":"info","message":"Nest application successfully started","timestamp":"2026-05-05T14:48:17.794Z"}
{"context":"LoggerMiddleware","level":"warn","message":"[RequestID: 9d228b1e-d0eb-4858-a38c-c12870a2cb9d] GET /.well-known/appspecific/com.chrome.devtools.json | Status: 404 | Duration: 2ms | IP: ::1 | UserAgent: Mozilla/5.0 (Windows NT 10.0; Win64; x64) AppleWebKit/537.36 (KHTML, like Gecko) Chrome/147.0.0.0 Safari/537.36","requestId":"9d228b1e-d0eb-4858-a38c-c12870a2cb9d","timestamp":"2026-05-05T14:48:42.639Z"}
{"context":"AccessTokenGuard","level":"info","message":"isPublic: undefined","requestId":"2938439c-c9f3-47ac-8761-6d77b07783c2","timestamp":"2026-05-05T14:48:49.000Z"}
{"context":"AccessTokenStrategy","level":"info","message":"user: {\"id\":\"cc6d2974-22cf-4b0b-9590-4b701cfa3c00\",\"username\":\"customer_001\",\"hashed_password\":\"scrypt:61b7465b5cc602c81ecaa66e31f0f570:064a122e33f58ab9bedcc806f62492b81e4451665c71c7dc3a5afd28b63aa6017713b59fb84dc9594c530b3bbe79c2bf5c738ae510f3152bf09f34a3b6d02482\",\"displayName\":\"Nguyễn Văn A\",\"token_version\":5,\"isActive\":true,\"createdAt\":\"2026-05-03T15:37:18.203Z\",\"updatedAt\":\"2026-05-04T09:10:04.759Z\",\"deletedAt\":null,\"roles\":[]}","requestId":"2938439c-c9f3-47ac-8761-6d77b07783c2","timestamp":"2026-05-05T14:48:49.050Z"}
{"context":"LoggerMiddleware","level":"info","message":"[RequestID: 2938439c-c9f3-47ac-8761-6d77b07783c2] GET /ping | Status: 200 | Duration: 52ms | IP: ::1 | UserAgent: Mozilla/5.0 (Windows NT 10.0; Win64; x64) AppleWebKit/537.36 (KHTML, like Gecko) Chrome/147.0.0.0 Safari/537.36","requestId":"2938439c-c9f3-47ac-8761-6d77b07783c2","timestamp":"2026-05-05T14:48:49.051Z"}
{"context":"AccessTokenGuard","level":"info","message":"isPublic: undefined","requestId":"693abdb9-80a5-4e96-b897-0de1fea58849","timestamp":"2026-05-05T14:49:07.149Z"}
{"context":"AccessTokenStrategy","level":"info","message":"user: {\"id\":\"cc6d2974-22cf-4b0b-9590-4b701cfa3c00\",\"username\":\"customer_001\",\"hashed_password\":\"scrypt:61b7465b5cc602c81ecaa66e31f0f570:064a122e33f58ab9bedcc806f62492b81e4451665c71c7dc3a5afd28b63aa6017713b59fb84dc9594c530b3bbe79c2bf5c738ae510f3152bf09f34a3b6d02482\",\"displayName\":\"Nguyễn Văn A\",\"token_version\":5,\"isActive\":true,\"createdAt\":\"2026-05-03T15:37:18.203Z\",\"updatedAt\":\"2026-05-04T09:10:04.759Z\",\"deletedAt\":null,\"roles\":[]}","requestId":"693abdb9-80a5-4e96-b897-0de1fea58849","timestamp":"2026-05-05T14:49:07.160Z"}
{"context":"AuthService","level":"info","message":"payload: {\"id\":\"cc6d2974-22cf-4b0b-9590-4b701cfa3c00\",\"username\":\"customer_001\",\"hashed_password\":\"scrypt:61b7465b5cc602c81ecaa66e31f0f570:064a122e33f58ab9bedcc806f62492b81e4451665c71c7dc3a5afd28b63aa6017713b59fb84dc9594c530b3bbe79c2bf5c738ae510f3152bf09f34a3b6d02482\",\"displayName\":\"Nguyễn Văn A\",\"token_version\":5,\"isActive\":true,\"createdAt\":\"2026-05-03T15:37:18.203Z\",\"updatedAt\":\"2026-05-04T09:10:04.759Z\",\"deletedAt\":null,\"roles\":[]}","requestId":"693abdb9-80a5-4e96-b897-0de1fea58849","timestamp":"2026-05-05T14:49:07.160Z"}
{"context":"AuthService","level":"info","message":"user: {\"id\":\"cc6d2974-22cf-4b0b-9590-4b701cfa3c00\",\"username\":\"customer_001\",\"hashed_password\":\"scrypt:61b7465b5cc602c81ecaa66e31f0f570:064a122e33f58ab9bedcc806f62492b81e4451665c71c7dc3a5afd28b63aa6017713b59fb84dc9594c530b3bbe79c2bf5c738ae510f3152bf09f34a3b6d02482\",\"displayName\":\"Nguyễn Văn A\",\"token_version\":5,\"isActive\":true,\"createdAt\":\"2026-05-03T15:37:18.203Z\",\"updatedAt\":\"2026-05-04T09:10:04.759Z\",\"deletedAt\":null,\"roles\":[]}","requestId":"693abdb9-80a5-4e96-b897-0de1fea58849","timestamp":"2026-05-05T14:49:07.164Z"}
{"context":"LoggerMiddleware","level":"info","message":"[RequestID: 693abdb9-80a5-4e96-b897-0de1fea58849] GET /auth/me | Status: 304 | Duration: 15ms | IP: ::1 | UserAgent: Mozilla/5.0 (Windows NT 10.0; Win64; x64) AppleWebKit/537.36 (KHTML, like Gecko) Chrome/147.0.0.0 Safari/537.36","requestId":"693abdb9-80a5-4e96-b897-0de1fea58849","timestamp":"2026-05-05T14:49:07.165Z"}
{"level":"info","message":"Khởi tạo ứng dụng...","timestamp":"2026-05-05T14:52:38.882Z"}
{"context":"NestFactory","level":"info","message":"Starting Nest application...","timestamp":"2026-05-05T14:52:38.954Z"}
{"context":"InstanceLoader","level":"info","message":"PassportModule dependencies initialized","timestamp":"2026-05-05T14:52:38.963Z"}
{"context":"InstanceLoader","level":"info","message":"ConfigHostModule dependencies initialized","timestamp":"2026-05-05T14:52:38.963Z"}
{"context":"InstanceLoader","level":"info","message":"AppModule dependencies initialized","timestamp":"2026-05-05T14:52:38.963Z"}
{"context":"PrismaService","level":"info","message":"🔌 Prisma Connection String: postgresql://admin:******@localhost:5433/kyc_asset_db?schema=public","timestamp":"2026-05-05T14:52:38.967Z"}
{"context":"InstanceLoader","level":"info","message":"ConfigModule dependencies initialized","timestamp":"2026-05-05T14:52:38.967Z"}
{"context":"InstanceLoader","level":"info","message":"CommonModule dependencies initialized","timestamp":"2026-05-05T14:52:38.967Z"}
{"context":"InstanceLoader","level":"info","message":"JwtModule dependencies initialized","timestamp":"2026-05-05T14:52:38.967Z"}
{"context":"InstanceLoader","level":"info","message":"PrismaModule dependencies initialized","timestamp":"2026-05-05T14:52:38.968Z"}
{"context":"InstanceLoader","level":"info","message":"WhitelistIpModule dependencies initialized","timestamp":"2026-05-05T14:52:38.969Z"}
{"context":"InstanceLoader","level":"info","message":"AttributeModule dependencies initialized","timestamp":"2026-05-05T14:52:38.969Z"}
{"context":"InstanceLoader","level":"info","message":"UsersModule dependencies initialized","timestamp":"2026-05-05T14:52:38.969Z"}
{"context":"InstanceLoader","level":"info","message":"RolesModule dependencies initialized","timestamp":"2026-05-05T14:52:38.969Z"}
{"context":"InstanceLoader","level":"info","message":"PermissionsModule dependencies initialized","timestamp":"2026-05-05T14:52:38.969Z"}
{"context":"InstanceLoader","level":"info","message":"AuthModule dependencies initialized","timestamp":"2026-05-05T14:52:38.969Z"}
{"context":"RoutesResolver","level":"info","message":"AppController {/ping}:","timestamp":"2026-05-05T14:52:38.992Z"}
{"context":"RouterExplorer","level":"info","message":"Mapped {/ping, GET} route","timestamp":"2026-05-05T14:52:38.993Z"}
{"context":"RoutesResolver","level":"info","message":"UsersController {/users}:","timestamp":"2026-05-05T14:52:38.993Z"}
{"context":"RouterExplorer","level":"info","message":"Mapped {/users, POST} route","timestamp":"2026-05-05T14:52:38.994Z"}
{"context":"RouterExplorer","level":"info","message":"Mapped {/users, GET} route","timestamp":"2026-05-05T14:52:38.994Z"}
{"context":"RouterExplorer","level":"info","message":"Mapped {/users/:id, GET} route","timestamp":"2026-05-05T14:52:38.994Z"}
{"context":"RouterExplorer","level":"info","message":"Mapped {/users/:id, PATCH} route","timestamp":"2026-05-05T14:52:38.995Z"}
{"context":"RouterExplorer","level":"info","message":"Mapped {/users/:id, DELETE} route","timestamp":"2026-05-05T14:52:38.995Z"}
{"context":"RoutesResolver","level":"info","message":"WhitelistIpController {/whitelist-ip}:","timestamp":"2026-05-05T14:52:38.995Z"}
{"context":"RouterExplorer","level":"info","message":"Mapped {/whitelist-ip, POST} route","timestamp":"2026-05-05T14:52:38.995Z"}
{"context":"RouterExplorer","level":"info","message":"Mapped {/whitelist-ip, GET} route","timestamp":"2026-05-05T14:52:38.995Z"}
{"context":"RouterExplorer","level":"info","message":"Mapped {/whitelist-ip/:id, GET} route","timestamp":"2026-05-05T14:52:38.995Z"}
{"context":"RouterExplorer","level":"info","message":"Mapped {/whitelist-ip/:id, PATCH} route","timestamp":"2026-05-05T14:52:38.996Z"}
{"context":"RouterExplorer","level":"info","message":"Mapped {/whitelist-ip/:id, DELETE} route","timestamp":"2026-05-05T14:52:38.996Z"}
{"context":"RoutesResolver","level":"info","message":"RolesController {/roles}:","timestamp":"2026-05-05T14:52:38.996Z"}
{"context":"RouterExplorer","level":"info","message":"Mapped {/roles, POST} route","timestamp":"2026-05-05T14:52:38.996Z"}
{"context":"RouterExplorer","level":"info","message":"Mapped {/roles, GET} route","timestamp":"2026-05-05T14:52:38.996Z"}
{"context":"RouterExplorer","level":"info","message":"Mapped {/roles/:id, GET} route","timestamp":"2026-05-05T14:52:38.996Z"}
{"context":"RouterExplorer","level":"info","message":"Mapped {/roles/:id, PATCH} route","timestamp":"2026-05-05T14:52:38.996Z"}
{"context":"RouterExplorer","level":"info","message":"Mapped {/roles/:id, DELETE} route","timestamp":"2026-05-05T14:52:38.997Z"}
{"context":"RoutesResolver","level":"info","message":"PermissionsController {/permissions}:","timestamp":"2026-05-05T14:52:38.997Z"}
{"context":"RouterExplorer","level":"info","message":"Mapped {/permissions, POST} route","timestamp":"2026-05-05T14:52:38.997Z"}
{"context":"RouterExplorer","level":"info","message":"Mapped {/permissions, GET} route","timestamp":"2026-05-05T14:52:38.997Z"}
{"context":"RouterExplorer","level":"info","message":"Mapped {/permissions/:id, PATCH} route","timestamp":"2026-05-05T14:52:38.997Z"}
{"context":"RouterExplorer","level":"info","message":"Mapped {/permissions/:id, DELETE} route","timestamp":"2026-05-05T14:52:38.997Z"}
{"context":"RoutesResolver","level":"info","message":"AuthController {/auth}:","timestamp":"2026-05-05T14:52:38.998Z"}
{"context":"RouterExplorer","level":"info","message":"Mapped {/auth/register, POST} route","timestamp":"2026-05-05T14:52:38.998Z"}
{"context":"RouterExplorer","level":"info","message":"Mapped {/auth/login, POST} route","timestamp":"2026-05-05T14:52:38.998Z"}
{"context":"RouterExplorer","level":"info","message":"Mapped {/auth/refresh, POST} route","timestamp":"2026-05-05T14:52:38.998Z"}
{"context":"RouterExplorer","level":"info","message":"Mapped {/auth/logout, POST} route","timestamp":"2026-05-05T14:52:38.998Z"}
{"context":"RouterExplorer","level":"info","message":"Mapped {/auth/me, GET} route","timestamp":"2026-05-05T14:52:38.999Z"}
{"context":"RouterExplorer","level":"info","message":"Mapped {/auth/me/password, PATCH} route","timestamp":"2026-05-05T14:52:38.999Z"}
{"context":"RoutesResolver","level":"info","message":"AttributeController {/attribute}:","timestamp":"2026-05-05T14:52:38.999Z"}
{"context":"RouterExplorer","level":"info","message":"Mapped {/attribute, POST} route","timestamp":"2026-05-05T14:52:38.999Z"}
{"context":"RouterExplorer","level":"info","message":"Mapped {/attribute, GET} route","timestamp":"2026-05-05T14:52:38.999Z"}
{"context":"RouterExplorer","level":"info","message":"Mapped {/attribute/:id, GET} route","timestamp":"2026-05-05T14:52:38.999Z"}
{"context":"RouterExplorer","level":"info","message":"Mapped {/attribute/:id, PATCH} route","timestamp":"2026-05-05T14:52:38.999Z"}
{"context":"RouterExplorer","level":"info","message":"Mapped {/attribute/:id, DELETE} route","timestamp":"2026-05-05T14:52:38.999Z"}
{"context":"PrismaService","level":"info","message":"Kết nối database thành công","timestamp":"2026-05-05T14:52:39.043Z"}
{"context":"NestApplication","level":"info","message":"Nest application successfully started","timestamp":"2026-05-05T14:52:39.046Z"}
{"level":"info","message":"Khởi tạo ứng dụng...","timestamp":"2026-05-05T14:53:28.312Z"}
{"context":"NestFactory","level":"info","message":"Starting Nest application...","timestamp":"2026-05-05T14:53:28.384Z"}
{"context":"InstanceLoader","level":"info","message":"PassportModule dependencies initialized","timestamp":"2026-05-05T14:53:28.392Z"}
{"context":"InstanceLoader","level":"info","message":"ConfigHostModule dependencies initialized","timestamp":"2026-05-05T14:53:28.393Z"}
{"context":"InstanceLoader","level":"info","message":"AppModule dependencies initialized","timestamp":"2026-05-05T14:53:28.393Z"}
{"context":"PrismaService","level":"info","message":"🔌 Prisma Connection String: postgresql://admin:******@localhost:5433/kyc_asset_db?schema=public","timestamp":"2026-05-05T14:53:28.396Z"}
{"context":"InstanceLoader","level":"info","message":"ConfigModule dependencies initialized","timestamp":"2026-05-05T14:53:28.396Z"}
{"context":"InstanceLoader","level":"info","message":"CommonModule dependencies initialized","timestamp":"2026-05-05T14:53:28.397Z"}
{"context":"InstanceLoader","level":"info","message":"JwtModule dependencies initialized","timestamp":"2026-05-05T14:53:28.397Z"}
{"context":"InstanceLoader","level":"info","message":"PrismaModule dependencies initialized","timestamp":"2026-05-05T14:53:28.398Z"}
{"context":"InstanceLoader","level":"info","message":"WhitelistIpModule dependencies initialized","timestamp":"2026-05-05T14:53:28.399Z"}
{"context":"InstanceLoader","level":"info","message":"AttributeModule dependencies initialized","timestamp":"2026-05-05T14:53:28.399Z"}
{"context":"InstanceLoader","level":"info","message":"UsersModule dependencies initialized","timestamp":"2026-05-05T14:53:28.399Z"}
{"context":"InstanceLoader","level":"info","message":"RolesModule dependencies initialized","timestamp":"2026-05-05T14:53:28.399Z"}
{"context":"InstanceLoader","level":"info","message":"PermissionsModule dependencies initialized","timestamp":"2026-05-05T14:53:28.399Z"}
{"context":"InstanceLoader","level":"info","message":"AuthModule dependencies initialized","timestamp":"2026-05-05T14:53:28.399Z"}
{"context":"RoutesResolver","level":"info","message":"AppController {/ping}:","timestamp":"2026-05-05T14:53:28.421Z"}
{"context":"RouterExplorer","level":"info","message":"Mapped {/ping, GET} route","timestamp":"2026-05-05T14:53:28.422Z"}
{"context":"RoutesResolver","level":"info","message":"UsersController {/users}:","timestamp":"2026-05-05T14:53:28.422Z"}
{"context":"RouterExplorer","level":"info","message":"Mapped {/users, POST} route","timestamp":"2026-05-05T14:53:28.423Z"}
{"context":"RouterExplorer","level":"info","message":"Mapped {/users, GET} route","timestamp":"2026-05-05T14:53:28.424Z"}
{"context":"RouterExplorer","level":"info","message":"Mapped {/users/:id, GET} route","timestamp":"2026-05-05T14:53:28.424Z"}
{"context":"RouterExplorer","level":"info","message":"Mapped {/users/:id, PATCH} route","timestamp":"2026-05-05T14:53:28.424Z"}
{"context":"RouterExplorer","level":"info","message":"Mapped {/users/:id, DELETE} route","timestamp":"2026-05-05T14:53:28.424Z"}
{"context":"RoutesResolver","level":"info","message":"WhitelistIpController {/whitelist-ip}:","timestamp":"2026-05-05T14:53:28.424Z"}
{"context":"RouterExplorer","level":"info","message":"Mapped {/whitelist-ip, POST} route","timestamp":"2026-05-05T14:53:28.425Z"}
{"context":"RouterExplorer","level":"info","message":"Mapped {/whitelist-ip, GET} route","timestamp":"2026-05-05T14:53:28.425Z"}
{"context":"RouterExplorer","level":"info","message":"Mapped {/whitelist-ip/:id, GET} route","timestamp":"2026-05-05T14:53:28.425Z"}
{"context":"RouterExplorer","level":"info","message":"Mapped {/whitelist-ip/:id, PATCH} route","timestamp":"2026-05-05T14:53:28.425Z"}
{"context":"RouterExplorer","level":"info","message":"Mapped {/whitelist-ip/:id, DELETE} route","timestamp":"2026-05-05T14:53:28.425Z"}
{"context":"RoutesResolver","level":"info","message":"RolesController {/roles}:","timestamp":"2026-05-05T14:53:28.426Z"}
{"context":"RouterExplorer","level":"info","message":"Mapped {/roles, POST} route","timestamp":"2026-05-05T14:53:28.426Z"}
{"context":"RouterExplorer","level":"info","message":"Mapped {/roles, GET} route","timestamp":"2026-05-05T14:53:28.426Z"}
{"context":"RouterExplorer","level":"info","message":"Mapped {/roles/:id, GET} route","timestamp":"2026-05-05T14:53:28.426Z"}
{"context":"RouterExplorer","level":"info","message":"Mapped {/roles/:id, PATCH} route","timestamp":"2026-05-05T14:53:28.426Z"}
{"context":"RouterExplorer","level":"info","message":"Mapped {/roles/:id, DELETE} route","timestamp":"2026-05-05T14:53:28.427Z"}
{"context":"RoutesResolver","level":"info","message":"PermissionsController {/permissions}:","timestamp":"2026-05-05T14:53:28.427Z"}
{"context":"RouterExplorer","level":"info","message":"Mapped {/permissions, POST} route","timestamp":"2026-05-05T14:53:28.427Z"}
{"context":"RouterExplorer","level":"info","message":"Mapped {/permissions, GET} route","timestamp":"2026-05-05T14:53:28.427Z"}
{"context":"RouterExplorer","level":"info","message":"Mapped {/permissions/:id, PATCH} route","timestamp":"2026-05-05T14:53:28.427Z"}
{"context":"RouterExplorer","level":"info","message":"Mapped {/permissions/:id, DELETE} route","timestamp":"2026-05-05T14:53:28.427Z"}
{"context":"RoutesResolver","level":"info","message":"AuthController {/auth}:","timestamp":"2026-05-05T14:53:28.428Z"}
{"context":"RouterExplorer","level":"info","message":"Mapped {/auth/register, POST} route","timestamp":"2026-05-05T14:53:28.428Z"}
{"context":"RouterExplorer","level":"info","message":"Mapped {/auth/login, POST} route","timestamp":"2026-05-05T14:53:28.428Z"}
{"context":"RouterExplorer","level":"info","message":"Mapped {/auth/refresh, POST} route","timestamp":"2026-05-05T14:53:28.428Z"}
{"context":"RouterExplorer","level":"info","message":"Mapped {/auth/logout, POST} route","timestamp":"2026-05-05T14:53:28.429Z"}
{"context":"RouterExplorer","level":"info","message":"Mapped {/auth/me, GET} route","timestamp":"2026-05-05T14:53:28.429Z"}
{"context":"RouterExplorer","level":"info","message":"Mapped {/auth/me/password, PATCH} route","timestamp":"2026-05-05T14:53:28.429Z"}
{"context":"RoutesResolver","level":"info","message":"AttributeController {/attribute}:","timestamp":"2026-05-05T14:53:28.429Z"}
{"context":"RouterExplorer","level":"info","message":"Mapped {/attribute, POST} route","timestamp":"2026-05-05T14:53:28.430Z"}
{"context":"RouterExplorer","level":"info","message":"Mapped {/attribute, GET} route","timestamp":"2026-05-05T14:53:28.430Z"}
{"context":"RouterExplorer","level":"info","message":"Mapped {/attribute/:id, GET} route","timestamp":"2026-05-05T14:53:28.430Z"}
{"context":"RouterExplorer","level":"info","message":"Mapped {/attribute/:id, PATCH} route","timestamp":"2026-05-05T14:53:28.430Z"}
{"context":"RouterExplorer","level":"info","message":"Mapped {/attribute/:id, DELETE} route","timestamp":"2026-05-05T14:53:28.430Z"}
{"context":"PrismaService","level":"info","message":"Kết nối database thành công","timestamp":"2026-05-05T14:53:28.472Z"}
{"context":"NestApplication","level":"info","message":"Nest application successfully started","timestamp":"2026-05-05T14:53:28.475Z"}
{"level":"info","message":"Khởi tạo ứng dụng...","timestamp":"2026-05-05T14:54:05.146Z"}
{"context":"NestFactory","level":"info","message":"Starting Nest application...","timestamp":"2026-05-05T14:54:05.216Z"}
{"context":"InstanceLoader","level":"info","message":"PassportModule dependencies initialized","timestamp":"2026-05-05T14:54:05.224Z"}
{"context":"InstanceLoader","level":"info","message":"ConfigHostModule dependencies initialized","timestamp":"2026-05-05T14:54:05.225Z"}
{"context":"InstanceLoader","level":"info","message":"AppModule dependencies initialized","timestamp":"2026-05-05T14:54:05.225Z"}
{"context":"PrismaService","level":"info","message":"🔌 Prisma Connection String: postgresql://admin:******@localhost:5433/kyc_asset_db?schema=public","timestamp":"2026-05-05T14:54:05.228Z"}
{"context":"InstanceLoader","level":"info","message":"ConfigModule dependencies initialized","timestamp":"2026-05-05T14:54:05.228Z"}
{"context":"InstanceLoader","level":"info","message":"CommonModule dependencies initialized","timestamp":"2026-05-05T14:54:05.228Z"}
{"context":"InstanceLoader","level":"info","message":"JwtModule dependencies initialized","timestamp":"2026-05-05T14:54:05.229Z"}
{"context":"InstanceLoader","level":"info","message":"PrismaModule dependencies initialized","timestamp":"2026-05-05T14:54:05.229Z"}
{"context":"InstanceLoader","level":"info","message":"WhitelistIpModule dependencies initialized","timestamp":"2026-05-05T14:54:05.230Z"}
{"context":"InstanceLoader","level":"info","message":"AttributeModule dependencies initialized","timestamp":"2026-05-05T14:54:05.230Z"}
{"context":"InstanceLoader","level":"info","message":"UsersModule dependencies initialized","timestamp":"2026-05-05T14:54:05.231Z"}
{"context":"InstanceLoader","level":"info","message":"RolesModule dependencies initialized","timestamp":"2026-05-05T14:54:05.231Z"}
{"context":"InstanceLoader","level":"info","message":"PermissionsModule dependencies initialized","timestamp":"2026-05-05T14:54:05.231Z"}
{"context":"InstanceLoader","level":"info","message":"AuthModule dependencies initialized","timestamp":"2026-05-05T14:54:05.231Z"}
{"context":"LegacyRouteConverter","level":"warn","message":"Unsupported route path: \"/api/v1/*\". In previous versions, the symbols ?, *, and + were used to denote optional or repeating path parameters. The latest version of \"path-to-regexp\" now requires the use of named parameters. For example, instead of using a route like /users/* to capture all routes starting with \"/users\", you should use /users/*path. For more details, refer to the migration guide. Attempting to auto-convert...","timestamp":"2026-05-05T14:54:05.253Z"}
{"context":"RoutesResolver","level":"info","message":"AppController {/api/v1/ping}:","timestamp":"2026-05-05T14:54:05.253Z"}
{"context":"RouterExplorer","level":"info","message":"Mapped {/api/v1/ping, GET} route","timestamp":"2026-05-05T14:54:05.254Z"}
{"context":"RoutesResolver","level":"info","message":"UsersController {/api/v1/users}:","timestamp":"2026-05-05T14:54:05.255Z"}
{"context":"RouterExplorer","level":"info","message":"Mapped {/api/v1/users, POST} route","timestamp":"2026-05-05T14:54:05.255Z"}
{"context":"RouterExplorer","level":"info","message":"Mapped {/api/v1/users, GET} route","timestamp":"2026-05-05T14:54:05.255Z"}
{"context":"RouterExplorer","level":"info","message":"Mapped {/api/v1/users/:id, GET} route","timestamp":"2026-05-05T14:54:05.256Z"}
{"context":"RouterExplorer","level":"info","message":"Mapped {/api/v1/users/:id, PATCH} route","timestamp":"2026-05-05T14:54:05.256Z"}
{"context":"RouterExplorer","level":"info","message":"Mapped {/api/v1/users/:id, DELETE} route","timestamp":"2026-05-05T14:54:05.256Z"}
{"context":"RoutesResolver","level":"info","message":"WhitelistIpController {/api/v1/whitelist-ip}:","timestamp":"2026-05-05T14:54:05.256Z"}
{"context":"RouterExplorer","level":"info","message":"Mapped {/api/v1/whitelist-ip, POST} route","timestamp":"2026-05-05T14:54:05.257Z"}
{"context":"RouterExplorer","level":"info","message":"Mapped {/api/v1/whitelist-ip, GET} route","timestamp":"2026-05-05T14:54:05.257Z"}
{"context":"RouterExplorer","level":"info","message":"Mapped {/api/v1/whitelist-ip/:id, GET} route","timestamp":"2026-05-05T14:54:05.257Z"}
{"context":"RouterExplorer","level":"info","message":"Mapped {/api/v1/whitelist-ip/:id, PATCH} route","timestamp":"2026-05-05T14:54:05.257Z"}
{"context":"RouterExplorer","level":"info","message":"Mapped {/api/v1/whitelist-ip/:id, DELETE} route","timestamp":"2026-05-05T14:54:05.258Z"}
{"context":"RoutesResolver","level":"info","message":"RolesController {/api/v1/roles}:","timestamp":"2026-05-05T14:54:05.258Z"}
{"context":"RouterExplorer","level":"info","message":"Mapped {/api/v1/roles, POST} route","timestamp":"2026-05-05T14:54:05.258Z"}
{"context":"RouterExplorer","level":"info","message":"Mapped {/api/v1/roles, GET} route","timestamp":"2026-05-05T14:54:05.258Z"}
{"context":"RouterExplorer","level":"info","message":"Mapped {/api/v1/roles/:id, GET} route","timestamp":"2026-05-05T14:54:05.258Z"}
{"context":"RouterExplorer","level":"info","message":"Mapped {/api/v1/roles/:id, PATCH} route","timestamp":"2026-05-05T14:54:05.259Z"}
{"context":"RouterExplorer","level":"info","message":"Mapped {/api/v1/roles/:id, DELETE} route","timestamp":"2026-05-05T14:54:05.259Z"}
{"context":"RoutesResolver","level":"info","message":"PermissionsController {/api/v1/permissions}:","timestamp":"2026-05-05T14:54:05.259Z"}
{"context":"RouterExplorer","level":"info","message":"Mapped {/api/v1/permissions, POST} route","timestamp":"2026-05-05T14:54:05.259Z"}
{"context":"RouterExplorer","level":"info","message":"Mapped {/api/v1/permissions, GET} route","timestamp":"2026-05-05T14:54:05.259Z"}
{"context":"RouterExplorer","level":"info","message":"Mapped {/api/v1/permissions/:id, PATCH} route","timestamp":"2026-05-05T14:54:05.259Z"}
{"context":"RouterExplorer","level":"info","message":"Mapped {/api/v1/permissions/:id, DELETE} route","timestamp":"2026-05-05T14:54:05.259Z"}
{"context":"RoutesResolver","level":"info","message":"AuthController {/api/v1/auth}:","timestamp":"2026-05-05T14:54:05.259Z"}
{"context":"RouterExplorer","level":"info","message":"Mapped {/api/v1/auth/register, POST} route","timestamp":"2026-05-05T14:54:05.260Z"}
{"context":"RouterExplorer","level":"info","message":"Mapped {/api/v1/auth/login, POST} route","timestamp":"2026-05-05T14:54:05.260Z"}
{"context":"RouterExplorer","level":"info","message":"Mapped {/api/v1/auth/refresh, POST} route","timestamp":"2026-05-05T14:54:05.260Z"}
{"context":"RouterExplorer","level":"info","message":"Mapped {/api/v1/auth/logout, POST} route","timestamp":"2026-05-05T14:54:05.260Z"}
{"context":"RouterExplorer","level":"info","message":"Mapped {/api/v1/auth/me, GET} route","timestamp":"2026-05-05T14:54:05.260Z"}
{"context":"RouterExplorer","level":"info","message":"Mapped {/api/v1/auth/me/password, PATCH} route","timestamp":"2026-05-05T14:54:05.260Z"}
{"context":"RoutesResolver","level":"info","message":"AttributeController {/api/v1/attribute}:","timestamp":"2026-05-05T14:54:05.260Z"}
{"context":"RouterExplorer","level":"info","message":"Mapped {/api/v1/attribute, POST} route","timestamp":"2026-05-05T14:54:05.261Z"}
{"context":"RouterExplorer","level":"info","message":"Mapped {/api/v1/attribute, GET} route","timestamp":"2026-05-05T14:54:05.261Z"}
{"context":"RouterExplorer","level":"info","message":"Mapped {/api/v1/attribute/:id, GET} route","timestamp":"2026-05-05T14:54:05.261Z"}
{"context":"RouterExplorer","level":"info","message":"Mapped {/api/v1/attribute/:id, PATCH} route","timestamp":"2026-05-05T14:54:05.261Z"}
{"context":"RouterExplorer","level":"info","message":"Mapped {/api/v1/attribute/:id, DELETE} route","timestamp":"2026-05-05T14:54:05.261Z"}
{"context":"PrismaService","level":"info","message":"Kết nối database thành công","timestamp":"2026-05-05T14:54:05.302Z"}
{"context":"NestApplication","level":"info","message":"Nest application successfully started","timestamp":"2026-05-05T14:54:05.306Z"}
{"context":"AccessTokenGuard","level":"info","message":"isPublic: undefined","requestId":"e916e001-2ba3-40ea-b288-564e893831ba","timestamp":"2026-05-05T14:54:16.538Z"}
{"context":"AccessTokenStrategy","level":"info","message":"user: {\"id\":\"cc6d2974-22cf-4b0b-9590-4b701cfa3c00\",\"username\":\"customer_001\",\"hashed_password\":\"scrypt:61b7465b5cc602c81ecaa66e31f0f570:064a122e33f58ab9bedcc806f62492b81e4451665c71c7dc3a5afd28b63aa6017713b59fb84dc9594c530b3bbe79c2bf5c738ae510f3152bf09f34a3b6d02482\",\"displayName\":\"Nguyễn Văn A\",\"token_version\":5,\"isActive\":true,\"createdAt\":\"2026-05-03T15:37:18.203Z\",\"updatedAt\":\"2026-05-04T09:10:04.759Z\",\"deletedAt\":null,\"roles\":[]}","requestId":"e916e001-2ba3-40ea-b288-564e893831ba","timestamp":"2026-05-05T14:54:16.592Z"}
{"context":"AuthService","level":"info","message":"payload: {\"id\":\"cc6d2974-22cf-4b0b-9590-4b701cfa3c00\",\"username\":\"customer_001\",\"hashed_password\":\"scrypt:61b7465b5cc602c81ecaa66e31f0f570:064a122e33f58ab9bedcc806f62492b81e4451665c71c7dc3a5afd28b63aa6017713b59fb84dc9594c530b3bbe79c2bf5c738ae510f3152bf09f34a3b6d02482\",\"displayName\":\"Nguyễn Văn A\",\"token_version\":5,\"isActive\":true,\"createdAt\":\"2026-05-03T15:37:18.203Z\",\"updatedAt\":\"2026-05-04T09:10:04.759Z\",\"deletedAt\":null,\"roles\":[]}","requestId":"e916e001-2ba3-40ea-b288-564e893831ba","timestamp":"2026-05-05T14:54:16.595Z"}
{"context":"AuthService","level":"info","message":"user: {\"id\":\"cc6d2974-22cf-4b0b-9590-4b701cfa3c00\",\"username\":\"customer_001\",\"hashed_password\":\"scrypt:61b7465b5cc602c81ecaa66e31f0f570:064a122e33f58ab9bedcc806f62492b81e4451665c71c7dc3a5afd28b63aa6017713b59fb84dc9594c530b3bbe79c2bf5c738ae510f3152bf09f34a3b6d02482\",\"displayName\":\"Nguyễn Văn A\",\"token_version\":5,\"isActive\":true,\"createdAt\":\"2026-05-03T15:37:18.203Z\",\"updatedAt\":\"2026-05-04T09:10:04.759Z\",\"deletedAt\":null,\"roles\":[]}","requestId":"e916e001-2ba3-40ea-b288-564e893831ba","timestamp":"2026-05-05T14:54:16.599Z"}
{"context":"LoggerMiddleware","level":"info","message":"[RequestID: e916e001-2ba3-40ea-b288-564e893831ba] GET /api/v1/auth/me | Status: 200 | Duration: 63ms | IP: ::1 | UserAgent: Mozilla/5.0 (Windows NT 10.0; Win64; x64) AppleWebKit/537.36 (KHTML, like Gecko) Chrome/147.0.0.0 Safari/537.36","requestId":"e916e001-2ba3-40ea-b288-564e893831ba","timestamp":"2026-05-05T14:54:16.600Z"}
{"context":"AccessTokenGuard","level":"info","message":"isPublic: true","requestId":"ae65b488-05ad-416c-8641-1b3a8dd6d87d","timestamp":"2026-05-05T14:54:50.330Z"}
{"context":"AccessTokenGuard","level":"info","message":"Public route, skipping authentication","requestId":"ae65b488-05ad-416c-8641-1b3a8dd6d87d","timestamp":"2026-05-05T14:54:50.330Z"}
{"context":"LoggerMiddleware","level":"info","message":"[RequestID: ae65b488-05ad-416c-8641-1b3a8dd6d87d] POST /api/v1/auth/login | Status: 201 | Duration: 58ms | IP: ::1 | UserAgent: Mozilla/5.0 (Windows NT 10.0; Win64; x64) AppleWebKit/537.36 (KHTML, like Gecko) Chrome/147.0.0.0 Safari/537.36","requestId":"ae65b488-05ad-416c-8641-1b3a8dd6d87d","timestamp":"2026-05-05T14:54:50.387Z"}
{"context":"AccessTokenGuard","level":"info","message":"isPublic: true","requestId":"13c62135-55bc-4b8a-9efa-bc07a1ddcc87","timestamp":"2026-05-05T14:56:25.548Z"}
{"context":"AccessTokenGuard","level":"info","message":"Public route, skipping authentication","requestId":"13c62135-55bc-4b8a-9efa-bc07a1ddcc87","timestamp":"2026-05-05T14:56:25.548Z"}
{"context":"LoggerMiddleware","level":"info","message":"[RequestID: 13c62135-55bc-4b8a-9efa-bc07a1ddcc87] POST /api/v1/auth/login | Status: 201 | Duration: 51ms | IP: ::1 | UserAgent: Mozilla/5.0 (Windows NT 10.0; Win64; x64) AppleWebKit/537.36 (KHTML, like Gecko) Chrome/147.0.0.0 Safari/537.36","requestId":"13c62135-55bc-4b8a-9efa-bc07a1ddcc87","timestamp":"2026-05-05T14:56:25.598Z"}
{"context":"AccessTokenGuard","level":"info","message":"isPublic: undefined","requestId":"cfaef680-6ed8-4651-aa15-ec512b106093","timestamp":"2026-05-05T14:56:26.055Z"}
{"context":"AccessTokenStrategy","level":"info","message":"user: {\"id\":\"cc6d2974-22cf-4b0b-9590-4b701cfa3c00\",\"username\":\"customer_001\",\"hashed_password\":\"scrypt:61b7465b5cc602c81ecaa66e31f0f570:064a122e33f58ab9bedcc806f62492b81e4451665c71c7dc3a5afd28b63aa6017713b59fb84dc9594c530b3bbe79c2bf5c738ae510f3152bf09f34a3b6d02482\",\"displayName\":\"Nguyễn Văn A\",\"token_version\":5,\"isActive\":true,\"createdAt\":\"2026-05-03T15:37:18.203Z\",\"updatedAt\":\"2026-05-04T09:10:04.759Z\",\"deletedAt\":null,\"roles\":[]}","requestId":"cfaef680-6ed8-4651-aa15-ec512b106093","timestamp":"2026-05-05T14:56:26.060Z"}
{"context":"LoggerMiddleware","level":"warn","message":"[RequestID: cfaef680-6ed8-4651-aa15-ec512b106093] GET /api/v1/users/me | Status: 400 | Duration: 9ms | IP: ::1 | UserAgent: Mozilla/5.0 (Windows NT 10.0; Win64; x64) AppleWebKit/537.36 (KHTML, like Gecko) Chrome/147.0.0.0 Safari/537.36","requestId":"cfaef680-6ed8-4651-aa15-ec512b106093","timestamp":"2026-05-05T14:56:26.063Z"}
{"context":"AccessTokenGuard","level":"info","message":"isPublic: true","requestId":"025a0b2b-a72d-4b9c-ab58-666414162515","timestamp":"2026-05-05T14:56:36.236Z"}
{"context":"AccessTokenGuard","level":"info","message":"Public route, skipping authentication","requestId":"025a0b2b-a72d-4b9c-ab58-666414162515","timestamp":"2026-05-05T14:56:36.236Z"}
{"context":"LoggerMiddleware","level":"info","message":"[RequestID: 025a0b2b-a72d-4b9c-ab58-666414162515] POST /api/v1/auth/login | Status: 201 | Duration: 46ms | IP: ::1 | UserAgent: Mozilla/5.0 (Windows NT 10.0; Win64; x64) AppleWebKit/537.36 (KHTML, like Gecko) Chrome/147.0.0.0 Safari/537.36","requestId":"025a0b2b-a72d-4b9c-ab58-666414162515","timestamp":"2026-05-05T14:56:36.282Z"}
{"context":"AccessTokenGuard","level":"info","message":"isPublic: undefined","requestId":"9eeb9a08-d287-4144-813f-9730a953e77c","timestamp":"2026-05-05T14:56:36.753Z"}
{"context":"AccessTokenStrategy","level":"info","message":"user: {\"id\":\"cc6d2974-22cf-4b0b-9590-4b701cfa3c00\",\"username\":\"customer_001\",\"hashed_password\":\"scrypt:61b7465b5cc602c81ecaa66e31f0f570:064a122e33f58ab9bedcc806f62492b81e4451665c71c7dc3a5afd28b63aa6017713b59fb84dc9594c530b3bbe79c2bf5c738ae510f3152bf09f34a3b6d02482\",\"displayName\":\"Nguyễn Văn A\",\"token_version\":5,\"isActive\":true,\"createdAt\":\"2026-05-03T15:37:18.203Z\",\"updatedAt\":\"2026-05-04T09:10:04.759Z\",\"deletedAt\":null,\"roles\":[]}","requestId":"9eeb9a08-d287-4144-813f-9730a953e77c","timestamp":"2026-05-05T14:56:36.756Z"}
{"context":"LoggerMiddleware","level":"warn","message":"[RequestID: 9eeb9a08-d287-4144-813f-9730a953e77c] GET /api/v1/users/me | Status: 400 | Duration: 4ms | IP: ::1 | UserAgent: Mozilla/5.0 (Windows NT 10.0; Win64; x64) AppleWebKit/537.36 (KHTML, like Gecko) Chrome/147.0.0.0 Safari/537.36","requestId":"9eeb9a08-d287-4144-813f-9730a953e77c","timestamp":"2026-05-05T14:56:36.756Z"}
{"context":"AccessTokenGuard","level":"info","message":"isPublic: true","requestId":"20ba0792-217f-40a8-9128-c5ff17b98f1f","timestamp":"2026-05-05T14:57:12.141Z"}
{"context":"AccessTokenGuard","level":"info","message":"Public route, skipping authentication","requestId":"20ba0792-217f-40a8-9128-c5ff17b98f1f","timestamp":"2026-05-05T14:57:12.141Z"}
{"context":"LoggerMiddleware","level":"info","message":"[RequestID: 20ba0792-217f-40a8-9128-c5ff17b98f1f] POST /api/v1/auth/login | Status: 201 | Duration: 48ms | IP: ::1 | UserAgent: Mozilla/5.0 (Windows NT 10.0; Win64; x64) AppleWebKit/537.36 (KHTML, like Gecko) Chrome/147.0.0.0 Safari/537.36","requestId":"20ba0792-217f-40a8-9128-c5ff17b98f1f","timestamp":"2026-05-05T14:57:12.188Z"}
{"context":"AccessTokenGuard","level":"info","message":"isPublic: undefined","requestId":"95c158df-692d-420f-875d-46815f019101","timestamp":"2026-05-05T14:57:12.690Z"}
{"context":"AccessTokenStrategy","level":"info","message":"user: {\"id\":\"cc6d2974-22cf-4b0b-9590-4b701cfa3c00\",\"username\":\"customer_001\",\"hashed_password\":\"scrypt:61b7465b5cc602c81ecaa66e31f0f570:064a122e33f58ab9bedcc806f62492b81e4451665c71c7dc3a5afd28b63aa6017713b59fb84dc9594c530b3bbe79c2bf5c738ae510f3152bf09f34a3b6d02482\",\"displayName\":\"Nguyễn Văn A\",\"token_version\":5,\"isActive\":true,\"createdAt\":\"2026-05-03T15:37:18.203Z\",\"updatedAt\":\"2026-05-04T09:10:04.759Z\",\"deletedAt\":null,\"roles\":[]}","requestId":"95c158df-692d-420f-875d-46815f019101","timestamp":"2026-05-05T14:57:12.694Z"}
{"context":"AuthService","level":"info","message":"payload: {\"id\":\"cc6d2974-22cf-4b0b-9590-4b701cfa3c00\",\"username\":\"customer_001\",\"hashed_password\":\"scrypt:61b7465b5cc602c81ecaa66e31f0f570:064a122e33f58ab9bedcc806f62492b81e4451665c71c7dc3a5afd28b63aa6017713b59fb84dc9594c530b3bbe79c2bf5c738ae510f3152bf09f34a3b6d02482\",\"displayName\":\"Nguyễn Văn A\",\"token_version\":5,\"isActive\":true,\"createdAt\":\"2026-05-03T15:37:18.203Z\",\"updatedAt\":\"2026-05-04T09:10:04.759Z\",\"deletedAt\":null,\"roles\":[]}","requestId":"95c158df-692d-420f-875d-46815f019101","timestamp":"2026-05-05T14:57:12.695Z"}
{"context":"AuthService","level":"info","message":"user: {\"id\":\"cc6d2974-22cf-4b0b-9590-4b701cfa3c00\",\"username\":\"customer_001\",\"hashed_password\":\"scrypt:61b7465b5cc602c81ecaa66e31f0f570:064a122e33f58ab9bedcc806f62492b81e4451665c71c7dc3a5afd28b63aa6017713b59fb84dc9594c530b3bbe79c2bf5c738ae510f3152bf09f34a3b6d02482\",\"displayName\":\"Nguyễn Văn A\",\"token_version\":5,\"isActive\":true,\"createdAt\":\"2026-05-03T15:37:18.203Z\",\"updatedAt\":\"2026-05-04T09:10:04.759Z\",\"deletedAt\":null,\"roles\":[]}","requestId":"95c158df-692d-420f-875d-46815f019101","timestamp":"2026-05-05T14:57:12.699Z"}
{"context":"LoggerMiddleware","level":"info","message":"[RequestID: 95c158df-692d-420f-875d-46815f019101] GET /api/v1/auth/me | Status: 304 | Duration: 9ms | IP: ::1 | UserAgent: Mozilla/5.0 (Windows NT 10.0; Win64; x64) AppleWebKit/537.36 (KHTML, like Gecko) Chrome/147.0.0.0 Safari/537.36","requestId":"95c158df-692d-420f-875d-46815f019101","timestamp":"2026-05-05T14:57:12.699Z"}
{"context":"AccessTokenGuard","level":"info","message":"isPublic: undefined","requestId":"351f2442-a135-4c7e-8a2f-49ea10931902","timestamp":"2026-05-05T14:59:58.499Z"}
{"context":"AccessTokenStrategy","level":"info","message":"user: {\"id\":\"cc6d2974-22cf-4b0b-9590-4b701cfa3c00\",\"username\":\"customer_001\",\"hashed_password\":\"scrypt:61b7465b5cc602c81ecaa66e31f0f570:064a122e33f58ab9bedcc806f62492b81e4451665c71c7dc3a5afd28b63aa6017713b59fb84dc9594c530b3bbe79c2bf5c738ae510f3152bf09f34a3b6d02482\",\"displayName\":\"Nguyễn Văn A\",\"token_version\":5,\"isActive\":true,\"createdAt\":\"2026-05-03T15:37:18.203Z\",\"updatedAt\":\"2026-05-04T09:10:04.759Z\",\"deletedAt\":null,\"roles\":[]}","requestId":"351f2442-a135-4c7e-8a2f-49ea10931902","timestamp":"2026-05-05T14:59:58.509Z"}
{"context":"AuthService","level":"info","message":"payload: {\"id\":\"cc6d2974-22cf-4b0b-9590-4b701cfa3c00\",\"username\":\"customer_001\",\"hashed_password\":\"scrypt:61b7465b5cc602c81ecaa66e31f0f570:064a122e33f58ab9bedcc806f62492b81e4451665c71c7dc3a5afd28b63aa6017713b59fb84dc9594c530b3bbe79c2bf5c738ae510f3152bf09f34a3b6d02482\",\"displayName\":\"Nguyễn Văn A\",\"token_version\":5,\"isActive\":true,\"createdAt\":\"2026-05-03T15:37:18.203Z\",\"updatedAt\":\"2026-05-04T09:10:04.759Z\",\"deletedAt\":null,\"roles\":[]}","requestId":"351f2442-a135-4c7e-8a2f-49ea10931902","timestamp":"2026-05-05T14:59:58.509Z"}
{"context":"AuthService","level":"info","message":"user: {\"id\":\"cc6d2974-22cf-4b0b-9590-4b701cfa3c00\",\"username\":\"customer_001\",\"hashed_password\":\"scrypt:61b7465b5cc602c81ecaa66e31f0f570:064a122e33f58ab9bedcc806f62492b81e4451665c71c7dc3a5afd28b63aa6017713b59fb84dc9594c530b3bbe79c2bf5c738ae510f3152bf09f34a3b6d02482\",\"displayName\":\"Nguyễn Văn A\",\"token_version\":5,\"isActive\":true,\"createdAt\":\"2026-05-03T15:37:18.203Z\",\"updatedAt\":\"2026-05-04T09:10:04.759Z\",\"deletedAt\":null,\"roles\":[]}","requestId":"351f2442-a135-4c7e-8a2f-49ea10931902","timestamp":"2026-05-05T14:59:58.512Z"}
{"context":"LoggerMiddleware","level":"info","message":"[RequestID: 351f2442-a135-4c7e-8a2f-49ea10931902] GET /api/v1/auth/me | Status: 304 | Duration: 14ms | IP: ::1 | UserAgent: Mozilla/5.0 (Windows NT 10.0; Win64; x64) AppleWebKit/537.36 (KHTML, like Gecko) Chrome/147.0.0.0 Safari/537.36","requestId":"351f2442-a135-4c7e-8a2f-49ea10931902","timestamp":"2026-05-05T14:59:58.512Z"}
{"context":"AccessTokenGuard","level":"info","message":"isPublic: undefined","requestId":"fc82ef11-c24d-4a87-94de-d511bcc248fb","timestamp":"2026-05-05T15:03:19.074Z"}
{"context":"AccessTokenStrategy","level":"info","message":"user: {\"id\":\"cc6d2974-22cf-4b0b-9590-4b701cfa3c00\",\"username\":\"customer_001\",\"hashed_password\":\"scrypt:61b7465b5cc602c81ecaa66e31f0f570:064a122e33f58ab9bedcc806f62492b81e4451665c71c7dc3a5afd28b63aa6017713b59fb84dc9594c530b3bbe79c2bf5c738ae510f3152bf09f34a3b6d02482\",\"displayName\":\"Nguyễn Văn A\",\"token_version\":5,\"isActive\":true,\"createdAt\":\"2026-05-03T15:37:18.203Z\",\"updatedAt\":\"2026-05-04T09:10:04.759Z\",\"deletedAt\":null,\"roles\":[]}","requestId":"fc82ef11-c24d-4a87-94de-d511bcc248fb","timestamp":"2026-05-05T15:03:19.087Z"}
{"context":"AuthService","level":"info","message":"payload: {\"id\":\"cc6d2974-22cf-4b0b-9590-4b701cfa3c00\",\"username\":\"customer_001\",\"hashed_password\":\"scrypt:61b7465b5cc602c81ecaa66e31f0f570:064a122e33f58ab9bedcc806f62492b81e4451665c71c7dc3a5afd28b63aa6017713b59fb84dc9594c530b3bbe79c2bf5c738ae510f3152bf09f34a3b6d02482\",\"displayName\":\"Nguyễn Văn A\",\"token_version\":5,\"isActive\":true,\"createdAt\":\"2026-05-03T15:37:18.203Z\",\"updatedAt\":\"2026-05-04T09:10:04.759Z\",\"deletedAt\":null,\"roles\":[]}","requestId":"fc82ef11-c24d-4a87-94de-d511bcc248fb","timestamp":"2026-05-05T15:03:19.088Z"}
{"context":"AuthService","level":"info","message":"user: {\"id\":\"cc6d2974-22cf-4b0b-9590-4b701cfa3c00\",\"username\":\"customer_001\",\"hashed_password\":\"scrypt:61b7465b5cc602c81ecaa66e31f0f570:064a122e33f58ab9bedcc806f62492b81e4451665c71c7dc3a5afd28b63aa6017713b59fb84dc9594c530b3bbe79c2bf5c738ae510f3152bf09f34a3b6d02482\",\"displayName\":\"Nguyễn Văn A\",\"token_version\":5,\"isActive\":true,\"createdAt\":\"2026-05-03T15:37:18.203Z\",\"updatedAt\":\"2026-05-04T09:10:04.759Z\",\"deletedAt\":null,\"roles\":[]}","requestId":"fc82ef11-c24d-4a87-94de-d511bcc248fb","timestamp":"2026-05-05T15:03:19.091Z"}
{"context":"LoggerMiddleware","level":"info","message":"[RequestID: fc82ef11-c24d-4a87-94de-d511bcc248fb] GET /api/v1/auth/me | Status: 304 | Duration: 19ms | IP: ::1 | UserAgent: Mozilla/5.0 (Windows NT 10.0; Win64; x64) AppleWebKit/537.36 (KHTML, like Gecko) Chrome/147.0.0.0 Safari/537.36","requestId":"fc82ef11-c24d-4a87-94de-d511bcc248fb","timestamp":"2026-05-05T15:03:19.092Z"}
{"context":"AccessTokenGuard","level":"info","message":"isPublic: undefined","requestId":"e7a783e5-89fd-4903-86ca-e48e2cf53976","timestamp":"2026-05-05T15:03:22.572Z"}
{"context":"AccessTokenStrategy","level":"info","message":"user: {\"id\":\"cc6d2974-22cf-4b0b-9590-4b701cfa3c00\",\"username\":\"customer_001\",\"hashed_password\":\"scrypt:61b7465b5cc602c81ecaa66e31f0f570:064a122e33f58ab9bedcc806f62492b81e4451665c71c7dc3a5afd28b63aa6017713b59fb84dc9594c530b3bbe79c2bf5c738ae510f3152bf09f34a3b6d02482\",\"displayName\":\"Nguyễn Văn A\",\"token_version\":5,\"isActive\":true,\"createdAt\":\"2026-05-03T15:37:18.203Z\",\"updatedAt\":\"2026-05-04T09:10:04.759Z\",\"deletedAt\":null,\"roles\":[]}","requestId":"e7a783e5-89fd-4903-86ca-e48e2cf53976","timestamp":"2026-05-05T15:03:22.576Z"}
{"context":"AuthService","level":"info","message":"payload: {\"id\":\"cc6d2974-22cf-4b0b-9590-4b701cfa3c00\",\"username\":\"customer_001\",\"hashed_password\":\"scrypt:61b7465b5cc602c81ecaa66e31f0f570:064a122e33f58ab9bedcc806f62492b81e4451665c71c7dc3a5afd28b63aa6017713b59fb84dc9594c530b3bbe79c2bf5c738ae510f3152bf09f34a3b6d02482\",\"displayName\":\"Nguyễn Văn A\",\"token_version\":5,\"isActive\":true,\"createdAt\":\"2026-05-03T15:37:18.203Z\",\"updatedAt\":\"2026-05-04T09:10:04.759Z\",\"deletedAt\":null,\"roles\":[]}","requestId":"e7a783e5-89fd-4903-86ca-e48e2cf53976","timestamp":"2026-05-05T15:03:22.576Z"}
{"context":"AuthService","level":"info","message":"user: {\"id\":\"cc6d2974-22cf-4b0b-9590-4b701cfa3c00\",\"username\":\"customer_001\",\"hashed_password\":\"scrypt:61b7465b5cc602c81ecaa66e31f0f570:064a122e33f58ab9bedcc806f62492b81e4451665c71c7dc3a5afd28b63aa6017713b59fb84dc9594c530b3bbe79c2bf5c738ae510f3152bf09f34a3b6d02482\",\"displayName\":\"Nguyễn Văn A\",\"token_version\":5,\"isActive\":true,\"createdAt\":\"2026-05-03T15:37:18.203Z\",\"updatedAt\":\"2026-05-04T09:10:04.759Z\",\"deletedAt\":null,\"roles\":[]}","requestId":"e7a783e5-89fd-4903-86ca-e48e2cf53976","timestamp":"2026-05-05T15:03:22.579Z"}
{"context":"LoggerMiddleware","level":"info","message":"[RequestID: e7a783e5-89fd-4903-86ca-e48e2cf53976] GET /api/v1/auth/me | Status: 304 | Duration: 7ms | IP: ::1 | UserAgent: Mozilla/5.0 (Windows NT 10.0; Win64; x64) AppleWebKit/537.36 (KHTML, like Gecko) Chrome/147.0.0.0 Safari/537.36","requestId":"e7a783e5-89fd-4903-86ca-e48e2cf53976","timestamp":"2026-05-05T15:03:22.579Z"}
{"context":"AccessTokenGuard","level":"info","message":"isPublic: undefined","requestId":"7d0e6040-43e0-4d81-8ffb-ada2036b74b6","timestamp":"2026-05-05T15:03:24.259Z"}
{"context":"AccessTokenStrategy","level":"info","message":"user: {\"id\":\"cc6d2974-22cf-4b0b-9590-4b701cfa3c00\",\"username\":\"customer_001\",\"hashed_password\":\"scrypt:61b7465b5cc602c81ecaa66e31f0f570:064a122e33f58ab9bedcc806f62492b81e4451665c71c7dc3a5afd28b63aa6017713b59fb84dc9594c530b3bbe79c2bf5c738ae510f3152bf09f34a3b6d02482\",\"displayName\":\"Nguyễn Văn A\",\"token_version\":5,\"isActive\":true,\"createdAt\":\"2026-05-03T15:37:18.203Z\",\"updatedAt\":\"2026-05-04T09:10:04.759Z\",\"deletedAt\":null,\"roles\":[]}","requestId":"7d0e6040-43e0-4d81-8ffb-ada2036b74b6","timestamp":"2026-05-05T15:03:24.262Z"}
{"context":"AuthService","level":"info","message":"payload: {\"id\":\"cc6d2974-22cf-4b0b-9590-4b701cfa3c00\",\"username\":\"customer_001\",\"hashed_password\":\"scrypt:61b7465b5cc602c81ecaa66e31f0f570:064a122e33f58ab9bedcc806f62492b81e4451665c71c7dc3a5afd28b63aa6017713b59fb84dc9594c530b3bbe79c2bf5c738ae510f3152bf09f34a3b6d02482\",\"displayName\":\"Nguyễn Văn A\",\"token_version\":5,\"isActive\":true,\"createdAt\":\"2026-05-03T15:37:18.203Z\",\"updatedAt\":\"2026-05-04T09:10:04.759Z\",\"deletedAt\":null,\"roles\":[]}","requestId":"7d0e6040-43e0-4d81-8ffb-ada2036b74b6","timestamp":"2026-05-05T15:03:24.262Z"}
{"context":"AuthService","level":"info","message":"user: {\"id\":\"cc6d2974-22cf-4b0b-9590-4b701cfa3c00\",\"username\":\"customer_001\",\"hashed_password\":\"scrypt:61b7465b5cc602c81ecaa66e31f0f570:064a122e33f58ab9bedcc806f62492b81e4451665c71c7dc3a5afd28b63aa6017713b59fb84dc9594c530b3bbe79c2bf5c738ae510f3152bf09f34a3b6d02482\",\"displayName\":\"Nguyễn Văn A\",\"token_version\":5,\"isActive\":true,\"createdAt\":\"2026-05-03T15:37:18.203Z\",\"updatedAt\":\"2026-05-04T09:10:04.759Z\",\"deletedAt\":null,\"roles\":[]}","requestId":"7d0e6040-43e0-4d81-8ffb-ada2036b74b6","timestamp":"2026-05-05T15:03:24.264Z"}
{"context":"LoggerMiddleware","level":"info","message":"[RequestID: 7d0e6040-43e0-4d81-8ffb-ada2036b74b6] GET /api/v1/auth/me | Status: 304 | Duration: 6ms | IP: ::1 | UserAgent: Mozilla/5.0 (Windows NT 10.0; Win64; x64) AppleWebKit/537.36 (KHTML, like Gecko) Chrome/147.0.0.0 Safari/537.36","requestId":"7d0e6040-43e0-4d81-8ffb-ada2036b74b6","timestamp":"2026-05-05T15:03:24.265Z"}
{"context":"AccessTokenGuard","level":"info","message":"isPublic: undefined","requestId":"090bcdfa-f1da-44e5-98c4-58ba1323bbdb","timestamp":"2026-05-05T15:04:50.860Z"}
{"context":"AccessTokenStrategy","level":"info","message":"user: {\"id\":\"cc6d2974-22cf-4b0b-9590-4b701cfa3c00\",\"username\":\"customer_001\",\"hashed_password\":\"scrypt:61b7465b5cc602c81ecaa66e31f0f570:064a122e33f58ab9bedcc806f62492b81e4451665c71c7dc3a5afd28b63aa6017713b59fb84dc9594c530b3bbe79c2bf5c738ae510f3152bf09f34a3b6d02482\",\"displayName\":\"Nguyễn Văn A\",\"token_version\":5,\"isActive\":true,\"createdAt\":\"2026-05-03T15:37:18.203Z\",\"updatedAt\":\"2026-05-04T09:10:04.759Z\",\"deletedAt\":null,\"roles\":[]}","requestId":"090bcdfa-f1da-44e5-98c4-58ba1323bbdb","timestamp":"2026-05-05T15:04:50.870Z"}
{"context":"AuthService","level":"info","message":"payload: {\"id\":\"cc6d2974-22cf-4b0b-9590-4b701cfa3c00\",\"username\":\"customer_001\",\"hashed_password\":\"scrypt:61b7465b5cc602c81ecaa66e31f0f570:064a122e33f58ab9bedcc806f62492b81e4451665c71c7dc3a5afd28b63aa6017713b59fb84dc9594c530b3bbe79c2bf5c738ae510f3152bf09f34a3b6d02482\",\"displayName\":\"Nguyễn Văn A\",\"token_version\":5,\"isActive\":true,\"createdAt\":\"2026-05-03T15:37:18.203Z\",\"updatedAt\":\"2026-05-04T09:10:04.759Z\",\"deletedAt\":null,\"roles\":[]}","requestId":"090bcdfa-f1da-44e5-98c4-58ba1323bbdb","timestamp":"2026-05-05T15:04:50.871Z"}
{"context":"AuthService","level":"info","message":"user: {\"id\":\"cc6d2974-22cf-4b0b-9590-4b701cfa3c00\",\"username\":\"customer_001\",\"hashed_password\":\"scrypt:61b7465b5cc602c81ecaa66e31f0f570:064a122e33f58ab9bedcc806f62492b81e4451665c71c7dc3a5afd28b63aa6017713b59fb84dc9594c530b3bbe79c2bf5c738ae510f3152bf09f34a3b6d02482\",\"displayName\":\"Nguyễn Văn A\",\"token_version\":5,\"isActive\":true,\"createdAt\":\"2026-05-03T15:37:18.203Z\",\"updatedAt\":\"2026-05-04T09:10:04.759Z\",\"deletedAt\":null,\"roles\":[]}","requestId":"090bcdfa-f1da-44e5-98c4-58ba1323bbdb","timestamp":"2026-05-05T15:04:50.873Z"}
{"context":"LoggerMiddleware","level":"info","message":"[RequestID: 090bcdfa-f1da-44e5-98c4-58ba1323bbdb] GET /api/v1/auth/me | Status: 304 | Duration: 14ms | IP: ::1 | UserAgent: Mozilla/5.0 (Windows NT 10.0; Win64; x64) AppleWebKit/537.36 (KHTML, like Gecko) Chrome/147.0.0.0 Safari/537.36","requestId":"090bcdfa-f1da-44e5-98c4-58ba1323bbdb","timestamp":"2026-05-05T15:04:50.873Z"}
{"context":"AccessTokenGuard","level":"info","message":"isPublic: undefined","requestId":"594b7d7d-f59a-4360-b98d-3584501ce8bf","timestamp":"2026-05-05T15:04:56.559Z"}
{"context":"AccessTokenStrategy","level":"info","message":"user: {\"id\":\"cc6d2974-22cf-4b0b-9590-4b701cfa3c00\",\"username\":\"customer_001\",\"hashed_password\":\"scrypt:61b7465b5cc602c81ecaa66e31f0f570:064a122e33f58ab9bedcc806f62492b81e4451665c71c7dc3a5afd28b63aa6017713b59fb84dc9594c530b3bbe79c2bf5c738ae510f3152bf09f34a3b6d02482\",\"displayName\":\"Nguyễn Văn A\",\"token_version\":5,\"isActive\":true,\"createdAt\":\"2026-05-03T15:37:18.203Z\",\"updatedAt\":\"2026-05-04T09:10:04.759Z\",\"deletedAt\":null,\"roles\":[]}","requestId":"594b7d7d-f59a-4360-b98d-3584501ce8bf","timestamp":"2026-05-05T15:04:56.563Z"}
{"context":"AuthService","level":"info","message":"payload: {\"id\":\"cc6d2974-22cf-4b0b-9590-4b701cfa3c00\",\"username\":\"customer_001\",\"hashed_password\":\"scrypt:61b7465b5cc602c81ecaa66e31f0f570:064a122e33f58ab9bedcc806f62492b81e4451665c71c7dc3a5afd28b63aa6017713b59fb84dc9594c530b3bbe79c2bf5c738ae510f3152bf09f34a3b6d02482\",\"displayName\":\"Nguyễn Văn A\",\"token_version\":5,\"isActive\":true,\"createdAt\":\"2026-05-03T15:37:18.203Z\",\"updatedAt\":\"2026-05-04T09:10:04.759Z\",\"deletedAt\":null,\"roles\":[]}","requestId":"594b7d7d-f59a-4360-b98d-3584501ce8bf","timestamp":"2026-05-05T15:04:56.563Z"}
{"context":"AuthService","level":"info","message":"user: {\"id\":\"cc6d2974-22cf-4b0b-9590-4b701cfa3c00\",\"username\":\"customer_001\",\"hashed_password\":\"scrypt:61b7465b5cc602c81ecaa66e31f0f570:064a122e33f58ab9bedcc806f62492b81e4451665c71c7dc3a5afd28b63aa6017713b59fb84dc9594c530b3bbe79c2bf5c738ae510f3152bf09f34a3b6d02482\",\"displayName\":\"Nguyễn Văn A\",\"token_version\":5,\"isActive\":true,\"createdAt\":\"2026-05-03T15:37:18.203Z\",\"updatedAt\":\"2026-05-04T09:10:04.759Z\",\"deletedAt\":null,\"roles\":[]}","requestId":"594b7d7d-f59a-4360-b98d-3584501ce8bf","timestamp":"2026-05-05T15:04:56.566Z"}
{"context":"LoggerMiddleware","level":"info","message":"[RequestID: 594b7d7d-f59a-4360-b98d-3584501ce8bf] GET /api/v1/auth/me | Status: 304 | Duration: 9ms | IP: ::1 | UserAgent: Mozilla/5.0 (Windows NT 10.0; Win64; x64) AppleWebKit/537.36 (KHTML, like Gecko) Chrome/147.0.0.0 Safari/537.36","requestId":"594b7d7d-f59a-4360-b98d-3584501ce8bf","timestamp":"2026-05-05T15:04:56.567Z"}
{"context":"AccessTokenGuard","level":"info","message":"isPublic: undefined","requestId":"81aa8666-7ad4-46f5-aeb3-db0387b1c0f9","timestamp":"2026-05-05T15:05:03.766Z"}
{"context":"AccessTokenStrategy","level":"info","message":"user: {\"id\":\"cc6d2974-22cf-4b0b-9590-4b701cfa3c00\",\"username\":\"customer_001\",\"hashed_password\":\"scrypt:61b7465b5cc602c81ecaa66e31f0f570:064a122e33f58ab9bedcc806f62492b81e4451665c71c7dc3a5afd28b63aa6017713b59fb84dc9594c530b3bbe79c2bf5c738ae510f3152bf09f34a3b6d02482\",\"displayName\":\"Nguyễn Văn A\",\"token_version\":5,\"isActive\":true,\"createdAt\":\"2026-05-03T15:37:18.203Z\",\"updatedAt\":\"2026-05-04T09:10:04.759Z\",\"deletedAt\":null,\"roles\":[]}","requestId":"81aa8666-7ad4-46f5-aeb3-db0387b1c0f9","timestamp":"2026-05-05T15:05:03.770Z"}
{"context":"AuthService","level":"info","message":"payload: {\"id\":\"cc6d2974-22cf-4b0b-9590-4b701cfa3c00\",\"username\":\"customer_001\",\"hashed_password\":\"scrypt:61b7465b5cc602c81ecaa66e31f0f570:064a122e33f58ab9bedcc806f62492b81e4451665c71c7dc3a5afd28b63aa6017713b59fb84dc9594c530b3bbe79c2bf5c738ae510f3152bf09f34a3b6d02482\",\"displayName\":\"Nguyễn Văn A\",\"token_version\":5,\"isActive\":true,\"createdAt\":\"2026-05-03T15:37:18.203Z\",\"updatedAt\":\"2026-05-04T09:10:04.759Z\",\"deletedAt\":null,\"roles\":[]}","requestId":"81aa8666-7ad4-46f5-aeb3-db0387b1c0f9","timestamp":"2026-05-05T15:05:03.770Z"}
{"context":"AuthService","level":"info","message":"user: {\"id\":\"cc6d2974-22cf-4b0b-9590-4b701cfa3c00\",\"username\":\"customer_001\",\"hashed_password\":\"scrypt:61b7465b5cc602c81ecaa66e31f0f570:064a122e33f58ab9bedcc806f62492b81e4451665c71c7dc3a5afd28b63aa6017713b59fb84dc9594c530b3bbe79c2bf5c738ae510f3152bf09f34a3b6d02482\",\"displayName\":\"Nguyễn Văn A\",\"token_version\":5,\"isActive\":true,\"createdAt\":\"2026-05-03T15:37:18.203Z\",\"updatedAt\":\"2026-05-04T09:10:04.759Z\",\"deletedAt\":null,\"roles\":[]}","requestId":"81aa8666-7ad4-46f5-aeb3-db0387b1c0f9","timestamp":"2026-05-05T15:05:03.774Z"}
{"context":"LoggerMiddleware","level":"info","message":"[RequestID: 81aa8666-7ad4-46f5-aeb3-db0387b1c0f9] GET /api/v1/auth/me | Status: 304 | Duration: 9ms | IP: ::1 | UserAgent: Mozilla/5.0 (Windows NT 10.0; Win64; x64) AppleWebKit/537.36 (KHTML, like Gecko) Chrome/147.0.0.0 Safari/537.36","requestId":"81aa8666-7ad4-46f5-aeb3-db0387b1c0f9","timestamp":"2026-05-05T15:05:03.774Z"}
{"level":"info","message":"Khởi tạo ứng dụng...","timestamp":"2026-05-05T15:08:35.414Z"}
{"context":"NestFactory","level":"info","message":"Starting Nest application...","timestamp":"2026-05-05T15:08:35.486Z"}
{"context":"InstanceLoader","level":"info","message":"PassportModule dependencies initialized","timestamp":"2026-05-05T15:08:35.493Z"}
{"context":"InstanceLoader","level":"info","message":"ConfigHostModule dependencies initialized","timestamp":"2026-05-05T15:08:35.494Z"}
{"context":"InstanceLoader","level":"info","message":"AppModule dependencies initialized","timestamp":"2026-05-05T15:08:35.494Z"}
{"context":"PrismaService","level":"info","message":"🔌 Prisma Connection String: postgresql://admin:******@localhost:5433/kyc_asset_db?schema=public","timestamp":"2026-05-05T15:08:35.496Z"}
{"context":"InstanceLoader","level":"info","message":"ConfigModule dependencies initialized","timestamp":"2026-05-05T15:08:35.497Z"}
{"context":"InstanceLoader","level":"info","message":"CommonModule dependencies initialized","timestamp":"2026-05-05T15:08:35.497Z"}
{"context":"InstanceLoader","level":"info","message":"JwtModule dependencies initialized","timestamp":"2026-05-05T15:08:35.498Z"}
{"context":"InstanceLoader","level":"info","message":"PrismaModule dependencies initialized","timestamp":"2026-05-05T15:08:35.498Z"}
{"context":"InstanceLoader","level":"info","message":"WhitelistIpModule dependencies initialized","timestamp":"2026-05-05T15:08:35.499Z"}
{"context":"InstanceLoader","level":"info","message":"AttributeModule dependencies initialized","timestamp":"2026-05-05T15:08:35.500Z"}
{"context":"InstanceLoader","level":"info","message":"UsersModule dependencies initialized","timestamp":"2026-05-05T15:08:35.500Z"}
{"context":"InstanceLoader","level":"info","message":"RolesModule dependencies initialized","timestamp":"2026-05-05T15:08:35.500Z"}
{"context":"InstanceLoader","level":"info","message":"PermissionsModule dependencies initialized","timestamp":"2026-05-05T15:08:35.500Z"}
{"context":"InstanceLoader","level":"info","message":"AuthModule dependencies initialized","timestamp":"2026-05-05T15:08:35.500Z"}
{"context":"LegacyRouteConverter","level":"warn","message":"Unsupported route path: \"/api/v1/*\". In previous versions, the symbols ?, *, and + were used to denote optional or repeating path parameters. The latest version of \"path-to-regexp\" now requires the use of named parameters. For example, instead of using a route like /users/* to capture all routes starting with \"/users\", you should use /users/*path. For more details, refer to the migration guide. Attempting to auto-convert...","timestamp":"2026-05-05T15:08:35.522Z"}
{"context":"RoutesResolver","level":"info","message":"AppController {/api/v1/ping}:","timestamp":"2026-05-05T15:08:35.522Z"}
{"context":"RouterExplorer","level":"info","message":"Mapped {/api/v1/ping, GET} route","timestamp":"2026-05-05T15:08:35.523Z"}
{"context":"RoutesResolver","level":"info","message":"UsersController {/api/v1/users}:","timestamp":"2026-05-05T15:08:35.523Z"}
{"context":"RouterExplorer","level":"info","message":"Mapped {/api/v1/users, POST} route","timestamp":"2026-05-05T15:08:35.524Z"}
{"context":"RouterExplorer","level":"info","message":"Mapped {/api/v1/users, GET} route","timestamp":"2026-05-05T15:08:35.524Z"}
{"context":"RouterExplorer","level":"info","message":"Mapped {/api/v1/users/:id, GET} route","timestamp":"2026-05-05T15:08:35.524Z"}
{"context":"RouterExplorer","level":"info","message":"Mapped {/api/v1/users/:id, PATCH} route","timestamp":"2026-05-05T15:08:35.524Z"}
{"context":"RouterExplorer","level":"info","message":"Mapped {/api/v1/users/:id, DELETE} route","timestamp":"2026-05-05T15:08:35.524Z"}
{"context":"RoutesResolver","level":"info","message":"WhitelistIpController {/api/v1/whitelist-ip}:","timestamp":"2026-05-05T15:08:35.525Z"}
{"context":"RouterExplorer","level":"info","message":"Mapped {/api/v1/whitelist-ip, POST} route","timestamp":"2026-05-05T15:08:35.525Z"}
{"context":"RouterExplorer","level":"info","message":"Mapped {/api/v1/whitelist-ip, GET} route","timestamp":"2026-05-05T15:08:35.525Z"}
{"context":"RouterExplorer","level":"info","message":"Mapped {/api/v1/whitelist-ip/:id, GET} route","timestamp":"2026-05-05T15:08:35.526Z"}
{"context":"RouterExplorer","level":"info","message":"Mapped {/api/v1/whitelist-ip/:id, PATCH} route","timestamp":"2026-05-05T15:08:35.526Z"}
{"context":"RouterExplorer","level":"info","message":"Mapped {/api/v1/whitelist-ip/:id, DELETE} route","timestamp":"2026-05-05T15:08:35.526Z"}
{"context":"RoutesResolver","level":"info","message":"RolesController {/api/v1/roles}:","timestamp":"2026-05-05T15:08:35.526Z"}
{"context":"RouterExplorer","level":"info","message":"Mapped {/api/v1/roles, POST} route","timestamp":"2026-05-05T15:08:35.526Z"}
{"context":"RouterExplorer","level":"info","message":"Mapped {/api/v1/roles, GET} route","timestamp":"2026-05-05T15:08:35.527Z"}
{"context":"RouterExplorer","level":"info","message":"Mapped {/api/v1/roles/:id, GET} route","timestamp":"2026-05-05T15:08:35.527Z"}
{"context":"RouterExplorer","level":"info","message":"Mapped {/api/v1/roles/:id, PATCH} route","timestamp":"2026-05-05T15:08:35.527Z"}
{"context":"RouterExplorer","level":"info","message":"Mapped {/api/v1/roles/:id, DELETE} route","timestamp":"2026-05-05T15:08:35.527Z"}
{"context":"RoutesResolver","level":"info","message":"PermissionsController {/api/v1/permissions}:","timestamp":"2026-05-05T15:08:35.527Z"}
{"context":"RouterExplorer","level":"info","message":"Mapped {/api/v1/permissions, POST} route","timestamp":"2026-05-05T15:08:35.528Z"}
{"context":"RouterExplorer","level":"info","message":"Mapped {/api/v1/permissions, GET} route","timestamp":"2026-05-05T15:08:35.528Z"}
{"context":"RouterExplorer","level":"info","message":"Mapped {/api/v1/permissions/:id, PATCH} route","timestamp":"2026-05-05T15:08:35.528Z"}
{"context":"RouterExplorer","level":"info","message":"Mapped {/api/v1/permissions/:id, DELETE} route","timestamp":"2026-05-05T15:08:35.528Z"}
{"context":"RoutesResolver","level":"info","message":"AuthController {/api/v1/auth}:","timestamp":"2026-05-05T15:08:35.528Z"}
{"context":"RouterExplorer","level":"info","message":"Mapped {/api/v1/auth/register, POST} route","timestamp":"2026-05-05T15:08:35.528Z"}
{"context":"RouterExplorer","level":"info","message":"Mapped {/api/v1/auth/login, POST} route","timestamp":"2026-05-05T15:08:35.528Z"}
{"context":"RouterExplorer","level":"info","message":"Mapped {/api/v1/auth/refresh, POST} route","timestamp":"2026-05-05T15:08:35.529Z"}
{"context":"RouterExplorer","level":"info","message":"Mapped {/api/v1/auth/logout, POST} route","timestamp":"2026-05-05T15:08:35.529Z"}
{"context":"RouterExplorer","level":"info","message":"Mapped {/api/v1/auth/me, GET} route","timestamp":"2026-05-05T15:08:35.529Z"}
{"context":"RouterExplorer","level":"info","message":"Mapped {/api/v1/auth/me/password, PATCH} route","timestamp":"2026-05-05T15:08:35.529Z"}
{"context":"RoutesResolver","level":"info","message":"AttributeController {/api/v1/attribute}:","timestamp":"2026-05-05T15:08:35.529Z"}
{"context":"RouterExplorer","level":"info","message":"Mapped {/api/v1/attribute, POST} route","timestamp":"2026-05-05T15:08:35.529Z"}
{"context":"RouterExplorer","level":"info","message":"Mapped {/api/v1/attribute, GET} route","timestamp":"2026-05-05T15:08:35.529Z"}
{"context":"RouterExplorer","level":"info","message":"Mapped {/api/v1/attribute/:id, GET} route","timestamp":"2026-05-05T15:08:35.530Z"}
{"context":"RouterExplorer","level":"info","message":"Mapped {/api/v1/attribute/:id, PATCH} route","timestamp":"2026-05-05T15:08:35.530Z"}
{"context":"RouterExplorer","level":"info","message":"Mapped {/api/v1/attribute/:id, DELETE} route","timestamp":"2026-05-05T15:08:35.530Z"}
{"context":"PrismaService","level":"info","message":"Kết nối database thành công","timestamp":"2026-05-05T15:08:35.571Z"}
{"context":"NestApplication","level":"info","message":"Nest application successfully started","timestamp":"2026-05-05T15:08:35.575Z"}
