{"level":"info","message":"Khởi tạo ứng dụng...","timestamp":"2026-05-08T11:31:53.943Z"}
{"context":"NestFactory","level":"info","message":"Starting Nest application...","timestamp":"2026-05-08T11:31:54.070Z"}
{"context":"InstanceLoader","level":"info","message":"PassportModule dependencies initialized","timestamp":"2026-05-08T11:31:54.079Z"}
{"context":"InstanceLoader","level":"info","message":"ConfigHostModule dependencies initialized","timestamp":"2026-05-08T11:31:54.080Z"}
{"context":"InstanceLoader","level":"info","message":"AppModule dependencies initialized","timestamp":"2026-05-08T11:31:54.080Z"}
{"context":"PrismaService","level":"info","message":"🔌 Prisma Connection String: postgresql://admin:******@localhost:5433/kyc_asset_db?schema=public","timestamp":"2026-05-08T11:31:54.082Z"}
{"context":"InstanceLoader","level":"info","message":"PortsModule dependencies initialized","timestamp":"2026-05-08T11:31:54.083Z"}
{"context":"InstanceLoader","level":"info","message":"FilesModule dependencies initialized","timestamp":"2026-05-08T11:31:54.083Z"}
{"context":"InstanceLoader","level":"info","message":"ConfigModule dependencies initialized","timestamp":"2026-05-08T11:31:54.083Z"}
{"context":"InstanceLoader","level":"info","message":"CommonModule dependencies initialized","timestamp":"2026-05-08T11:31:54.084Z"}
{"context":"InstanceLoader","level":"info","message":"JwtModule dependencies initialized","timestamp":"2026-05-08T11:31:54.084Z"}
{"context":"InstanceLoader","level":"info","message":"PrismaModule dependencies initialized","timestamp":"2026-05-08T11:31:54.084Z"}
{"context":"InstanceLoader","level":"info","message":"WhitelistIpModule dependencies initialized","timestamp":"2026-05-08T11:31:54.086Z"}
{"context":"InstanceLoader","level":"info","message":"AttributeModule dependencies initialized","timestamp":"2026-05-08T11:31:54.086Z"}
{"context":"InstanceLoader","level":"info","message":"DepartmentsModule dependencies initialized","timestamp":"2026-05-08T11:31:54.086Z"}
{"context":"InstanceLoader","level":"info","message":"UsersModule dependencies initialized","timestamp":"2026-05-08T11:31:54.086Z"}
{"context":"InstanceLoader","level":"info","message":"RolesModule dependencies initialized","timestamp":"2026-05-08T11:31:54.086Z"}
{"context":"InstanceLoader","level":"info","message":"PermissionsModule dependencies initialized","timestamp":"2026-05-08T11:31:54.087Z"}
{"context":"InstanceLoader","level":"info","message":"AuthModule dependencies initialized","timestamp":"2026-05-08T11:31:54.087Z"}
{"context":"LegacyRouteConverter","level":"warn","message":"Unsupported route path: \"/api/v1/*\". In previous versions, the symbols ?, *, and + were used to denote optional or repeating path parameters. The latest version of \"path-to-regexp\" now requires the use of named parameters. For example, instead of using a route like /users/* to capture all routes starting with \"/users\", you should use /users/*path. For more details, refer to the migration guide. Attempting to auto-convert...","timestamp":"2026-05-08T11:31:54.113Z"}
{"context":"RoutesResolver","level":"info","message":"AppController {/api/v1/ping}:","timestamp":"2026-05-08T11:31:54.114Z"}
{"context":"RouterExplorer","level":"info","message":"Mapped {/api/v1/ping, GET} route","timestamp":"2026-05-08T11:31:54.115Z"}
{"context":"RoutesResolver","level":"info","message":"UsersController {/api/v1/users}:","timestamp":"2026-05-08T11:31:54.115Z"}
{"context":"RouterExplorer","level":"info","message":"Mapped {/api/v1/users, POST} route","timestamp":"2026-05-08T11:31:54.115Z"}
{"context":"RouterExplorer","level":"info","message":"Mapped {/api/v1/users, GET} route","timestamp":"2026-05-08T11:31:54.116Z"}
{"context":"RouterExplorer","level":"info","message":"Mapped {/api/v1/users/:id, GET} route","timestamp":"2026-05-08T11:31:54.116Z"}
{"context":"RouterExplorer","level":"info","message":"Mapped {/api/v1/users/:id, PATCH} route","timestamp":"2026-05-08T11:31:54.116Z"}
{"context":"RouterExplorer","level":"info","message":"Mapped {/api/v1/users/:id, DELETE} route","timestamp":"2026-05-08T11:31:54.116Z"}
{"context":"RoutesResolver","level":"info","message":"WhitelistIpController {/api/v1/whitelist-ip}:","timestamp":"2026-05-08T11:31:54.116Z"}
{"context":"RouterExplorer","level":"info","message":"Mapped {/api/v1/whitelist-ip, POST} route","timestamp":"2026-05-08T11:31:54.117Z"}
{"context":"RouterExplorer","level":"info","message":"Mapped {/api/v1/whitelist-ip, GET} route","timestamp":"2026-05-08T11:31:54.117Z"}
{"context":"RouterExplorer","level":"info","message":"Mapped {/api/v1/whitelist-ip/:id, GET} route","timestamp":"2026-05-08T11:31:54.117Z"}
{"context":"RouterExplorer","level":"info","message":"Mapped {/api/v1/whitelist-ip/:id, PATCH} route","timestamp":"2026-05-08T11:31:54.117Z"}
{"context":"RouterExplorer","level":"info","message":"Mapped {/api/v1/whitelist-ip/:id, DELETE} route","timestamp":"2026-05-08T11:31:54.117Z"}
{"context":"RoutesResolver","level":"info","message":"RolesController {/api/v1/roles}:","timestamp":"2026-05-08T11:31:54.117Z"}
{"context":"RouterExplorer","level":"info","message":"Mapped {/api/v1/roles, POST} route","timestamp":"2026-05-08T11:31:54.118Z"}
{"context":"RouterExplorer","level":"info","message":"Mapped {/api/v1/roles, GET} route","timestamp":"2026-05-08T11:31:54.118Z"}
{"context":"RouterExplorer","level":"info","message":"Mapped {/api/v1/roles/:id, GET} route","timestamp":"2026-05-08T11:31:54.118Z"}
{"context":"RouterExplorer","level":"info","message":"Mapped {/api/v1/roles/:id, PATCH} route","timestamp":"2026-05-08T11:31:54.118Z"}
{"context":"RouterExplorer","level":"info","message":"Mapped {/api/v1/roles/:id, DELETE} route","timestamp":"2026-05-08T11:31:54.118Z"}
{"context":"RoutesResolver","level":"info","message":"PermissionsController {/api/v1/permissions}:","timestamp":"2026-05-08T11:31:54.118Z"}
{"context":"RouterExplorer","level":"info","message":"Mapped {/api/v1/permissions, POST} route","timestamp":"2026-05-08T11:31:54.119Z"}
{"context":"RouterExplorer","level":"info","message":"Mapped {/api/v1/permissions, GET} route","timestamp":"2026-05-08T11:31:54.119Z"}
{"context":"RouterExplorer","level":"info","message":"Mapped {/api/v1/permissions/:id, PATCH} route","timestamp":"2026-05-08T11:31:54.119Z"}
{"context":"RouterExplorer","level":"info","message":"Mapped {/api/v1/permissions/:id, DELETE} route","timestamp":"2026-05-08T11:31:54.119Z"}
{"context":"RoutesResolver","level":"info","message":"AuthController {/api/v1/auth}:","timestamp":"2026-05-08T11:31:54.120Z"}
{"context":"RouterExplorer","level":"info","message":"Mapped {/api/v1/auth/register, POST} route","timestamp":"2026-05-08T11:31:54.120Z"}
{"context":"RouterExplorer","level":"info","message":"Mapped {/api/v1/auth/login, POST} route","timestamp":"2026-05-08T11:31:54.120Z"}
{"context":"RouterExplorer","level":"info","message":"Mapped {/api/v1/auth/refresh, POST} route","timestamp":"2026-05-08T11:31:54.121Z"}
{"context":"RouterExplorer","level":"info","message":"Mapped {/api/v1/auth/logout, POST} route","timestamp":"2026-05-08T11:31:54.121Z"}
{"context":"RouterExplorer","level":"info","message":"Mapped {/api/v1/auth/me, GET} route","timestamp":"2026-05-08T11:31:54.121Z"}
{"context":"RouterExplorer","level":"info","message":"Mapped {/api/v1/auth/me/password, PATCH} route","timestamp":"2026-05-08T11:31:54.121Z"}
{"context":"RoutesResolver","level":"info","message":"AttributeController {/api/v1/attribute}:","timestamp":"2026-05-08T11:31:54.121Z"}
{"context":"RouterExplorer","level":"info","message":"Mapped {/api/v1/attribute, POST} route","timestamp":"2026-05-08T11:31:54.122Z"}
{"context":"RouterExplorer","level":"info","message":"Mapped {/api/v1/attribute, GET} route","timestamp":"2026-05-08T11:31:54.122Z"}
{"context":"RouterExplorer","level":"info","message":"Mapped {/api/v1/attribute/:id, GET} route","timestamp":"2026-05-08T11:31:54.122Z"}
{"context":"RouterExplorer","level":"info","message":"Mapped {/api/v1/attribute/:id, PATCH} route","timestamp":"2026-05-08T11:31:54.122Z"}
{"context":"RouterExplorer","level":"info","message":"Mapped {/api/v1/attribute/:id, DELETE} route","timestamp":"2026-05-08T11:31:54.123Z"}
{"context":"RoutesResolver","level":"info","message":"DepartmentsController {/api/v1/departments}:","timestamp":"2026-05-08T11:31:54.123Z"}
{"context":"RouterExplorer","level":"info","message":"Mapped {/api/v1/departments, POST} route","timestamp":"2026-05-08T11:31:54.123Z"}
{"context":"RouterExplorer","level":"info","message":"Mapped {/api/v1/departments, GET} route","timestamp":"2026-05-08T11:31:54.123Z"}
{"context":"RouterExplorer","level":"info","message":"Mapped {/api/v1/departments/:id, GET} route","timestamp":"2026-05-08T11:31:54.123Z"}
{"context":"RouterExplorer","level":"info","message":"Mapped {/api/v1/departments/:id, PATCH} route","timestamp":"2026-05-08T11:31:54.124Z"}
{"context":"RouterExplorer","level":"info","message":"Mapped {/api/v1/departments/:id, DELETE} route","timestamp":"2026-05-08T11:31:54.124Z"}
{"context":"RoutesResolver","level":"info","message":"PortsController {/api/v1/ports}:","timestamp":"2026-05-08T11:31:54.124Z"}
{"context":"RouterExplorer","level":"info","message":"Mapped {/api/v1/ports, POST} route","timestamp":"2026-05-08T11:31:54.124Z"}
{"context":"RouterExplorer","level":"info","message":"Mapped {/api/v1/ports, GET} route","timestamp":"2026-05-08T11:31:54.125Z"}
{"context":"RouterExplorer","level":"info","message":"Mapped {/api/v1/ports/:id, GET} route","timestamp":"2026-05-08T11:31:54.125Z"}
{"context":"RouterExplorer","level":"info","message":"Mapped {/api/v1/ports/:id, PATCH} route","timestamp":"2026-05-08T11:31:54.125Z"}
{"context":"RouterExplorer","level":"info","message":"Mapped {/api/v1/ports/:id, DELETE} route","timestamp":"2026-05-08T11:31:54.125Z"}
{"context":"RoutesResolver","level":"info","message":"FilesController {/api/v1/files}:","timestamp":"2026-05-08T11:31:54.125Z"}
{"context":"RouterExplorer","level":"info","message":"Mapped {/api/v1/files, POST} route","timestamp":"2026-05-08T11:31:54.125Z"}
{"context":"RouterExplorer","level":"info","message":"Mapped {/api/v1/files, GET} route","timestamp":"2026-05-08T11:31:54.125Z"}
{"context":"RouterExplorer","level":"info","message":"Mapped {/api/v1/files/:id, GET} route","timestamp":"2026-05-08T11:31:54.126Z"}
{"context":"RouterExplorer","level":"info","message":"Mapped {/api/v1/files/:id, PATCH} route","timestamp":"2026-05-08T11:31:54.126Z"}
{"context":"RouterExplorer","level":"info","message":"Mapped {/api/v1/files/:id, DELETE} route","timestamp":"2026-05-08T11:31:54.126Z"}
{"context":"PrismaService","level":"info","message":"Kết nối database thành công","timestamp":"2026-05-08T11:31:54.170Z"}
{"context":"NestApplication","level":"info","message":"Nest application successfully started","timestamp":"2026-05-08T11:31:54.175Z"}
{"context":"AccessTokenGuard","level":"info","message":"isPublic: true","requestId":"2ce43a6e-774a-439b-af3b-6ce0ff496b14","timestamp":"2026-05-08T11:32:13.115Z"}
{"context":"AccessTokenGuard","level":"info","message":"Public route, skipping authentication","requestId":"2ce43a6e-774a-439b-af3b-6ce0ff496b14","timestamp":"2026-05-08T11:32:13.115Z"}
{"context":"AllExceptionsFilter","level":"error","message":"[RequestID: 2ce43a6e-774a-439b-af3b-6ce0ff496b14] POST /api/v1/auth/login | Status: 500 | Code: HTTP_EXCEPTION | Error: Lỗi Database (ECONNREFUSED): \nInvalid `this.getModel(ctx).findFirst()` invocation in\nC:\\Users\\ATT\\Documents\\Workspace\\ATT\\KYC Asset for ATTPAY\\backend\\be-kyc-asset\\src\\modules\\users\\repositories\\users.repository.ts:147:39\n\n  144   ctx?: IDatabaseContext,\n  145 ): Promise<UserWithRoles | null> {\n  146   try {\n→ 147     return await this.getModel(ctx).findFirst(\n","requestId":"2ce43a6e-774a-439b-af3b-6ce0ff496b14","stack":["InternalServerErrorException: Lỗi Database (ECONNREFUSED): \nInvalid `this.getModel(ctx).findFirst()` invocation in\nC:\\Users\\ATT\\Documents\\Workspace\\ATT\\KYC Asset for ATTPAY\\backend\\be-kyc-asset\\src\\modules\\users\\repositories\\users.repository.ts:147:39\n\n  144   ctx?: IDatabaseContext,\n  145 ): Promise<UserWithRoles | null> {\n  146   try {\n→ 147     return await this.getModel(ctx).findFirst(\n\n    at handlePrismaError (C:\\Users\\ATT\\Documents\\Workspace\\ATT\\KYC Asset for ATTPAY\\backend\\be-kyc-asset\\src\\prisma\\prisma-error-handler.ts:168:15)\n    at UsersRepository.findByUsernameWithRoles (C:\\Users\\ATT\\Documents\\Workspace\\ATT\\KYC Asset for ATTPAY\\backend\\be-kyc-asset\\src\\modules\\users\\repositories\\users.repository.ts:156:31)\n    at process.processTicksAndRejections (node:internal/process/task_queues:104:5)\n    at async AuthService.login (C:\\Users\\ATT\\Documents\\Workspace\\ATT\\KYC Asset for ATTPAY\\backend\\be-kyc-asset\\src\\modules\\auth\\auth.service.ts:148:18)\n    at async AuthController.login (C:\\Users\\ATT\\Documents\\Workspace\\ATT\\KYC Asset for ATTPAY\\backend\\be-kyc-asset\\src\\modules\\auth\\auth.controller.ts:69:21)"],"timestamp":"2026-05-08T11:32:13.177Z"}
{"context":"LoggerMiddleware","level":"error","message":"[RequestID: 2ce43a6e-774a-439b-af3b-6ce0ff496b14] POST /api/v1/auth/login | Status: 500 | Duration: 64ms | IP: ::1 | UserAgent: Mozilla/5.0 (Windows NT 10.0; Win64; x64) AppleWebKit/537.36 (KHTML, like Gecko) Chrome/147.0.0.0 Safari/537.36","requestId":"2ce43a6e-774a-439b-af3b-6ce0ff496b14","stack":[null],"timestamp":"2026-05-08T11:32:13.179Z"}
{"context":"AccessTokenGuard","level":"info","message":"isPublic: true","requestId":"44280b4b-069f-490e-8da7-18ec563d168f","timestamp":"2026-05-08T11:32:27.928Z"}
{"context":"AccessTokenGuard","level":"info","message":"Public route, skipping authentication","requestId":"44280b4b-069f-490e-8da7-18ec563d168f","timestamp":"2026-05-08T11:32:27.928Z"}
{"context":"AllExceptionsFilter","level":"error","message":"[RequestID: 44280b4b-069f-490e-8da7-18ec563d168f] POST /api/v1/auth/login | Status: 500 | Code: HTTP_EXCEPTION | Error: Lỗi Database (ECONNREFUSED): \nInvalid `this.getModel(ctx).findFirst()` invocation in\nC:\\Users\\ATT\\Documents\\Workspace\\ATT\\KYC Asset for ATTPAY\\backend\\be-kyc-asset\\src\\modules\\users\\repositories\\users.repository.ts:147:39\n\n  144   ctx?: IDatabaseContext,\n  145 ): Promise<UserWithRoles | null> {\n  146   try {\n→ 147     return await this.getModel(ctx).findFirst(\n","requestId":"44280b4b-069f-490e-8da7-18ec563d168f","stack":["InternalServerErrorException: Lỗi Database (ECONNREFUSED): \nInvalid `this.getModel(ctx).findFirst()` invocation in\nC:\\Users\\ATT\\Documents\\Workspace\\ATT\\KYC Asset for ATTPAY\\backend\\be-kyc-asset\\src\\modules\\users\\repositories\\users.repository.ts:147:39\n\n  144   ctx?: IDatabaseContext,\n  145 ): Promise<UserWithRoles | null> {\n  146   try {\n→ 147     return await this.getModel(ctx).findFirst(\n\n    at handlePrismaError (C:\\Users\\ATT\\Documents\\Workspace\\ATT\\KYC Asset for ATTPAY\\backend\\be-kyc-asset\\src\\prisma\\prisma-error-handler.ts:168:15)\n    at UsersRepository.findByUsernameWithRoles (C:\\Users\\ATT\\Documents\\Workspace\\ATT\\KYC Asset for ATTPAY\\backend\\be-kyc-asset\\src\\modules\\users\\repositories\\users.repository.ts:156:31)\n    at process.processTicksAndRejections (node:internal/process/task_queues:104:5)\n    at async AuthService.login (C:\\Users\\ATT\\Documents\\Workspace\\ATT\\KYC Asset for ATTPAY\\backend\\be-kyc-asset\\src\\modules\\auth\\auth.service.ts:148:18)\n    at async AuthController.login (C:\\Users\\ATT\\Documents\\Workspace\\ATT\\KYC Asset for ATTPAY\\backend\\be-kyc-asset\\src\\modules\\auth\\auth.controller.ts:69:21)"],"timestamp":"2026-05-08T11:32:27.931Z"}
{"context":"LoggerMiddleware","level":"error","message":"[RequestID: 44280b4b-069f-490e-8da7-18ec563d168f] POST /api/v1/auth/login | Status: 500 | Duration: 5ms | IP: ::1 | UserAgent: Mozilla/5.0 (Windows NT 10.0; Win64; x64) AppleWebKit/537.36 (KHTML, like Gecko) Chrome/147.0.0.0 Safari/537.36","requestId":"44280b4b-069f-490e-8da7-18ec563d168f","stack":[null],"timestamp":"2026-05-08T11:32:27.932Z"}
{"context":"AccessTokenGuard","level":"info","message":"isPublic: true","requestId":"3eb45da0-5d0d-4b66-9f66-1f650b706e5d","timestamp":"2026-05-08T11:32:34.014Z"}
{"context":"AccessTokenGuard","level":"info","message":"Public route, skipping authentication","requestId":"3eb45da0-5d0d-4b66-9f66-1f650b706e5d","timestamp":"2026-05-08T11:32:34.014Z"}
{"context":"AllExceptionsFilter","level":"error","message":"[RequestID: 3eb45da0-5d0d-4b66-9f66-1f650b706e5d] POST /api/v1/auth/login | Status: 500 | Code: HTTP_EXCEPTION | Error: Lỗi Database (ECONNREFUSED): \nInvalid `this.getModel(ctx).findFirst()` invocation in\nC:\\Users\\ATT\\Documents\\Workspace\\ATT\\KYC Asset for ATTPAY\\backend\\be-kyc-asset\\src\\modules\\users\\repositories\\users.repository.ts:147:39\n\n  144   ctx?: IDatabaseContext,\n  145 ): Promise<UserWithRoles | null> {\n  146   try {\n→ 147     return await this.getModel(ctx).findFirst(\n","requestId":"3eb45da0-5d0d-4b66-9f66-1f650b706e5d","stack":["InternalServerErrorException: Lỗi Database (ECONNREFUSED): \nInvalid `this.getModel(ctx).findFirst()` invocation in\nC:\\Users\\ATT\\Documents\\Workspace\\ATT\\KYC Asset for ATTPAY\\backend\\be-kyc-asset\\src\\modules\\users\\repositories\\users.repository.ts:147:39\n\n  144   ctx?: IDatabaseContext,\n  145 ): Promise<UserWithRoles | null> {\n  146   try {\n→ 147     return await this.getModel(ctx).findFirst(\n\n    at handlePrismaError (C:\\Users\\ATT\\Documents\\Workspace\\ATT\\KYC Asset for ATTPAY\\backend\\be-kyc-asset\\src\\prisma\\prisma-error-handler.ts:168:15)\n    at UsersRepository.findByUsernameWithRoles (C:\\Users\\ATT\\Documents\\Workspace\\ATT\\KYC Asset for ATTPAY\\backend\\be-kyc-asset\\src\\modules\\users\\repositories\\users.repository.ts:156:31)\n    at process.processTicksAndRejections (node:internal/process/task_queues:104:5)\n    at async AuthService.login (C:\\Users\\ATT\\Documents\\Workspace\\ATT\\KYC Asset for ATTPAY\\backend\\be-kyc-asset\\src\\modules\\auth\\auth.service.ts:148:18)\n    at async AuthController.login (C:\\Users\\ATT\\Documents\\Workspace\\ATT\\KYC Asset for ATTPAY\\backend\\be-kyc-asset\\src\\modules\\auth\\auth.controller.ts:69:21)"],"timestamp":"2026-05-08T11:32:34.017Z"}
{"context":"LoggerMiddleware","level":"error","message":"[RequestID: 3eb45da0-5d0d-4b66-9f66-1f650b706e5d] POST /api/v1/auth/login | Status: 500 | Duration: 3ms | IP: ::1 | UserAgent: Mozilla/5.0 (iPhone; CPU iPhone OS 18_5 like Mac OS X) AppleWebKit/605.1.15 (KHTML, like Gecko) Version/18.5 Mobile/15E148 Safari/604.1","requestId":"3eb45da0-5d0d-4b66-9f66-1f650b706e5d","stack":[null],"timestamp":"2026-05-08T11:32:34.017Z"}
{"context":"AccessTokenGuard","level":"info","message":"isPublic: true","requestId":"13753b9c-bf5e-4a41-a00a-479a5a67f970","timestamp":"2026-05-08T12:13:31.006Z"}
{"context":"AccessTokenGuard","level":"info","message":"Public route, skipping authentication","requestId":"13753b9c-bf5e-4a41-a00a-479a5a67f970","timestamp":"2026-05-08T12:13:31.007Z"}
{"context":"AllExceptionsFilter","level":"error","message":"[RequestID: 13753b9c-bf5e-4a41-a00a-479a5a67f970] POST /api/v1/auth/login | Status: 500 | Code: HTTP_EXCEPTION | Error: Lỗi Database (ECONNREFUSED): \nInvalid `this.getModel(ctx).findFirst()` invocation in\nC:\\Users\\ATT\\Documents\\Workspace\\ATT\\KYC Asset for ATTPAY\\backend\\be-kyc-asset\\src\\modules\\users\\repositories\\users.repository.ts:147:39\n\n  144   ctx?: IDatabaseContext,\n  145 ): Promise<UserWithRoles | null> {\n  146   try {\n→ 147     return await this.getModel(ctx).findFirst(\n","requestId":"13753b9c-bf5e-4a41-a00a-479a5a67f970","stack":["InternalServerErrorException: Lỗi Database (ECONNREFUSED): \nInvalid `this.getModel(ctx).findFirst()` invocation in\nC:\\Users\\ATT\\Documents\\Workspace\\ATT\\KYC Asset for ATTPAY\\backend\\be-kyc-asset\\src\\modules\\users\\repositories\\users.repository.ts:147:39\n\n  144   ctx?: IDatabaseContext,\n  145 ): Promise<UserWithRoles | null> {\n  146   try {\n→ 147     return await this.getModel(ctx).findFirst(\n\n    at handlePrismaError (C:\\Users\\ATT\\Documents\\Workspace\\ATT\\KYC Asset for ATTPAY\\backend\\be-kyc-asset\\src\\prisma\\prisma-error-handler.ts:168:15)\n    at UsersRepository.findByUsernameWithRoles (C:\\Users\\ATT\\Documents\\Workspace\\ATT\\KYC Asset for ATTPAY\\backend\\be-kyc-asset\\src\\modules\\users\\repositories\\users.repository.ts:156:31)\n    at process.processTicksAndRejections (node:internal/process/task_queues:104:5)\n    at async AuthService.login (C:\\Users\\ATT\\Documents\\Workspace\\ATT\\KYC Asset for ATTPAY\\backend\\be-kyc-asset\\src\\modules\\auth\\auth.service.ts:148:18)\n    at async AuthController.login (C:\\Users\\ATT\\Documents\\Workspace\\ATT\\KYC Asset for ATTPAY\\backend\\be-kyc-asset\\src\\modules\\auth\\auth.controller.ts:69:21)"],"timestamp":"2026-05-08T12:13:31.016Z"}
{"context":"LoggerMiddleware","level":"error","message":"[RequestID: 13753b9c-bf5e-4a41-a00a-479a5a67f970] POST /api/v1/auth/login | Status: 500 | Duration: 13ms | IP: ::1 | UserAgent: Mozilla/5.0 (Windows NT 10.0; Win64; x64) AppleWebKit/537.36 (KHTML, like Gecko) Chrome/147.0.0.0 Safari/537.36","requestId":"13753b9c-bf5e-4a41-a00a-479a5a67f970","stack":[null],"timestamp":"2026-05-08T12:13:31.017Z"}
{"level":"info","message":"Khởi tạo ứng dụng...","timestamp":"2026-05-08T12:32:44.749Z"}
{"context":"NestFactory","level":"info","message":"Starting Nest application...","timestamp":"2026-05-08T12:32:44.829Z"}
{"context":"InstanceLoader","level":"info","message":"PassportModule dependencies initialized","timestamp":"2026-05-08T12:32:44.838Z"}
{"context":"InstanceLoader","level":"info","message":"ConfigHostModule dependencies initialized","timestamp":"2026-05-08T12:32:44.838Z"}
{"context":"InstanceLoader","level":"info","message":"AppModule dependencies initialized","timestamp":"2026-05-08T12:32:44.839Z"}
{"context":"PrismaService","level":"info","message":"🔌 Prisma Connection String: postgresql://admin:******@localhost:5433/kyc_asset_db?schema=public","timestamp":"2026-05-08T12:32:44.841Z"}
{"context":"InstanceLoader","level":"info","message":"PortsModule dependencies initialized","timestamp":"2026-05-08T12:32:44.842Z"}
{"context":"InstanceLoader","level":"info","message":"FilesModule dependencies initialized","timestamp":"2026-05-08T12:32:44.842Z"}
{"context":"InstanceLoader","level":"info","message":"ConfigModule dependencies initialized","timestamp":"2026-05-08T12:32:44.842Z"}
{"context":"InstanceLoader","level":"info","message":"CommonModule dependencies initialized","timestamp":"2026-05-08T12:32:44.843Z"}
{"context":"InstanceLoader","level":"info","message":"JwtModule dependencies initialized","timestamp":"2026-05-08T12:32:44.843Z"}
{"context":"InstanceLoader","level":"info","message":"PrismaModule dependencies initialized","timestamp":"2026-05-08T12:32:44.844Z"}
{"context":"InstanceLoader","level":"info","message":"WhitelistIpModule dependencies initialized","timestamp":"2026-05-08T12:32:44.845Z"}
{"context":"InstanceLoader","level":"info","message":"AttributeModule dependencies initialized","timestamp":"2026-05-08T12:32:44.845Z"}
{"context":"InstanceLoader","level":"info","message":"DepartmentsModule dependencies initialized","timestamp":"2026-05-08T12:32:44.845Z"}
{"context":"InstanceLoader","level":"info","message":"UsersModule dependencies initialized","timestamp":"2026-05-08T12:32:44.846Z"}
{"context":"InstanceLoader","level":"info","message":"RolesModule dependencies initialized","timestamp":"2026-05-08T12:32:44.846Z"}
{"context":"InstanceLoader","level":"info","message":"PermissionsModule dependencies initialized","timestamp":"2026-05-08T12:32:44.846Z"}
{"context":"InstanceLoader","level":"info","message":"AuthModule dependencies initialized","timestamp":"2026-05-08T12:32:44.846Z"}
{"context":"LegacyRouteConverter","level":"warn","message":"Unsupported route path: \"/api/v1/*\". In previous versions, the symbols ?, *, and + were used to denote optional or repeating path parameters. The latest version of \"path-to-regexp\" now requires the use of named parameters. For example, instead of using a route like /users/* to capture all routes starting with \"/users\", you should use /users/*path. For more details, refer to the migration guide. Attempting to auto-convert...","timestamp":"2026-05-08T12:32:44.873Z"}
{"context":"RoutesResolver","level":"info","message":"AppController {/api/v1/ping}:","timestamp":"2026-05-08T12:32:44.874Z"}
{"context":"RouterExplorer","level":"info","message":"Mapped {/api/v1/ping, GET} route","timestamp":"2026-05-08T12:32:44.875Z"}
{"context":"RoutesResolver","level":"info","message":"UsersController {/api/v1/users}:","timestamp":"2026-05-08T12:32:44.875Z"}
{"context":"RouterExplorer","level":"info","message":"Mapped {/api/v1/users, POST} route","timestamp":"2026-05-08T12:32:44.876Z"}
{"context":"RouterExplorer","level":"info","message":"Mapped {/api/v1/users, GET} route","timestamp":"2026-05-08T12:32:44.876Z"}
{"context":"RouterExplorer","level":"info","message":"Mapped {/api/v1/users/:id, GET} route","timestamp":"2026-05-08T12:32:44.876Z"}
{"context":"RouterExplorer","level":"info","message":"Mapped {/api/v1/users/:id, PATCH} route","timestamp":"2026-05-08T12:32:44.877Z"}
{"context":"RouterExplorer","level":"info","message":"Mapped {/api/v1/users/:id, DELETE} route","timestamp":"2026-05-08T12:32:44.877Z"}
{"context":"RoutesResolver","level":"info","message":"WhitelistIpController {/api/v1/whitelist-ip}:","timestamp":"2026-05-08T12:32:44.877Z"}
{"context":"RouterExplorer","level":"info","message":"Mapped {/api/v1/whitelist-ip, POST} route","timestamp":"2026-05-08T12:32:44.877Z"}
{"context":"RouterExplorer","level":"info","message":"Mapped {/api/v1/whitelist-ip, GET} route","timestamp":"2026-05-08T12:32:44.878Z"}
{"context":"RouterExplorer","level":"info","message":"Mapped {/api/v1/whitelist-ip/:id, GET} route","timestamp":"2026-05-08T12:32:44.878Z"}
{"context":"RouterExplorer","level":"info","message":"Mapped {/api/v1/whitelist-ip/:id, PATCH} route","timestamp":"2026-05-08T12:32:44.879Z"}
{"context":"RouterExplorer","level":"info","message":"Mapped {/api/v1/whitelist-ip/:id, DELETE} route","timestamp":"2026-05-08T12:32:44.879Z"}
{"context":"RoutesResolver","level":"info","message":"RolesController {/api/v1/roles}:","timestamp":"2026-05-08T12:32:44.880Z"}
{"context":"RouterExplorer","level":"info","message":"Mapped {/api/v1/roles, POST} route","timestamp":"2026-05-08T12:32:44.880Z"}
{"context":"RouterExplorer","level":"info","message":"Mapped {/api/v1/roles, GET} route","timestamp":"2026-05-08T12:32:44.880Z"}
{"context":"RouterExplorer","level":"info","message":"Mapped {/api/v1/roles/:id, GET} route","timestamp":"2026-05-08T12:32:44.880Z"}
{"context":"RouterExplorer","level":"info","message":"Mapped {/api/v1/roles/:id, PATCH} route","timestamp":"2026-05-08T12:32:44.881Z"}
{"context":"RouterExplorer","level":"info","message":"Mapped {/api/v1/roles/:id, DELETE} route","timestamp":"2026-05-08T12:32:44.881Z"}
{"context":"RoutesResolver","level":"info","message":"PermissionsController {/api/v1/permissions}:","timestamp":"2026-05-08T12:32:44.881Z"}
{"context":"RouterExplorer","level":"info","message":"Mapped {/api/v1/permissions, POST} route","timestamp":"2026-05-08T12:32:44.882Z"}
{"context":"RouterExplorer","level":"info","message":"Mapped {/api/v1/permissions, GET} route","timestamp":"2026-05-08T12:32:44.882Z"}
{"context":"RouterExplorer","level":"info","message":"Mapped {/api/v1/permissions/:id, PATCH} route","timestamp":"2026-05-08T12:32:44.883Z"}
{"context":"RouterExplorer","level":"info","message":"Mapped {/api/v1/permissions/:id, DELETE} route","timestamp":"2026-05-08T12:32:44.883Z"}
{"context":"RoutesResolver","level":"info","message":"AuthController {/api/v1/auth}:","timestamp":"2026-05-08T12:32:44.883Z"}
{"context":"RouterExplorer","level":"info","message":"Mapped {/api/v1/auth/register, POST} route","timestamp":"2026-05-08T12:32:44.884Z"}
{"context":"RouterExplorer","level":"info","message":"Mapped {/api/v1/auth/login, POST} route","timestamp":"2026-05-08T12:32:44.884Z"}
{"context":"RouterExplorer","level":"info","message":"Mapped {/api/v1/auth/refresh, POST} route","timestamp":"2026-05-08T12:32:44.884Z"}
{"context":"RouterExplorer","level":"info","message":"Mapped {/api/v1/auth/logout, POST} route","timestamp":"2026-05-08T12:32:44.885Z"}
{"context":"RouterExplorer","level":"info","message":"Mapped {/api/v1/auth/me, GET} route","timestamp":"2026-05-08T12:32:44.885Z"}
{"context":"RouterExplorer","level":"info","message":"Mapped {/api/v1/auth/me/password, PATCH} route","timestamp":"2026-05-08T12:32:44.885Z"}
{"context":"RoutesResolver","level":"info","message":"AttributeController {/api/v1/attribute}:","timestamp":"2026-05-08T12:32:44.886Z"}
{"context":"RouterExplorer","level":"info","message":"Mapped {/api/v1/attribute, POST} route","timestamp":"2026-05-08T12:32:44.886Z"}
{"context":"RouterExplorer","level":"info","message":"Mapped {/api/v1/attribute, GET} route","timestamp":"2026-05-08T12:32:44.886Z"}
{"context":"RouterExplorer","level":"info","message":"Mapped {/api/v1/attribute/:id, GET} route","timestamp":"2026-05-08T12:32:44.886Z"}
{"context":"RouterExplorer","level":"info","message":"Mapped {/api/v1/attribute/:id, PATCH} route","timestamp":"2026-05-08T12:32:44.887Z"}
{"context":"RouterExplorer","level":"info","message":"Mapped {/api/v1/attribute/:id, DELETE} route","timestamp":"2026-05-08T12:32:44.887Z"}
{"context":"RoutesResolver","level":"info","message":"DepartmentsController {/api/v1/departments}:","timestamp":"2026-05-08T12:32:44.887Z"}
{"context":"RouterExplorer","level":"info","message":"Mapped {/api/v1/departments, POST} route","timestamp":"2026-05-08T12:32:44.887Z"}
{"context":"RouterExplorer","level":"info","message":"Mapped {/api/v1/departments, GET} route","timestamp":"2026-05-08T12:32:44.887Z"}
{"context":"RouterExplorer","level":"info","message":"Mapped {/api/v1/departments/:id, GET} route","timestamp":"2026-05-08T12:32:44.887Z"}
{"context":"RouterExplorer","level":"info","message":"Mapped {/api/v1/departments/:id, PATCH} route","timestamp":"2026-05-08T12:32:44.887Z"}
{"context":"RouterExplorer","level":"info","message":"Mapped {/api/v1/departments/:id, DELETE} route","timestamp":"2026-05-08T12:32:44.888Z"}
{"context":"RoutesResolver","level":"info","message":"PortsController {/api/v1/ports}:","timestamp":"2026-05-08T12:32:44.888Z"}
{"context":"RouterExplorer","level":"info","message":"Mapped {/api/v1/ports, POST} route","timestamp":"2026-05-08T12:32:44.888Z"}
{"context":"RouterExplorer","level":"info","message":"Mapped {/api/v1/ports, GET} route","timestamp":"2026-05-08T12:32:44.888Z"}
{"context":"RouterExplorer","level":"info","message":"Mapped {/api/v1/ports/:id, GET} route","timestamp":"2026-05-08T12:32:44.888Z"}
{"context":"RouterExplorer","level":"info","message":"Mapped {/api/v1/ports/:id, PATCH} route","timestamp":"2026-05-08T12:32:44.888Z"}
{"context":"RouterExplorer","level":"info","message":"Mapped {/api/v1/ports/:id, DELETE} route","timestamp":"2026-05-08T12:32:44.888Z"}
{"context":"RoutesResolver","level":"info","message":"FilesController {/api/v1/files}:","timestamp":"2026-05-08T12:32:44.889Z"}
{"context":"RouterExplorer","level":"info","message":"Mapped {/api/v1/files, POST} route","timestamp":"2026-05-08T12:32:44.889Z"}
{"context":"RouterExplorer","level":"info","message":"Mapped {/api/v1/files, GET} route","timestamp":"2026-05-08T12:32:44.889Z"}
{"context":"RouterExplorer","level":"info","message":"Mapped {/api/v1/files/:id, GET} route","timestamp":"2026-05-08T12:32:44.889Z"}
{"context":"RouterExplorer","level":"info","message":"Mapped {/api/v1/files/:id, PATCH} route","timestamp":"2026-05-08T12:32:44.889Z"}
{"context":"RouterExplorer","level":"info","message":"Mapped {/api/v1/files/:id, DELETE} route","timestamp":"2026-05-08T12:32:44.889Z"}
{"context":"PrismaService","level":"info","message":"Kết nối database thành công","timestamp":"2026-05-08T12:32:44.930Z"}
{"context":"NestApplication","level":"info","message":"Nest application successfully started","timestamp":"2026-05-08T12:32:44.935Z"}
{"level":"info","message":"Khởi tạo ứng dụng...","timestamp":"2026-05-08T12:32:46.802Z"}
{"context":"NestFactory","level":"info","message":"Starting Nest application...","timestamp":"2026-05-08T12:32:46.872Z"}
{"context":"InstanceLoader","level":"info","message":"PassportModule dependencies initialized","timestamp":"2026-05-08T12:32:46.882Z"}
{"context":"InstanceLoader","level":"info","message":"ConfigHostModule dependencies initialized","timestamp":"2026-05-08T12:32:46.883Z"}
{"context":"InstanceLoader","level":"info","message":"AppModule dependencies initialized","timestamp":"2026-05-08T12:32:46.883Z"}
{"context":"PrismaService","level":"info","message":"🔌 Prisma Connection String: postgresql://admin:******@localhost:5433/kyc_asset_db?schema=public","timestamp":"2026-05-08T12:32:46.885Z"}
{"context":"InstanceLoader","level":"info","message":"PortsModule dependencies initialized","timestamp":"2026-05-08T12:32:46.885Z"}
{"context":"InstanceLoader","level":"info","message":"FilesModule dependencies initialized","timestamp":"2026-05-08T12:32:46.886Z"}
{"context":"InstanceLoader","level":"info","message":"ConfigModule dependencies initialized","timestamp":"2026-05-08T12:32:46.886Z"}
{"context":"InstanceLoader","level":"info","message":"CommonModule dependencies initialized","timestamp":"2026-05-08T12:32:46.886Z"}
{"context":"InstanceLoader","level":"info","message":"JwtModule dependencies initialized","timestamp":"2026-05-08T12:32:46.886Z"}
{"context":"InstanceLoader","level":"info","message":"PrismaModule dependencies initialized","timestamp":"2026-05-08T12:32:46.887Z"}
{"context":"InstanceLoader","level":"info","message":"WhitelistIpModule dependencies initialized","timestamp":"2026-05-08T12:32:46.888Z"}
{"context":"InstanceLoader","level":"info","message":"AttributeModule dependencies initialized","timestamp":"2026-05-08T12:32:46.888Z"}
{"context":"InstanceLoader","level":"info","message":"DepartmentsModule dependencies initialized","timestamp":"2026-05-08T12:32:46.888Z"}
{"context":"InstanceLoader","level":"info","message":"UsersModule dependencies initialized","timestamp":"2026-05-08T12:32:46.889Z"}
{"context":"InstanceLoader","level":"info","message":"RolesModule dependencies initialized","timestamp":"2026-05-08T12:32:46.889Z"}
{"context":"InstanceLoader","level":"info","message":"PermissionsModule dependencies initialized","timestamp":"2026-05-08T12:32:46.889Z"}
{"context":"InstanceLoader","level":"info","message":"AuthModule dependencies initialized","timestamp":"2026-05-08T12:32:46.889Z"}
{"context":"LegacyRouteConverter","level":"warn","message":"Unsupported route path: \"/api/v1/*\". In previous versions, the symbols ?, *, and + were used to denote optional or repeating path parameters. The latest version of \"path-to-regexp\" now requires the use of named parameters. For example, instead of using a route like /users/* to capture all routes starting with \"/users\", you should use /users/*path. For more details, refer to the migration guide. Attempting to auto-convert...","timestamp":"2026-05-08T12:32:46.912Z"}
{"context":"RoutesResolver","level":"info","message":"AppController {/api/v1/ping}:","timestamp":"2026-05-08T12:32:46.912Z"}
{"context":"RouterExplorer","level":"info","message":"Mapped {/api/v1/ping, GET} route","timestamp":"2026-05-08T12:32:46.913Z"}
{"context":"RoutesResolver","level":"info","message":"UsersController {/api/v1/users}:","timestamp":"2026-05-08T12:32:46.914Z"}
{"context":"RouterExplorer","level":"info","message":"Mapped {/api/v1/users, POST} route","timestamp":"2026-05-08T12:32:46.914Z"}
{"context":"RouterExplorer","level":"info","message":"Mapped {/api/v1/users, GET} route","timestamp":"2026-05-08T12:32:46.914Z"}
{"context":"RouterExplorer","level":"info","message":"Mapped {/api/v1/users/:id, GET} route","timestamp":"2026-05-08T12:32:46.914Z"}
{"context":"RouterExplorer","level":"info","message":"Mapped {/api/v1/users/:id, PATCH} route","timestamp":"2026-05-08T12:32:46.915Z"}
{"context":"RouterExplorer","level":"info","message":"Mapped {/api/v1/users/:id, DELETE} route","timestamp":"2026-05-08T12:32:46.915Z"}
{"context":"RoutesResolver","level":"info","message":"WhitelistIpController {/api/v1/whitelist-ip}:","timestamp":"2026-05-08T12:32:46.915Z"}
{"context":"RouterExplorer","level":"info","message":"Mapped {/api/v1/whitelist-ip, POST} route","timestamp":"2026-05-08T12:32:46.915Z"}
{"context":"RouterExplorer","level":"info","message":"Mapped {/api/v1/whitelist-ip, GET} route","timestamp":"2026-05-08T12:32:46.915Z"}
{"context":"RouterExplorer","level":"info","message":"Mapped {/api/v1/whitelist-ip/:id, GET} route","timestamp":"2026-05-08T12:32:46.916Z"}
{"context":"RouterExplorer","level":"info","message":"Mapped {/api/v1/whitelist-ip/:id, PATCH} route","timestamp":"2026-05-08T12:32:46.916Z"}
{"context":"RouterExplorer","level":"info","message":"Mapped {/api/v1/whitelist-ip/:id, DELETE} route","timestamp":"2026-05-08T12:32:46.916Z"}
{"context":"RoutesResolver","level":"info","message":"RolesController {/api/v1/roles}:","timestamp":"2026-05-08T12:32:46.916Z"}
{"context":"RouterExplorer","level":"info","message":"Mapped {/api/v1/roles, POST} route","timestamp":"2026-05-08T12:32:46.917Z"}
{"context":"RouterExplorer","level":"info","message":"Mapped {/api/v1/roles, GET} route","timestamp":"2026-05-08T12:32:46.917Z"}
{"context":"RouterExplorer","level":"info","message":"Mapped {/api/v1/roles/:id, GET} route","timestamp":"2026-05-08T12:32:46.917Z"}
{"context":"RouterExplorer","level":"info","message":"Mapped {/api/v1/roles/:id, PATCH} route","timestamp":"2026-05-08T12:32:46.917Z"}
{"context":"RouterExplorer","level":"info","message":"Mapped {/api/v1/roles/:id, DELETE} route","timestamp":"2026-05-08T12:32:46.917Z"}
{"context":"RoutesResolver","level":"info","message":"PermissionsController {/api/v1/permissions}:","timestamp":"2026-05-08T12:32:46.917Z"}
{"context":"RouterExplorer","level":"info","message":"Mapped {/api/v1/permissions, POST} route","timestamp":"2026-05-08T12:32:46.918Z"}
{"context":"RouterExplorer","level":"info","message":"Mapped {/api/v1/permissions, GET} route","timestamp":"2026-05-08T12:32:46.918Z"}
{"context":"RouterExplorer","level":"info","message":"Mapped {/api/v1/permissions/:id, PATCH} route","timestamp":"2026-05-08T12:32:46.918Z"}
{"context":"RouterExplorer","level":"info","message":"Mapped {/api/v1/permissions/:id, DELETE} route","timestamp":"2026-05-08T12:32:46.918Z"}
{"context":"RoutesResolver","level":"info","message":"AuthController {/api/v1/auth}:","timestamp":"2026-05-08T12:32:46.918Z"}
{"context":"RouterExplorer","level":"info","message":"Mapped {/api/v1/auth/register, POST} route","timestamp":"2026-05-08T12:32:46.919Z"}
{"context":"RouterExplorer","level":"info","message":"Mapped {/api/v1/auth/login, POST} route","timestamp":"2026-05-08T12:32:46.919Z"}
{"context":"RouterExplorer","level":"info","message":"Mapped {/api/v1/auth/refresh, POST} route","timestamp":"2026-05-08T12:32:46.919Z"}
{"context":"RouterExplorer","level":"info","message":"Mapped {/api/v1/auth/logout, POST} route","timestamp":"2026-05-08T12:32:46.919Z"}
{"context":"RouterExplorer","level":"info","message":"Mapped {/api/v1/auth/me, GET} route","timestamp":"2026-05-08T12:32:46.920Z"}
{"context":"RouterExplorer","level":"info","message":"Mapped {/api/v1/auth/me/password, PATCH} route","timestamp":"2026-05-08T12:32:46.920Z"}
{"context":"RoutesResolver","level":"info","message":"AttributeController {/api/v1/attribute}:","timestamp":"2026-05-08T12:32:46.920Z"}
{"context":"RouterExplorer","level":"info","message":"Mapped {/api/v1/attribute, POST} route","timestamp":"2026-05-08T12:32:46.920Z"}
{"context":"RouterExplorer","level":"info","message":"Mapped {/api/v1/attribute, GET} route","timestamp":"2026-05-08T12:32:46.920Z"}
{"context":"RouterExplorer","level":"info","message":"Mapped {/api/v1/attribute/:id, GET} route","timestamp":"2026-05-08T12:32:46.920Z"}
{"context":"RouterExplorer","level":"info","message":"Mapped {/api/v1/attribute/:id, PATCH} route","timestamp":"2026-05-08T12:32:46.921Z"}
{"context":"RouterExplorer","level":"info","message":"Mapped {/api/v1/attribute/:id, DELETE} route","timestamp":"2026-05-08T12:32:46.921Z"}
{"context":"RoutesResolver","level":"info","message":"DepartmentsController {/api/v1/departments}:","timestamp":"2026-05-08T12:32:46.921Z"}
{"context":"RouterExplorer","level":"info","message":"Mapped {/api/v1/departments, POST} route","timestamp":"2026-05-08T12:32:46.921Z"}
{"context":"RouterExplorer","level":"info","message":"Mapped {/api/v1/departments, GET} route","timestamp":"2026-05-08T12:32:46.921Z"}
{"context":"RouterExplorer","level":"info","message":"Mapped {/api/v1/departments/:id, GET} route","timestamp":"2026-05-08T12:32:46.921Z"}
{"context":"RouterExplorer","level":"info","message":"Mapped {/api/v1/departments/:id, PATCH} route","timestamp":"2026-05-08T12:32:46.921Z"}
{"context":"RouterExplorer","level":"info","message":"Mapped {/api/v1/departments/:id, DELETE} route","timestamp":"2026-05-08T12:32:46.922Z"}
{"context":"RoutesResolver","level":"info","message":"PortsController {/api/v1/ports}:","timestamp":"2026-05-08T12:32:46.922Z"}
{"context":"RouterExplorer","level":"info","message":"Mapped {/api/v1/ports, POST} route","timestamp":"2026-05-08T12:32:46.922Z"}
{"context":"RouterExplorer","level":"info","message":"Mapped {/api/v1/ports, GET} route","timestamp":"2026-05-08T12:32:46.922Z"}
{"context":"RouterExplorer","level":"info","message":"Mapped {/api/v1/ports/:id, GET} route","timestamp":"2026-05-08T12:32:46.922Z"}
{"context":"RouterExplorer","level":"info","message":"Mapped {/api/v1/ports/:id, PATCH} route","timestamp":"2026-05-08T12:32:46.922Z"}
{"context":"RouterExplorer","level":"info","message":"Mapped {/api/v1/ports/:id, DELETE} route","timestamp":"2026-05-08T12:32:46.922Z"}
{"context":"RoutesResolver","level":"info","message":"FilesController {/api/v1/files}:","timestamp":"2026-05-08T12:32:46.922Z"}
{"context":"RouterExplorer","level":"info","message":"Mapped {/api/v1/files, POST} route","timestamp":"2026-05-08T12:32:46.923Z"}
{"context":"RouterExplorer","level":"info","message":"Mapped {/api/v1/files, GET} route","timestamp":"2026-05-08T12:32:46.923Z"}
{"context":"RouterExplorer","level":"info","message":"Mapped {/api/v1/files/:id, GET} route","timestamp":"2026-05-08T12:32:46.923Z"}
{"context":"RouterExplorer","level":"info","message":"Mapped {/api/v1/files/:id, PATCH} route","timestamp":"2026-05-08T12:32:46.923Z"}
{"context":"RouterExplorer","level":"info","message":"Mapped {/api/v1/files/:id, DELETE} route","timestamp":"2026-05-08T12:32:46.923Z"}
{"context":"PrismaService","level":"info","message":"Kết nối database thành công","timestamp":"2026-05-08T12:32:46.965Z"}
{"context":"NestApplication","level":"info","message":"Nest application successfully started","timestamp":"2026-05-08T12:32:46.966Z"}
{"level":"info","message":"Khởi tạo ứng dụng...","timestamp":"2026-05-08T12:32:49.649Z"}
{"context":"NestFactory","level":"info","message":"Starting Nest application...","timestamp":"2026-05-08T12:32:49.716Z"}
{"context":"InstanceLoader","level":"info","message":"PassportModule dependencies initialized","timestamp":"2026-05-08T12:32:49.723Z"}
{"context":"InstanceLoader","level":"info","message":"ConfigHostModule dependencies initialized","timestamp":"2026-05-08T12:32:49.724Z"}
{"context":"InstanceLoader","level":"info","message":"AppModule dependencies initialized","timestamp":"2026-05-08T12:32:49.724Z"}
{"context":"PrismaService","level":"info","message":"🔌 Prisma Connection String: postgresql://admin:******@localhost:5433/kyc_asset_db?schema=public","timestamp":"2026-05-08T12:32:49.726Z"}
{"context":"InstanceLoader","level":"info","message":"PortsModule dependencies initialized","timestamp":"2026-05-08T12:32:49.727Z"}
{"context":"InstanceLoader","level":"info","message":"FilesModule dependencies initialized","timestamp":"2026-05-08T12:32:49.727Z"}
{"context":"InstanceLoader","level":"info","message":"ConfigModule dependencies initialized","timestamp":"2026-05-08T12:32:49.727Z"}
{"context":"InstanceLoader","level":"info","message":"CommonModule dependencies initialized","timestamp":"2026-05-08T12:32:49.727Z"}
{"context":"InstanceLoader","level":"info","message":"JwtModule dependencies initialized","timestamp":"2026-05-08T12:32:49.728Z"}
{"context":"InstanceLoader","level":"info","message":"PrismaModule dependencies initialized","timestamp":"2026-05-08T12:32:49.728Z"}
{"context":"InstanceLoader","level":"info","message":"WhitelistIpModule dependencies initialized","timestamp":"2026-05-08T12:32:49.729Z"}
{"context":"InstanceLoader","level":"info","message":"AttributeModule dependencies initialized","timestamp":"2026-05-08T12:32:49.729Z"}
{"context":"InstanceLoader","level":"info","message":"DepartmentsModule dependencies initialized","timestamp":"2026-05-08T12:32:49.730Z"}
{"context":"InstanceLoader","level":"info","message":"UsersModule dependencies initialized","timestamp":"2026-05-08T12:32:49.730Z"}
{"context":"InstanceLoader","level":"info","message":"RolesModule dependencies initialized","timestamp":"2026-05-08T12:32:49.730Z"}
{"context":"InstanceLoader","level":"info","message":"PermissionsModule dependencies initialized","timestamp":"2026-05-08T12:32:49.730Z"}
{"context":"InstanceLoader","level":"info","message":"AuthModule dependencies initialized","timestamp":"2026-05-08T12:32:49.730Z"}
{"context":"LegacyRouteConverter","level":"warn","message":"Unsupported route path: \"/api/v1/*\". In previous versions, the symbols ?, *, and + were used to denote optional or repeating path parameters. The latest version of \"path-to-regexp\" now requires the use of named parameters. For example, instead of using a route like /users/* to capture all routes starting with \"/users\", you should use /users/*path. For more details, refer to the migration guide. Attempting to auto-convert...","timestamp":"2026-05-08T12:32:49.753Z"}
{"context":"RoutesResolver","level":"info","message":"AppController {/api/v1/ping}:","timestamp":"2026-05-08T12:32:49.754Z"}
{"context":"RouterExplorer","level":"info","message":"Mapped {/api/v1/ping, GET} route","timestamp":"2026-05-08T12:32:49.755Z"}
{"context":"RoutesResolver","level":"info","message":"UsersController {/api/v1/users}:","timestamp":"2026-05-08T12:32:49.755Z"}
{"context":"RouterExplorer","level":"info","message":"Mapped {/api/v1/users, POST} route","timestamp":"2026-05-08T12:32:49.755Z"}
{"context":"RouterExplorer","level":"info","message":"Mapped {/api/v1/users, GET} route","timestamp":"2026-05-08T12:32:49.755Z"}
{"context":"RouterExplorer","level":"info","message":"Mapped {/api/v1/users/:id, GET} route","timestamp":"2026-05-08T12:32:49.756Z"}
{"context":"RouterExplorer","level":"info","message":"Mapped {/api/v1/users/:id, PATCH} route","timestamp":"2026-05-08T12:32:49.756Z"}
{"context":"RouterExplorer","level":"info","message":"Mapped {/api/v1/users/:id, DELETE} route","timestamp":"2026-05-08T12:32:49.756Z"}
{"context":"RoutesResolver","level":"info","message":"WhitelistIpController {/api/v1/whitelist-ip}:","timestamp":"2026-05-08T12:32:49.756Z"}
{"context":"RouterExplorer","level":"info","message":"Mapped {/api/v1/whitelist-ip, POST} route","timestamp":"2026-05-08T12:32:49.756Z"}
{"context":"RouterExplorer","level":"info","message":"Mapped {/api/v1/whitelist-ip, GET} route","timestamp":"2026-05-08T12:32:49.757Z"}
{"context":"RouterExplorer","level":"info","message":"Mapped {/api/v1/whitelist-ip/:id, GET} route","timestamp":"2026-05-08T12:32:49.757Z"}
{"context":"RouterExplorer","level":"info","message":"Mapped {/api/v1/whitelist-ip/:id, PATCH} route","timestamp":"2026-05-08T12:32:49.757Z"}
{"context":"RouterExplorer","level":"info","message":"Mapped {/api/v1/whitelist-ip/:id, DELETE} route","timestamp":"2026-05-08T12:32:49.757Z"}
{"context":"RoutesResolver","level":"info","message":"RolesController {/api/v1/roles}:","timestamp":"2026-05-08T12:32:49.757Z"}
{"context":"RouterExplorer","level":"info","message":"Mapped {/api/v1/roles, POST} route","timestamp":"2026-05-08T12:32:49.757Z"}
{"context":"RouterExplorer","level":"info","message":"Mapped {/api/v1/roles, GET} route","timestamp":"2026-05-08T12:32:49.758Z"}
{"context":"RouterExplorer","level":"info","message":"Mapped {/api/v1/roles/:id, GET} route","timestamp":"2026-05-08T12:32:49.758Z"}
{"context":"RouterExplorer","level":"info","message":"Mapped {/api/v1/roles/:id, PATCH} route","timestamp":"2026-05-08T12:32:49.758Z"}
{"context":"RouterExplorer","level":"info","message":"Mapped {/api/v1/roles/:id, DELETE} route","timestamp":"2026-05-08T12:32:49.758Z"}
{"context":"RoutesResolver","level":"info","message":"PermissionsController {/api/v1/permissions}:","timestamp":"2026-05-08T12:32:49.758Z"}
{"context":"RouterExplorer","level":"info","message":"Mapped {/api/v1/permissions, POST} route","timestamp":"2026-05-08T12:32:49.758Z"}
{"context":"RouterExplorer","level":"info","message":"Mapped {/api/v1/permissions, GET} route","timestamp":"2026-05-08T12:32:49.759Z"}
{"context":"RouterExplorer","level":"info","message":"Mapped {/api/v1/permissions/:id, PATCH} route","timestamp":"2026-05-08T12:32:49.759Z"}
{"context":"RouterExplorer","level":"info","message":"Mapped {/api/v1/permissions/:id, DELETE} route","timestamp":"2026-05-08T12:32:49.759Z"}
{"context":"RoutesResolver","level":"info","message":"AuthController {/api/v1/auth}:","timestamp":"2026-05-08T12:32:49.759Z"}
{"context":"RouterExplorer","level":"info","message":"Mapped {/api/v1/auth/register, POST} route","timestamp":"2026-05-08T12:32:49.759Z"}
{"context":"RouterExplorer","level":"info","message":"Mapped {/api/v1/auth/login, POST} route","timestamp":"2026-05-08T12:32:49.759Z"}
{"context":"RouterExplorer","level":"info","message":"Mapped {/api/v1/auth/refresh, POST} route","timestamp":"2026-05-08T12:32:49.760Z"}
{"context":"RouterExplorer","level":"info","message":"Mapped {/api/v1/auth/logout, POST} route","timestamp":"2026-05-08T12:32:49.760Z"}
{"context":"RouterExplorer","level":"info","message":"Mapped {/api/v1/auth/me, GET} route","timestamp":"2026-05-08T12:32:49.760Z"}
{"context":"RouterExplorer","level":"info","message":"Mapped {/api/v1/auth/me/password, PATCH} route","timestamp":"2026-05-08T12:32:49.760Z"}
{"context":"RoutesResolver","level":"info","message":"AttributeController {/api/v1/attribute}:","timestamp":"2026-05-08T12:32:49.760Z"}
{"context":"RouterExplorer","level":"info","message":"Mapped {/api/v1/attribute, POST} route","timestamp":"2026-05-08T12:32:49.760Z"}
{"context":"RouterExplorer","level":"info","message":"Mapped {/api/v1/attribute, GET} route","timestamp":"2026-05-08T12:32:49.761Z"}
{"context":"RouterExplorer","level":"info","message":"Mapped {/api/v1/attribute/:id, GET} route","timestamp":"2026-05-08T12:32:49.761Z"}
{"context":"RouterExplorer","level":"info","message":"Mapped {/api/v1/attribute/:id, PATCH} route","timestamp":"2026-05-08T12:32:49.761Z"}
{"context":"RouterExplorer","level":"info","message":"Mapped {/api/v1/attribute/:id, DELETE} route","timestamp":"2026-05-08T12:32:49.761Z"}
{"context":"RoutesResolver","level":"info","message":"DepartmentsController {/api/v1/departments}:","timestamp":"2026-05-08T12:32:49.761Z"}
{"context":"RouterExplorer","level":"info","message":"Mapped {/api/v1/departments, POST} route","timestamp":"2026-05-08T12:32:49.761Z"}
{"context":"RouterExplorer","level":"info","message":"Mapped {/api/v1/departments, GET} route","timestamp":"2026-05-08T12:32:49.762Z"}
{"context":"RouterExplorer","level":"info","message":"Mapped {/api/v1/departments/:id, GET} route","timestamp":"2026-05-08T12:32:49.762Z"}
{"context":"RouterExplorer","level":"info","message":"Mapped {/api/v1/departments/:id, PATCH} route","timestamp":"2026-05-08T12:32:49.762Z"}
{"context":"RouterExplorer","level":"info","message":"Mapped {/api/v1/departments/:id, DELETE} route","timestamp":"2026-05-08T12:32:49.762Z"}
{"context":"RoutesResolver","level":"info","message":"PortsController {/api/v1/ports}:","timestamp":"2026-05-08T12:32:49.762Z"}
{"context":"RouterExplorer","level":"info","message":"Mapped {/api/v1/ports, POST} route","timestamp":"2026-05-08T12:32:49.762Z"}
{"context":"RouterExplorer","level":"info","message":"Mapped {/api/v1/ports, GET} route","timestamp":"2026-05-08T12:32:49.762Z"}
{"context":"RouterExplorer","level":"info","message":"Mapped {/api/v1/ports/:id, GET} route","timestamp":"2026-05-08T12:32:49.762Z"}
{"context":"RouterExplorer","level":"info","message":"Mapped {/api/v1/ports/:id, PATCH} route","timestamp":"2026-05-08T12:32:49.763Z"}
{"context":"RouterExplorer","level":"info","message":"Mapped {/api/v1/ports/:id, DELETE} route","timestamp":"2026-05-08T12:32:49.763Z"}
{"context":"RoutesResolver","level":"info","message":"FilesController {/api/v1/files}:","timestamp":"2026-05-08T12:32:49.763Z"}
{"context":"RouterExplorer","level":"info","message":"Mapped {/api/v1/files, POST} route","timestamp":"2026-05-08T12:32:49.763Z"}
{"context":"RouterExplorer","level":"info","message":"Mapped {/api/v1/files, GET} route","timestamp":"2026-05-08T12:32:49.763Z"}
{"context":"RouterExplorer","level":"info","message":"Mapped {/api/v1/files/:id, GET} route","timestamp":"2026-05-08T12:32:49.763Z"}
{"context":"RouterExplorer","level":"info","message":"Mapped {/api/v1/files/:id, PATCH} route","timestamp":"2026-05-08T12:32:49.764Z"}
{"context":"RouterExplorer","level":"info","message":"Mapped {/api/v1/files/:id, DELETE} route","timestamp":"2026-05-08T12:32:49.764Z"}
{"context":"PrismaService","level":"info","message":"Kết nối database thành công","timestamp":"2026-05-08T12:32:49.806Z"}
{"context":"NestApplication","level":"info","message":"Nest application successfully started","timestamp":"2026-05-08T12:32:49.811Z"}
{"level":"info","message":"Khởi tạo ứng dụng...","timestamp":"2026-05-08T12:33:15.919Z"}
{"context":"NestFactory","level":"info","message":"Starting Nest application...","timestamp":"2026-05-08T12:33:15.986Z"}
{"context":"InstanceLoader","level":"info","message":"PassportModule dependencies initialized","timestamp":"2026-05-08T12:33:15.994Z"}
{"context":"InstanceLoader","level":"info","message":"ConfigHostModule dependencies initialized","timestamp":"2026-05-08T12:33:15.994Z"}
{"context":"InstanceLoader","level":"info","message":"AppModule dependencies initialized","timestamp":"2026-05-08T12:33:15.994Z"}
{"context":"PrismaService","level":"info","message":"🔌 Prisma Connection String: postgresql://admin:******@localhost:5433/kyc_asset_db?schema=public","timestamp":"2026-05-08T12:33:15.997Z"}
{"context":"InstanceLoader","level":"info","message":"PortsModule dependencies initialized","timestamp":"2026-05-08T12:33:15.997Z"}
{"context":"InstanceLoader","level":"info","message":"FilesModule dependencies initialized","timestamp":"2026-05-08T12:33:15.997Z"}
{"context":"InstanceLoader","level":"info","message":"ConfigModule dependencies initialized","timestamp":"2026-05-08T12:33:15.997Z"}
{"context":"InstanceLoader","level":"info","message":"CommonModule dependencies initialized","timestamp":"2026-05-08T12:33:15.998Z"}
{"context":"InstanceLoader","level":"info","message":"JwtModule dependencies initialized","timestamp":"2026-05-08T12:33:15.998Z"}
{"context":"InstanceLoader","level":"info","message":"PrismaModule dependencies initialized","timestamp":"2026-05-08T12:33:15.999Z"}
{"context":"InstanceLoader","level":"info","message":"WhitelistIpModule dependencies initialized","timestamp":"2026-05-08T12:33:16.000Z"}
{"context":"InstanceLoader","level":"info","message":"AttributeModule dependencies initialized","timestamp":"2026-05-08T12:33:16.000Z"}
{"context":"InstanceLoader","level":"info","message":"DepartmentsModule dependencies initialized","timestamp":"2026-05-08T12:33:16.000Z"}
{"context":"InstanceLoader","level":"info","message":"UsersModule dependencies initialized","timestamp":"2026-05-08T12:33:16.000Z"}
{"context":"InstanceLoader","level":"info","message":"RolesModule dependencies initialized","timestamp":"2026-05-08T12:33:16.000Z"}
{"context":"InstanceLoader","level":"info","message":"PermissionsModule dependencies initialized","timestamp":"2026-05-08T12:33:16.001Z"}
{"context":"InstanceLoader","level":"info","message":"AuthModule dependencies initialized","timestamp":"2026-05-08T12:33:16.001Z"}
{"context":"LegacyRouteConverter","level":"warn","message":"Unsupported route path: \"/api/v1/*\". In previous versions, the symbols ?, *, and + were used to denote optional or repeating path parameters. The latest version of \"path-to-regexp\" now requires the use of named parameters. For example, instead of using a route like /users/* to capture all routes starting with \"/users\", you should use /users/*path. For more details, refer to the migration guide. Attempting to auto-convert...","timestamp":"2026-05-08T12:33:16.025Z"}
{"context":"RoutesResolver","level":"info","message":"AppController {/api/v1/ping}:","timestamp":"2026-05-08T12:33:16.026Z"}
{"context":"RouterExplorer","level":"info","message":"Mapped {/api/v1/ping, GET} route","timestamp":"2026-05-08T12:33:16.027Z"}
{"context":"RoutesResolver","level":"info","message":"UsersController {/api/v1/users}:","timestamp":"2026-05-08T12:33:16.027Z"}
{"context":"RouterExplorer","level":"info","message":"Mapped {/api/v1/users, POST} route","timestamp":"2026-05-08T12:33:16.027Z"}
{"context":"RouterExplorer","level":"info","message":"Mapped {/api/v1/users, GET} route","timestamp":"2026-05-08T12:33:16.027Z"}
{"context":"RouterExplorer","level":"info","message":"Mapped {/api/v1/users/:id, GET} route","timestamp":"2026-05-08T12:33:16.028Z"}
{"context":"RouterExplorer","level":"info","message":"Mapped {/api/v1/users/:id, PATCH} route","timestamp":"2026-05-08T12:33:16.028Z"}
{"context":"RouterExplorer","level":"info","message":"Mapped {/api/v1/users/:id, DELETE} route","timestamp":"2026-05-08T12:33:16.028Z"}
{"context":"RoutesResolver","level":"info","message":"WhitelistIpController {/api/v1/whitelist-ip}:","timestamp":"2026-05-08T12:33:16.028Z"}
{"context":"RouterExplorer","level":"info","message":"Mapped {/api/v1/whitelist-ip, POST} route","timestamp":"2026-05-08T12:33:16.028Z"}
{"context":"RouterExplorer","level":"info","message":"Mapped {/api/v1/whitelist-ip, GET} route","timestamp":"2026-05-08T12:33:16.029Z"}
{"context":"RouterExplorer","level":"info","message":"Mapped {/api/v1/whitelist-ip/:id, GET} route","timestamp":"2026-05-08T12:33:16.029Z"}
{"context":"RouterExplorer","level":"info","message":"Mapped {/api/v1/whitelist-ip/:id, PATCH} route","timestamp":"2026-05-08T12:33:16.029Z"}
{"context":"RouterExplorer","level":"info","message":"Mapped {/api/v1/whitelist-ip/:id, DELETE} route","timestamp":"2026-05-08T12:33:16.029Z"}
{"context":"RoutesResolver","level":"info","message":"RolesController {/api/v1/roles}:","timestamp":"2026-05-08T12:33:16.029Z"}
{"context":"RouterExplorer","level":"info","message":"Mapped {/api/v1/roles, POST} route","timestamp":"2026-05-08T12:33:16.030Z"}
{"context":"RouterExplorer","level":"info","message":"Mapped {/api/v1/roles, GET} route","timestamp":"2026-05-08T12:33:16.030Z"}
{"context":"RouterExplorer","level":"info","message":"Mapped {/api/v1/roles/:id, GET} route","timestamp":"2026-05-08T12:33:16.030Z"}
{"context":"RouterExplorer","level":"info","message":"Mapped {/api/v1/roles/:id, PATCH} route","timestamp":"2026-05-08T12:33:16.030Z"}
{"context":"RouterExplorer","level":"info","message":"Mapped {/api/v1/roles/:id, DELETE} route","timestamp":"2026-05-08T12:33:16.030Z"}
{"context":"RoutesResolver","level":"info","message":"PermissionsController {/api/v1/permissions}:","timestamp":"2026-05-08T12:33:16.030Z"}
{"context":"RouterExplorer","level":"info","message":"Mapped {/api/v1/permissions, POST} route","timestamp":"2026-05-08T12:33:16.031Z"}
{"context":"RouterExplorer","level":"info","message":"Mapped {/api/v1/permissions, GET} route","timestamp":"2026-05-08T12:33:16.031Z"}
{"context":"RouterExplorer","level":"info","message":"Mapped {/api/v1/permissions/:id, PATCH} route","timestamp":"2026-05-08T12:33:16.031Z"}
{"context":"RouterExplorer","level":"info","message":"Mapped {/api/v1/permissions/:id, DELETE} route","timestamp":"2026-05-08T12:33:16.031Z"}
{"context":"RoutesResolver","level":"info","message":"AuthController {/api/v1/auth}:","timestamp":"2026-05-08T12:33:16.031Z"}
{"context":"RouterExplorer","level":"info","message":"Mapped {/api/v1/auth/register, POST} route","timestamp":"2026-05-08T12:33:16.031Z"}
{"context":"RouterExplorer","level":"info","message":"Mapped {/api/v1/auth/login, POST} route","timestamp":"2026-05-08T12:33:16.032Z"}
{"context":"RouterExplorer","level":"info","message":"Mapped {/api/v1/auth/refresh, POST} route","timestamp":"2026-05-08T12:33:16.032Z"}
{"context":"RouterExplorer","level":"info","message":"Mapped {/api/v1/auth/logout, POST} route","timestamp":"2026-05-08T12:33:16.032Z"}
{"context":"RouterExplorer","level":"info","message":"Mapped {/api/v1/auth/me, GET} route","timestamp":"2026-05-08T12:33:16.032Z"}
{"context":"RouterExplorer","level":"info","message":"Mapped {/api/v1/auth/me/password, PATCH} route","timestamp":"2026-05-08T12:33:16.032Z"}
{"context":"RoutesResolver","level":"info","message":"AttributeController {/api/v1/attribute}:","timestamp":"2026-05-08T12:33:16.032Z"}
{"context":"RouterExplorer","level":"info","message":"Mapped {/api/v1/attribute, POST} route","timestamp":"2026-05-08T12:33:16.033Z"}
{"context":"RouterExplorer","level":"info","message":"Mapped {/api/v1/attribute, GET} route","timestamp":"2026-05-08T12:33:16.033Z"}
{"context":"RouterExplorer","level":"info","message":"Mapped {/api/v1/attribute/:id, GET} route","timestamp":"2026-05-08T12:33:16.033Z"}
{"context":"RouterExplorer","level":"info","message":"Mapped {/api/v1/attribute/:id, PATCH} route","timestamp":"2026-05-08T12:33:16.033Z"}
{"context":"RouterExplorer","level":"info","message":"Mapped {/api/v1/attribute/:id, DELETE} route","timestamp":"2026-05-08T12:33:16.033Z"}
{"context":"RoutesResolver","level":"info","message":"DepartmentsController {/api/v1/departments}:","timestamp":"2026-05-08T12:33:16.033Z"}
{"context":"RouterExplorer","level":"info","message":"Mapped {/api/v1/departments, POST} route","timestamp":"2026-05-08T12:33:16.034Z"}
{"context":"RouterExplorer","level":"info","message":"Mapped {/api/v1/departments, GET} route","timestamp":"2026-05-08T12:33:16.034Z"}
{"context":"RouterExplorer","level":"info","message":"Mapped {/api/v1/departments/:id, GET} route","timestamp":"2026-05-08T12:33:16.034Z"}
{"context":"RouterExplorer","level":"info","message":"Mapped {/api/v1/departments/:id, PATCH} route","timestamp":"2026-05-08T12:33:16.034Z"}
{"context":"RouterExplorer","level":"info","message":"Mapped {/api/v1/departments/:id, DELETE} route","timestamp":"2026-05-08T12:33:16.034Z"}
{"context":"RoutesResolver","level":"info","message":"PortsController {/api/v1/ports}:","timestamp":"2026-05-08T12:33:16.034Z"}
{"context":"RouterExplorer","level":"info","message":"Mapped {/api/v1/ports, POST} route","timestamp":"2026-05-08T12:33:16.034Z"}
{"context":"RouterExplorer","level":"info","message":"Mapped {/api/v1/ports, GET} route","timestamp":"2026-05-08T12:33:16.034Z"}
{"context":"RouterExplorer","level":"info","message":"Mapped {/api/v1/ports/:id, GET} route","timestamp":"2026-05-08T12:33:16.035Z"}
{"context":"RouterExplorer","level":"info","message":"Mapped {/api/v1/ports/:id, PATCH} route","timestamp":"2026-05-08T12:33:16.035Z"}
{"context":"RouterExplorer","level":"info","message":"Mapped {/api/v1/ports/:id, DELETE} route","timestamp":"2026-05-08T12:33:16.035Z"}
{"context":"RoutesResolver","level":"info","message":"FilesController {/api/v1/files}:","timestamp":"2026-05-08T12:33:16.035Z"}
{"context":"RouterExplorer","level":"info","message":"Mapped {/api/v1/files, POST} route","timestamp":"2026-05-08T12:33:16.036Z"}
{"context":"RouterExplorer","level":"info","message":"Mapped {/api/v1/files, GET} route","timestamp":"2026-05-08T12:33:16.036Z"}
{"context":"RouterExplorer","level":"info","message":"Mapped {/api/v1/files/:id, GET} route","timestamp":"2026-05-08T12:33:16.036Z"}
{"context":"RouterExplorer","level":"info","message":"Mapped {/api/v1/files/:id, PATCH} route","timestamp":"2026-05-08T12:33:16.036Z"}
{"context":"RouterExplorer","level":"info","message":"Mapped {/api/v1/files/:id, DELETE} route","timestamp":"2026-05-08T12:33:16.036Z"}
{"context":"PrismaService","level":"info","message":"Kết nối database thành công","timestamp":"2026-05-08T12:33:16.079Z"}
{"context":"NestApplication","level":"info","message":"Nest application successfully started","timestamp":"2026-05-08T12:33:16.084Z"}
{"level":"info","message":"Khởi tạo ứng dụng...","timestamp":"2026-05-08T12:35:12.355Z"}
{"context":"NestFactory","level":"info","message":"Starting Nest application...","timestamp":"2026-05-08T12:35:12.427Z"}
{"context":"InstanceLoader","level":"info","message":"PassportModule dependencies initialized","timestamp":"2026-05-08T12:35:12.435Z"}
{"context":"InstanceLoader","level":"info","message":"ConfigHostModule dependencies initialized","timestamp":"2026-05-08T12:35:12.436Z"}
{"context":"InstanceLoader","level":"info","message":"AppModule dependencies initialized","timestamp":"2026-05-08T12:35:12.436Z"}
{"context":"PrismaService","level":"info","message":"🔌 Prisma Connection String: postgresql://admin:******@localhost:5433/kyc_asset_db?schema=public","timestamp":"2026-05-08T12:35:12.438Z"}
{"context":"InstanceLoader","level":"info","message":"PortsModule dependencies initialized","timestamp":"2026-05-08T12:35:12.439Z"}
{"context":"InstanceLoader","level":"info","message":"FilesModule dependencies initialized","timestamp":"2026-05-08T12:35:12.439Z"}
{"context":"InstanceLoader","level":"info","message":"ConfigModule dependencies initialized","timestamp":"2026-05-08T12:35:12.439Z"}
{"context":"InstanceLoader","level":"info","message":"CommonModule dependencies initialized","timestamp":"2026-05-08T12:35:12.439Z"}
{"context":"InstanceLoader","level":"info","message":"JwtModule dependencies initialized","timestamp":"2026-05-08T12:35:12.440Z"}
{"context":"InstanceLoader","level":"info","message":"PrismaModule dependencies initialized","timestamp":"2026-05-08T12:35:12.440Z"}
{"context":"InstanceLoader","level":"info","message":"WhitelistIpModule dependencies initialized","timestamp":"2026-05-08T12:35:12.441Z"}
{"context":"InstanceLoader","level":"info","message":"AttributeModule dependencies initialized","timestamp":"2026-05-08T12:35:12.441Z"}
{"context":"InstanceLoader","level":"info","message":"DepartmentsModule dependencies initialized","timestamp":"2026-05-08T12:35:12.441Z"}
{"context":"InstanceLoader","level":"info","message":"UsersModule dependencies initialized","timestamp":"2026-05-08T12:35:12.442Z"}
{"context":"InstanceLoader","level":"info","message":"RolesModule dependencies initialized","timestamp":"2026-05-08T12:35:12.442Z"}
{"context":"InstanceLoader","level":"info","message":"PermissionsModule dependencies initialized","timestamp":"2026-05-08T12:35:12.442Z"}
{"context":"InstanceLoader","level":"info","message":"AuthModule dependencies initialized","timestamp":"2026-05-08T12:35:12.442Z"}
{"context":"LegacyRouteConverter","level":"warn","message":"Unsupported route path: \"/api/v1/*\". In previous versions, the symbols ?, *, and + were used to denote optional or repeating path parameters. The latest version of \"path-to-regexp\" now requires the use of named parameters. For example, instead of using a route like /users/* to capture all routes starting with \"/users\", you should use /users/*path. For more details, refer to the migration guide. Attempting to auto-convert...","timestamp":"2026-05-08T12:35:12.467Z"}
{"context":"RoutesResolver","level":"info","message":"AppController {/api/v1/ping}:","timestamp":"2026-05-08T12:35:12.467Z"}
{"context":"RouterExplorer","level":"info","message":"Mapped {/api/v1/ping, GET} route","timestamp":"2026-05-08T12:35:12.468Z"}
{"context":"RoutesResolver","level":"info","message":"UsersController {/api/v1/users}:","timestamp":"2026-05-08T12:35:12.468Z"}
{"context":"RouterExplorer","level":"info","message":"Mapped {/api/v1/users, POST} route","timestamp":"2026-05-08T12:35:12.469Z"}
{"context":"RouterExplorer","level":"info","message":"Mapped {/api/v1/users, GET} route","timestamp":"2026-05-08T12:35:12.469Z"}
{"context":"RouterExplorer","level":"info","message":"Mapped {/api/v1/users/:id, GET} route","timestamp":"2026-05-08T12:35:12.469Z"}
{"context":"RouterExplorer","level":"info","message":"Mapped {/api/v1/users/:id, PATCH} route","timestamp":"2026-05-08T12:35:12.470Z"}
{"context":"RouterExplorer","level":"info","message":"Mapped {/api/v1/users/:id, DELETE} route","timestamp":"2026-05-08T12:35:12.470Z"}
{"context":"RoutesResolver","level":"info","message":"WhitelistIpController {/api/v1/whitelist-ip}:","timestamp":"2026-05-08T12:35:12.470Z"}
{"context":"RouterExplorer","level":"info","message":"Mapped {/api/v1/whitelist-ip, POST} route","timestamp":"2026-05-08T12:35:12.470Z"}
{"context":"RouterExplorer","level":"info","message":"Mapped {/api/v1/whitelist-ip, GET} route","timestamp":"2026-05-08T12:35:12.470Z"}
{"context":"RouterExplorer","level":"info","message":"Mapped {/api/v1/whitelist-ip/:id, GET} route","timestamp":"2026-05-08T12:35:12.470Z"}
{"context":"RouterExplorer","level":"info","message":"Mapped {/api/v1/whitelist-ip/:id, PATCH} route","timestamp":"2026-05-08T12:35:12.471Z"}
{"context":"RouterExplorer","level":"info","message":"Mapped {/api/v1/whitelist-ip/:id, DELETE} route","timestamp":"2026-05-08T12:35:12.471Z"}
{"context":"RoutesResolver","level":"info","message":"RolesController {/api/v1/roles}:","timestamp":"2026-05-08T12:35:12.471Z"}
{"context":"RouterExplorer","level":"info","message":"Mapped {/api/v1/roles, POST} route","timestamp":"2026-05-08T12:35:12.471Z"}
{"context":"RouterExplorer","level":"info","message":"Mapped {/api/v1/roles, GET} route","timestamp":"2026-05-08T12:35:12.471Z"}
{"context":"RouterExplorer","level":"info","message":"Mapped {/api/v1/roles/:id, GET} route","timestamp":"2026-05-08T12:35:12.471Z"}
{"context":"RouterExplorer","level":"info","message":"Mapped {/api/v1/roles/:id, PATCH} route","timestamp":"2026-05-08T12:35:12.472Z"}
{"context":"RouterExplorer","level":"info","message":"Mapped {/api/v1/roles/:id, DELETE} route","timestamp":"2026-05-08T12:35:12.472Z"}
{"context":"RoutesResolver","level":"info","message":"PermissionsController {/api/v1/permissions}:","timestamp":"2026-05-08T12:35:12.472Z"}
{"context":"RouterExplorer","level":"info","message":"Mapped {/api/v1/permissions, POST} route","timestamp":"2026-05-08T12:35:12.472Z"}
{"context":"RouterExplorer","level":"info","message":"Mapped {/api/v1/permissions, GET} route","timestamp":"2026-05-08T12:35:12.472Z"}
{"context":"RouterExplorer","level":"info","message":"Mapped {/api/v1/permissions/:id, PATCH} route","timestamp":"2026-05-08T12:35:12.472Z"}
{"context":"RouterExplorer","level":"info","message":"Mapped {/api/v1/permissions/:id, DELETE} route","timestamp":"2026-05-08T12:35:12.473Z"}
{"context":"RoutesResolver","level":"info","message":"AuthController {/api/v1/auth}:","timestamp":"2026-05-08T12:35:12.473Z"}
{"context":"RouterExplorer","level":"info","message":"Mapped {/api/v1/auth/register, POST} route","timestamp":"2026-05-08T12:35:12.473Z"}
{"context":"RouterExplorer","level":"info","message":"Mapped {/api/v1/auth/login, POST} route","timestamp":"2026-05-08T12:35:12.473Z"}
{"context":"RouterExplorer","level":"info","message":"Mapped {/api/v1/auth/refresh, POST} route","timestamp":"2026-05-08T12:35:12.473Z"}
{"context":"RouterExplorer","level":"info","message":"Mapped {/api/v1/auth/logout, POST} route","timestamp":"2026-05-08T12:35:12.474Z"}
{"context":"RouterExplorer","level":"info","message":"Mapped {/api/v1/auth/me, GET} route","timestamp":"2026-05-08T12:35:12.474Z"}
{"context":"RouterExplorer","level":"info","message":"Mapped {/api/v1/auth/me/password, PATCH} route","timestamp":"2026-05-08T12:35:12.474Z"}
{"context":"RoutesResolver","level":"info","message":"AttributeController {/api/v1/attribute}:","timestamp":"2026-05-08T12:35:12.474Z"}
{"context":"RouterExplorer","level":"info","message":"Mapped {/api/v1/attribute, POST} route","timestamp":"2026-05-08T12:35:12.474Z"}
{"context":"RouterExplorer","level":"info","message":"Mapped {/api/v1/attribute, GET} route","timestamp":"2026-05-08T12:35:12.474Z"}
{"context":"RouterExplorer","level":"info","message":"Mapped {/api/v1/attribute/:id, GET} route","timestamp":"2026-05-08T12:35:12.475Z"}
{"context":"RouterExplorer","level":"info","message":"Mapped {/api/v1/attribute/:id, PATCH} route","timestamp":"2026-05-08T12:35:12.475Z"}
{"context":"RouterExplorer","level":"info","message":"Mapped {/api/v1/attribute/:id, DELETE} route","timestamp":"2026-05-08T12:35:12.475Z"}
{"context":"RoutesResolver","level":"info","message":"DepartmentsController {/api/v1/departments}:","timestamp":"2026-05-08T12:35:12.475Z"}
{"context":"RouterExplorer","level":"info","message":"Mapped {/api/v1/departments, POST} route","timestamp":"2026-05-08T12:35:12.475Z"}
{"context":"RouterExplorer","level":"info","message":"Mapped {/api/v1/departments, GET} route","timestamp":"2026-05-08T12:35:12.475Z"}
{"context":"RouterExplorer","level":"info","message":"Mapped {/api/v1/departments/:id, GET} route","timestamp":"2026-05-08T12:35:12.475Z"}
{"context":"RouterExplorer","level":"info","message":"Mapped {/api/v1/departments/:id, PATCH} route","timestamp":"2026-05-08T12:35:12.475Z"}
{"context":"RouterExplorer","level":"info","message":"Mapped {/api/v1/departments/:id, DELETE} route","timestamp":"2026-05-08T12:35:12.476Z"}
{"context":"RoutesResolver","level":"info","message":"PortsController {/api/v1/ports}:","timestamp":"2026-05-08T12:35:12.476Z"}
{"context":"RouterExplorer","level":"info","message":"Mapped {/api/v1/ports, POST} route","timestamp":"2026-05-08T12:35:12.476Z"}
{"context":"RouterExplorer","level":"info","message":"Mapped {/api/v1/ports, GET} route","timestamp":"2026-05-08T12:35:12.476Z"}
{"context":"RouterExplorer","level":"info","message":"Mapped {/api/v1/ports/:id, GET} route","timestamp":"2026-05-08T12:35:12.476Z"}
{"context":"RouterExplorer","level":"info","message":"Mapped {/api/v1/ports/:id, PATCH} route","timestamp":"2026-05-08T12:35:12.476Z"}
{"context":"RouterExplorer","level":"info","message":"Mapped {/api/v1/ports/:id, DELETE} route","timestamp":"2026-05-08T12:35:12.477Z"}
{"context":"RoutesResolver","level":"info","message":"FilesController {/api/v1/files}:","timestamp":"2026-05-08T12:35:12.477Z"}
{"context":"RouterExplorer","level":"info","message":"Mapped {/api/v1/files, POST} route","timestamp":"2026-05-08T12:35:12.477Z"}
{"context":"RouterExplorer","level":"info","message":"Mapped {/api/v1/files, GET} route","timestamp":"2026-05-08T12:35:12.477Z"}
{"context":"RouterExplorer","level":"info","message":"Mapped {/api/v1/files/:id, GET} route","timestamp":"2026-05-08T12:35:12.477Z"}
{"context":"RouterExplorer","level":"info","message":"Mapped {/api/v1/files/:id, PATCH} route","timestamp":"2026-05-08T12:35:12.477Z"}
{"context":"RouterExplorer","level":"info","message":"Mapped {/api/v1/files/:id, DELETE} route","timestamp":"2026-05-08T12:35:12.478Z"}
{"context":"PrismaService","level":"info","message":"Kết nối database thành công","timestamp":"2026-05-08T12:35:12.517Z"}
{"context":"NestApplication","level":"info","message":"Nest application successfully started","timestamp":"2026-05-08T12:35:12.522Z"}
{"level":"info","message":"Khởi tạo ứng dụng...","timestamp":"2026-05-08T12:35:32.622Z"}
{"context":"NestFactory","level":"info","message":"Starting Nest application...","timestamp":"2026-05-08T12:35:32.691Z"}
{"context":"InstanceLoader","level":"info","message":"PassportModule dependencies initialized","timestamp":"2026-05-08T12:35:32.701Z"}
{"context":"InstanceLoader","level":"info","message":"ConfigHostModule dependencies initialized","timestamp":"2026-05-08T12:35:32.701Z"}
{"context":"InstanceLoader","level":"info","message":"AppModule dependencies initialized","timestamp":"2026-05-08T12:35:32.701Z"}
{"context":"PrismaService","level":"info","message":"🔌 Prisma Connection String: postgresql://admin:******@localhost:5433/kyc_asset_db?schema=public","timestamp":"2026-05-08T12:35:32.704Z"}
{"context":"InstanceLoader","level":"info","message":"PortsModule dependencies initialized","timestamp":"2026-05-08T12:35:32.704Z"}
{"context":"InstanceLoader","level":"info","message":"FilesModule dependencies initialized","timestamp":"2026-05-08T12:35:32.704Z"}
{"context":"InstanceLoader","level":"info","message":"ConfigModule dependencies initialized","timestamp":"2026-05-08T12:35:32.705Z"}
{"context":"InstanceLoader","level":"info","message":"CommonModule dependencies initialized","timestamp":"2026-05-08T12:35:32.705Z"}
{"context":"InstanceLoader","level":"info","message":"JwtModule dependencies initialized","timestamp":"2026-05-08T12:35:32.705Z"}
{"context":"InstanceLoader","level":"info","message":"PrismaModule dependencies initialized","timestamp":"2026-05-08T12:35:32.706Z"}
{"context":"InstanceLoader","level":"info","message":"WhitelistIpModule dependencies initialized","timestamp":"2026-05-08T12:35:32.707Z"}
{"context":"InstanceLoader","level":"info","message":"AttributeModule dependencies initialized","timestamp":"2026-05-08T12:35:32.707Z"}
{"context":"InstanceLoader","level":"info","message":"DepartmentsModule dependencies initialized","timestamp":"2026-05-08T12:35:32.707Z"}
{"context":"InstanceLoader","level":"info","message":"UsersModule dependencies initialized","timestamp":"2026-05-08T12:35:32.707Z"}
{"context":"InstanceLoader","level":"info","message":"RolesModule dependencies initialized","timestamp":"2026-05-08T12:35:32.708Z"}
{"context":"InstanceLoader","level":"info","message":"PermissionsModule dependencies initialized","timestamp":"2026-05-08T12:35:32.708Z"}
{"context":"InstanceLoader","level":"info","message":"AuthModule dependencies initialized","timestamp":"2026-05-08T12:35:32.708Z"}
{"context":"LegacyRouteConverter","level":"warn","message":"Unsupported route path: \"/api/v1/*\". In previous versions, the symbols ?, *, and + were used to denote optional or repeating path parameters. The latest version of \"path-to-regexp\" now requires the use of named parameters. For example, instead of using a route like /users/* to capture all routes starting with \"/users\", you should use /users/*path. For more details, refer to the migration guide. Attempting to auto-convert...","timestamp":"2026-05-08T12:35:32.733Z"}
{"context":"RoutesResolver","level":"info","message":"AppController {/api/v1/ping}:","timestamp":"2026-05-08T12:35:32.733Z"}
{"context":"RouterExplorer","level":"info","message":"Mapped {/api/v1/ping, GET} route","timestamp":"2026-05-08T12:35:32.734Z"}
{"context":"RoutesResolver","level":"info","message":"UsersController {/api/v1/users}:","timestamp":"2026-05-08T12:35:32.734Z"}
{"context":"RouterExplorer","level":"info","message":"Mapped {/api/v1/users, POST} route","timestamp":"2026-05-08T12:35:32.735Z"}
{"context":"RouterExplorer","level":"info","message":"Mapped {/api/v1/users, GET} route","timestamp":"2026-05-08T12:35:32.735Z"}
{"context":"RouterExplorer","level":"info","message":"Mapped {/api/v1/users/:id, GET} route","timestamp":"2026-05-08T12:35:32.736Z"}
{"context":"RouterExplorer","level":"info","message":"Mapped {/api/v1/users/:id, PATCH} route","timestamp":"2026-05-08T12:35:32.736Z"}
{"context":"RouterExplorer","level":"info","message":"Mapped {/api/v1/users/:id, DELETE} route","timestamp":"2026-05-08T12:35:32.736Z"}
{"context":"RoutesResolver","level":"info","message":"WhitelistIpController {/api/v1/whitelist-ip}:","timestamp":"2026-05-08T12:35:32.736Z"}
{"context":"RouterExplorer","level":"info","message":"Mapped {/api/v1/whitelist-ip, POST} route","timestamp":"2026-05-08T12:35:32.736Z"}
{"context":"RouterExplorer","level":"info","message":"Mapped {/api/v1/whitelist-ip, GET} route","timestamp":"2026-05-08T12:35:32.737Z"}
{"context":"RouterExplorer","level":"info","message":"Mapped {/api/v1/whitelist-ip/:id, GET} route","timestamp":"2026-05-08T12:35:32.737Z"}
{"context":"RouterExplorer","level":"info","message":"Mapped {/api/v1/whitelist-ip/:id, PATCH} route","timestamp":"2026-05-08T12:35:32.737Z"}
{"context":"RouterExplorer","level":"info","message":"Mapped {/api/v1/whitelist-ip/:id, DELETE} route","timestamp":"2026-05-08T12:35:32.737Z"}
{"context":"RoutesResolver","level":"info","message":"RolesController {/api/v1/roles}:","timestamp":"2026-05-08T12:35:32.737Z"}
{"context":"RouterExplorer","level":"info","message":"Mapped {/api/v1/roles, POST} route","timestamp":"2026-05-08T12:35:32.737Z"}
{"context":"RouterExplorer","level":"info","message":"Mapped {/api/v1/roles, GET} route","timestamp":"2026-05-08T12:35:32.738Z"}
{"context":"RouterExplorer","level":"info","message":"Mapped {/api/v1/roles/:id, GET} route","timestamp":"2026-05-08T12:35:32.738Z"}
{"context":"RouterExplorer","level":"info","message":"Mapped {/api/v1/roles/:id, PATCH} route","timestamp":"2026-05-08T12:35:32.738Z"}
{"context":"RouterExplorer","level":"info","message":"Mapped {/api/v1/roles/:id, DELETE} route","timestamp":"2026-05-08T12:35:32.738Z"}
{"context":"RoutesResolver","level":"info","message":"PermissionsController {/api/v1/permissions}:","timestamp":"2026-05-08T12:35:32.738Z"}
{"context":"RouterExplorer","level":"info","message":"Mapped {/api/v1/permissions, POST} route","timestamp":"2026-05-08T12:35:32.738Z"}
{"context":"RouterExplorer","level":"info","message":"Mapped {/api/v1/permissions, GET} route","timestamp":"2026-05-08T12:35:32.739Z"}
{"context":"RouterExplorer","level":"info","message":"Mapped {/api/v1/permissions/:id, PATCH} route","timestamp":"2026-05-08T12:35:32.739Z"}
{"context":"RouterExplorer","level":"info","message":"Mapped {/api/v1/permissions/:id, DELETE} route","timestamp":"2026-05-08T12:35:32.739Z"}
{"context":"RoutesResolver","level":"info","message":"AuthController {/api/v1/auth}:","timestamp":"2026-05-08T12:35:32.739Z"}
{"context":"RouterExplorer","level":"info","message":"Mapped {/api/v1/auth/register, POST} route","timestamp":"2026-05-08T12:35:32.740Z"}
{"context":"RouterExplorer","level":"info","message":"Mapped {/api/v1/auth/login, POST} route","timestamp":"2026-05-08T12:35:32.740Z"}
{"context":"RouterExplorer","level":"info","message":"Mapped {/api/v1/auth/refresh, POST} route","timestamp":"2026-05-08T12:35:32.740Z"}
{"context":"RouterExplorer","level":"info","message":"Mapped {/api/v1/auth/logout, POST} route","timestamp":"2026-05-08T12:35:32.740Z"}
{"context":"RouterExplorer","level":"info","message":"Mapped {/api/v1/auth/me, GET} route","timestamp":"2026-05-08T12:35:32.740Z"}
{"context":"RouterExplorer","level":"info","message":"Mapped {/api/v1/auth/me/password, PATCH} route","timestamp":"2026-05-08T12:35:32.740Z"}
{"context":"RoutesResolver","level":"info","message":"AttributeController {/api/v1/attribute}:","timestamp":"2026-05-08T12:35:32.740Z"}
{"context":"RouterExplorer","level":"info","message":"Mapped {/api/v1/attribute, POST} route","timestamp":"2026-05-08T12:35:32.741Z"}
{"context":"RouterExplorer","level":"info","message":"Mapped {/api/v1/attribute, GET} route","timestamp":"2026-05-08T12:35:32.741Z"}
{"context":"RouterExplorer","level":"info","message":"Mapped {/api/v1/attribute/:id, GET} route","timestamp":"2026-05-08T12:35:32.741Z"}
{"context":"RouterExplorer","level":"info","message":"Mapped {/api/v1/attribute/:id, PATCH} route","timestamp":"2026-05-08T12:35:32.741Z"}
{"context":"RouterExplorer","level":"info","message":"Mapped {/api/v1/attribute/:id, DELETE} route","timestamp":"2026-05-08T12:35:32.741Z"}
{"context":"RoutesResolver","level":"info","message":"DepartmentsController {/api/v1/departments}:","timestamp":"2026-05-08T12:35:32.741Z"}
{"context":"RouterExplorer","level":"info","message":"Mapped {/api/v1/departments, POST} route","timestamp":"2026-05-08T12:35:32.741Z"}
{"context":"RouterExplorer","level":"info","message":"Mapped {/api/v1/departments, GET} route","timestamp":"2026-05-08T12:35:32.742Z"}
{"context":"RouterExplorer","level":"info","message":"Mapped {/api/v1/departments/:id, GET} route","timestamp":"2026-05-08T12:35:32.742Z"}
{"context":"RouterExplorer","level":"info","message":"Mapped {/api/v1/departments/:id, PATCH} route","timestamp":"2026-05-08T12:35:32.742Z"}
{"context":"RouterExplorer","level":"info","message":"Mapped {/api/v1/departments/:id, DELETE} route","timestamp":"2026-05-08T12:35:32.742Z"}
{"context":"RoutesResolver","level":"info","message":"PortsController {/api/v1/ports}:","timestamp":"2026-05-08T12:35:32.742Z"}
{"context":"RouterExplorer","level":"info","message":"Mapped {/api/v1/ports, POST} route","timestamp":"2026-05-08T12:35:32.742Z"}
{"context":"RouterExplorer","level":"info","message":"Mapped {/api/v1/ports, GET} route","timestamp":"2026-05-08T12:35:32.742Z"}
{"context":"RouterExplorer","level":"info","message":"Mapped {/api/v1/ports/:id, GET} route","timestamp":"2026-05-08T12:35:32.742Z"}
{"context":"RouterExplorer","level":"info","message":"Mapped {/api/v1/ports/:id, PATCH} route","timestamp":"2026-05-08T12:35:32.743Z"}
{"context":"RouterExplorer","level":"info","message":"Mapped {/api/v1/ports/:id, DELETE} route","timestamp":"2026-05-08T12:35:32.743Z"}
{"context":"RoutesResolver","level":"info","message":"FilesController {/api/v1/files}:","timestamp":"2026-05-08T12:35:32.743Z"}
{"context":"RouterExplorer","level":"info","message":"Mapped {/api/v1/files, POST} route","timestamp":"2026-05-08T12:35:32.743Z"}
{"context":"RouterExplorer","level":"info","message":"Mapped {/api/v1/files, GET} route","timestamp":"2026-05-08T12:35:32.743Z"}
{"context":"RouterExplorer","level":"info","message":"Mapped {/api/v1/files/:id, GET} route","timestamp":"2026-05-08T12:35:32.743Z"}
{"context":"RouterExplorer","level":"info","message":"Mapped {/api/v1/files/:id, PATCH} route","timestamp":"2026-05-08T12:35:32.744Z"}
{"context":"RouterExplorer","level":"info","message":"Mapped {/api/v1/files/:id, DELETE} route","timestamp":"2026-05-08T12:35:32.744Z"}
{"context":"PrismaService","level":"info","message":"Kết nối database thành công","timestamp":"2026-05-08T12:35:32.788Z"}
{"context":"NestApplication","level":"info","message":"Nest application successfully started","timestamp":"2026-05-08T12:35:32.794Z"}
{"context":"AccessTokenGuard","level":"info","message":"isPublic: true","requestId":"4d603730-b8bf-4aa4-84c1-14772cbee9ba","timestamp":"2026-05-08T12:35:35.563Z"}
{"context":"AccessTokenGuard","level":"info","message":"Public route, skipping authentication","requestId":"4d603730-b8bf-4aa4-84c1-14772cbee9ba","timestamp":"2026-05-08T12:35:35.564Z"}
{"context":"AllExceptionsFilter","level":"error","message":"[RequestID: 4d603730-b8bf-4aa4-84c1-14772cbee9ba] POST /api/v1/auth/login | Status: 500 | Code: HTTP_EXCEPTION | Error: Lỗi Database (ECONNREFUSED): \nInvalid `this.getModel(ctx).findUnique()` invocation in\nC:\\Users\\ATT\\Documents\\Workspace\\ATT\\KYC Asset for ATTPAY\\backend\\be-kyc-asset\\src\\prisma\\prisma.repository.ts:94:39\n\n  91   Prisma.Result<PrismaService[Uncapitalize<T>], Args, 'findUnique'>\n  92 > {\n  93   try {\n→ 94     return await this.getModel(ctx).findUnique(\n","requestId":"4d603730-b8bf-4aa4-84c1-14772cbee9ba","stack":["InternalServerErrorException: Lỗi Database (ECONNREFUSED): \nInvalid `this.getModel(ctx).findUnique()` invocation in\nC:\\Users\\ATT\\Documents\\Workspace\\ATT\\KYC Asset for ATTPAY\\backend\\be-kyc-asset\\src\\prisma\\prisma.repository.ts:94:39\n\n  91   Prisma.Result<PrismaService[Uncapitalize<T>], Args, 'findUnique'>\n  92 > {\n  93   try {\n→ 94     return await this.getModel(ctx).findUnique(\n\n    at handlePrismaError (C:\\Users\\ATT\\Documents\\Workspace\\ATT\\KYC Asset for ATTPAY\\backend\\be-kyc-asset\\src\\prisma\\prisma-error-handler.ts:168:15)\n    at UsersRepository.findUnique (C:\\Users\\ATT\\Documents\\Workspace\\ATT\\KYC Asset for ATTPAY\\backend\\be-kyc-asset\\src\\prisma\\prisma.repository.ts:96:31)\n    at process.processTicksAndRejections (node:internal/process/task_queues:104:5)\n    at async AuthService.login (C:\\Users\\ATT\\Documents\\Workspace\\ATT\\KYC Asset for ATTPAY\\backend\\be-kyc-asset\\src\\modules\\auth\\auth.service.ts:148:18)\n    at async AuthController.login (C:\\Users\\ATT\\Documents\\Workspace\\ATT\\KYC Asset for ATTPAY\\backend\\be-kyc-asset\\src\\modules\\auth\\auth.controller.ts:69:21)"],"timestamp":"2026-05-08T12:35:35.611Z"}
{"context":"LoggerMiddleware","level":"error","message":"[RequestID: 4d603730-b8bf-4aa4-84c1-14772cbee9ba] POST /api/v1/auth/login | Status: 500 | Duration: 50ms | IP: ::1 | UserAgent: Mozilla/5.0 (Windows NT 10.0; Win64; x64) AppleWebKit/537.36 (KHTML, like Gecko) Chrome/147.0.0.0 Safari/537.36","requestId":"4d603730-b8bf-4aa4-84c1-14772cbee9ba","stack":[null],"timestamp":"2026-05-08T12:35:35.612Z"}
{"context":"AccessTokenGuard","level":"info","message":"isPublic: true","requestId":"6853c6fb-6ccc-4346-afa2-9ace97506d32","timestamp":"2026-05-08T12:38:04.677Z"}
{"context":"AccessTokenGuard","level":"info","message":"Public route, skipping authentication","requestId":"6853c6fb-6ccc-4346-afa2-9ace97506d32","timestamp":"2026-05-08T12:38:04.678Z"}
{"context":"AuthService","level":"info","message":"debuguser: {\"id\":\"cc6d2974-22cf-4b0b-9590-4b701cfa3c00\",\"username\":\"customer_001\",\"hashed_password\":\"scrypt:61b7465b5cc602c81ecaa66e31f0f570:064a122e33f58ab9bedcc806f62492b81e4451665c71c7dc3a5afd28b63aa6017713b59fb84dc9594c530b3bbe79c2bf5c738ae510f3152bf09f34a3b6d02482\",\"displayName\":\"Nguyễn Văn A\",\"token_version\":5,\"isActive\":true,\"createdAt\":\"2026-05-03T15:37:18.203Z\",\"updatedAt\":\"2026-05-04T09:10:04.759Z\",\"deletedAt\":null}","requestId":"6853c6fb-6ccc-4346-afa2-9ace97506d32","timestamp":"2026-05-08T12:38:04.721Z"}
{"context":"AllExceptionsFilter","level":"error","message":"[RequestID: 6853c6fb-6ccc-4346-afa2-9ace97506d32] POST /api/v1/auth/login | Status: 500 | Code: INTERNAL_SERVER_ERROR | Error: Cannot read properties of undefined (reading 'map')","requestId":"6853c6fb-6ccc-4346-afa2-9ace97506d32","stack":["TypeError: Cannot read properties of undefined (reading 'map')\n    at AuthService.buildPayload (C:\\Users\\ATT\\Documents\\Workspace\\ATT\\KYC Asset for ATTPAY\\backend\\be-kyc-asset\\src\\modules\\auth\\auth.service.ts:82:25)\n    at AuthService.createSessionForUser (C:\\Users\\ATT\\Documents\\Workspace\\ATT\\KYC Asset for ATTPAY\\backend\\be-kyc-asset\\src\\modules\\auth\\auth.service.ts:114:12)\n    at <anonymous> (C:\\Users\\ATT\\Documents\\Workspace\\ATT\\KYC Asset for ATTPAY\\backend\\be-kyc-asset\\src\\modules\\auth\\auth.service.ts:170:12)\n    at <anonymous> (C:\\Users\\ATT\\Documents\\Workspace\\ATT\\KYC Asset for ATTPAY\\backend\\be-kyc-asset\\src\\prisma\\prisma-transaction-manager.service.ts:12:7)\n    at Proxy._transactionWithCallback (C:\\Users\\ATT\\Documents\\Workspace\\ATT\\KYC Asset for ATTPAY\\backend\\be-kyc-asset\\node_modules\\@prisma\\client\\src\\runtime\\getPrismaClient.ts:810:24)\n    at process.processTicksAndRejections (node:internal/process/task_queues:104:5)\n    at async AuthController.login (C:\\Users\\ATT\\Documents\\Workspace\\ATT\\KYC Asset for ATTPAY\\backend\\be-kyc-asset\\src\\modules\\auth\\auth.controller.ts:69:21)"],"timestamp":"2026-05-08T12:38:04.762Z"}
{"context":"LoggerMiddleware","level":"error","message":"[RequestID: 6853c6fb-6ccc-4346-afa2-9ace97506d32] POST /api/v1/auth/login | Status: 500 | Duration: 85ms | IP: ::1 | UserAgent: Mozilla/5.0 (Windows NT 10.0; Win64; x64) AppleWebKit/537.36 (KHTML, like Gecko) Chrome/147.0.0.0 Safari/537.36","requestId":"6853c6fb-6ccc-4346-afa2-9ace97506d32","stack":[null],"timestamp":"2026-05-08T12:38:04.762Z"}
{"level":"info","message":"Khởi tạo ứng dụng...","timestamp":"2026-05-08T12:38:30.606Z"}
{"context":"NestFactory","level":"info","message":"Starting Nest application...","timestamp":"2026-05-08T12:38:30.675Z"}
{"context":"InstanceLoader","level":"info","message":"PassportModule dependencies initialized","timestamp":"2026-05-08T12:38:30.682Z"}
{"context":"InstanceLoader","level":"info","message":"ConfigHostModule dependencies initialized","timestamp":"2026-05-08T12:38:30.683Z"}
{"context":"InstanceLoader","level":"info","message":"AppModule dependencies initialized","timestamp":"2026-05-08T12:38:30.683Z"}
{"context":"PrismaService","level":"info","message":"🔌 Prisma Connection String: postgresql://admin:******@localhost:5433/kyc_asset_db?schema=public","timestamp":"2026-05-08T12:38:30.685Z"}
{"context":"InstanceLoader","level":"info","message":"PortsModule dependencies initialized","timestamp":"2026-05-08T12:38:30.686Z"}
{"context":"InstanceLoader","level":"info","message":"FilesModule dependencies initialized","timestamp":"2026-05-08T12:38:30.686Z"}
{"context":"InstanceLoader","level":"info","message":"ConfigModule dependencies initialized","timestamp":"2026-05-08T12:38:30.686Z"}
{"context":"InstanceLoader","level":"info","message":"CommonModule dependencies initialized","timestamp":"2026-05-08T12:38:30.686Z"}
{"context":"InstanceLoader","level":"info","message":"JwtModule dependencies initialized","timestamp":"2026-05-08T12:38:30.687Z"}
{"context":"InstanceLoader","level":"info","message":"PrismaModule dependencies initialized","timestamp":"2026-05-08T12:38:30.687Z"}
{"context":"InstanceLoader","level":"info","message":"WhitelistIpModule dependencies initialized","timestamp":"2026-05-08T12:38:30.688Z"}
{"context":"InstanceLoader","level":"info","message":"AttributeModule dependencies initialized","timestamp":"2026-05-08T12:38:30.689Z"}
{"context":"InstanceLoader","level":"info","message":"DepartmentsModule dependencies initialized","timestamp":"2026-05-08T12:38:30.689Z"}
{"context":"InstanceLoader","level":"info","message":"UsersModule dependencies initialized","timestamp":"2026-05-08T12:38:30.689Z"}
{"context":"InstanceLoader","level":"info","message":"RolesModule dependencies initialized","timestamp":"2026-05-08T12:38:30.689Z"}
{"context":"InstanceLoader","level":"info","message":"PermissionsModule dependencies initialized","timestamp":"2026-05-08T12:38:30.689Z"}
{"context":"InstanceLoader","level":"info","message":"AuthModule dependencies initialized","timestamp":"2026-05-08T12:38:30.689Z"}
{"context":"LegacyRouteConverter","level":"warn","message":"Unsupported route path: \"/api/v1/*\". In previous versions, the symbols ?, *, and + were used to denote optional or repeating path parameters. The latest version of \"path-to-regexp\" now requires the use of named parameters. For example, instead of using a route like /users/* to capture all routes starting with \"/users\", you should use /users/*path. For more details, refer to the migration guide. Attempting to auto-convert...","timestamp":"2026-05-08T12:38:30.713Z"}
{"context":"RoutesResolver","level":"info","message":"AppController {/api/v1/ping}:","timestamp":"2026-05-08T12:38:30.714Z"}
{"context":"RouterExplorer","level":"info","message":"Mapped {/api/v1/ping, GET} route","timestamp":"2026-05-08T12:38:30.715Z"}
{"context":"RoutesResolver","level":"info","message":"UsersController {/api/v1/users}:","timestamp":"2026-05-08T12:38:30.715Z"}
{"context":"RouterExplorer","level":"info","message":"Mapped {/api/v1/users, POST} route","timestamp":"2026-05-08T12:38:30.716Z"}
{"context":"RouterExplorer","level":"info","message":"Mapped {/api/v1/users, GET} route","timestamp":"2026-05-08T12:38:30.716Z"}
{"context":"RouterExplorer","level":"info","message":"Mapped {/api/v1/users/:id, GET} route","timestamp":"2026-05-08T12:38:30.716Z"}
{"context":"RouterExplorer","level":"info","message":"Mapped {/api/v1/users/:id, PATCH} route","timestamp":"2026-05-08T12:38:30.716Z"}
{"context":"RouterExplorer","level":"info","message":"Mapped {/api/v1/users/:id, DELETE} route","timestamp":"2026-05-08T12:38:30.717Z"}
{"context":"RoutesResolver","level":"info","message":"WhitelistIpController {/api/v1/whitelist-ip}:","timestamp":"2026-05-08T12:38:30.717Z"}
{"context":"RouterExplorer","level":"info","message":"Mapped {/api/v1/whitelist-ip, POST} route","timestamp":"2026-05-08T12:38:30.717Z"}
{"context":"RouterExplorer","level":"info","message":"Mapped {/api/v1/whitelist-ip, GET} route","timestamp":"2026-05-08T12:38:30.717Z"}
{"context":"RouterExplorer","level":"info","message":"Mapped {/api/v1/whitelist-ip/:id, GET} route","timestamp":"2026-05-08T12:38:30.718Z"}
{"context":"RouterExplorer","level":"info","message":"Mapped {/api/v1/whitelist-ip/:id, PATCH} route","timestamp":"2026-05-08T12:38:30.718Z"}
{"context":"RouterExplorer","level":"info","message":"Mapped {/api/v1/whitelist-ip/:id, DELETE} route","timestamp":"2026-05-08T12:38:30.718Z"}
{"context":"RoutesResolver","level":"info","message":"RolesController {/api/v1/roles}:","timestamp":"2026-05-08T12:38:30.718Z"}
{"context":"RouterExplorer","level":"info","message":"Mapped {/api/v1/roles, POST} route","timestamp":"2026-05-08T12:38:30.719Z"}
{"context":"RouterExplorer","level":"info","message":"Mapped {/api/v1/roles, GET} route","timestamp":"2026-05-08T12:38:30.719Z"}
{"context":"RouterExplorer","level":"info","message":"Mapped {/api/v1/roles/:id, GET} route","timestamp":"2026-05-08T12:38:30.719Z"}
{"context":"RouterExplorer","level":"info","message":"Mapped {/api/v1/roles/:id, PATCH} route","timestamp":"2026-05-08T12:38:30.719Z"}
{"context":"RouterExplorer","level":"info","message":"Mapped {/api/v1/roles/:id, DELETE} route","timestamp":"2026-05-08T12:38:30.719Z"}
{"context":"RoutesResolver","level":"info","message":"PermissionsController {/api/v1/permissions}:","timestamp":"2026-05-08T12:38:30.720Z"}
{"context":"RouterExplorer","level":"info","message":"Mapped {/api/v1/permissions, POST} route","timestamp":"2026-05-08T12:38:30.720Z"}
{"context":"RouterExplorer","level":"info","message":"Mapped {/api/v1/permissions, GET} route","timestamp":"2026-05-08T12:38:30.720Z"}
{"context":"RouterExplorer","level":"info","message":"Mapped {/api/v1/permissions/:id, PATCH} route","timestamp":"2026-05-08T12:38:30.720Z"}
{"context":"RouterExplorer","level":"info","message":"Mapped {/api/v1/permissions/:id, DELETE} route","timestamp":"2026-05-08T12:38:30.721Z"}
{"context":"RoutesResolver","level":"info","message":"AuthController {/api/v1/auth}:","timestamp":"2026-05-08T12:38:30.721Z"}
{"context":"RouterExplorer","level":"info","message":"Mapped {/api/v1/auth/register, POST} route","timestamp":"2026-05-08T12:38:30.721Z"}
{"context":"RouterExplorer","level":"info","message":"Mapped {/api/v1/auth/login, POST} route","timestamp":"2026-05-08T12:38:30.721Z"}
{"context":"RouterExplorer","level":"info","message":"Mapped {/api/v1/auth/refresh, POST} route","timestamp":"2026-05-08T12:38:30.721Z"}
{"context":"RouterExplorer","level":"info","message":"Mapped {/api/v1/auth/logout, POST} route","timestamp":"2026-05-08T12:38:30.722Z"}
{"context":"RouterExplorer","level":"info","message":"Mapped {/api/v1/auth/me, GET} route","timestamp":"2026-05-08T12:38:30.722Z"}
{"context":"RouterExplorer","level":"info","message":"Mapped {/api/v1/auth/me/password, PATCH} route","timestamp":"2026-05-08T12:38:30.722Z"}
{"context":"RoutesResolver","level":"info","message":"AttributeController {/api/v1/attribute}:","timestamp":"2026-05-08T12:38:30.723Z"}
{"context":"RouterExplorer","level":"info","message":"Mapped {/api/v1/attribute, POST} route","timestamp":"2026-05-08T12:38:30.723Z"}
{"context":"RouterExplorer","level":"info","message":"Mapped {/api/v1/attribute, GET} route","timestamp":"2026-05-08T12:38:30.723Z"}
{"context":"RouterExplorer","level":"info","message":"Mapped {/api/v1/attribute/:id, GET} route","timestamp":"2026-05-08T12:38:30.723Z"}
{"context":"RouterExplorer","level":"info","message":"Mapped {/api/v1/attribute/:id, PATCH} route","timestamp":"2026-05-08T12:38:30.724Z"}
{"context":"RouterExplorer","level":"info","message":"Mapped {/api/v1/attribute/:id, DELETE} route","timestamp":"2026-05-08T12:38:30.724Z"}
{"context":"RoutesResolver","level":"info","message":"DepartmentsController {/api/v1/departments}:","timestamp":"2026-05-08T12:38:30.724Z"}
{"context":"RouterExplorer","level":"info","message":"Mapped {/api/v1/departments, POST} route","timestamp":"2026-05-08T12:38:30.724Z"}
{"context":"RouterExplorer","level":"info","message":"Mapped {/api/v1/departments, GET} route","timestamp":"2026-05-08T12:38:30.724Z"}
{"context":"RouterExplorer","level":"info","message":"Mapped {/api/v1/departments/:id, GET} route","timestamp":"2026-05-08T12:38:30.725Z"}
{"context":"RouterExplorer","level":"info","message":"Mapped {/api/v1/departments/:id, PATCH} route","timestamp":"2026-05-08T12:38:30.725Z"}
{"context":"RouterExplorer","level":"info","message":"Mapped {/api/v1/departments/:id, DELETE} route","timestamp":"2026-05-08T12:38:30.725Z"}
{"context":"RoutesResolver","level":"info","message":"PortsController {/api/v1/ports}:","timestamp":"2026-05-08T12:38:30.725Z"}
{"context":"RouterExplorer","level":"info","message":"Mapped {/api/v1/ports, POST} route","timestamp":"2026-05-08T12:38:30.725Z"}
{"context":"RouterExplorer","level":"info","message":"Mapped {/api/v1/ports, GET} route","timestamp":"2026-05-08T12:38:30.725Z"}
{"context":"RouterExplorer","level":"info","message":"Mapped {/api/v1/ports/:id, GET} route","timestamp":"2026-05-08T12:38:30.725Z"}
{"context":"RouterExplorer","level":"info","message":"Mapped {/api/v1/ports/:id, PATCH} route","timestamp":"2026-05-08T12:38:30.726Z"}
{"context":"RouterExplorer","level":"info","message":"Mapped {/api/v1/ports/:id, DELETE} route","timestamp":"2026-05-08T12:38:30.726Z"}
{"context":"RoutesResolver","level":"info","message":"FilesController {/api/v1/files}:","timestamp":"2026-05-08T12:38:30.726Z"}
{"context":"RouterExplorer","level":"info","message":"Mapped {/api/v1/files, POST} route","timestamp":"2026-05-08T12:38:30.726Z"}
{"context":"RouterExplorer","level":"info","message":"Mapped {/api/v1/files, GET} route","timestamp":"2026-05-08T12:38:30.726Z"}
{"context":"RouterExplorer","level":"info","message":"Mapped {/api/v1/files/:id, GET} route","timestamp":"2026-05-08T12:38:30.726Z"}
{"context":"RouterExplorer","level":"info","message":"Mapped {/api/v1/files/:id, PATCH} route","timestamp":"2026-05-08T12:38:30.726Z"}
{"context":"RouterExplorer","level":"info","message":"Mapped {/api/v1/files/:id, DELETE} route","timestamp":"2026-05-08T12:38:30.727Z"}
{"context":"PrismaService","level":"info","message":"Kết nối database thành công","timestamp":"2026-05-08T12:38:30.770Z"}
{"context":"NestApplication","level":"info","message":"Nest application successfully started","timestamp":"2026-05-08T12:38:30.774Z"}
{"context":"AccessTokenGuard","level":"info","message":"isPublic: true","requestId":"b5ab2eba-d719-4d53-b6ac-14b27e50bfc4","timestamp":"2026-05-08T12:38:32.194Z"}
{"context":"AccessTokenGuard","level":"info","message":"Public route, skipping authentication","requestId":"b5ab2eba-d719-4d53-b6ac-14b27e50bfc4","timestamp":"2026-05-08T12:38:32.195Z"}
{"context":"AuthService","level":"info","message":"debuguser: {\"id\":\"cc6d2974-22cf-4b0b-9590-4b701cfa3c00\",\"username\":\"customer_001\",\"hashed_password\":\"scrypt:61b7465b5cc602c81ecaa66e31f0f570:064a122e33f58ab9bedcc806f62492b81e4451665c71c7dc3a5afd28b63aa6017713b59fb84dc9594c530b3bbe79c2bf5c738ae510f3152bf09f34a3b6d02482\",\"displayName\":\"Nguyễn Văn A\",\"token_version\":5,\"isActive\":true,\"createdAt\":\"2026-05-03T15:37:18.203Z\",\"updatedAt\":\"2026-05-04T09:10:04.759Z\",\"deletedAt\":null}","requestId":"b5ab2eba-d719-4d53-b6ac-14b27e50bfc4","timestamp":"2026-05-08T12:38:32.235Z"}
{"context":"AllExceptionsFilter","level":"error","message":"[RequestID: b5ab2eba-d719-4d53-b6ac-14b27e50bfc4] POST /api/v1/auth/login | Status: 500 | Code: INTERNAL_SERVER_ERROR | Error: Cannot read properties of undefined (reading 'map')","requestId":"b5ab2eba-d719-4d53-b6ac-14b27e50bfc4","stack":["TypeError: Cannot read properties of undefined (reading 'map')\n    at AuthService.buildPayload (C:\\Users\\ATT\\Documents\\Workspace\\ATT\\KYC Asset for ATTPAY\\backend\\be-kyc-asset\\src\\modules\\auth\\auth.service.ts:82:25)\n    at AuthService.createSessionForUser (C:\\Users\\ATT\\Documents\\Workspace\\ATT\\KYC Asset for ATTPAY\\backend\\be-kyc-asset\\src\\modules\\auth\\auth.service.ts:114:12)\n    at <anonymous> (C:\\Users\\ATT\\Documents\\Workspace\\ATT\\KYC Asset for ATTPAY\\backend\\be-kyc-asset\\src\\modules\\auth\\auth.service.ts:170:12)\n    at <anonymous> (C:\\Users\\ATT\\Documents\\Workspace\\ATT\\KYC Asset for ATTPAY\\backend\\be-kyc-asset\\src\\prisma\\prisma-transaction-manager.service.ts:12:7)\n    at Proxy._transactionWithCallback (C:\\Users\\ATT\\Documents\\Workspace\\ATT\\KYC Asset for ATTPAY\\backend\\be-kyc-asset\\node_modules\\@prisma\\client\\src\\runtime\\getPrismaClient.ts:810:24)\n    at process.processTicksAndRejections (node:internal/process/task_queues:104:5)\n    at async AuthController.login (C:\\Users\\ATT\\Documents\\Workspace\\ATT\\KYC Asset for ATTPAY\\backend\\be-kyc-asset\\src\\modules\\auth\\auth.controller.ts:69:21)"],"timestamp":"2026-05-08T12:38:32.266Z"}
{"context":"LoggerMiddleware","level":"error","message":"[RequestID: b5ab2eba-d719-4d53-b6ac-14b27e50bfc4] POST /api/v1/auth/login | Status: 500 | Duration: 73ms | IP: ::1 | UserAgent: Mozilla/5.0 (Windows NT 10.0; Win64; x64) AppleWebKit/537.36 (KHTML, like Gecko) Chrome/147.0.0.0 Safari/537.36","requestId":"b5ab2eba-d719-4d53-b6ac-14b27e50bfc4","stack":[null],"timestamp":"2026-05-08T12:38:32.268Z"}
{"level":"info","message":"Khởi tạo ứng dụng...","timestamp":"2026-05-08T12:40:07.927Z"}
{"context":"NestFactory","level":"info","message":"Starting Nest application...","timestamp":"2026-05-08T12:40:07.997Z"}
{"context":"InstanceLoader","level":"info","message":"PassportModule dependencies initialized","timestamp":"2026-05-08T12:40:08.004Z"}
{"context":"InstanceLoader","level":"info","message":"ConfigHostModule dependencies initialized","timestamp":"2026-05-08T12:40:08.005Z"}
{"context":"InstanceLoader","level":"info","message":"AppModule dependencies initialized","timestamp":"2026-05-08T12:40:08.005Z"}
{"context":"PrismaService","level":"info","message":"🔌 Prisma Connection String: postgresql://admin:******@localhost:5433/kyc_asset_db?schema=public","timestamp":"2026-05-08T12:40:08.008Z"}
{"context":"InstanceLoader","level":"info","message":"PortsModule dependencies initialized","timestamp":"2026-05-08T12:40:08.008Z"}
{"context":"InstanceLoader","level":"info","message":"FilesModule dependencies initialized","timestamp":"2026-05-08T12:40:08.009Z"}
{"context":"InstanceLoader","level":"info","message":"ConfigModule dependencies initialized","timestamp":"2026-05-08T12:40:08.009Z"}
{"context":"InstanceLoader","level":"info","message":"CommonModule dependencies initialized","timestamp":"2026-05-08T12:40:08.009Z"}
{"context":"InstanceLoader","level":"info","message":"JwtModule dependencies initialized","timestamp":"2026-05-08T12:40:08.009Z"}
{"context":"InstanceLoader","level":"info","message":"PrismaModule dependencies initialized","timestamp":"2026-05-08T12:40:08.010Z"}
{"context":"InstanceLoader","level":"info","message":"WhitelistIpModule dependencies initialized","timestamp":"2026-05-08T12:40:08.011Z"}
{"context":"InstanceLoader","level":"info","message":"AttributeModule dependencies initialized","timestamp":"2026-05-08T12:40:08.011Z"}
{"context":"InstanceLoader","level":"info","message":"DepartmentsModule dependencies initialized","timestamp":"2026-05-08T12:40:08.011Z"}
{"context":"InstanceLoader","level":"info","message":"UsersModule dependencies initialized","timestamp":"2026-05-08T12:40:08.011Z"}
{"context":"InstanceLoader","level":"info","message":"RolesModule dependencies initialized","timestamp":"2026-05-08T12:40:08.011Z"}
{"context":"InstanceLoader","level":"info","message":"PermissionsModule dependencies initialized","timestamp":"2026-05-08T12:40:08.011Z"}
{"context":"InstanceLoader","level":"info","message":"AuthModule dependencies initialized","timestamp":"2026-05-08T12:40:08.011Z"}
{"context":"LegacyRouteConverter","level":"warn","message":"Unsupported route path: \"/api/v1/*\". In previous versions, the symbols ?, *, and + were used to denote optional or repeating path parameters. The latest version of \"path-to-regexp\" now requires the use of named parameters. For example, instead of using a route like /users/* to capture all routes starting with \"/users\", you should use /users/*path. For more details, refer to the migration guide. Attempting to auto-convert...","timestamp":"2026-05-08T12:40:08.036Z"}
{"context":"RoutesResolver","level":"info","message":"AppController {/api/v1/ping}:","timestamp":"2026-05-08T12:40:08.037Z"}
{"context":"RouterExplorer","level":"info","message":"Mapped {/api/v1/ping, GET} route","timestamp":"2026-05-08T12:40:08.039Z"}
{"context":"RoutesResolver","level":"info","message":"UsersController {/api/v1/users}:","timestamp":"2026-05-08T12:40:08.039Z"}
{"context":"RouterExplorer","level":"info","message":"Mapped {/api/v1/users, POST} route","timestamp":"2026-05-08T12:40:08.040Z"}
{"context":"RouterExplorer","level":"info","message":"Mapped {/api/v1/users, GET} route","timestamp":"2026-05-08T12:40:08.040Z"}
{"context":"RouterExplorer","level":"info","message":"Mapped {/api/v1/users/:id, GET} route","timestamp":"2026-05-08T12:40:08.041Z"}
{"context":"RouterExplorer","level":"info","message":"Mapped {/api/v1/users/:id, PATCH} route","timestamp":"2026-05-08T12:40:08.041Z"}
{"context":"RouterExplorer","level":"info","message":"Mapped {/api/v1/users/:id, DELETE} route","timestamp":"2026-05-08T12:40:08.042Z"}
{"context":"RoutesResolver","level":"info","message":"WhitelistIpController {/api/v1/whitelist-ip}:","timestamp":"2026-05-08T12:40:08.042Z"}
{"context":"RouterExplorer","level":"info","message":"Mapped {/api/v1/whitelist-ip, POST} route","timestamp":"2026-05-08T12:40:08.043Z"}
{"context":"RouterExplorer","level":"info","message":"Mapped {/api/v1/whitelist-ip, GET} route","timestamp":"2026-05-08T12:40:08.043Z"}
{"context":"RouterExplorer","level":"info","message":"Mapped {/api/v1/whitelist-ip/:id, GET} route","timestamp":"2026-05-08T12:40:08.044Z"}
{"context":"RouterExplorer","level":"info","message":"Mapped {/api/v1/whitelist-ip/:id, PATCH} route","timestamp":"2026-05-08T12:40:08.044Z"}
{"context":"RouterExplorer","level":"info","message":"Mapped {/api/v1/whitelist-ip/:id, DELETE} route","timestamp":"2026-05-08T12:40:08.045Z"}
{"context":"RoutesResolver","level":"info","message":"RolesController {/api/v1/roles}:","timestamp":"2026-05-08T12:40:08.045Z"}
{"context":"RouterExplorer","level":"info","message":"Mapped {/api/v1/roles, POST} route","timestamp":"2026-05-08T12:40:08.045Z"}
{"context":"RouterExplorer","level":"info","message":"Mapped {/api/v1/roles, GET} route","timestamp":"2026-05-08T12:40:08.046Z"}
{"context":"RouterExplorer","level":"info","message":"Mapped {/api/v1/roles/:id, GET} route","timestamp":"2026-05-08T12:40:08.046Z"}
{"context":"RouterExplorer","level":"info","message":"Mapped {/api/v1/roles/:id, PATCH} route","timestamp":"2026-05-08T12:40:08.047Z"}
{"context":"RouterExplorer","level":"info","message":"Mapped {/api/v1/roles/:id, DELETE} route","timestamp":"2026-05-08T12:40:08.047Z"}
{"context":"RoutesResolver","level":"info","message":"PermissionsController {/api/v1/permissions}:","timestamp":"2026-05-08T12:40:08.047Z"}
{"context":"RouterExplorer","level":"info","message":"Mapped {/api/v1/permissions, POST} route","timestamp":"2026-05-08T12:40:08.048Z"}
{"context":"RouterExplorer","level":"info","message":"Mapped {/api/v1/permissions, GET} route","timestamp":"2026-05-08T12:40:08.048Z"}
{"context":"RouterExplorer","level":"info","message":"Mapped {/api/v1/permissions/:id, PATCH} route","timestamp":"2026-05-08T12:40:08.049Z"}
{"context":"RouterExplorer","level":"info","message":"Mapped {/api/v1/permissions/:id, DELETE} route","timestamp":"2026-05-08T12:40:08.049Z"}
{"context":"RoutesResolver","level":"info","message":"AuthController {/api/v1/auth}:","timestamp":"2026-05-08T12:40:08.049Z"}
{"context":"RouterExplorer","level":"info","message":"Mapped {/api/v1/auth/register, POST} route","timestamp":"2026-05-08T12:40:08.050Z"}
{"context":"RouterExplorer","level":"info","message":"Mapped {/api/v1/auth/login, POST} route","timestamp":"2026-05-08T12:40:08.050Z"}
{"context":"RouterExplorer","level":"info","message":"Mapped {/api/v1/auth/refresh, POST} route","timestamp":"2026-05-08T12:40:08.051Z"}
{"context":"RouterExplorer","level":"info","message":"Mapped {/api/v1/auth/logout, POST} route","timestamp":"2026-05-08T12:40:08.051Z"}
{"context":"RouterExplorer","level":"info","message":"Mapped {/api/v1/auth/me, GET} route","timestamp":"2026-05-08T12:40:08.051Z"}
{"context":"RouterExplorer","level":"info","message":"Mapped {/api/v1/auth/me/password, PATCH} route","timestamp":"2026-05-08T12:40:08.052Z"}
{"context":"RoutesResolver","level":"info","message":"AttributeController {/api/v1/attribute}:","timestamp":"2026-05-08T12:40:08.052Z"}
{"context":"RouterExplorer","level":"info","message":"Mapped {/api/v1/attribute, POST} route","timestamp":"2026-05-08T12:40:08.053Z"}
{"context":"RouterExplorer","level":"info","message":"Mapped {/api/v1/attribute, GET} route","timestamp":"2026-05-08T12:40:08.053Z"}
{"context":"RouterExplorer","level":"info","message":"Mapped {/api/v1/attribute/:id, GET} route","timestamp":"2026-05-08T12:40:08.053Z"}
{"context":"RouterExplorer","level":"info","message":"Mapped {/api/v1/attribute/:id, PATCH} route","timestamp":"2026-05-08T12:40:08.054Z"}
{"context":"RouterExplorer","level":"info","message":"Mapped {/api/v1/attribute/:id, DELETE} route","timestamp":"2026-05-08T12:40:08.054Z"}
{"context":"RoutesResolver","level":"info","message":"DepartmentsController {/api/v1/departments}:","timestamp":"2026-05-08T12:40:08.054Z"}
{"context":"RouterExplorer","level":"info","message":"Mapped {/api/v1/departments, POST} route","timestamp":"2026-05-08T12:40:08.055Z"}
{"context":"RouterExplorer","level":"info","message":"Mapped {/api/v1/departments, GET} route","timestamp":"2026-05-08T12:40:08.055Z"}
{"context":"RouterExplorer","level":"info","message":"Mapped {/api/v1/departments/:id, GET} route","timestamp":"2026-05-08T12:40:08.055Z"}
{"context":"RouterExplorer","level":"info","message":"Mapped {/api/v1/departments/:id, PATCH} route","timestamp":"2026-05-08T12:40:08.056Z"}
{"context":"RouterExplorer","level":"info","message":"Mapped {/api/v1/departments/:id, DELETE} route","timestamp":"2026-05-08T12:40:08.056Z"}
{"context":"RoutesResolver","level":"info","message":"PortsController {/api/v1/ports}:","timestamp":"2026-05-08T12:40:08.056Z"}
{"context":"RouterExplorer","level":"info","message":"Mapped {/api/v1/ports, POST} route","timestamp":"2026-05-08T12:40:08.057Z"}
{"context":"RouterExplorer","level":"info","message":"Mapped {/api/v1/ports, GET} route","timestamp":"2026-05-08T12:40:08.057Z"}
{"context":"RouterExplorer","level":"info","message":"Mapped {/api/v1/ports/:id, GET} route","timestamp":"2026-05-08T12:40:08.058Z"}
{"context":"RouterExplorer","level":"info","message":"Mapped {/api/v1/ports/:id, PATCH} route","timestamp":"2026-05-08T12:40:08.058Z"}
{"context":"RouterExplorer","level":"info","message":"Mapped {/api/v1/ports/:id, DELETE} route","timestamp":"2026-05-08T12:40:08.058Z"}
{"context":"RoutesResolver","level":"info","message":"FilesController {/api/v1/files}:","timestamp":"2026-05-08T12:40:08.059Z"}
{"context":"RouterExplorer","level":"info","message":"Mapped {/api/v1/files, POST} route","timestamp":"2026-05-08T12:40:08.059Z"}
{"context":"RouterExplorer","level":"info","message":"Mapped {/api/v1/files, GET} route","timestamp":"2026-05-08T12:40:08.060Z"}
{"context":"RouterExplorer","level":"info","message":"Mapped {/api/v1/files/:id, GET} route","timestamp":"2026-05-08T12:40:08.060Z"}
{"context":"RouterExplorer","level":"info","message":"Mapped {/api/v1/files/:id, PATCH} route","timestamp":"2026-05-08T12:40:08.060Z"}
{"context":"RouterExplorer","level":"info","message":"Mapped {/api/v1/files/:id, DELETE} route","timestamp":"2026-05-08T12:40:08.060Z"}
{"context":"PrismaService","level":"info","message":"Kết nối database thành công","timestamp":"2026-05-08T12:40:08.104Z"}
{"context":"NestApplication","level":"info","message":"Nest application successfully started","timestamp":"2026-05-08T12:40:08.109Z"}
{"context":"AccessTokenGuard","level":"info","message":"isPublic: true","requestId":"541852be-9fc6-42fa-b978-bb0d2122e815","timestamp":"2026-05-08T12:40:15.387Z"}
{"context":"AccessTokenGuard","level":"info","message":"Public route, skipping authentication","requestId":"541852be-9fc6-42fa-b978-bb0d2122e815","timestamp":"2026-05-08T12:40:15.387Z"}
{"context":"AuthService","level":"info","message":"debuguser: {\"id\":\"cc6d2974-22cf-4b0b-9590-4b701cfa3c00\",\"username\":\"customer_001\",\"hashed_password\":\"scrypt:61b7465b5cc602c81ecaa66e31f0f570:064a122e33f58ab9bedcc806f62492b81e4451665c71c7dc3a5afd28b63aa6017713b59fb84dc9594c530b3bbe79c2bf5c738ae510f3152bf09f34a3b6d02482\",\"displayName\":\"Nguyễn Văn A\",\"token_version\":5,\"isActive\":true,\"createdAt\":\"2026-05-03T15:37:18.203Z\",\"updatedAt\":\"2026-05-04T09:10:04.759Z\",\"deletedAt\":null}","requestId":"541852be-9fc6-42fa-b978-bb0d2122e815","timestamp":"2026-05-08T12:40:15.441Z"}
{"context":"AuthService","level":"info","message":"debugisPasswordValid: true","requestId":"541852be-9fc6-42fa-b978-bb0d2122e815","timestamp":"2026-05-08T12:40:15.469Z"}
{"context":"AllExceptionsFilter","level":"error","message":"[RequestID: 541852be-9fc6-42fa-b978-bb0d2122e815] POST /api/v1/auth/login | Status: 500 | Code: INTERNAL_SERVER_ERROR | Error: Cannot read properties of undefined (reading 'map')","requestId":"541852be-9fc6-42fa-b978-bb0d2122e815","stack":["TypeError: Cannot read properties of undefined (reading 'map')\n    at AuthService.buildPayload (C:\\Users\\ATT\\Documents\\Workspace\\ATT\\KYC Asset for ATTPAY\\backend\\be-kyc-asset\\src\\modules\\auth\\auth.service.ts:82:25)\n    at AuthService.createSessionForUser (C:\\Users\\ATT\\Documents\\Workspace\\ATT\\KYC Asset for ATTPAY\\backend\\be-kyc-asset\\src\\modules\\auth\\auth.service.ts:114:12)\n    at <anonymous> (C:\\Users\\ATT\\Documents\\Workspace\\ATT\\KYC Asset for ATTPAY\\backend\\be-kyc-asset\\src\\modules\\auth\\auth.service.ts:172:12)\n    at <anonymous> (C:\\Users\\ATT\\Documents\\Workspace\\ATT\\KYC Asset for ATTPAY\\backend\\be-kyc-asset\\src\\prisma\\prisma-transaction-manager.service.ts:12:7)\n    at Proxy._transactionWithCallback (C:\\Users\\ATT\\Documents\\Workspace\\ATT\\KYC Asset for ATTPAY\\backend\\be-kyc-asset\\node_modules\\@prisma\\client\\src\\runtime\\getPrismaClient.ts:810:24)\n    at process.processTicksAndRejections (node:internal/process/task_queues:104:5)\n    at async AuthController.login (C:\\Users\\ATT\\Documents\\Workspace\\ATT\\KYC Asset for ATTPAY\\backend\\be-kyc-asset\\src\\modules\\auth\\auth.controller.ts:69:21)"],"timestamp":"2026-05-08T12:40:15.484Z"}
{"context":"LoggerMiddleware","level":"error","message":"[RequestID: 541852be-9fc6-42fa-b978-bb0d2122e815] POST /api/v1/auth/login | Status: 500 | Duration: 100ms | IP: ::1 | UserAgent: Mozilla/5.0 (Windows NT 10.0; Win64; x64) AppleWebKit/537.36 (KHTML, like Gecko) Chrome/147.0.0.0 Safari/537.36","requestId":"541852be-9fc6-42fa-b978-bb0d2122e815","stack":[null],"timestamp":"2026-05-08T12:40:15.486Z"}
{"level":"info","message":"Khởi tạo ứng dụng...","timestamp":"2026-05-08T12:46:24.050Z"}
{"context":"NestFactory","level":"info","message":"Starting Nest application...","timestamp":"2026-05-08T12:46:24.123Z"}
{"context":"InstanceLoader","level":"info","message":"PassportModule dependencies initialized","timestamp":"2026-05-08T12:46:24.131Z"}
{"context":"InstanceLoader","level":"info","message":"ConfigHostModule dependencies initialized","timestamp":"2026-05-08T12:46:24.131Z"}
{"context":"InstanceLoader","level":"info","message":"AppModule dependencies initialized","timestamp":"2026-05-08T12:46:24.131Z"}
{"context":"PrismaService","level":"info","message":"🔌 Prisma Connection String: postgresql://admin:******@localhost:5433/kyc_asset_db?schema=public","timestamp":"2026-05-08T12:46:24.134Z"}
{"context":"InstanceLoader","level":"info","message":"PortsModule dependencies initialized","timestamp":"2026-05-08T12:46:24.134Z"}
{"context":"InstanceLoader","level":"info","message":"FilesModule dependencies initialized","timestamp":"2026-05-08T12:46:24.134Z"}
{"context":"InstanceLoader","level":"info","message":"ConfigModule dependencies initialized","timestamp":"2026-05-08T12:46:24.134Z"}
{"context":"InstanceLoader","level":"info","message":"CommonModule dependencies initialized","timestamp":"2026-05-08T12:46:24.134Z"}
{"context":"InstanceLoader","level":"info","message":"JwtModule dependencies initialized","timestamp":"2026-05-08T12:46:24.135Z"}
{"context":"InstanceLoader","level":"info","message":"PrismaModule dependencies initialized","timestamp":"2026-05-08T12:46:24.136Z"}
{"context":"InstanceLoader","level":"info","message":"WhitelistIpModule dependencies initialized","timestamp":"2026-05-08T12:46:24.137Z"}
{"context":"InstanceLoader","level":"info","message":"AttributeModule dependencies initialized","timestamp":"2026-05-08T12:46:24.137Z"}
{"context":"InstanceLoader","level":"info","message":"DepartmentsModule dependencies initialized","timestamp":"2026-05-08T12:46:24.137Z"}
{"context":"InstanceLoader","level":"info","message":"UsersModule dependencies initialized","timestamp":"2026-05-08T12:46:24.137Z"}
{"context":"InstanceLoader","level":"info","message":"RolesModule dependencies initialized","timestamp":"2026-05-08T12:46:24.137Z"}
{"context":"InstanceLoader","level":"info","message":"PermissionsModule dependencies initialized","timestamp":"2026-05-08T12:46:24.137Z"}
{"context":"InstanceLoader","level":"info","message":"AuthModule dependencies initialized","timestamp":"2026-05-08T12:46:24.137Z"}
{"context":"LegacyRouteConverter","level":"warn","message":"Unsupported route path: \"/api/v1/*\". In previous versions, the symbols ?, *, and + were used to denote optional or repeating path parameters. The latest version of \"path-to-regexp\" now requires the use of named parameters. For example, instead of using a route like /users/* to capture all routes starting with \"/users\", you should use /users/*path. For more details, refer to the migration guide. Attempting to auto-convert...","timestamp":"2026-05-08T12:46:24.160Z"}
{"context":"RoutesResolver","level":"info","message":"AppController {/api/v1/ping}:","timestamp":"2026-05-08T12:46:24.161Z"}
{"context":"RouterExplorer","level":"info","message":"Mapped {/api/v1/ping, GET} route","timestamp":"2026-05-08T12:46:24.163Z"}
{"context":"RoutesResolver","level":"info","message":"UsersController {/api/v1/users}:","timestamp":"2026-05-08T12:46:24.163Z"}
{"context":"RouterExplorer","level":"info","message":"Mapped {/api/v1/users, POST} route","timestamp":"2026-05-08T12:46:24.163Z"}
{"context":"RouterExplorer","level":"info","message":"Mapped {/api/v1/users, GET} route","timestamp":"2026-05-08T12:46:24.163Z"}
{"context":"RouterExplorer","level":"info","message":"Mapped {/api/v1/users/:id, GET} route","timestamp":"2026-05-08T12:46:24.164Z"}
{"context":"RouterExplorer","level":"info","message":"Mapped {/api/v1/users/:id, PATCH} route","timestamp":"2026-05-08T12:46:24.164Z"}
{"context":"RouterExplorer","level":"info","message":"Mapped {/api/v1/users/:id, DELETE} route","timestamp":"2026-05-08T12:46:24.164Z"}
{"context":"RoutesResolver","level":"info","message":"WhitelistIpController {/api/v1/whitelist-ip}:","timestamp":"2026-05-08T12:46:24.164Z"}
{"context":"RouterExplorer","level":"info","message":"Mapped {/api/v1/whitelist-ip, POST} route","timestamp":"2026-05-08T12:46:24.164Z"}
{"context":"RouterExplorer","level":"info","message":"Mapped {/api/v1/whitelist-ip, GET} route","timestamp":"2026-05-08T12:46:24.165Z"}
{"context":"RouterExplorer","level":"info","message":"Mapped {/api/v1/whitelist-ip/:id, GET} route","timestamp":"2026-05-08T12:46:24.165Z"}
{"context":"RouterExplorer","level":"info","message":"Mapped {/api/v1/whitelist-ip/:id, PATCH} route","timestamp":"2026-05-08T12:46:24.165Z"}
{"context":"RouterExplorer","level":"info","message":"Mapped {/api/v1/whitelist-ip/:id, DELETE} route","timestamp":"2026-05-08T12:46:24.165Z"}
{"context":"RoutesResolver","level":"info","message":"RolesController {/api/v1/roles}:","timestamp":"2026-05-08T12:46:24.165Z"}
{"context":"RouterExplorer","level":"info","message":"Mapped {/api/v1/roles, POST} route","timestamp":"2026-05-08T12:46:24.166Z"}
{"context":"RouterExplorer","level":"info","message":"Mapped {/api/v1/roles, GET} route","timestamp":"2026-05-08T12:46:24.166Z"}
{"context":"RouterExplorer","level":"info","message":"Mapped {/api/v1/roles/:id, GET} route","timestamp":"2026-05-08T12:46:24.166Z"}
{"context":"RouterExplorer","level":"info","message":"Mapped {/api/v1/roles/:id, PATCH} route","timestamp":"2026-05-08T12:46:24.166Z"}
{"context":"RouterExplorer","level":"info","message":"Mapped {/api/v1/roles/:id, DELETE} route","timestamp":"2026-05-08T12:46:24.166Z"}
{"context":"RoutesResolver","level":"info","message":"PermissionsController {/api/v1/permissions}:","timestamp":"2026-05-08T12:46:24.166Z"}
{"context":"RouterExplorer","level":"info","message":"Mapped {/api/v1/permissions, POST} route","timestamp":"2026-05-08T12:46:24.167Z"}
{"context":"RouterExplorer","level":"info","message":"Mapped {/api/v1/permissions, GET} route","timestamp":"2026-05-08T12:46:24.167Z"}
{"context":"RouterExplorer","level":"info","message":"Mapped {/api/v1/permissions/:id, PATCH} route","timestamp":"2026-05-08T12:46:24.167Z"}
{"context":"RouterExplorer","level":"info","message":"Mapped {/api/v1/permissions/:id, DELETE} route","timestamp":"2026-05-08T12:46:24.167Z"}
{"context":"RoutesResolver","level":"info","message":"AuthController {/api/v1/auth}:","timestamp":"2026-05-08T12:46:24.168Z"}
{"context":"RouterExplorer","level":"info","message":"Mapped {/api/v1/auth/register, POST} route","timestamp":"2026-05-08T12:46:24.168Z"}
{"context":"RouterExplorer","level":"info","message":"Mapped {/api/v1/auth/login, POST} route","timestamp":"2026-05-08T12:46:24.168Z"}
{"context":"RouterExplorer","level":"info","message":"Mapped {/api/v1/auth/refresh, POST} route","timestamp":"2026-05-08T12:46:24.168Z"}
{"context":"RouterExplorer","level":"info","message":"Mapped {/api/v1/auth/logout, POST} route","timestamp":"2026-05-08T12:46:24.168Z"}
{"context":"RouterExplorer","level":"info","message":"Mapped {/api/v1/auth/me, GET} route","timestamp":"2026-05-08T12:46:24.168Z"}
{"context":"RouterExplorer","level":"info","message":"Mapped {/api/v1/auth/me/password, PATCH} route","timestamp":"2026-05-08T12:46:24.168Z"}
{"context":"RoutesResolver","level":"info","message":"AttributeController {/api/v1/attribute}:","timestamp":"2026-05-08T12:46:24.169Z"}
{"context":"RouterExplorer","level":"info","message":"Mapped {/api/v1/attribute, POST} route","timestamp":"2026-05-08T12:46:24.169Z"}
{"context":"RouterExplorer","level":"info","message":"Mapped {/api/v1/attribute, GET} route","timestamp":"2026-05-08T12:46:24.169Z"}
{"context":"RouterExplorer","level":"info","message":"Mapped {/api/v1/attribute/:id, GET} route","timestamp":"2026-05-08T12:46:24.169Z"}
{"context":"RouterExplorer","level":"info","message":"Mapped {/api/v1/attribute/:id, PATCH} route","timestamp":"2026-05-08T12:46:24.169Z"}
{"context":"RouterExplorer","level":"info","message":"Mapped {/api/v1/attribute/:id, DELETE} route","timestamp":"2026-05-08T12:46:24.169Z"}
{"context":"RoutesResolver","level":"info","message":"DepartmentsController {/api/v1/departments}:","timestamp":"2026-05-08T12:46:24.170Z"}
{"context":"RouterExplorer","level":"info","message":"Mapped {/api/v1/departments, POST} route","timestamp":"2026-05-08T12:46:24.170Z"}
{"context":"RouterExplorer","level":"info","message":"Mapped {/api/v1/departments, GET} route","timestamp":"2026-05-08T12:46:24.170Z"}
{"context":"RouterExplorer","level":"info","message":"Mapped {/api/v1/departments/:id, GET} route","timestamp":"2026-05-08T12:46:24.170Z"}
{"context":"RouterExplorer","level":"info","message":"Mapped {/api/v1/departments/:id, PATCH} route","timestamp":"2026-05-08T12:46:24.170Z"}
{"context":"RouterExplorer","level":"info","message":"Mapped {/api/v1/departments/:id, DELETE} route","timestamp":"2026-05-08T12:46:24.170Z"}
{"context":"RoutesResolver","level":"info","message":"PortsController {/api/v1/ports}:","timestamp":"2026-05-08T12:46:24.170Z"}
{"context":"RouterExplorer","level":"info","message":"Mapped {/api/v1/ports, POST} route","timestamp":"2026-05-08T12:46:24.170Z"}
{"context":"RouterExplorer","level":"info","message":"Mapped {/api/v1/ports, GET} route","timestamp":"2026-05-08T12:46:24.171Z"}
{"context":"RouterExplorer","level":"info","message":"Mapped {/api/v1/ports/:id, GET} route","timestamp":"2026-05-08T12:46:24.171Z"}
{"context":"RouterExplorer","level":"info","message":"Mapped {/api/v1/ports/:id, PATCH} route","timestamp":"2026-05-08T12:46:24.171Z"}
{"context":"RouterExplorer","level":"info","message":"Mapped {/api/v1/ports/:id, DELETE} route","timestamp":"2026-05-08T12:46:24.171Z"}
{"context":"RoutesResolver","level":"info","message":"FilesController {/api/v1/files}:","timestamp":"2026-05-08T12:46:24.171Z"}
{"context":"RouterExplorer","level":"info","message":"Mapped {/api/v1/files, POST} route","timestamp":"2026-05-08T12:46:24.171Z"}
{"context":"RouterExplorer","level":"info","message":"Mapped {/api/v1/files, GET} route","timestamp":"2026-05-08T12:46:24.171Z"}
{"context":"RouterExplorer","level":"info","message":"Mapped {/api/v1/files/:id, GET} route","timestamp":"2026-05-08T12:46:24.172Z"}
{"context":"RouterExplorer","level":"info","message":"Mapped {/api/v1/files/:id, PATCH} route","timestamp":"2026-05-08T12:46:24.172Z"}
{"context":"RouterExplorer","level":"info","message":"Mapped {/api/v1/files/:id, DELETE} route","timestamp":"2026-05-08T12:46:24.172Z"}
{"context":"PrismaService","level":"info","message":"Kết nối database thành công","timestamp":"2026-05-08T12:46:24.212Z"}
{"context":"NestApplication","level":"info","message":"Nest application successfully started","timestamp":"2026-05-08T12:46:24.216Z"}
{"level":"info","message":"Khởi tạo ứng dụng...","timestamp":"2026-05-08T13:04:04.962Z"}
{"context":"NestFactory","level":"info","message":"Starting Nest application...","timestamp":"2026-05-08T13:04:05.030Z"}
{"context":"InstanceLoader","level":"info","message":"PassportModule dependencies initialized","timestamp":"2026-05-08T13:04:05.038Z"}
{"context":"InstanceLoader","level":"info","message":"ConfigHostModule dependencies initialized","timestamp":"2026-05-08T13:04:05.039Z"}
{"context":"InstanceLoader","level":"info","message":"AppModule dependencies initialized","timestamp":"2026-05-08T13:04:05.039Z"}
{"context":"PrismaService","level":"info","message":"🔌 Prisma Connection String: postgresql://admin:******@localhost:5433/kyc_asset_db?schema=public","timestamp":"2026-05-08T13:04:05.041Z"}
{"context":"InstanceLoader","level":"info","message":"PortsModule dependencies initialized","timestamp":"2026-05-08T13:04:05.042Z"}
{"context":"InstanceLoader","level":"info","message":"FilesModule dependencies initialized","timestamp":"2026-05-08T13:04:05.042Z"}
{"context":"InstanceLoader","level":"info","message":"ConfigModule dependencies initialized","timestamp":"2026-05-08T13:04:05.042Z"}
{"context":"InstanceLoader","level":"info","message":"CommonModule dependencies initialized","timestamp":"2026-05-08T13:04:05.042Z"}
{"context":"InstanceLoader","level":"info","message":"JwtModule dependencies initialized","timestamp":"2026-05-08T13:04:05.043Z"}
{"context":"InstanceLoader","level":"info","message":"PrismaModule dependencies initialized","timestamp":"2026-05-08T13:04:05.043Z"}
{"context":"InstanceLoader","level":"info","message":"WhitelistIpModule dependencies initialized","timestamp":"2026-05-08T13:04:05.044Z"}
{"context":"InstanceLoader","level":"info","message":"AttributeModule dependencies initialized","timestamp":"2026-05-08T13:04:05.044Z"}
{"context":"InstanceLoader","level":"info","message":"DepartmentsModule dependencies initialized","timestamp":"2026-05-08T13:04:05.045Z"}
{"context":"InstanceLoader","level":"info","message":"UsersModule dependencies initialized","timestamp":"2026-05-08T13:04:05.045Z"}
{"context":"InstanceLoader","level":"info","message":"RolesModule dependencies initialized","timestamp":"2026-05-08T13:04:05.045Z"}
{"context":"InstanceLoader","level":"info","message":"PermissionsModule dependencies initialized","timestamp":"2026-05-08T13:04:05.045Z"}
{"context":"InstanceLoader","level":"info","message":"AuthModule dependencies initialized","timestamp":"2026-05-08T13:04:05.045Z"}
{"context":"LegacyRouteConverter","level":"warn","message":"Unsupported route path: \"/api/v1/*\". In previous versions, the symbols ?, *, and + were used to denote optional or repeating path parameters. The latest version of \"path-to-regexp\" now requires the use of named parameters. For example, instead of using a route like /users/* to capture all routes starting with \"/users\", you should use /users/*path. For more details, refer to the migration guide. Attempting to auto-convert...","timestamp":"2026-05-08T13:04:05.069Z"}
{"context":"RoutesResolver","level":"info","message":"AppController {/api/v1/ping}:","timestamp":"2026-05-08T13:04:05.070Z"}
{"context":"RouterExplorer","level":"info","message":"Mapped {/api/v1/ping, GET} route","timestamp":"2026-05-08T13:04:05.071Z"}
{"context":"RoutesResolver","level":"info","message":"UsersController {/api/v1/users}:","timestamp":"2026-05-08T13:04:05.071Z"}
{"context":"RouterExplorer","level":"info","message":"Mapped {/api/v1/users, POST} route","timestamp":"2026-05-08T13:04:05.072Z"}
{"context":"RouterExplorer","level":"info","message":"Mapped {/api/v1/users, GET} route","timestamp":"2026-05-08T13:04:05.072Z"}
{"context":"RouterExplorer","level":"info","message":"Mapped {/api/v1/users/:id, GET} route","timestamp":"2026-05-08T13:04:05.072Z"}
{"context":"RouterExplorer","level":"info","message":"Mapped {/api/v1/users/:id, PATCH} route","timestamp":"2026-05-08T13:04:05.073Z"}
{"context":"RouterExplorer","level":"info","message":"Mapped {/api/v1/users/:id, DELETE} route","timestamp":"2026-05-08T13:04:05.073Z"}
{"context":"RoutesResolver","level":"info","message":"WhitelistIpController {/api/v1/whitelist-ip}:","timestamp":"2026-05-08T13:04:05.073Z"}
{"context":"RouterExplorer","level":"info","message":"Mapped {/api/v1/whitelist-ip, POST} route","timestamp":"2026-05-08T13:04:05.073Z"}
{"context":"RouterExplorer","level":"info","message":"Mapped {/api/v1/whitelist-ip, GET} route","timestamp":"2026-05-08T13:04:05.074Z"}
{"context":"RouterExplorer","level":"info","message":"Mapped {/api/v1/whitelist-ip/:id, GET} route","timestamp":"2026-05-08T13:04:05.074Z"}
{"context":"RouterExplorer","level":"info","message":"Mapped {/api/v1/whitelist-ip/:id, PATCH} route","timestamp":"2026-05-08T13:04:05.074Z"}
{"context":"RouterExplorer","level":"info","message":"Mapped {/api/v1/whitelist-ip/:id, DELETE} route","timestamp":"2026-05-08T13:04:05.074Z"}
{"context":"RoutesResolver","level":"info","message":"RolesController {/api/v1/roles}:","timestamp":"2026-05-08T13:04:05.074Z"}
{"context":"RouterExplorer","level":"info","message":"Mapped {/api/v1/roles, POST} route","timestamp":"2026-05-08T13:04:05.075Z"}
{"context":"RouterExplorer","level":"info","message":"Mapped {/api/v1/roles, GET} route","timestamp":"2026-05-08T13:04:05.075Z"}
{"context":"RouterExplorer","level":"info","message":"Mapped {/api/v1/roles/:id, GET} route","timestamp":"2026-05-08T13:04:05.075Z"}
{"context":"RouterExplorer","level":"info","message":"Mapped {/api/v1/roles/:id, PATCH} route","timestamp":"2026-05-08T13:04:05.075Z"}
{"context":"RouterExplorer","level":"info","message":"Mapped {/api/v1/roles/:id, DELETE} route","timestamp":"2026-05-08T13:04:05.075Z"}
{"context":"RoutesResolver","level":"info","message":"PermissionsController {/api/v1/permissions}:","timestamp":"2026-05-08T13:04:05.075Z"}
{"context":"RouterExplorer","level":"info","message":"Mapped {/api/v1/permissions, POST} route","timestamp":"2026-05-08T13:04:05.076Z"}
{"context":"RouterExplorer","level":"info","message":"Mapped {/api/v1/permissions, GET} route","timestamp":"2026-05-08T13:04:05.076Z"}
{"context":"RouterExplorer","level":"info","message":"Mapped {/api/v1/permissions/:id, PATCH} route","timestamp":"2026-05-08T13:04:05.076Z"}
{"context":"RouterExplorer","level":"info","message":"Mapped {/api/v1/permissions/:id, DELETE} route","timestamp":"2026-05-08T13:04:05.076Z"}
{"context":"RoutesResolver","level":"info","message":"AuthController {/api/v1/auth}:","timestamp":"2026-05-08T13:04:05.076Z"}
{"context":"RouterExplorer","level":"info","message":"Mapped {/api/v1/auth/register, POST} route","timestamp":"2026-05-08T13:04:05.076Z"}
{"context":"RouterExplorer","level":"info","message":"Mapped {/api/v1/auth/login, POST} route","timestamp":"2026-05-08T13:04:05.076Z"}
{"context":"RouterExplorer","level":"info","message":"Mapped {/api/v1/auth/refresh, POST} route","timestamp":"2026-05-08T13:04:05.077Z"}
{"context":"RouterExplorer","level":"info","message":"Mapped {/api/v1/auth/logout, POST} route","timestamp":"2026-05-08T13:04:05.077Z"}
{"context":"RouterExplorer","level":"info","message":"Mapped {/api/v1/auth/me, GET} route","timestamp":"2026-05-08T13:04:05.077Z"}
{"context":"RouterExplorer","level":"info","message":"Mapped {/api/v1/auth/me/password, PATCH} route","timestamp":"2026-05-08T13:04:05.077Z"}
{"context":"RoutesResolver","level":"info","message":"AttributeController {/api/v1/attribute}:","timestamp":"2026-05-08T13:04:05.077Z"}
{"context":"RouterExplorer","level":"info","message":"Mapped {/api/v1/attribute, POST} route","timestamp":"2026-05-08T13:04:05.077Z"}
{"context":"RouterExplorer","level":"info","message":"Mapped {/api/v1/attribute, GET} route","timestamp":"2026-05-08T13:04:05.077Z"}
{"context":"RouterExplorer","level":"info","message":"Mapped {/api/v1/attribute/:id, GET} route","timestamp":"2026-05-08T13:04:05.078Z"}
{"context":"RouterExplorer","level":"info","message":"Mapped {/api/v1/attribute/:id, PATCH} route","timestamp":"2026-05-08T13:04:05.078Z"}
{"context":"RouterExplorer","level":"info","message":"Mapped {/api/v1/attribute/:id, DELETE} route","timestamp":"2026-05-08T13:04:05.078Z"}
{"context":"RoutesResolver","level":"info","message":"DepartmentsController {/api/v1/departments}:","timestamp":"2026-05-08T13:04:05.078Z"}
{"context":"RouterExplorer","level":"info","message":"Mapped {/api/v1/departments, POST} route","timestamp":"2026-05-08T13:04:05.078Z"}
{"context":"RouterExplorer","level":"info","message":"Mapped {/api/v1/departments, GET} route","timestamp":"2026-05-08T13:04:05.078Z"}
{"context":"RouterExplorer","level":"info","message":"Mapped {/api/v1/departments/:id, GET} route","timestamp":"2026-05-08T13:04:05.078Z"}
{"context":"RouterExplorer","level":"info","message":"Mapped {/api/v1/departments/:id, PATCH} route","timestamp":"2026-05-08T13:04:05.078Z"}
{"context":"RouterExplorer","level":"info","message":"Mapped {/api/v1/departments/:id, DELETE} route","timestamp":"2026-05-08T13:04:05.079Z"}
{"context":"RoutesResolver","level":"info","message":"PortsController {/api/v1/ports}:","timestamp":"2026-05-08T13:04:05.079Z"}
{"context":"RouterExplorer","level":"info","message":"Mapped {/api/v1/ports, POST} route","timestamp":"2026-05-08T13:04:05.079Z"}
{"context":"RouterExplorer","level":"info","message":"Mapped {/api/v1/ports, GET} route","timestamp":"2026-05-08T13:04:05.079Z"}
{"context":"RouterExplorer","level":"info","message":"Mapped {/api/v1/ports/:id, GET} route","timestamp":"2026-05-08T13:04:05.079Z"}
{"context":"RouterExplorer","level":"info","message":"Mapped {/api/v1/ports/:id, PATCH} route","timestamp":"2026-05-08T13:04:05.079Z"}
{"context":"RouterExplorer","level":"info","message":"Mapped {/api/v1/ports/:id, DELETE} route","timestamp":"2026-05-08T13:04:05.079Z"}
{"context":"RoutesResolver","level":"info","message":"FilesController {/api/v1/files}:","timestamp":"2026-05-08T13:04:05.079Z"}
{"context":"RouterExplorer","level":"info","message":"Mapped {/api/v1/files, POST} route","timestamp":"2026-05-08T13:04:05.080Z"}
{"context":"RouterExplorer","level":"info","message":"Mapped {/api/v1/files, GET} route","timestamp":"2026-05-08T13:04:05.080Z"}
{"context":"RouterExplorer","level":"info","message":"Mapped {/api/v1/files/:id, GET} route","timestamp":"2026-05-08T13:04:05.080Z"}
{"context":"RouterExplorer","level":"info","message":"Mapped {/api/v1/files/:id, PATCH} route","timestamp":"2026-05-08T13:04:05.080Z"}
{"context":"RouterExplorer","level":"info","message":"Mapped {/api/v1/files/:id, DELETE} route","timestamp":"2026-05-08T13:04:05.080Z"}
{"context":"PrismaService","level":"info","message":"Kết nối database thành công","timestamp":"2026-05-08T13:04:05.117Z"}
{"context":"NestApplication","level":"info","message":"Nest application successfully started","timestamp":"2026-05-08T13:04:05.123Z"}
{"context":"AccessTokenGuard","level":"info","message":"isPublic: true","requestId":"6d3ea8f7-6bfc-46a1-8907-a5bc3ef8c845","timestamp":"2026-05-08T13:04:10.181Z"}
{"context":"AccessTokenGuard","level":"info","message":"Public route, skipping authentication","requestId":"6d3ea8f7-6bfc-46a1-8907-a5bc3ef8c845","timestamp":"2026-05-08T13:04:10.181Z"}
{"context":"AuthService","level":"info","message":"debuguser: {\"id\":\"cc6d2974-22cf-4b0b-9590-4b701cfa3c00\",\"username\":\"customer_001\",\"hashed_password\":\"scrypt:61b7465b5cc602c81ecaa66e31f0f570:064a122e33f58ab9bedcc806f62492b81e4451665c71c7dc3a5afd28b63aa6017713b59fb84dc9594c530b3bbe79c2bf5c738ae510f3152bf09f34a3b6d02482\",\"displayName\":\"Nguyễn Văn A\",\"token_version\":5,\"isActive\":true,\"createdAt\":\"2026-05-03T15:37:18.203Z\",\"updatedAt\":\"2026-05-04T09:10:04.759Z\",\"deletedAt\":null}","requestId":"6d3ea8f7-6bfc-46a1-8907-a5bc3ef8c845","timestamp":"2026-05-08T13:04:10.235Z"}
{"context":"LoggerMiddleware","level":"info","message":"[RequestID: 6d3ea8f7-6bfc-46a1-8907-a5bc3ef8c845] POST /api/v1/auth/login | Status: 201 | Duration: 95ms | IP: ::1 | UserAgent: Mozilla/5.0 (Windows NT 10.0; Win64; x64) AppleWebKit/537.36 (KHTML, like Gecko) Chrome/147.0.0.0 Safari/537.36","requestId":"6d3ea8f7-6bfc-46a1-8907-a5bc3ef8c845","timestamp":"2026-05-08T13:04:10.275Z"}
{"context":"AccessTokenGuard","level":"info","message":"isPublic: undefined","requestId":"f1d935d4-c1a5-49fe-939c-b98294c2cdc4","timestamp":"2026-05-08T13:04:10.881Z"}
{"context":"AccessTokenStrategy","level":"info","message":"user: {\"id\":\"cc6d2974-22cf-4b0b-9590-4b701cfa3c00\",\"username\":\"customer_001\",\"hashed_password\":\"scrypt:61b7465b5cc602c81ecaa66e31f0f570:064a122e33f58ab9bedcc806f62492b81e4451665c71c7dc3a5afd28b63aa6017713b59fb84dc9594c530b3bbe79c2bf5c738ae510f3152bf09f34a3b6d02482\",\"displayName\":\"Nguyễn Văn A\",\"token_version\":5,\"isActive\":true,\"createdAt\":\"2026-05-03T15:37:18.203Z\",\"updatedAt\":\"2026-05-04T09:10:04.759Z\",\"deletedAt\":null,\"roles\":[{\"user_id\":\"cc6d2974-22cf-4b0b-9590-4b701cfa3c00\",\"role_id\":\"4dd71768-1887-4879-9716-dab5dcddbebe\",\"assignedAt\":\"2026-05-06T11:53:17.723Z\",\"role\":{\"id\":\"4dd71768-1887-4879-9716-dab5dcddbebe\",\"name\":\"admin\",\"description\":\"Full system access\",\"permissions\":[{\"role_id\":\"4dd71768-1887-4879-9716-dab5dcddbebe\",\"permission_id\":\"7b2752ff-795f-49c6-abc7-d874550df97c\",\"permission\":{\"action\":\"read\",\"subject\":\"Department\",\"conditions\":[]}},{\"role_id\":\"4dd71768-1887-4879-9716-dab5dcddbebe\",\"permission_id\":\"d34ddd4b-bfe0-4f38-871c-5fe3c0f25c57\",\"permission\":{\"action\":\"create\",\"subject\":\"Department\",\"conditions\":[]}},{\"role_id\":\"4dd71768-1887-4879-9716-dab5dcddbebe\",\"permission_id\":\"a7c583f2-d8cf-4734-9113-c98e6c838ab8\",\"permission\":{\"action\":\"update\",\"subject\":\"Department\",\"conditions\":[]}},{\"role_id\":\"4dd71768-1887-4879-9716-dab5dcddbebe\",\"permission_id\":\"14b80590-7ca4-4131-9560-8d58349e74eb\",\"permission\":{\"action\":\"delete\",\"subject\":\"Department\",\"conditions\":[{\"conditions\":{\"end\":\"17:00\",\"type\":\"business_hours\",\"start\":\"08:00\"},\"attribute\":{\"name\":\"time\"}}]}},{\"role_id\":\"4dd71768-1887-4879-9716-dab5dcddbebe\",\"permission_id\":\"84f07ad6-e304-4f43-951d-e8c8eb599352\",\"permission\":{\"action\":\"read\",\"subject\":\"Port\",\"conditions\":[]}},{\"role_id\":\"4dd71768-1887-4879-9716-dab5dcddbebe\",\"permission_id\":\"be2db210-da42-4ec9-888d-3a0858978431\",\"permission\":{\"action\":\"create\",\"subject\":\"Port\",\"conditions\":[]}},{\"role_id\":\"4dd71768-1887-4879-9716-dab5dcddbebe\",\"permission_id\":\"7d8ec69e-467e-4f8e-a389-fa6ca6e256ed\",\"permission\":{\"action\":\"update\",\"subject\":\"Port\",\"conditions\":[]}},{\"role_id\":\"4dd71768-1887-4879-9716-dab5dcddbebe\",\"permission_id\":\"4f3bd475-3290-4ab8-982f-4dd670cb649c\",\"permission\":{\"action\":\"delete\",\"subject\":\"Port\",\"conditions\":[]}},{\"role_id\":\"4dd71768-1887-4879-9716-dab5dcddbebe\",\"permission_id\":\"35d0dcaf-8b47-4333-b402-a91709e0fc31\",\"permission\":{\"action\":\"read\",\"subject\":\"File\",\"conditions\":[]}},{\"role_id\":\"4dd71768-1887-4879-9716-dab5dcddbebe\",\"permission_id\":\"e57bb9e8-ae84-4eaa-8022-c6a84281aaff\",\"permission\":{\"action\":\"create\",\"subject\":\"File\",\"conditions\":[]}},{\"role_id\":\"4dd71768-1887-4879-9716-dab5dcddbebe\",\"permission_id\":\"160ace45-3feb-4708-8eae-92a7b94b01f9\",\"permission\":{\"action\":\"delete\",\"subject\":\"File\",\"conditions\":[]}},{\"role_id\":\"4dd71768-1887-4879-9716-dab5dcddbebe\",\"permission_id\":\"31f694c5-76a4-4e2a-803d-9a9ea0e4ef63\",\"permission\":{\"action\":\"read\",\"subject\":\"IPWhitelist\",\"conditions\":[]}},{\"role_id\":\"4dd71768-1887-4879-9716-dab5dcddbebe\",\"permission_id\":\"ceac5cb1-ebc6-46c1-9d1e-efa0ace039db\",\"permission\":{\"action\":\"create\",\"subject\":\"IPWhitelist\",\"conditions\":[]}},{\"role_id\":\"4dd71768-1887-4879-9716-dab5dcddbebe\",\"permission_id\":\"3b21ac56-b1e9-4ad2-9ee9-d7a342829903\",\"permission\":{\"action\":\"delete\",\"subject\":\"IPWhitelist\",\"conditions\":[]}}]}}]}","requestId":"f1d935d4-c1a5-49fe-939c-b98294c2cdc4","timestamp":"2026-05-08T13:04:10.912Z"}
{"context":"AuthService","level":"info","message":"payload: {\"id\":\"cc6d2974-22cf-4b0b-9590-4b701cfa3c00\",\"username\":\"customer_001\",\"hashed_password\":\"scrypt:61b7465b5cc602c81ecaa66e31f0f570:064a122e33f58ab9bedcc806f62492b81e4451665c71c7dc3a5afd28b63aa6017713b59fb84dc9594c530b3bbe79c2bf5c738ae510f3152bf09f34a3b6d02482\",\"displayName\":\"Nguyễn Văn A\",\"token_version\":5,\"isActive\":true,\"createdAt\":\"2026-05-03T15:37:18.203Z\",\"updatedAt\":\"2026-05-04T09:10:04.759Z\",\"deletedAt\":null,\"roles\":[{\"user_id\":\"cc6d2974-22cf-4b0b-9590-4b701cfa3c00\",\"role_id\":\"4dd71768-1887-4879-9716-dab5dcddbebe\",\"assignedAt\":\"2026-05-06T11:53:17.723Z\",\"role\":{\"id\":\"4dd71768-1887-4879-9716-dab5dcddbebe\",\"name\":\"admin\",\"description\":\"Full system access\",\"permissions\":[{\"role_id\":\"4dd71768-1887-4879-9716-dab5dcddbebe\",\"permission_id\":\"7b2752ff-795f-49c6-abc7-d874550df97c\",\"permission\":{\"action\":\"read\",\"subject\":\"Department\",\"conditions\":[]}},{\"role_id\":\"4dd71768-1887-4879-9716-dab5dcddbebe\",\"permission_id\":\"d34ddd4b-bfe0-4f38-871c-5fe3c0f25c57\",\"permission\":{\"action\":\"create\",\"subject\":\"Department\",\"conditions\":[]}},{\"role_id\":\"4dd71768-1887-4879-9716-dab5dcddbebe\",\"permission_id\":\"a7c583f2-d8cf-4734-9113-c98e6c838ab8\",\"permission\":{\"action\":\"update\",\"subject\":\"Department\",\"conditions\":[]}},{\"role_id\":\"4dd71768-1887-4879-9716-dab5dcddbebe\",\"permission_id\":\"14b80590-7ca4-4131-9560-8d58349e74eb\",\"permission\":{\"action\":\"delete\",\"subject\":\"Department\",\"conditions\":[{\"conditions\":{\"end\":\"17:00\",\"type\":\"business_hours\",\"start\":\"08:00\"},\"attribute\":{\"name\":\"time\"}}]}},{\"role_id\":\"4dd71768-1887-4879-9716-dab5dcddbebe\",\"permission_id\":\"84f07ad6-e304-4f43-951d-e8c8eb599352\",\"permission\":{\"action\":\"read\",\"subject\":\"Port\",\"conditions\":[]}},{\"role_id\":\"4dd71768-1887-4879-9716-dab5dcddbebe\",\"permission_id\":\"be2db210-da42-4ec9-888d-3a0858978431\",\"permission\":{\"action\":\"create\",\"subject\":\"Port\",\"conditions\":[]}},{\"role_id\":\"4dd71768-1887-4879-9716-dab5dcddbebe\",\"permission_id\":\"7d8ec69e-467e-4f8e-a389-fa6ca6e256ed\",\"permission\":{\"action\":\"update\",\"subject\":\"Port\",\"conditions\":[]}},{\"role_id\":\"4dd71768-1887-4879-9716-dab5dcddbebe\",\"permission_id\":\"4f3bd475-3290-4ab8-982f-4dd670cb649c\",\"permission\":{\"action\":\"delete\",\"subject\":\"Port\",\"conditions\":[]}},{\"role_id\":\"4dd71768-1887-4879-9716-dab5dcddbebe\",\"permission_id\":\"35d0dcaf-8b47-4333-b402-a91709e0fc31\",\"permission\":{\"action\":\"read\",\"subject\":\"File\",\"conditions\":[]}},{\"role_id\":\"4dd71768-1887-4879-9716-dab5dcddbebe\",\"permission_id\":\"e57bb9e8-ae84-4eaa-8022-c6a84281aaff\",\"permission\":{\"action\":\"create\",\"subject\":\"File\",\"conditions\":[]}},{\"role_id\":\"4dd71768-1887-4879-9716-dab5dcddbebe\",\"permission_id\":\"160ace45-3feb-4708-8eae-92a7b94b01f9\",\"permission\":{\"action\":\"delete\",\"subject\":\"File\",\"conditions\":[]}},{\"role_id\":\"4dd71768-1887-4879-9716-dab5dcddbebe\",\"permission_id\":\"31f694c5-76a4-4e2a-803d-9a9ea0e4ef63\",\"permission\":{\"action\":\"read\",\"subject\":\"IPWhitelist\",\"conditions\":[]}},{\"role_id\":\"4dd71768-1887-4879-9716-dab5dcddbebe\",\"permission_id\":\"ceac5cb1-ebc6-46c1-9d1e-efa0ace039db\",\"permission\":{\"action\":\"create\",\"subject\":\"IPWhitelist\",\"conditions\":[]}},{\"role_id\":\"4dd71768-1887-4879-9716-dab5dcddbebe\",\"permission_id\":\"3b21ac56-b1e9-4ad2-9ee9-d7a342829903\",\"permission\":{\"action\":\"delete\",\"subject\":\"IPWhitelist\",\"conditions\":[]}}]}}]}","requestId":"f1d935d4-c1a5-49fe-939c-b98294c2cdc4","timestamp":"2026-05-08T13:04:10.913Z"}
{"context":"AuthService","level":"info","message":"user: {\"id\":\"cc6d2974-22cf-4b0b-9590-4b701cfa3c00\",\"displayName\":\"Nguyễn Văn A\",\"roles\":[{\"role\":{\"name\":\"admin\",\"permissions\":[{\"permission\":{\"action\":\"read\",\"subject\":\"Department\",\"conditions\":[]}},{\"permission\":{\"action\":\"create\",\"subject\":\"Department\",\"conditions\":[]}},{\"permission\":{\"action\":\"update\",\"subject\":\"Department\",\"conditions\":[]}},{\"permission\":{\"action\":\"delete\",\"subject\":\"Department\",\"conditions\":[{\"conditions\":{\"end\":\"17:00\",\"type\":\"business_hours\",\"start\":\"08:00\"},\"attribute\":{\"name\":\"time\"}}]}},{\"permission\":{\"action\":\"read\",\"subject\":\"Port\",\"conditions\":[]}},{\"permission\":{\"action\":\"create\",\"subject\":\"Port\",\"conditions\":[]}},{\"permission\":{\"action\":\"update\",\"subject\":\"Port\",\"conditions\":[]}},{\"permission\":{\"action\":\"delete\",\"subject\":\"Port\",\"conditions\":[]}},{\"permission\":{\"action\":\"read\",\"subject\":\"File\",\"conditions\":[]}},{\"permission\":{\"action\":\"create\",\"subject\":\"File\",\"conditions\":[]}},{\"permission\":{\"action\":\"delete\",\"subject\":\"File\",\"conditions\":[]}},{\"permission\":{\"action\":\"read\",\"subject\":\"IPWhitelist\",\"conditions\":[]}},{\"permission\":{\"action\":\"create\",\"subject\":\"IPWhitelist\",\"conditions\":[]}},{\"permission\":{\"action\":\"delete\",\"subject\":\"IPWhitelist\",\"conditions\":[]}}]}}]}","requestId":"f1d935d4-c1a5-49fe-939c-b98294c2cdc4","timestamp":"2026-05-08T13:04:10.922Z"}
{"context":"LoggerMiddleware","level":"info","message":"[RequestID: f1d935d4-c1a5-49fe-939c-b98294c2cdc4] GET /api/v1/auth/me | Status: 200 | Duration: 43ms | IP: ::1 | UserAgent: Mozilla/5.0 (Windows NT 10.0; Win64; x64) AppleWebKit/537.36 (KHTML, like Gecko) Chrome/147.0.0.0 Safari/537.36","requestId":"f1d935d4-c1a5-49fe-939c-b98294c2cdc4","timestamp":"2026-05-08T13:04:10.924Z"}
{"context":"AccessTokenGuard","level":"info","message":"isPublic: undefined","requestId":"1b7f9a2e-979d-4bbc-a2ef-905c1f439897","timestamp":"2026-05-08T13:05:02.781Z"}
{"context":"LoggerMiddleware","level":"warn","message":"[RequestID: 1b7f9a2e-979d-4bbc-a2ef-905c1f439897] GET /api/v1/auth/me | Status: 401 | Duration: 2ms | IP: ::1 | UserAgent: Mozilla/5.0 (Windows NT 10.0; Win64; x64) AppleWebKit/537.36 (KHTML, like Gecko) Chrome/147.0.0.0 Safari/537.36","requestId":"1b7f9a2e-979d-4bbc-a2ef-905c1f439897","timestamp":"2026-05-08T13:05:02.782Z"}
{"context":"AccessTokenGuard","level":"info","message":"isPublic: true","requestId":"1dbc1482-ca88-4361-a85e-ab910f0cbe4d","timestamp":"2026-05-08T13:05:08.436Z"}
{"context":"AccessTokenGuard","level":"info","message":"Public route, skipping authentication","requestId":"1dbc1482-ca88-4361-a85e-ab910f0cbe4d","timestamp":"2026-05-08T13:05:08.437Z"}
{"context":"AuthService","level":"info","message":"debuguser: null","requestId":"1dbc1482-ca88-4361-a85e-ab910f0cbe4d","timestamp":"2026-05-08T13:05:08.447Z"}
{"context":"LoggerMiddleware","level":"warn","message":"[RequestID: 1dbc1482-ca88-4361-a85e-ab910f0cbe4d] POST /api/v1/auth/login | Status: 401 | Duration: 12ms | IP: ::1 | UserAgent: Mozilla/5.0 (Windows NT 10.0; Win64; x64) AppleWebKit/537.36 (KHTML, like Gecko) Chrome/147.0.0.0 Safari/537.36","requestId":"1dbc1482-ca88-4361-a85e-ab910f0cbe4d","timestamp":"2026-05-08T13:05:08.448Z"}
{"context":"AccessTokenGuard","level":"info","message":"isPublic: true","requestId":"59386038-99c7-4470-91f6-f7d144392df9","timestamp":"2026-05-08T13:05:08.794Z"}
{"context":"AccessTokenGuard","level":"info","message":"Public route, skipping authentication","requestId":"59386038-99c7-4470-91f6-f7d144392df9","timestamp":"2026-05-08T13:05:08.794Z"}
{"context":"AuthService","level":"info","message":"debuguser: null","requestId":"59386038-99c7-4470-91f6-f7d144392df9","timestamp":"2026-05-08T13:05:08.796Z"}
{"context":"LoggerMiddleware","level":"warn","message":"[RequestID: 59386038-99c7-4470-91f6-f7d144392df9] POST /api/v1/auth/login | Status: 401 | Duration: 2ms | IP: ::1 | UserAgent: Mozilla/5.0 (Windows NT 10.0; Win64; x64) AppleWebKit/537.36 (KHTML, like Gecko) Chrome/147.0.0.0 Safari/537.36","requestId":"59386038-99c7-4470-91f6-f7d144392df9","timestamp":"2026-05-08T13:05:08.797Z"}
{"context":"AccessTokenGuard","level":"info","message":"isPublic: true","requestId":"f6d32f12-3d97-42c6-811d-5a3d7744aa4c","timestamp":"2026-05-08T13:05:11.667Z"}
{"context":"AccessTokenGuard","level":"info","message":"Public route, skipping authentication","requestId":"f6d32f12-3d97-42c6-811d-5a3d7744aa4c","timestamp":"2026-05-08T13:05:11.668Z"}
{"context":"AuthService","level":"info","message":"debuguser: null","requestId":"f6d32f12-3d97-42c6-811d-5a3d7744aa4c","timestamp":"2026-05-08T13:05:11.670Z"}
{"context":"LoggerMiddleware","level":"warn","message":"[RequestID: f6d32f12-3d97-42c6-811d-5a3d7744aa4c] POST /api/v1/auth/login | Status: 401 | Duration: 4ms | IP: ::1 | UserAgent: Mozilla/5.0 (Windows NT 10.0; Win64; x64) AppleWebKit/537.36 (KHTML, like Gecko) Chrome/147.0.0.0 Safari/537.36","requestId":"f6d32f12-3d97-42c6-811d-5a3d7744aa4c","timestamp":"2026-05-08T13:05:11.671Z"}
{"context":"AccessTokenGuard","level":"info","message":"isPublic: true","requestId":"99b57d8b-fe57-4f57-aa76-44cc4f47d886","timestamp":"2026-05-08T13:05:12.153Z"}
{"context":"AccessTokenGuard","level":"info","message":"Public route, skipping authentication","requestId":"99b57d8b-fe57-4f57-aa76-44cc4f47d886","timestamp":"2026-05-08T13:05:12.154Z"}
{"context":"AuthService","level":"info","message":"debuguser: null","requestId":"99b57d8b-fe57-4f57-aa76-44cc4f47d886","timestamp":"2026-05-08T13:05:12.156Z"}
{"context":"LoggerMiddleware","level":"warn","message":"[RequestID: 99b57d8b-fe57-4f57-aa76-44cc4f47d886] POST /api/v1/auth/login | Status: 401 | Duration: 4ms | IP: ::1 | UserAgent: Mozilla/5.0 (Windows NT 10.0; Win64; x64) AppleWebKit/537.36 (KHTML, like Gecko) Chrome/147.0.0.0 Safari/537.36","requestId":"99b57d8b-fe57-4f57-aa76-44cc4f47d886","timestamp":"2026-05-08T13:05:12.157Z"}
{"context":"AccessTokenGuard","level":"info","message":"isPublic: true","requestId":"18dfad90-a234-486f-96f8-2d30c4e48856","timestamp":"2026-05-08T13:05:16.566Z"}
{"context":"AccessTokenGuard","level":"info","message":"Public route, skipping authentication","requestId":"18dfad90-a234-486f-96f8-2d30c4e48856","timestamp":"2026-05-08T13:05:16.567Z"}
{"context":"AuthService","level":"info","message":"debuguser: {\"id\":\"cc6d2974-22cf-4b0b-9590-4b701cfa3c00\",\"username\":\"customer_001\",\"hashed_password\":\"scrypt:61b7465b5cc602c81ecaa66e31f0f570:064a122e33f58ab9bedcc806f62492b81e4451665c71c7dc3a5afd28b63aa6017713b59fb84dc9594c530b3bbe79c2bf5c738ae510f3152bf09f34a3b6d02482\",\"displayName\":\"Nguyễn Văn A\",\"token_version\":5,\"isActive\":true,\"createdAt\":\"2026-05-03T15:37:18.203Z\",\"updatedAt\":\"2026-05-04T09:10:04.759Z\",\"deletedAt\":null}","requestId":"18dfad90-a234-486f-96f8-2d30c4e48856","timestamp":"2026-05-08T13:05:16.569Z"}
{"context":"LoggerMiddleware","level":"warn","message":"[RequestID: 18dfad90-a234-486f-96f8-2d30c4e48856] POST /api/v1/auth/login | Status: 401 | Duration: 28ms | IP: ::1 | UserAgent: Mozilla/5.0 (Windows NT 10.0; Win64; x64) AppleWebKit/537.36 (KHTML, like Gecko) Chrome/147.0.0.0 Safari/537.36","requestId":"18dfad90-a234-486f-96f8-2d30c4e48856","timestamp":"2026-05-08T13:05:16.594Z"}
{"context":"AccessTokenGuard","level":"info","message":"isPublic: true","requestId":"f8c802d2-c6d2-4f62-a770-82ffcc660291","timestamp":"2026-05-08T13:05:17.315Z"}
{"context":"AccessTokenGuard","level":"info","message":"Public route, skipping authentication","requestId":"f8c802d2-c6d2-4f62-a770-82ffcc660291","timestamp":"2026-05-08T13:05:17.315Z"}
{"context":"AuthService","level":"info","message":"debuguser: {\"id\":\"cc6d2974-22cf-4b0b-9590-4b701cfa3c00\",\"username\":\"customer_001\",\"hashed_password\":\"scrypt:61b7465b5cc602c81ecaa66e31f0f570:064a122e33f58ab9bedcc806f62492b81e4451665c71c7dc3a5afd28b63aa6017713b59fb84dc9594c530b3bbe79c2bf5c738ae510f3152bf09f34a3b6d02482\",\"displayName\":\"Nguyễn Văn A\",\"token_version\":5,\"isActive\":true,\"createdAt\":\"2026-05-03T15:37:18.203Z\",\"updatedAt\":\"2026-05-04T09:10:04.759Z\",\"deletedAt\":null}","requestId":"f8c802d2-c6d2-4f62-a770-82ffcc660291","timestamp":"2026-05-08T13:05:17.318Z"}
{"context":"LoggerMiddleware","level":"warn","message":"[RequestID: f8c802d2-c6d2-4f62-a770-82ffcc660291] POST /api/v1/auth/login | Status: 401 | Duration: 26ms | IP: ::1 | UserAgent: Mozilla/5.0 (Windows NT 10.0; Win64; x64) AppleWebKit/537.36 (KHTML, like Gecko) Chrome/147.0.0.0 Safari/537.36","requestId":"f8c802d2-c6d2-4f62-a770-82ffcc660291","timestamp":"2026-05-08T13:05:17.340Z"}
{"context":"AccessTokenGuard","level":"info","message":"isPublic: true","requestId":"4ec081c9-4116-40ed-a3d3-1cc39f94c2c9","timestamp":"2026-05-08T13:05:17.624Z"}
{"context":"AccessTokenGuard","level":"info","message":"Public route, skipping authentication","requestId":"4ec081c9-4116-40ed-a3d3-1cc39f94c2c9","timestamp":"2026-05-08T13:05:17.625Z"}
{"context":"AuthService","level":"info","message":"debuguser: {\"id\":\"cc6d2974-22cf-4b0b-9590-4b701cfa3c00\",\"username\":\"customer_001\",\"hashed_password\":\"scrypt:61b7465b5cc602c81ecaa66e31f0f570:064a122e33f58ab9bedcc806f62492b81e4451665c71c7dc3a5afd28b63aa6017713b59fb84dc9594c530b3bbe79c2bf5c738ae510f3152bf09f34a3b6d02482\",\"displayName\":\"Nguyễn Văn A\",\"token_version\":5,\"isActive\":true,\"createdAt\":\"2026-05-03T15:37:18.203Z\",\"updatedAt\":\"2026-05-04T09:10:04.759Z\",\"deletedAt\":null}","requestId":"4ec081c9-4116-40ed-a3d3-1cc39f94c2c9","timestamp":"2026-05-08T13:05:17.626Z"}
{"context":"LoggerMiddleware","level":"warn","message":"[RequestID: 4ec081c9-4116-40ed-a3d3-1cc39f94c2c9] POST /api/v1/auth/login | Status: 401 | Duration: 24ms | IP: ::1 | UserAgent: Mozilla/5.0 (Windows NT 10.0; Win64; x64) AppleWebKit/537.36 (KHTML, like Gecko) Chrome/147.0.0.0 Safari/537.36","requestId":"4ec081c9-4116-40ed-a3d3-1cc39f94c2c9","timestamp":"2026-05-08T13:05:17.648Z"}
{"context":"AccessTokenGuard","level":"info","message":"isPublic: true","requestId":"667623f4-355f-469d-9ac4-b1ac1765afc3","timestamp":"2026-05-08T13:05:17.803Z"}
{"context":"AccessTokenGuard","level":"info","message":"Public route, skipping authentication","requestId":"667623f4-355f-469d-9ac4-b1ac1765afc3","timestamp":"2026-05-08T13:05:17.803Z"}
{"context":"AuthService","level":"info","message":"debuguser: {\"id\":\"cc6d2974-22cf-4b0b-9590-4b701cfa3c00\",\"username\":\"customer_001\",\"hashed_password\":\"scrypt:61b7465b5cc602c81ecaa66e31f0f570:064a122e33f58ab9bedcc806f62492b81e4451665c71c7dc3a5afd28b63aa6017713b59fb84dc9594c530b3bbe79c2bf5c738ae510f3152bf09f34a3b6d02482\",\"displayName\":\"Nguyễn Văn A\",\"token_version\":5,\"isActive\":true,\"createdAt\":\"2026-05-03T15:37:18.203Z\",\"updatedAt\":\"2026-05-04T09:10:04.759Z\",\"deletedAt\":null}","requestId":"667623f4-355f-469d-9ac4-b1ac1765afc3","timestamp":"2026-05-08T13:05:17.806Z"}
{"context":"LoggerMiddleware","level":"warn","message":"[RequestID: 667623f4-355f-469d-9ac4-b1ac1765afc3] POST /api/v1/auth/login | Status: 401 | Duration: 26ms | IP: ::1 | UserAgent: Mozilla/5.0 (Windows NT 10.0; Win64; x64) AppleWebKit/537.36 (KHTML, like Gecko) Chrome/147.0.0.0 Safari/537.36","requestId":"667623f4-355f-469d-9ac4-b1ac1765afc3","timestamp":"2026-05-08T13:05:17.830Z"}
{"context":"AccessTokenGuard","level":"info","message":"isPublic: true","requestId":"2ad2766a-f9e1-4339-9291-4cc80ec10220","timestamp":"2026-05-08T13:05:17.972Z"}
{"context":"AccessTokenGuard","level":"info","message":"Public route, skipping authentication","requestId":"2ad2766a-f9e1-4339-9291-4cc80ec10220","timestamp":"2026-05-08T13:05:17.972Z"}
{"context":"AuthService","level":"info","message":"debuguser: {\"id\":\"cc6d2974-22cf-4b0b-9590-4b701cfa3c00\",\"username\":\"customer_001\",\"hashed_password\":\"scrypt:61b7465b5cc602c81ecaa66e31f0f570:064a122e33f58ab9bedcc806f62492b81e4451665c71c7dc3a5afd28b63aa6017713b59fb84dc9594c530b3bbe79c2bf5c738ae510f3152bf09f34a3b6d02482\",\"displayName\":\"Nguyễn Văn A\",\"token_version\":5,\"isActive\":true,\"createdAt\":\"2026-05-03T15:37:18.203Z\",\"updatedAt\":\"2026-05-04T09:10:04.759Z\",\"deletedAt\":null}","requestId":"2ad2766a-f9e1-4339-9291-4cc80ec10220","timestamp":"2026-05-08T13:05:17.974Z"}
{"context":"LoggerMiddleware","level":"warn","message":"[RequestID: 2ad2766a-f9e1-4339-9291-4cc80ec10220] POST /api/v1/auth/login | Status: 401 | Duration: 27ms | IP: ::1 | UserAgent: Mozilla/5.0 (Windows NT 10.0; Win64; x64) AppleWebKit/537.36 (KHTML, like Gecko) Chrome/147.0.0.0 Safari/537.36","requestId":"2ad2766a-f9e1-4339-9291-4cc80ec10220","timestamp":"2026-05-08T13:05:17.998Z"}
{"context":"AccessTokenGuard","level":"info","message":"isPublic: true","requestId":"b2ddb0a6-06dc-4825-bc73-eb7b6c314390","timestamp":"2026-05-08T13:06:28.782Z"}
{"context":"AccessTokenGuard","level":"info","message":"Public route, skipping authentication","requestId":"b2ddb0a6-06dc-4825-bc73-eb7b6c314390","timestamp":"2026-05-08T13:06:28.782Z"}
{"context":"AuthService","level":"info","message":"debuguser: {\"id\":\"cc6d2974-22cf-4b0b-9590-4b701cfa3c00\",\"username\":\"customer_001\",\"hashed_password\":\"scrypt:61b7465b5cc602c81ecaa66e31f0f570:064a122e33f58ab9bedcc806f62492b81e4451665c71c7dc3a5afd28b63aa6017713b59fb84dc9594c530b3bbe79c2bf5c738ae510f3152bf09f34a3b6d02482\",\"displayName\":\"Nguyễn Văn A\",\"token_version\":5,\"isActive\":true,\"createdAt\":\"2026-05-03T15:37:18.203Z\",\"updatedAt\":\"2026-05-04T09:10:04.759Z\",\"deletedAt\":null}","requestId":"b2ddb0a6-06dc-4825-bc73-eb7b6c314390","timestamp":"2026-05-08T13:06:28.801Z"}
{"context":"LoggerMiddleware","level":"warn","message":"[RequestID: b2ddb0a6-06dc-4825-bc73-eb7b6c314390] POST /api/v1/auth/login | Status: 401 | Duration: 53ms | IP: ::1 | UserAgent: Mozilla/5.0 (Windows NT 10.0; Win64; x64) AppleWebKit/537.36 (KHTML, like Gecko) Chrome/147.0.0.0 Safari/537.36","requestId":"b2ddb0a6-06dc-4825-bc73-eb7b6c314390","timestamp":"2026-05-08T13:06:28.834Z"}
{"context":"AccessTokenGuard","level":"info","message":"isPublic: true","requestId":"fe0f3f70-403f-4e27-be67-94d54d21da78","timestamp":"2026-05-08T13:06:34.983Z"}
{"context":"AccessTokenGuard","level":"info","message":"Public route, skipping authentication","requestId":"fe0f3f70-403f-4e27-be67-94d54d21da78","timestamp":"2026-05-08T13:06:34.983Z"}
{"context":"AuthService","level":"info","message":"debuguser: {\"id\":\"cc6d2974-22cf-4b0b-9590-4b701cfa3c00\",\"username\":\"customer_001\",\"hashed_password\":\"scrypt:61b7465b5cc602c81ecaa66e31f0f570:064a122e33f58ab9bedcc806f62492b81e4451665c71c7dc3a5afd28b63aa6017713b59fb84dc9594c530b3bbe79c2bf5c738ae510f3152bf09f34a3b6d02482\",\"displayName\":\"Nguyễn Văn A\",\"token_version\":5,\"isActive\":true,\"createdAt\":\"2026-05-03T15:37:18.203Z\",\"updatedAt\":\"2026-05-04T09:10:04.759Z\",\"deletedAt\":null}","requestId":"fe0f3f70-403f-4e27-be67-94d54d21da78","timestamp":"2026-05-08T13:06:34.985Z"}
{"context":"LoggerMiddleware","level":"info","message":"[RequestID: fe0f3f70-403f-4e27-be67-94d54d21da78] POST /api/v1/auth/login | Status: 201 | Duration: 34ms | IP: ::1 | UserAgent: Mozilla/5.0 (Windows NT 10.0; Win64; x64) AppleWebKit/537.36 (KHTML, like Gecko) Chrome/147.0.0.0 Safari/537.36","requestId":"fe0f3f70-403f-4e27-be67-94d54d21da78","timestamp":"2026-05-08T13:06:35.018Z"}
{"context":"AccessTokenGuard","level":"info","message":"isPublic: undefined","requestId":"eec6750d-7b2c-44d8-baf4-afb351cebac6","timestamp":"2026-05-08T13:06:35.529Z"}
{"context":"AccessTokenStrategy","level":"info","message":"user: {\"id\":\"cc6d2974-22cf-4b0b-9590-4b701cfa3c00\",\"username\":\"customer_001\",\"hashed_password\":\"scrypt:61b7465b5cc602c81ecaa66e31f0f570:064a122e33f58ab9bedcc806f62492b81e4451665c71c7dc3a5afd28b63aa6017713b59fb84dc9594c530b3bbe79c2bf5c738ae510f3152bf09f34a3b6d02482\",\"displayName\":\"Nguyễn Văn A\",\"token_version\":5,\"isActive\":true,\"createdAt\":\"2026-05-03T15:37:18.203Z\",\"updatedAt\":\"2026-05-04T09:10:04.759Z\",\"deletedAt\":null,\"roles\":[{\"user_id\":\"cc6d2974-22cf-4b0b-9590-4b701cfa3c00\",\"role_id\":\"4dd71768-1887-4879-9716-dab5dcddbebe\",\"assignedAt\":\"2026-05-06T11:53:17.723Z\",\"role\":{\"id\":\"4dd71768-1887-4879-9716-dab5dcddbebe\",\"name\":\"admin\",\"description\":\"Full system access\",\"permissions\":[{\"role_id\":\"4dd71768-1887-4879-9716-dab5dcddbebe\",\"permission_id\":\"7b2752ff-795f-49c6-abc7-d874550df97c\",\"permission\":{\"action\":\"read\",\"subject\":\"Department\",\"conditions\":[]}},{\"role_id\":\"4dd71768-1887-4879-9716-dab5dcddbebe\",\"permission_id\":\"d34ddd4b-bfe0-4f38-871c-5fe3c0f25c57\",\"permission\":{\"action\":\"create\",\"subject\":\"Department\",\"conditions\":[]}},{\"role_id\":\"4dd71768-1887-4879-9716-dab5dcddbebe\",\"permission_id\":\"a7c583f2-d8cf-4734-9113-c98e6c838ab8\",\"permission\":{\"action\":\"update\",\"subject\":\"Department\",\"conditions\":[]}},{\"role_id\":\"4dd71768-1887-4879-9716-dab5dcddbebe\",\"permission_id\":\"14b80590-7ca4-4131-9560-8d58349e74eb\",\"permission\":{\"action\":\"delete\",\"subject\":\"Department\",\"conditions\":[{\"conditions\":{\"end\":\"17:00\",\"type\":\"business_hours\",\"start\":\"08:00\"},\"attribute\":{\"name\":\"time\"}}]}},{\"role_id\":\"4dd71768-1887-4879-9716-dab5dcddbebe\",\"permission_id\":\"84f07ad6-e304-4f43-951d-e8c8eb599352\",\"permission\":{\"action\":\"read\",\"subject\":\"Port\",\"conditions\":[]}},{\"role_id\":\"4dd71768-1887-4879-9716-dab5dcddbebe\",\"permission_id\":\"be2db210-da42-4ec9-888d-3a0858978431\",\"permission\":{\"action\":\"create\",\"subject\":\"Port\",\"conditions\":[]}},{\"role_id\":\"4dd71768-1887-4879-9716-dab5dcddbebe\",\"permission_id\":\"7d8ec69e-467e-4f8e-a389-fa6ca6e256ed\",\"permission\":{\"action\":\"update\",\"subject\":\"Port\",\"conditions\":[]}},{\"role_id\":\"4dd71768-1887-4879-9716-dab5dcddbebe\",\"permission_id\":\"4f3bd475-3290-4ab8-982f-4dd670cb649c\",\"permission\":{\"action\":\"delete\",\"subject\":\"Port\",\"conditions\":[]}},{\"role_id\":\"4dd71768-1887-4879-9716-dab5dcddbebe\",\"permission_id\":\"35d0dcaf-8b47-4333-b402-a91709e0fc31\",\"permission\":{\"action\":\"read\",\"subject\":\"File\",\"conditions\":[]}},{\"role_id\":\"4dd71768-1887-4879-9716-dab5dcddbebe\",\"permission_id\":\"e57bb9e8-ae84-4eaa-8022-c6a84281aaff\",\"permission\":{\"action\":\"create\",\"subject\":\"File\",\"conditions\":[]}},{\"role_id\":\"4dd71768-1887-4879-9716-dab5dcddbebe\",\"permission_id\":\"160ace45-3feb-4708-8eae-92a7b94b01f9\",\"permission\":{\"action\":\"delete\",\"subject\":\"File\",\"conditions\":[]}},{\"role_id\":\"4dd71768-1887-4879-9716-dab5dcddbebe\",\"permission_id\":\"31f694c5-76a4-4e2a-803d-9a9ea0e4ef63\",\"permission\":{\"action\":\"read\",\"subject\":\"IPWhitelist\",\"conditions\":[]}},{\"role_id\":\"4dd71768-1887-4879-9716-dab5dcddbebe\",\"permission_id\":\"ceac5cb1-ebc6-46c1-9d1e-efa0ace039db\",\"permission\":{\"action\":\"create\",\"subject\":\"IPWhitelist\",\"conditions\":[]}},{\"role_id\":\"4dd71768-1887-4879-9716-dab5dcddbebe\",\"permission_id\":\"3b21ac56-b1e9-4ad2-9ee9-d7a342829903\",\"permission\":{\"action\":\"delete\",\"subject\":\"IPWhitelist\",\"conditions\":[]}}]}}]}","requestId":"eec6750d-7b2c-44d8-baf4-afb351cebac6","timestamp":"2026-05-08T13:06:35.539Z"}
{"context":"AuthService","level":"info","message":"payload: {\"id\":\"cc6d2974-22cf-4b0b-9590-4b701cfa3c00\",\"username\":\"customer_001\",\"hashed_password\":\"scrypt:61b7465b5cc602c81ecaa66e31f0f570:064a122e33f58ab9bedcc806f62492b81e4451665c71c7dc3a5afd28b63aa6017713b59fb84dc9594c530b3bbe79c2bf5c738ae510f3152bf09f34a3b6d02482\",\"displayName\":\"Nguyễn Văn A\",\"token_version\":5,\"isActive\":true,\"createdAt\":\"2026-05-03T15:37:18.203Z\",\"updatedAt\":\"2026-05-04T09:10:04.759Z\",\"deletedAt\":null,\"roles\":[{\"user_id\":\"cc6d2974-22cf-4b0b-9590-4b701cfa3c00\",\"role_id\":\"4dd71768-1887-4879-9716-dab5dcddbebe\",\"assignedAt\":\"2026-05-06T11:53:17.723Z\",\"role\":{\"id\":\"4dd71768-1887-4879-9716-dab5dcddbebe\",\"name\":\"admin\",\"description\":\"Full system access\",\"permissions\":[{\"role_id\":\"4dd71768-1887-4879-9716-dab5dcddbebe\",\"permission_id\":\"7b2752ff-795f-49c6-abc7-d874550df97c\",\"permission\":{\"action\":\"read\",\"subject\":\"Department\",\"conditions\":[]}},{\"role_id\":\"4dd71768-1887-4879-9716-dab5dcddbebe\",\"permission_id\":\"d34ddd4b-bfe0-4f38-871c-5fe3c0f25c57\",\"permission\":{\"action\":\"create\",\"subject\":\"Department\",\"conditions\":[]}},{\"role_id\":\"4dd71768-1887-4879-9716-dab5dcddbebe\",\"permission_id\":\"a7c583f2-d8cf-4734-9113-c98e6c838ab8\",\"permission\":{\"action\":\"update\",\"subject\":\"Department\",\"conditions\":[]}},{\"role_id\":\"4dd71768-1887-4879-9716-dab5dcddbebe\",\"permission_id\":\"14b80590-7ca4-4131-9560-8d58349e74eb\",\"permission\":{\"action\":\"delete\",\"subject\":\"Department\",\"conditions\":[{\"conditions\":{\"end\":\"17:00\",\"type\":\"business_hours\",\"start\":\"08:00\"},\"attribute\":{\"name\":\"time\"}}]}},{\"role_id\":\"4dd71768-1887-4879-9716-dab5dcddbebe\",\"permission_id\":\"84f07ad6-e304-4f43-951d-e8c8eb599352\",\"permission\":{\"action\":\"read\",\"subject\":\"Port\",\"conditions\":[]}},{\"role_id\":\"4dd71768-1887-4879-9716-dab5dcddbebe\",\"permission_id\":\"be2db210-da42-4ec9-888d-3a0858978431\",\"permission\":{\"action\":\"create\",\"subject\":\"Port\",\"conditions\":[]}},{\"role_id\":\"4dd71768-1887-4879-9716-dab5dcddbebe\",\"permission_id\":\"7d8ec69e-467e-4f8e-a389-fa6ca6e256ed\",\"permission\":{\"action\":\"update\",\"subject\":\"Port\",\"conditions\":[]}},{\"role_id\":\"4dd71768-1887-4879-9716-dab5dcddbebe\",\"permission_id\":\"4f3bd475-3290-4ab8-982f-4dd670cb649c\",\"permission\":{\"action\":\"delete\",\"subject\":\"Port\",\"conditions\":[]}},{\"role_id\":\"4dd71768-1887-4879-9716-dab5dcddbebe\",\"permission_id\":\"35d0dcaf-8b47-4333-b402-a91709e0fc31\",\"permission\":{\"action\":\"read\",\"subject\":\"File\",\"conditions\":[]}},{\"role_id\":\"4dd71768-1887-4879-9716-dab5dcddbebe\",\"permission_id\":\"e57bb9e8-ae84-4eaa-8022-c6a84281aaff\",\"permission\":{\"action\":\"create\",\"subject\":\"File\",\"conditions\":[]}},{\"role_id\":\"4dd71768-1887-4879-9716-dab5dcddbebe\",\"permission_id\":\"160ace45-3feb-4708-8eae-92a7b94b01f9\",\"permission\":{\"action\":\"delete\",\"subject\":\"File\",\"conditions\":[]}},{\"role_id\":\"4dd71768-1887-4879-9716-dab5dcddbebe\",\"permission_id\":\"31f694c5-76a4-4e2a-803d-9a9ea0e4ef63\",\"permission\":{\"action\":\"read\",\"subject\":\"IPWhitelist\",\"conditions\":[]}},{\"role_id\":\"4dd71768-1887-4879-9716-dab5dcddbebe\",\"permission_id\":\"ceac5cb1-ebc6-46c1-9d1e-efa0ace039db\",\"permission\":{\"action\":\"create\",\"subject\":\"IPWhitelist\",\"conditions\":[]}},{\"role_id\":\"4dd71768-1887-4879-9716-dab5dcddbebe\",\"permission_id\":\"3b21ac56-b1e9-4ad2-9ee9-d7a342829903\",\"permission\":{\"action\":\"delete\",\"subject\":\"IPWhitelist\",\"conditions\":[]}}]}}]}","requestId":"eec6750d-7b2c-44d8-baf4-afb351cebac6","timestamp":"2026-05-08T13:06:35.540Z"}
{"context":"AuthService","level":"info","message":"user: {\"id\":\"cc6d2974-22cf-4b0b-9590-4b701cfa3c00\",\"displayName\":\"Nguyễn Văn A\",\"roles\":[{\"role\":{\"name\":\"admin\",\"permissions\":[{\"permission\":{\"action\":\"read\",\"subject\":\"Department\",\"conditions\":[]}},{\"permission\":{\"action\":\"create\",\"subject\":\"Department\",\"conditions\":[]}},{\"permission\":{\"action\":\"update\",\"subject\":\"Department\",\"conditions\":[]}},{\"permission\":{\"action\":\"delete\",\"subject\":\"Department\",\"conditions\":[{\"conditions\":{\"end\":\"17:00\",\"type\":\"business_hours\",\"start\":\"08:00\"},\"attribute\":{\"name\":\"time\"}}]}},{\"permission\":{\"action\":\"read\",\"subject\":\"Port\",\"conditions\":[]}},{\"permission\":{\"action\":\"create\",\"subject\":\"Port\",\"conditions\":[]}},{\"permission\":{\"action\":\"update\",\"subject\":\"Port\",\"conditions\":[]}},{\"permission\":{\"action\":\"delete\",\"subject\":\"Port\",\"conditions\":[]}},{\"permission\":{\"action\":\"read\",\"subject\":\"File\",\"conditions\":[]}},{\"permission\":{\"action\":\"create\",\"subject\":\"File\",\"conditions\":[]}},{\"permission\":{\"action\":\"delete\",\"subject\":\"File\",\"conditions\":[]}},{\"permission\":{\"action\":\"read\",\"subject\":\"IPWhitelist\",\"conditions\":[]}},{\"permission\":{\"action\":\"create\",\"subject\":\"IPWhitelist\",\"conditions\":[]}},{\"permission\":{\"action\":\"delete\",\"subject\":\"IPWhitelist\",\"conditions\":[]}}]}}]}","requestId":"eec6750d-7b2c-44d8-baf4-afb351cebac6","timestamp":"2026-05-08T13:06:35.548Z"}
{"context":"LoggerMiddleware","level":"info","message":"[RequestID: eec6750d-7b2c-44d8-baf4-afb351cebac6] GET /api/v1/auth/me | Status: 304 | Duration: 20ms | IP: ::1 | UserAgent: Mozilla/5.0 (Windows NT 10.0; Win64; x64) AppleWebKit/537.36 (KHTML, like Gecko) Chrome/147.0.0.0 Safari/537.36","requestId":"eec6750d-7b2c-44d8-baf4-afb351cebac6","timestamp":"2026-05-08T13:06:35.549Z"}
{"level":"info","message":"Khởi tạo ứng dụng...","timestamp":"2026-05-08T13:08:22.549Z"}
{"context":"NestFactory","level":"info","message":"Starting Nest application...","timestamp":"2026-05-08T13:08:22.621Z"}
{"context":"InstanceLoader","level":"info","message":"PassportModule dependencies initialized","timestamp":"2026-05-08T13:08:22.629Z"}
{"context":"InstanceLoader","level":"info","message":"ConfigHostModule dependencies initialized","timestamp":"2026-05-08T13:08:22.630Z"}
{"context":"InstanceLoader","level":"info","message":"AppModule dependencies initialized","timestamp":"2026-05-08T13:08:22.630Z"}
{"context":"PrismaService","level":"info","message":"🔌 Prisma Connection String: postgresql://admin:******@localhost:5433/kyc_asset_db?schema=public","timestamp":"2026-05-08T13:08:22.633Z"}
{"context":"InstanceLoader","level":"info","message":"PortsModule dependencies initialized","timestamp":"2026-05-08T13:08:22.634Z"}
{"context":"InstanceLoader","level":"info","message":"FilesModule dependencies initialized","timestamp":"2026-05-08T13:08:22.634Z"}
{"context":"InstanceLoader","level":"info","message":"ConfigModule dependencies initialized","timestamp":"2026-05-08T13:08:22.634Z"}
{"context":"InstanceLoader","level":"info","message":"CommonModule dependencies initialized","timestamp":"2026-05-08T13:08:22.634Z"}
{"context":"InstanceLoader","level":"info","message":"JwtModule dependencies initialized","timestamp":"2026-05-08T13:08:22.635Z"}
{"context":"InstanceLoader","level":"info","message":"PrismaModule dependencies initialized","timestamp":"2026-05-08T13:08:22.635Z"}
{"context":"InstanceLoader","level":"info","message":"WhitelistIpModule dependencies initialized","timestamp":"2026-05-08T13:08:22.637Z"}
{"context":"InstanceLoader","level":"info","message":"AttributeModule dependencies initialized","timestamp":"2026-05-08T13:08:22.637Z"}
{"context":"InstanceLoader","level":"info","message":"DepartmentsModule dependencies initialized","timestamp":"2026-05-08T13:08:22.637Z"}
{"context":"InstanceLoader","level":"info","message":"UsersModule dependencies initialized","timestamp":"2026-05-08T13:08:22.637Z"}
{"context":"InstanceLoader","level":"info","message":"RolesModule dependencies initialized","timestamp":"2026-05-08T13:08:22.638Z"}
{"context":"InstanceLoader","level":"info","message":"PermissionsModule dependencies initialized","timestamp":"2026-05-08T13:08:22.638Z"}
{"context":"InstanceLoader","level":"info","message":"AuthModule dependencies initialized","timestamp":"2026-05-08T13:08:22.638Z"}
{"context":"LegacyRouteConverter","level":"warn","message":"Unsupported route path: \"/api/v1/*\". In previous versions, the symbols ?, *, and + were used to denote optional or repeating path parameters. The latest version of \"path-to-regexp\" now requires the use of named parameters. For example, instead of using a route like /users/* to capture all routes starting with \"/users\", you should use /users/*path. For more details, refer to the migration guide. Attempting to auto-convert...","timestamp":"2026-05-08T13:08:22.667Z"}
{"context":"RoutesResolver","level":"info","message":"AppController {/api/v1/ping}:","timestamp":"2026-05-08T13:08:22.668Z"}
{"context":"RouterExplorer","level":"info","message":"Mapped {/api/v1/ping, GET} route","timestamp":"2026-05-08T13:08:22.669Z"}
{"context":"RoutesResolver","level":"info","message":"UsersController {/api/v1/users}:","timestamp":"2026-05-08T13:08:22.669Z"}
{"context":"RouterExplorer","level":"info","message":"Mapped {/api/v1/users, POST} route","timestamp":"2026-05-08T13:08:22.670Z"}
{"context":"RouterExplorer","level":"info","message":"Mapped {/api/v1/users, GET} route","timestamp":"2026-05-08T13:08:22.670Z"}
{"context":"RouterExplorer","level":"info","message":"Mapped {/api/v1/users/:id, GET} route","timestamp":"2026-05-08T13:08:22.670Z"}
{"context":"RouterExplorer","level":"info","message":"Mapped {/api/v1/users/:id, PATCH} route","timestamp":"2026-05-08T13:08:22.671Z"}
{"context":"RouterExplorer","level":"info","message":"Mapped {/api/v1/users/:id, DELETE} route","timestamp":"2026-05-08T13:08:22.671Z"}
{"context":"RoutesResolver","level":"info","message":"WhitelistIpController {/api/v1/whitelist-ip}:","timestamp":"2026-05-08T13:08:22.671Z"}
{"context":"RouterExplorer","level":"info","message":"Mapped {/api/v1/whitelist-ip, POST} route","timestamp":"2026-05-08T13:08:22.672Z"}
{"context":"RouterExplorer","level":"info","message":"Mapped {/api/v1/whitelist-ip, GET} route","timestamp":"2026-05-08T13:08:22.672Z"}
{"context":"RouterExplorer","level":"info","message":"Mapped {/api/v1/whitelist-ip/:id, GET} route","timestamp":"2026-05-08T13:08:22.672Z"}
{"context":"RouterExplorer","level":"info","message":"Mapped {/api/v1/whitelist-ip/:id, PATCH} route","timestamp":"2026-05-08T13:08:22.673Z"}
{"context":"RouterExplorer","level":"info","message":"Mapped {/api/v1/whitelist-ip/:id, DELETE} route","timestamp":"2026-05-08T13:08:22.673Z"}
{"context":"RoutesResolver","level":"info","message":"RolesController {/api/v1/roles}:","timestamp":"2026-05-08T13:08:22.673Z"}
{"context":"RouterExplorer","level":"info","message":"Mapped {/api/v1/roles, POST} route","timestamp":"2026-05-08T13:08:22.674Z"}
{"context":"RouterExplorer","level":"info","message":"Mapped {/api/v1/roles, GET} route","timestamp":"2026-05-08T13:08:22.674Z"}
{"context":"RouterExplorer","level":"info","message":"Mapped {/api/v1/roles/:id, GET} route","timestamp":"2026-05-08T13:08:22.674Z"}
{"context":"RouterExplorer","level":"info","message":"Mapped {/api/v1/roles/:id, PATCH} route","timestamp":"2026-05-08T13:08:22.675Z"}
{"context":"RouterExplorer","level":"info","message":"Mapped {/api/v1/roles/:id, DELETE} route","timestamp":"2026-05-08T13:08:22.675Z"}
{"context":"RoutesResolver","level":"info","message":"PermissionsController {/api/v1/permissions}:","timestamp":"2026-05-08T13:08:22.675Z"}
{"context":"RouterExplorer","level":"info","message":"Mapped {/api/v1/permissions, POST} route","timestamp":"2026-05-08T13:08:22.675Z"}
{"context":"RouterExplorer","level":"info","message":"Mapped {/api/v1/permissions, GET} route","timestamp":"2026-05-08T13:08:22.676Z"}
{"context":"RouterExplorer","level":"info","message":"Mapped {/api/v1/permissions/:id, PATCH} route","timestamp":"2026-05-08T13:08:22.676Z"}
{"context":"RouterExplorer","level":"info","message":"Mapped {/api/v1/permissions/:id, DELETE} route","timestamp":"2026-05-08T13:08:22.676Z"}
{"context":"RoutesResolver","level":"info","message":"AuthController {/api/v1/auth}:","timestamp":"2026-05-08T13:08:22.677Z"}
{"context":"RouterExplorer","level":"info","message":"Mapped {/api/v1/auth/register, POST} route","timestamp":"2026-05-08T13:08:22.677Z"}
{"context":"RouterExplorer","level":"info","message":"Mapped {/api/v1/auth/login, POST} route","timestamp":"2026-05-08T13:08:22.677Z"}
{"context":"RouterExplorer","level":"info","message":"Mapped {/api/v1/auth/refresh, POST} route","timestamp":"2026-05-08T13:08:22.678Z"}
{"context":"RouterExplorer","level":"info","message":"Mapped {/api/v1/auth/logout, POST} route","timestamp":"2026-05-08T13:08:22.678Z"}
{"context":"RouterExplorer","level":"info","message":"Mapped {/api/v1/auth/me, GET} route","timestamp":"2026-05-08T13:08:22.678Z"}
{"context":"RouterExplorer","level":"info","message":"Mapped {/api/v1/auth/me/password, PATCH} route","timestamp":"2026-05-08T13:08:22.679Z"}
{"context":"RoutesResolver","level":"info","message":"AttributeController {/api/v1/attribute}:","timestamp":"2026-05-08T13:08:22.679Z"}
{"context":"RouterExplorer","level":"info","message":"Mapped {/api/v1/attribute, POST} route","timestamp":"2026-05-08T13:08:22.679Z"}
{"context":"RouterExplorer","level":"info","message":"Mapped {/api/v1/attribute, GET} route","timestamp":"2026-05-08T13:08:22.679Z"}
{"context":"RouterExplorer","level":"info","message":"Mapped {/api/v1/attribute/:id, GET} route","timestamp":"2026-05-08T13:08:22.680Z"}
{"context":"RouterExplorer","level":"info","message":"Mapped {/api/v1/attribute/:id, PATCH} route","timestamp":"2026-05-08T13:08:22.680Z"}
{"context":"RouterExplorer","level":"info","message":"Mapped {/api/v1/attribute/:id, DELETE} route","timestamp":"2026-05-08T13:08:22.680Z"}
{"context":"RoutesResolver","level":"info","message":"DepartmentsController {/api/v1/departments}:","timestamp":"2026-05-08T13:08:22.680Z"}
{"context":"RouterExplorer","level":"info","message":"Mapped {/api/v1/departments, POST} route","timestamp":"2026-05-08T13:08:22.680Z"}
{"context":"RouterExplorer","level":"info","message":"Mapped {/api/v1/departments, GET} route","timestamp":"2026-05-08T13:08:22.681Z"}
{"context":"RouterExplorer","level":"info","message":"Mapped {/api/v1/departments/:id, GET} route","timestamp":"2026-05-08T13:08:22.681Z"}
{"context":"RouterExplorer","level":"info","message":"Mapped {/api/v1/departments/:id, PATCH} route","timestamp":"2026-05-08T13:08:22.681Z"}
{"context":"RouterExplorer","level":"info","message":"Mapped {/api/v1/departments/:id, DELETE} route","timestamp":"2026-05-08T13:08:22.681Z"}
{"context":"RoutesResolver","level":"info","message":"PortsController {/api/v1/ports}:","timestamp":"2026-05-08T13:08:22.682Z"}
{"context":"RouterExplorer","level":"info","message":"Mapped {/api/v1/ports, POST} route","timestamp":"2026-05-08T13:08:22.682Z"}
{"context":"RouterExplorer","level":"info","message":"Mapped {/api/v1/ports, GET} route","timestamp":"2026-05-08T13:08:22.682Z"}
{"context":"RouterExplorer","level":"info","message":"Mapped {/api/v1/ports/:id, GET} route","timestamp":"2026-05-08T13:08:22.682Z"}
{"context":"RouterExplorer","level":"info","message":"Mapped {/api/v1/ports/:id, PATCH} route","timestamp":"2026-05-08T13:08:22.683Z"}
{"context":"RouterExplorer","level":"info","message":"Mapped {/api/v1/ports/:id, DELETE} route","timestamp":"2026-05-08T13:08:22.683Z"}
{"context":"RoutesResolver","level":"info","message":"FilesController {/api/v1/files}:","timestamp":"2026-05-08T13:08:22.683Z"}
{"context":"RouterExplorer","level":"info","message":"Mapped {/api/v1/files, POST} route","timestamp":"2026-05-08T13:08:22.683Z"}
{"context":"RouterExplorer","level":"info","message":"Mapped {/api/v1/files, GET} route","timestamp":"2026-05-08T13:08:22.683Z"}
{"context":"RouterExplorer","level":"info","message":"Mapped {/api/v1/files/:id, GET} route","timestamp":"2026-05-08T13:08:22.684Z"}
{"context":"RouterExplorer","level":"info","message":"Mapped {/api/v1/files/:id, PATCH} route","timestamp":"2026-05-08T13:08:22.684Z"}
{"context":"RouterExplorer","level":"info","message":"Mapped {/api/v1/files/:id, DELETE} route","timestamp":"2026-05-08T13:08:22.684Z"}
{"context":"PrismaService","level":"info","message":"Kết nối database thành công","timestamp":"2026-05-08T13:08:22.728Z"}
{"context":"NestApplication","level":"info","message":"Nest application successfully started","timestamp":"2026-05-08T13:08:22.733Z"}
{"context":"AccessTokenGuard","level":"info","message":"isPublic: undefined","requestId":"4147341e-ee41-4a34-89f7-928f98f3a01f","timestamp":"2026-05-08T13:25:32.105Z"}
{"context":"LoggerMiddleware","level":"warn","message":"[RequestID: 4147341e-ee41-4a34-89f7-928f98f3a01f] GET /api/v1/auth/me | Status: 401 | Duration: 5ms | IP: ::1 | UserAgent: Mozilla/5.0 (Windows NT 10.0; Win64; x64) AppleWebKit/537.36 (KHTML, like Gecko) Chrome/147.0.0.0 Safari/537.36","requestId":"4147341e-ee41-4a34-89f7-928f98f3a01f","timestamp":"2026-05-08T13:25:32.108Z"}
{"context":"AccessTokenGuard","level":"info","message":"isPublic: true","requestId":"d16e1ea9-d05d-4dae-8db4-f2e803f390b7","timestamp":"2026-05-08T13:28:23.946Z"}
{"context":"AccessTokenGuard","level":"info","message":"Public route, skipping authentication","requestId":"d16e1ea9-d05d-4dae-8db4-f2e803f390b7","timestamp":"2026-05-08T13:28:23.946Z"}
{"context":"LoggerMiddleware","level":"info","message":"[RequestID: d16e1ea9-d05d-4dae-8db4-f2e803f390b7] POST /api/v1/auth/login | Status: 201 | Duration: 91ms | IP: ::1 | UserAgent: Mozilla/5.0 (Windows NT 10.0; Win64; x64) AppleWebKit/537.36 (KHTML, like Gecko) Chrome/147.0.0.0 Safari/537.36","requestId":"d16e1ea9-d05d-4dae-8db4-f2e803f390b7","timestamp":"2026-05-08T13:28:24.036Z"}
{"context":"AccessTokenGuard","level":"info","message":"isPublic: undefined","requestId":"0f49ba0e-407f-4b91-b84e-17a26e92d767","timestamp":"2026-05-08T13:28:24.509Z"}
{"context":"AccessTokenStrategy","level":"info","message":"user: {\"id\":\"cc6d2974-22cf-4b0b-9590-4b701cfa3c00\",\"username\":\"customer_001\",\"hashed_password\":\"scrypt:61b7465b5cc602c81ecaa66e31f0f570:064a122e33f58ab9bedcc806f62492b81e4451665c71c7dc3a5afd28b63aa6017713b59fb84dc9594c530b3bbe79c2bf5c738ae510f3152bf09f34a3b6d02482\",\"displayName\":\"Nguyễn Văn A\",\"token_version\":5,\"isActive\":true,\"createdAt\":\"2026-05-03T15:37:18.203Z\",\"updatedAt\":\"2026-05-04T09:10:04.759Z\",\"deletedAt\":null,\"roles\":[{\"user_id\":\"cc6d2974-22cf-4b0b-9590-4b701cfa3c00\",\"role_id\":\"4dd71768-1887-4879-9716-dab5dcddbebe\",\"assignedAt\":\"2026-05-06T11:53:17.723Z\",\"role\":{\"id\":\"4dd71768-1887-4879-9716-dab5dcddbebe\",\"name\":\"admin\",\"description\":\"Full system access\",\"permissions\":[{\"role_id\":\"4dd71768-1887-4879-9716-dab5dcddbebe\",\"permission_id\":\"7b2752ff-795f-49c6-abc7-d874550df97c\",\"permission\":{\"action\":\"read\",\"subject\":\"Department\",\"conditions\":[]}},{\"role_id\":\"4dd71768-1887-4879-9716-dab5dcddbebe\",\"permission_id\":\"d34ddd4b-bfe0-4f38-871c-5fe3c0f25c57\",\"permission\":{\"action\":\"create\",\"subject\":\"Department\",\"conditions\":[]}},{\"role_id\":\"4dd71768-1887-4879-9716-dab5dcddbebe\",\"permission_id\":\"a7c583f2-d8cf-4734-9113-c98e6c838ab8\",\"permission\":{\"action\":\"update\",\"subject\":\"Department\",\"conditions\":[]}},{\"role_id\":\"4dd71768-1887-4879-9716-dab5dcddbebe\",\"permission_id\":\"14b80590-7ca4-4131-9560-8d58349e74eb\",\"permission\":{\"action\":\"delete\",\"subject\":\"Department\",\"conditions\":[{\"conditions\":{\"end\":\"17:00\",\"type\":\"business_hours\",\"start\":\"08:00\"},\"attribute\":{\"name\":\"time\"}}]}},{\"role_id\":\"4dd71768-1887-4879-9716-dab5dcddbebe\",\"permission_id\":\"84f07ad6-e304-4f43-951d-e8c8eb599352\",\"permission\":{\"action\":\"read\",\"subject\":\"Port\",\"conditions\":[]}},{\"role_id\":\"4dd71768-1887-4879-9716-dab5dcddbebe\",\"permission_id\":\"be2db210-da42-4ec9-888d-3a0858978431\",\"permission\":{\"action\":\"create\",\"subject\":\"Port\",\"conditions\":[]}},{\"role_id\":\"4dd71768-1887-4879-9716-dab5dcddbebe\",\"permission_id\":\"7d8ec69e-467e-4f8e-a389-fa6ca6e256ed\",\"permission\":{\"action\":\"update\",\"subject\":\"Port\",\"conditions\":[]}},{\"role_id\":\"4dd71768-1887-4879-9716-dab5dcddbebe\",\"permission_id\":\"4f3bd475-3290-4ab8-982f-4dd670cb649c\",\"permission\":{\"action\":\"delete\",\"subject\":\"Port\",\"conditions\":[]}},{\"role_id\":\"4dd71768-1887-4879-9716-dab5dcddbebe\",\"permission_id\":\"35d0dcaf-8b47-4333-b402-a91709e0fc31\",\"permission\":{\"action\":\"read\",\"subject\":\"File\",\"conditions\":[]}},{\"role_id\":\"4dd71768-1887-4879-9716-dab5dcddbebe\",\"permission_id\":\"e57bb9e8-ae84-4eaa-8022-c6a84281aaff\",\"permission\":{\"action\":\"create\",\"subject\":\"File\",\"conditions\":[]}},{\"role_id\":\"4dd71768-1887-4879-9716-dab5dcddbebe\",\"permission_id\":\"160ace45-3feb-4708-8eae-92a7b94b01f9\",\"permission\":{\"action\":\"delete\",\"subject\":\"File\",\"conditions\":[]}},{\"role_id\":\"4dd71768-1887-4879-9716-dab5dcddbebe\",\"permission_id\":\"31f694c5-76a4-4e2a-803d-9a9ea0e4ef63\",\"permission\":{\"action\":\"read\",\"subject\":\"IPWhitelist\",\"conditions\":[]}},{\"role_id\":\"4dd71768-1887-4879-9716-dab5dcddbebe\",\"permission_id\":\"ceac5cb1-ebc6-46c1-9d1e-efa0ace039db\",\"permission\":{\"action\":\"create\",\"subject\":\"IPWhitelist\",\"conditions\":[]}},{\"role_id\":\"4dd71768-1887-4879-9716-dab5dcddbebe\",\"permission_id\":\"3b21ac56-b1e9-4ad2-9ee9-d7a342829903\",\"permission\":{\"action\":\"delete\",\"subject\":\"IPWhitelist\",\"conditions\":[]}}]}}]}","requestId":"0f49ba0e-407f-4b91-b84e-17a26e92d767","timestamp":"2026-05-08T13:28:24.529Z"}
{"context":"AuthService","level":"info","message":"payload: {\"id\":\"cc6d2974-22cf-4b0b-9590-4b701cfa3c00\",\"username\":\"customer_001\",\"hashed_password\":\"scrypt:61b7465b5cc602c81ecaa66e31f0f570:064a122e33f58ab9bedcc806f62492b81e4451665c71c7dc3a5afd28b63aa6017713b59fb84dc9594c530b3bbe79c2bf5c738ae510f3152bf09f34a3b6d02482\",\"displayName\":\"Nguyễn Văn A\",\"token_version\":5,\"isActive\":true,\"createdAt\":\"2026-05-03T15:37:18.203Z\",\"updatedAt\":\"2026-05-04T09:10:04.759Z\",\"deletedAt\":null,\"roles\":[{\"user_id\":\"cc6d2974-22cf-4b0b-9590-4b701cfa3c00\",\"role_id\":\"4dd71768-1887-4879-9716-dab5dcddbebe\",\"assignedAt\":\"2026-05-06T11:53:17.723Z\",\"role\":{\"id\":\"4dd71768-1887-4879-9716-dab5dcddbebe\",\"name\":\"admin\",\"description\":\"Full system access\",\"permissions\":[{\"role_id\":\"4dd71768-1887-4879-9716-dab5dcddbebe\",\"permission_id\":\"7b2752ff-795f-49c6-abc7-d874550df97c\",\"permission\":{\"action\":\"read\",\"subject\":\"Department\",\"conditions\":[]}},{\"role_id\":\"4dd71768-1887-4879-9716-dab5dcddbebe\",\"permission_id\":\"d34ddd4b-bfe0-4f38-871c-5fe3c0f25c57\",\"permission\":{\"action\":\"create\",\"subject\":\"Department\",\"conditions\":[]}},{\"role_id\":\"4dd71768-1887-4879-9716-dab5dcddbebe\",\"permission_id\":\"a7c583f2-d8cf-4734-9113-c98e6c838ab8\",\"permission\":{\"action\":\"update\",\"subject\":\"Department\",\"conditions\":[]}},{\"role_id\":\"4dd71768-1887-4879-9716-dab5dcddbebe\",\"permission_id\":\"14b80590-7ca4-4131-9560-8d58349e74eb\",\"permission\":{\"action\":\"delete\",\"subject\":\"Department\",\"conditions\":[{\"conditions\":{\"end\":\"17:00\",\"type\":\"business_hours\",\"start\":\"08:00\"},\"attribute\":{\"name\":\"time\"}}]}},{\"role_id\":\"4dd71768-1887-4879-9716-dab5dcddbebe\",\"permission_id\":\"84f07ad6-e304-4f43-951d-e8c8eb599352\",\"permission\":{\"action\":\"read\",\"subject\":\"Port\",\"conditions\":[]}},{\"role_id\":\"4dd71768-1887-4879-9716-dab5dcddbebe\",\"permission_id\":\"be2db210-da42-4ec9-888d-3a0858978431\",\"permission\":{\"action\":\"create\",\"subject\":\"Port\",\"conditions\":[]}},{\"role_id\":\"4dd71768-1887-4879-9716-dab5dcddbebe\",\"permission_id\":\"7d8ec69e-467e-4f8e-a389-fa6ca6e256ed\",\"permission\":{\"action\":\"update\",\"subject\":\"Port\",\"conditions\":[]}},{\"role_id\":\"4dd71768-1887-4879-9716-dab5dcddbebe\",\"permission_id\":\"4f3bd475-3290-4ab8-982f-4dd670cb649c\",\"permission\":{\"action\":\"delete\",\"subject\":\"Port\",\"conditions\":[]}},{\"role_id\":\"4dd71768-1887-4879-9716-dab5dcddbebe\",\"permission_id\":\"35d0dcaf-8b47-4333-b402-a91709e0fc31\",\"permission\":{\"action\":\"read\",\"subject\":\"File\",\"conditions\":[]}},{\"role_id\":\"4dd71768-1887-4879-9716-dab5dcddbebe\",\"permission_id\":\"e57bb9e8-ae84-4eaa-8022-c6a84281aaff\",\"permission\":{\"action\":\"create\",\"subject\":\"File\",\"conditions\":[]}},{\"role_id\":\"4dd71768-1887-4879-9716-dab5dcddbebe\",\"permission_id\":\"160ace45-3feb-4708-8eae-92a7b94b01f9\",\"permission\":{\"action\":\"delete\",\"subject\":\"File\",\"conditions\":[]}},{\"role_id\":\"4dd71768-1887-4879-9716-dab5dcddbebe\",\"permission_id\":\"31f694c5-76a4-4e2a-803d-9a9ea0e4ef63\",\"permission\":{\"action\":\"read\",\"subject\":\"IPWhitelist\",\"conditions\":[]}},{\"role_id\":\"4dd71768-1887-4879-9716-dab5dcddbebe\",\"permission_id\":\"ceac5cb1-ebc6-46c1-9d1e-efa0ace039db\",\"permission\":{\"action\":\"create\",\"subject\":\"IPWhitelist\",\"conditions\":[]}},{\"role_id\":\"4dd71768-1887-4879-9716-dab5dcddbebe\",\"permission_id\":\"3b21ac56-b1e9-4ad2-9ee9-d7a342829903\",\"permission\":{\"action\":\"delete\",\"subject\":\"IPWhitelist\",\"conditions\":[]}}]}}]}","requestId":"0f49ba0e-407f-4b91-b84e-17a26e92d767","timestamp":"2026-05-08T13:28:24.530Z"}
{"context":"AuthService","level":"info","message":"user: {\"id\":\"cc6d2974-22cf-4b0b-9590-4b701cfa3c00\",\"displayName\":\"Nguyễn Văn A\",\"roles\":[{\"role\":{\"name\":\"admin\",\"permissions\":[{\"permission\":{\"action\":\"read\",\"subject\":\"Department\",\"conditions\":[]}},{\"permission\":{\"action\":\"create\",\"subject\":\"Department\",\"conditions\":[]}},{\"permission\":{\"action\":\"update\",\"subject\":\"Department\",\"conditions\":[]}},{\"permission\":{\"action\":\"delete\",\"subject\":\"Department\",\"conditions\":[{\"conditions\":{\"end\":\"17:00\",\"type\":\"business_hours\",\"start\":\"08:00\"},\"attribute\":{\"name\":\"time\"}}]}},{\"permission\":{\"action\":\"read\",\"subject\":\"Port\",\"conditions\":[]}},{\"permission\":{\"action\":\"create\",\"subject\":\"Port\",\"conditions\":[]}},{\"permission\":{\"action\":\"update\",\"subject\":\"Port\",\"conditions\":[]}},{\"permission\":{\"action\":\"delete\",\"subject\":\"Port\",\"conditions\":[]}},{\"permission\":{\"action\":\"read\",\"subject\":\"File\",\"conditions\":[]}},{\"permission\":{\"action\":\"create\",\"subject\":\"File\",\"conditions\":[]}},{\"permission\":{\"action\":\"delete\",\"subject\":\"File\",\"conditions\":[]}},{\"permission\":{\"action\":\"read\",\"subject\":\"IPWhitelist\",\"conditions\":[]}},{\"permission\":{\"action\":\"create\",\"subject\":\"IPWhitelist\",\"conditions\":[]}},{\"permission\":{\"action\":\"delete\",\"subject\":\"IPWhitelist\",\"conditions\":[]}}]}}]}","requestId":"0f49ba0e-407f-4b91-b84e-17a26e92d767","timestamp":"2026-05-08T13:28:24.539Z"}
{"context":"LoggerMiddleware","level":"info","message":"[RequestID: 0f49ba0e-407f-4b91-b84e-17a26e92d767] GET /api/v1/auth/me | Status: 304 | Duration: 32ms | IP: ::1 | UserAgent: Mozilla/5.0 (Windows NT 10.0; Win64; x64) AppleWebKit/537.36 (KHTML, like Gecko) Chrome/147.0.0.0 Safari/537.36","requestId":"0f49ba0e-407f-4b91-b84e-17a26e92d767","timestamp":"2026-05-08T13:28:24.540Z"}
{"level":"info","message":"Khởi tạo ứng dụng...","timestamp":"2026-05-08T13:49:37.304Z"}
{"context":"NestFactory","level":"info","message":"Starting Nest application...","timestamp":"2026-05-08T13:49:37.381Z"}
{"context":"InstanceLoader","level":"info","message":"PassportModule dependencies initialized","timestamp":"2026-05-08T13:49:37.389Z"}
{"context":"InstanceLoader","level":"info","message":"ConfigHostModule dependencies initialized","timestamp":"2026-05-08T13:49:37.389Z"}
{"context":"InstanceLoader","level":"info","message":"AppModule dependencies initialized","timestamp":"2026-05-08T13:49:37.389Z"}
{"context":"PrismaService","level":"info","message":"🔌 Prisma Connection String: postgresql://admin:******@localhost:5433/kyc_asset_db?schema=public","timestamp":"2026-05-08T13:49:37.393Z"}
{"context":"InstanceLoader","level":"info","message":"PortsModule dependencies initialized","timestamp":"2026-05-08T13:49:37.394Z"}
{"context":"InstanceLoader","level":"info","message":"FilesModule dependencies initialized","timestamp":"2026-05-08T13:49:37.394Z"}
{"context":"InstanceLoader","level":"info","message":"ConfigModule dependencies initialized","timestamp":"2026-05-08T13:49:37.394Z"}
{"context":"InstanceLoader","level":"info","message":"CommonModule dependencies initialized","timestamp":"2026-05-08T13:49:37.395Z"}
{"context":"InstanceLoader","level":"info","message":"JwtModule dependencies initialized","timestamp":"2026-05-08T13:49:37.397Z"}
{"context":"InstanceLoader","level":"info","message":"PrismaModule dependencies initialized","timestamp":"2026-05-08T13:49:37.397Z"}
{"context":"InstanceLoader","level":"info","message":"WhitelistIpModule dependencies initialized","timestamp":"2026-05-08T13:49:37.399Z"}
{"context":"InstanceLoader","level":"info","message":"AttributeModule dependencies initialized","timestamp":"2026-05-08T13:49:37.399Z"}
{"context":"InstanceLoader","level":"info","message":"DepartmentsModule dependencies initialized","timestamp":"2026-05-08T13:49:37.399Z"}
{"context":"InstanceLoader","level":"info","message":"UsersModule dependencies initialized","timestamp":"2026-05-08T13:49:37.399Z"}
{"context":"InstanceLoader","level":"info","message":"RolesModule dependencies initialized","timestamp":"2026-05-08T13:49:37.399Z"}
{"context":"InstanceLoader","level":"info","message":"PermissionsModule dependencies initialized","timestamp":"2026-05-08T13:49:37.399Z"}
{"context":"InstanceLoader","level":"info","message":"AuthModule dependencies initialized","timestamp":"2026-05-08T13:49:37.400Z"}
{"context":"LegacyRouteConverter","level":"warn","message":"Unsupported route path: \"/api/v1/*\". In previous versions, the symbols ?, *, and + were used to denote optional or repeating path parameters. The latest version of \"path-to-regexp\" now requires the use of named parameters. For example, instead of using a route like /users/* to capture all routes starting with \"/users\", you should use /users/*path. For more details, refer to the migration guide. Attempting to auto-convert...","timestamp":"2026-05-08T13:49:37.425Z"}
{"context":"RoutesResolver","level":"info","message":"AppController {/api/v1/ping}:","timestamp":"2026-05-08T13:49:37.426Z"}
{"context":"RouterExplorer","level":"info","message":"Mapped {/api/v1/ping, GET} route","timestamp":"2026-05-08T13:49:37.427Z"}
{"context":"RoutesResolver","level":"info","message":"UsersController {/api/v1/users}:","timestamp":"2026-05-08T13:49:37.427Z"}
{"context":"RouterExplorer","level":"info","message":"Mapped {/api/v1/users, POST} route","timestamp":"2026-05-08T13:49:37.427Z"}
{"context":"RouterExplorer","level":"info","message":"Mapped {/api/v1/users, GET} route","timestamp":"2026-05-08T13:49:37.428Z"}
{"context":"RouterExplorer","level":"info","message":"Mapped {/api/v1/users/:id, GET} route","timestamp":"2026-05-08T13:49:37.428Z"}
{"context":"RouterExplorer","level":"info","message":"Mapped {/api/v1/users/:id, PATCH} route","timestamp":"2026-05-08T13:49:37.428Z"}
{"context":"RouterExplorer","level":"info","message":"Mapped {/api/v1/users/:id, DELETE} route","timestamp":"2026-05-08T13:49:37.429Z"}
{"context":"RoutesResolver","level":"info","message":"WhitelistIpController {/api/v1/whitelist-ip}:","timestamp":"2026-05-08T13:49:37.429Z"}
{"context":"RouterExplorer","level":"info","message":"Mapped {/api/v1/whitelist-ip, POST} route","timestamp":"2026-05-08T13:49:37.429Z"}
{"context":"RouterExplorer","level":"info","message":"Mapped {/api/v1/whitelist-ip, GET} route","timestamp":"2026-05-08T13:49:37.429Z"}
{"context":"RouterExplorer","level":"info","message":"Mapped {/api/v1/whitelist-ip/:id, GET} route","timestamp":"2026-05-08T13:49:37.430Z"}
{"context":"RouterExplorer","level":"info","message":"Mapped {/api/v1/whitelist-ip/:id, PATCH} route","timestamp":"2026-05-08T13:49:37.430Z"}
{"context":"RouterExplorer","level":"info","message":"Mapped {/api/v1/whitelist-ip/:id, DELETE} route","timestamp":"2026-05-08T13:49:37.430Z"}
{"context":"RoutesResolver","level":"info","message":"RolesController {/api/v1/roles}:","timestamp":"2026-05-08T13:49:37.430Z"}
{"context":"RouterExplorer","level":"info","message":"Mapped {/api/v1/roles, POST} route","timestamp":"2026-05-08T13:49:37.431Z"}
{"context":"RouterExplorer","level":"info","message":"Mapped {/api/v1/roles, GET} route","timestamp":"2026-05-08T13:49:37.431Z"}
{"context":"RouterExplorer","level":"info","message":"Mapped {/api/v1/roles/:id, GET} route","timestamp":"2026-05-08T13:49:37.431Z"}
{"context":"RouterExplorer","level":"info","message":"Mapped {/api/v1/roles/:id, PATCH} route","timestamp":"2026-05-08T13:49:37.431Z"}
{"context":"RouterExplorer","level":"info","message":"Mapped {/api/v1/roles/:id, DELETE} route","timestamp":"2026-05-08T13:49:37.432Z"}
{"context":"RoutesResolver","level":"info","message":"PermissionsController {/api/v1/permissions}:","timestamp":"2026-05-08T13:49:37.432Z"}
{"context":"RouterExplorer","level":"info","message":"Mapped {/api/v1/permissions, POST} route","timestamp":"2026-05-08T13:49:37.432Z"}
{"context":"RouterExplorer","level":"info","message":"Mapped {/api/v1/permissions, GET} route","timestamp":"2026-05-08T13:49:37.432Z"}
{"context":"RouterExplorer","level":"info","message":"Mapped {/api/v1/permissions/:id, PATCH} route","timestamp":"2026-05-08T13:49:37.432Z"}
{"context":"RouterExplorer","level":"info","message":"Mapped {/api/v1/permissions/:id, DELETE} route","timestamp":"2026-05-08T13:49:37.432Z"}
{"context":"RoutesResolver","level":"info","message":"AuthController {/api/v1/auth}:","timestamp":"2026-05-08T13:49:37.433Z"}
{"context":"RouterExplorer","level":"info","message":"Mapped {/api/v1/auth/register, POST} route","timestamp":"2026-05-08T13:49:37.433Z"}
{"context":"RouterExplorer","level":"info","message":"Mapped {/api/v1/auth/login, POST} route","timestamp":"2026-05-08T13:49:37.433Z"}
{"context":"RouterExplorer","level":"info","message":"Mapped {/api/v1/auth/refresh, POST} route","timestamp":"2026-05-08T13:49:37.433Z"}
{"context":"RouterExplorer","level":"info","message":"Mapped {/api/v1/auth/logout, POST} route","timestamp":"2026-05-08T13:49:37.434Z"}
{"context":"RouterExplorer","level":"info","message":"Mapped {/api/v1/auth/me, GET} route","timestamp":"2026-05-08T13:49:37.434Z"}
{"context":"RouterExplorer","level":"info","message":"Mapped {/api/v1/auth/me/password, PATCH} route","timestamp":"2026-05-08T13:49:37.434Z"}
{"context":"RoutesResolver","level":"info","message":"AttributeController {/api/v1/attribute}:","timestamp":"2026-05-08T13:49:37.434Z"}
{"context":"RouterExplorer","level":"info","message":"Mapped {/api/v1/attribute, POST} route","timestamp":"2026-05-08T13:49:37.434Z"}
{"context":"RouterExplorer","level":"info","message":"Mapped {/api/v1/attribute, GET} route","timestamp":"2026-05-08T13:49:37.435Z"}
{"context":"RouterExplorer","level":"info","message":"Mapped {/api/v1/attribute/:id, GET} route","timestamp":"2026-05-08T13:49:37.435Z"}
{"context":"RouterExplorer","level":"info","message":"Mapped {/api/v1/attribute/:id, PATCH} route","timestamp":"2026-05-08T13:49:37.435Z"}
{"context":"RouterExplorer","level":"info","message":"Mapped {/api/v1/attribute/:id, DELETE} route","timestamp":"2026-05-08T13:49:37.435Z"}
{"context":"RoutesResolver","level":"info","message":"DepartmentsController {/api/v1/departments}:","timestamp":"2026-05-08T13:49:37.435Z"}
{"context":"RouterExplorer","level":"info","message":"Mapped {/api/v1/departments, POST} route","timestamp":"2026-05-08T13:49:37.436Z"}
{"context":"RouterExplorer","level":"info","message":"Mapped {/api/v1/departments, GET} route","timestamp":"2026-05-08T13:49:37.436Z"}
{"context":"RouterExplorer","level":"info","message":"Mapped {/api/v1/departments/:id, GET} route","timestamp":"2026-05-08T13:49:37.436Z"}
{"context":"RouterExplorer","level":"info","message":"Mapped {/api/v1/departments/:id, PATCH} route","timestamp":"2026-05-08T13:49:37.436Z"}
{"context":"RouterExplorer","level":"info","message":"Mapped {/api/v1/departments/:id, DELETE} route","timestamp":"2026-05-08T13:49:37.436Z"}
{"context":"RoutesResolver","level":"info","message":"PortsController {/api/v1/ports}:","timestamp":"2026-05-08T13:49:37.437Z"}
{"context":"RouterExplorer","level":"info","message":"Mapped {/api/v1/ports, POST} route","timestamp":"2026-05-08T13:49:37.437Z"}
{"context":"RouterExplorer","level":"info","message":"Mapped {/api/v1/ports, GET} route","timestamp":"2026-05-08T13:49:37.437Z"}
{"context":"RouterExplorer","level":"info","message":"Mapped {/api/v1/ports/:id, GET} route","timestamp":"2026-05-08T13:49:37.437Z"}
{"context":"RouterExplorer","level":"info","message":"Mapped {/api/v1/ports/:id, PATCH} route","timestamp":"2026-05-08T13:49:37.438Z"}
{"context":"RouterExplorer","level":"info","message":"Mapped {/api/v1/ports/:id, DELETE} route","timestamp":"2026-05-08T13:49:37.438Z"}
{"context":"RoutesResolver","level":"info","message":"FilesController {/api/v1/files}:","timestamp":"2026-05-08T13:49:37.438Z"}
{"context":"RouterExplorer","level":"info","message":"Mapped {/api/v1/files, POST} route","timestamp":"2026-05-08T13:49:37.438Z"}
{"context":"RouterExplorer","level":"info","message":"Mapped {/api/v1/files, GET} route","timestamp":"2026-05-08T13:49:37.438Z"}
{"context":"RouterExplorer","level":"info","message":"Mapped {/api/v1/files/:id, GET} route","timestamp":"2026-05-08T13:49:37.438Z"}
{"context":"RouterExplorer","level":"info","message":"Mapped {/api/v1/files/:id, PATCH} route","timestamp":"2026-05-08T13:49:37.439Z"}
{"context":"RouterExplorer","level":"info","message":"Mapped {/api/v1/files/:id, DELETE} route","timestamp":"2026-05-08T13:49:37.439Z"}
{"context":"PrismaService","level":"info","message":"Kết nối database thành công","timestamp":"2026-05-08T13:49:37.478Z"}
{"context":"NestApplication","level":"info","message":"Nest application successfully started","timestamp":"2026-05-08T13:49:37.482Z"}
{"level":"info","message":"Khởi tạo ứng dụng...","timestamp":"2026-05-08T13:49:39.420Z"}
{"context":"NestFactory","level":"info","message":"Starting Nest application...","timestamp":"2026-05-08T13:49:39.492Z"}
{"context":"InstanceLoader","level":"info","message":"PassportModule dependencies initialized","timestamp":"2026-05-08T13:49:39.499Z"}
{"context":"InstanceLoader","level":"info","message":"ConfigHostModule dependencies initialized","timestamp":"2026-05-08T13:49:39.499Z"}
{"context":"InstanceLoader","level":"info","message":"AppModule dependencies initialized","timestamp":"2026-05-08T13:49:39.500Z"}
{"context":"PrismaService","level":"info","message":"🔌 Prisma Connection String: postgresql://admin:******@localhost:5433/kyc_asset_db?schema=public","timestamp":"2026-05-08T13:49:39.502Z"}
{"context":"InstanceLoader","level":"info","message":"PortsModule dependencies initialized","timestamp":"2026-05-08T13:49:39.502Z"}
{"context":"InstanceLoader","level":"info","message":"FilesModule dependencies initialized","timestamp":"2026-05-08T13:49:39.503Z"}
{"context":"InstanceLoader","level":"info","message":"ConfigModule dependencies initialized","timestamp":"2026-05-08T13:49:39.503Z"}
{"context":"InstanceLoader","level":"info","message":"CommonModule dependencies initialized","timestamp":"2026-05-08T13:49:39.503Z"}
{"context":"InstanceLoader","level":"info","message":"JwtModule dependencies initialized","timestamp":"2026-05-08T13:49:39.504Z"}
{"context":"InstanceLoader","level":"info","message":"PrismaModule dependencies initialized","timestamp":"2026-05-08T13:49:39.504Z"}
{"context":"InstanceLoader","level":"info","message":"WhitelistIpModule dependencies initialized","timestamp":"2026-05-08T13:49:39.505Z"}
{"context":"InstanceLoader","level":"info","message":"AttributeModule dependencies initialized","timestamp":"2026-05-08T13:49:39.505Z"}
{"context":"InstanceLoader","level":"info","message":"DepartmentsModule dependencies initialized","timestamp":"2026-05-08T13:49:39.505Z"}
{"context":"InstanceLoader","level":"info","message":"UsersModule dependencies initialized","timestamp":"2026-05-08T13:49:39.506Z"}
{"context":"InstanceLoader","level":"info","message":"RolesModule dependencies initialized","timestamp":"2026-05-08T13:49:39.506Z"}
{"context":"InstanceLoader","level":"info","message":"PermissionsModule dependencies initialized","timestamp":"2026-05-08T13:49:39.506Z"}
{"context":"InstanceLoader","level":"info","message":"AuthModule dependencies initialized","timestamp":"2026-05-08T13:49:39.506Z"}
{"context":"LegacyRouteConverter","level":"warn","message":"Unsupported route path: \"/api/v1/*\". In previous versions, the symbols ?, *, and + were used to denote optional or repeating path parameters. The latest version of \"path-to-regexp\" now requires the use of named parameters. For example, instead of using a route like /users/* to capture all routes starting with \"/users\", you should use /users/*path. For more details, refer to the migration guide. Attempting to auto-convert...","timestamp":"2026-05-08T13:49:39.531Z"}
{"context":"RoutesResolver","level":"info","message":"AppController {/api/v1/ping}:","timestamp":"2026-05-08T13:49:39.531Z"}
{"context":"RouterExplorer","level":"info","message":"Mapped {/api/v1/ping, GET} route","timestamp":"2026-05-08T13:49:39.532Z"}
{"context":"RoutesResolver","level":"info","message":"UsersController {/api/v1/users}:","timestamp":"2026-05-08T13:49:39.532Z"}
{"context":"RouterExplorer","level":"info","message":"Mapped {/api/v1/users, POST} route","timestamp":"2026-05-08T13:49:39.533Z"}
{"context":"RouterExplorer","level":"info","message":"Mapped {/api/v1/users, GET} route","timestamp":"2026-05-08T13:49:39.533Z"}
{"context":"RouterExplorer","level":"info","message":"Mapped {/api/v1/users/:id, GET} route","timestamp":"2026-05-08T13:49:39.534Z"}
{"context":"RouterExplorer","level":"info","message":"Mapped {/api/v1/users/:id, PATCH} route","timestamp":"2026-05-08T13:49:39.534Z"}
{"context":"RouterExplorer","level":"info","message":"Mapped {/api/v1/users/:id, DELETE} route","timestamp":"2026-05-08T13:49:39.534Z"}
{"context":"RoutesResolver","level":"info","message":"WhitelistIpController {/api/v1/whitelist-ip}:","timestamp":"2026-05-08T13:49:39.534Z"}
{"context":"RouterExplorer","level":"info","message":"Mapped {/api/v1/whitelist-ip, POST} route","timestamp":"2026-05-08T13:49:39.534Z"}
{"context":"RouterExplorer","level":"info","message":"Mapped {/api/v1/whitelist-ip, GET} route","timestamp":"2026-05-08T13:49:39.534Z"}
{"context":"RouterExplorer","level":"info","message":"Mapped {/api/v1/whitelist-ip/:id, GET} route","timestamp":"2026-05-08T13:49:39.535Z"}
{"context":"RouterExplorer","level":"info","message":"Mapped {/api/v1/whitelist-ip/:id, PATCH} route","timestamp":"2026-05-08T13:49:39.535Z"}
{"context":"RouterExplorer","level":"info","message":"Mapped {/api/v1/whitelist-ip/:id, DELETE} route","timestamp":"2026-05-08T13:49:39.535Z"}
{"context":"RoutesResolver","level":"info","message":"RolesController {/api/v1/roles}:","timestamp":"2026-05-08T13:49:39.535Z"}
{"context":"RouterExplorer","level":"info","message":"Mapped {/api/v1/roles, POST} route","timestamp":"2026-05-08T13:49:39.535Z"}
{"context":"RouterExplorer","level":"info","message":"Mapped {/api/v1/roles, GET} route","timestamp":"2026-05-08T13:49:39.536Z"}
{"context":"RouterExplorer","level":"info","message":"Mapped {/api/v1/roles/:id, GET} route","timestamp":"2026-05-08T13:49:39.536Z"}
{"context":"RouterExplorer","level":"info","message":"Mapped {/api/v1/roles/:id, PATCH} route","timestamp":"2026-05-08T13:49:39.536Z"}
{"context":"RouterExplorer","level":"info","message":"Mapped {/api/v1/roles/:id, DELETE} route","timestamp":"2026-05-08T13:49:39.536Z"}
{"context":"RoutesResolver","level":"info","message":"PermissionsController {/api/v1/permissions}:","timestamp":"2026-05-08T13:49:39.536Z"}
{"context":"RouterExplorer","level":"info","message":"Mapped {/api/v1/permissions, POST} route","timestamp":"2026-05-08T13:49:39.536Z"}
{"context":"RouterExplorer","level":"info","message":"Mapped {/api/v1/permissions, GET} route","timestamp":"2026-05-08T13:49:39.537Z"}
{"context":"RouterExplorer","level":"info","message":"Mapped {/api/v1/permissions/:id, PATCH} route","timestamp":"2026-05-08T13:49:39.537Z"}
{"context":"RouterExplorer","level":"info","message":"Mapped {/api/v1/permissions/:id, DELETE} route","timestamp":"2026-05-08T13:49:39.537Z"}
{"context":"RoutesResolver","level":"info","message":"AuthController {/api/v1/auth}:","timestamp":"2026-05-08T13:49:39.537Z"}
{"context":"RouterExplorer","level":"info","message":"Mapped {/api/v1/auth/register, POST} route","timestamp":"2026-05-08T13:49:39.537Z"}
{"context":"RouterExplorer","level":"info","message":"Mapped {/api/v1/auth/login, POST} route","timestamp":"2026-05-08T13:49:39.537Z"}
{"context":"RouterExplorer","level":"info","message":"Mapped {/api/v1/auth/refresh, POST} route","timestamp":"2026-05-08T13:49:39.538Z"}
{"context":"RouterExplorer","level":"info","message":"Mapped {/api/v1/auth/logout, POST} route","timestamp":"2026-05-08T13:49:39.538Z"}
{"context":"RouterExplorer","level":"info","message":"Mapped {/api/v1/auth/me, GET} route","timestamp":"2026-05-08T13:49:39.538Z"}
{"context":"RouterExplorer","level":"info","message":"Mapped {/api/v1/auth/me/password, PATCH} route","timestamp":"2026-05-08T13:49:39.538Z"}
{"context":"RoutesResolver","level":"info","message":"AttributeController {/api/v1/attribute}:","timestamp":"2026-05-08T13:49:39.538Z"}
{"context":"RouterExplorer","level":"info","message":"Mapped {/api/v1/attribute, POST} route","timestamp":"2026-05-08T13:49:39.539Z"}
{"context":"RouterExplorer","level":"info","message":"Mapped {/api/v1/attribute, GET} route","timestamp":"2026-05-08T13:49:39.539Z"}
{"context":"RouterExplorer","level":"info","message":"Mapped {/api/v1/attribute/:id, GET} route","timestamp":"2026-05-08T13:49:39.539Z"}
{"context":"RouterExplorer","level":"info","message":"Mapped {/api/v1/attribute/:id, PATCH} route","timestamp":"2026-05-08T13:49:39.539Z"}
{"context":"RouterExplorer","level":"info","message":"Mapped {/api/v1/attribute/:id, DELETE} route","timestamp":"2026-05-08T13:49:39.539Z"}
{"context":"RoutesResolver","level":"info","message":"DepartmentsController {/api/v1/departments}:","timestamp":"2026-05-08T13:49:39.539Z"}
{"context":"RouterExplorer","level":"info","message":"Mapped {/api/v1/departments, POST} route","timestamp":"2026-05-08T13:49:39.539Z"}
{"context":"RouterExplorer","level":"info","message":"Mapped {/api/v1/departments, GET} route","timestamp":"2026-05-08T13:49:39.540Z"}
{"context":"RouterExplorer","level":"info","message":"Mapped {/api/v1/departments/:id, GET} route","timestamp":"2026-05-08T13:49:39.540Z"}
{"context":"RouterExplorer","level":"info","message":"Mapped {/api/v1/departments/:id, PATCH} route","timestamp":"2026-05-08T13:49:39.540Z"}
{"context":"RouterExplorer","level":"info","message":"Mapped {/api/v1/departments/:id, DELETE} route","timestamp":"2026-05-08T13:49:39.540Z"}
{"context":"RoutesResolver","level":"info","message":"PortsController {/api/v1/ports}:","timestamp":"2026-05-08T13:49:39.540Z"}
{"context":"RouterExplorer","level":"info","message":"Mapped {/api/v1/ports, POST} route","timestamp":"2026-05-08T13:49:39.541Z"}
{"context":"RouterExplorer","level":"info","message":"Mapped {/api/v1/ports, GET} route","timestamp":"2026-05-08T13:49:39.541Z"}
{"context":"RouterExplorer","level":"info","message":"Mapped {/api/v1/ports/:id, GET} route","timestamp":"2026-05-08T13:49:39.541Z"}
{"context":"RouterExplorer","level":"info","message":"Mapped {/api/v1/ports/:id, PATCH} route","timestamp":"2026-05-08T13:49:39.541Z"}
{"context":"RouterExplorer","level":"info","message":"Mapped {/api/v1/ports/:id, DELETE} route","timestamp":"2026-05-08T13:49:39.541Z"}
{"context":"RoutesResolver","level":"info","message":"FilesController {/api/v1/files}:","timestamp":"2026-05-08T13:49:39.541Z"}
{"context":"RouterExplorer","level":"info","message":"Mapped {/api/v1/files, POST} route","timestamp":"2026-05-08T13:49:39.542Z"}
{"context":"RouterExplorer","level":"info","message":"Mapped {/api/v1/files, GET} route","timestamp":"2026-05-08T13:49:39.542Z"}
{"context":"RouterExplorer","level":"info","message":"Mapped {/api/v1/files/:id, GET} route","timestamp":"2026-05-08T13:49:39.542Z"}
{"context":"RouterExplorer","level":"info","message":"Mapped {/api/v1/files/:id, PATCH} route","timestamp":"2026-05-08T13:49:39.542Z"}
{"context":"RouterExplorer","level":"info","message":"Mapped {/api/v1/files/:id, DELETE} route","timestamp":"2026-05-08T13:49:39.542Z"}
{"context":"PrismaService","level":"info","message":"Kết nối database thành công","timestamp":"2026-05-08T13:49:39.579Z"}
{"context":"NestApplication","level":"info","message":"Nest application successfully started","timestamp":"2026-05-08T13:49:39.581Z"}
{"context":"AccessTokenGuard","level":"info","message":"isPublic: undefined","requestId":"aac54627-b3f9-4648-a610-2a21e22fbec3","timestamp":"2026-05-08T14:53:14.546Z"}
{"context":"LoggerMiddleware","level":"warn","message":"[RequestID: aac54627-b3f9-4648-a610-2a21e22fbec3] GET /api/v1/auth/me | Status: 401 | Duration: 6ms | IP: ::1 | UserAgent: Mozilla/5.0 (Windows NT 10.0; Win64; x64) AppleWebKit/537.36 (KHTML, like Gecko) Chrome/147.0.0.0 Safari/537.36","requestId":"aac54627-b3f9-4648-a610-2a21e22fbec3","timestamp":"2026-05-08T14:53:14.550Z"}
{"context":"AccessTokenGuard","level":"info","message":"isPublic: true","requestId":"36c65835-5b1e-4c32-a14d-e05d2515cf57","timestamp":"2026-05-08T14:53:23.130Z"}
{"context":"AccessTokenGuard","level":"info","message":"Public route, skipping authentication","requestId":"36c65835-5b1e-4c32-a14d-e05d2515cf57","timestamp":"2026-05-08T14:53:23.131Z"}
{"context":"LoggerMiddleware","level":"info","message":"[RequestID: 36c65835-5b1e-4c32-a14d-e05d2515cf57] POST /api/v1/auth/login | Status: 201 | Duration: 124ms | IP: ::1 | UserAgent: Mozilla/5.0 (Windows NT 10.0; Win64; x64) AppleWebKit/537.36 (KHTML, like Gecko) Chrome/147.0.0.0 Safari/537.36","requestId":"36c65835-5b1e-4c32-a14d-e05d2515cf57","timestamp":"2026-05-08T14:53:23.254Z"}
{"context":"AccessTokenGuard","level":"info","message":"isPublic: undefined","requestId":"0f317635-2af1-4b10-9d06-94467886e9c1","timestamp":"2026-05-08T14:53:23.730Z"}
{"context":"AccessTokenStrategy","level":"info","message":"user: {\"id\":\"cc6d2974-22cf-4b0b-9590-4b701cfa3c00\",\"username\":\"customer_001\",\"hashed_password\":\"scrypt:61b7465b5cc602c81ecaa66e31f0f570:064a122e33f58ab9bedcc806f62492b81e4451665c71c7dc3a5afd28b63aa6017713b59fb84dc9594c530b3bbe79c2bf5c738ae510f3152bf09f34a3b6d02482\",\"displayName\":\"Nguyễn Văn A\",\"token_version\":5,\"isActive\":true,\"createdAt\":\"2026-05-03T15:37:18.203Z\",\"updatedAt\":\"2026-05-04T09:10:04.759Z\",\"deletedAt\":null,\"roles\":[{\"user_id\":\"cc6d2974-22cf-4b0b-9590-4b701cfa3c00\",\"role_id\":\"4dd71768-1887-4879-9716-dab5dcddbebe\",\"assignedAt\":\"2026-05-06T11:53:17.723Z\",\"role\":{\"id\":\"4dd71768-1887-4879-9716-dab5dcddbebe\",\"name\":\"admin\",\"description\":\"Full system access\",\"permissions\":[{\"role_id\":\"4dd71768-1887-4879-9716-dab5dcddbebe\",\"permission_id\":\"7b2752ff-795f-49c6-abc7-d874550df97c\",\"permission\":{\"action\":\"read\",\"subject\":\"Department\",\"conditions\":[]}},{\"role_id\":\"4dd71768-1887-4879-9716-dab5dcddbebe\",\"permission_id\":\"d34ddd4b-bfe0-4f38-871c-5fe3c0f25c57\",\"permission\":{\"action\":\"create\",\"subject\":\"Department\",\"conditions\":[]}},{\"role_id\":\"4dd71768-1887-4879-9716-dab5dcddbebe\",\"permission_id\":\"a7c583f2-d8cf-4734-9113-c98e6c838ab8\",\"permission\":{\"action\":\"update\",\"subject\":\"Department\",\"conditions\":[]}},{\"role_id\":\"4dd71768-1887-4879-9716-dab5dcddbebe\",\"permission_id\":\"14b80590-7ca4-4131-9560-8d58349e74eb\",\"permission\":{\"action\":\"delete\",\"subject\":\"Department\",\"conditions\":[{\"conditions\":{\"end\":\"17:00\",\"type\":\"business_hours\",\"start\":\"08:00\"},\"attribute\":{\"name\":\"time\"}}]}},{\"role_id\":\"4dd71768-1887-4879-9716-dab5dcddbebe\",\"permission_id\":\"84f07ad6-e304-4f43-951d-e8c8eb599352\",\"permission\":{\"action\":\"read\",\"subject\":\"Port\",\"conditions\":[]}},{\"role_id\":\"4dd71768-1887-4879-9716-dab5dcddbebe\",\"permission_id\":\"be2db210-da42-4ec9-888d-3a0858978431\",\"permission\":{\"action\":\"create\",\"subject\":\"Port\",\"conditions\":[]}},{\"role_id\":\"4dd71768-1887-4879-9716-dab5dcddbebe\",\"permission_id\":\"7d8ec69e-467e-4f8e-a389-fa6ca6e256ed\",\"permission\":{\"action\":\"update\",\"subject\":\"Port\",\"conditions\":[]}},{\"role_id\":\"4dd71768-1887-4879-9716-dab5dcddbebe\",\"permission_id\":\"4f3bd475-3290-4ab8-982f-4dd670cb649c\",\"permission\":{\"action\":\"delete\",\"subject\":\"Port\",\"conditions\":[]}},{\"role_id\":\"4dd71768-1887-4879-9716-dab5dcddbebe\",\"permission_id\":\"35d0dcaf-8b47-4333-b402-a91709e0fc31\",\"permission\":{\"action\":\"read\",\"subject\":\"File\",\"conditions\":[]}},{\"role_id\":\"4dd71768-1887-4879-9716-dab5dcddbebe\",\"permission_id\":\"e57bb9e8-ae84-4eaa-8022-c6a84281aaff\",\"permission\":{\"action\":\"create\",\"subject\":\"File\",\"conditions\":[]}},{\"role_id\":\"4dd71768-1887-4879-9716-dab5dcddbebe\",\"permission_id\":\"160ace45-3feb-4708-8eae-92a7b94b01f9\",\"permission\":{\"action\":\"delete\",\"subject\":\"File\",\"conditions\":[]}},{\"role_id\":\"4dd71768-1887-4879-9716-dab5dcddbebe\",\"permission_id\":\"31f694c5-76a4-4e2a-803d-9a9ea0e4ef63\",\"permission\":{\"action\":\"read\",\"subject\":\"IPWhitelist\",\"conditions\":[]}},{\"role_id\":\"4dd71768-1887-4879-9716-dab5dcddbebe\",\"permission_id\":\"ceac5cb1-ebc6-46c1-9d1e-efa0ace039db\",\"permission\":{\"action\":\"create\",\"subject\":\"IPWhitelist\",\"conditions\":[]}},{\"role_id\":\"4dd71768-1887-4879-9716-dab5dcddbebe\",\"permission_id\":\"3b21ac56-b1e9-4ad2-9ee9-d7a342829903\",\"permission\":{\"action\":\"delete\",\"subject\":\"IPWhitelist\",\"conditions\":[]}}]}}]}","requestId":"0f317635-2af1-4b10-9d06-94467886e9c1","timestamp":"2026-05-08T14:53:23.752Z"}
{"context":"AuthService","level":"info","message":"payload: {\"id\":\"cc6d2974-22cf-4b0b-9590-4b701cfa3c00\",\"username\":\"customer_001\",\"hashed_password\":\"scrypt:61b7465b5cc602c81ecaa66e31f0f570:064a122e33f58ab9bedcc806f62492b81e4451665c71c7dc3a5afd28b63aa6017713b59fb84dc9594c530b3bbe79c2bf5c738ae510f3152bf09f34a3b6d02482\",\"displayName\":\"Nguyễn Văn A\",\"token_version\":5,\"isActive\":true,\"createdAt\":\"2026-05-03T15:37:18.203Z\",\"updatedAt\":\"2026-05-04T09:10:04.759Z\",\"deletedAt\":null,\"roles\":[{\"user_id\":\"cc6d2974-22cf-4b0b-9590-4b701cfa3c00\",\"role_id\":\"4dd71768-1887-4879-9716-dab5dcddbebe\",\"assignedAt\":\"2026-05-06T11:53:17.723Z\",\"role\":{\"id\":\"4dd71768-1887-4879-9716-dab5dcddbebe\",\"name\":\"admin\",\"description\":\"Full system access\",\"permissions\":[{\"role_id\":\"4dd71768-1887-4879-9716-dab5dcddbebe\",\"permission_id\":\"7b2752ff-795f-49c6-abc7-d874550df97c\",\"permission\":{\"action\":\"read\",\"subject\":\"Department\",\"conditions\":[]}},{\"role_id\":\"4dd71768-1887-4879-9716-dab5dcddbebe\",\"permission_id\":\"d34ddd4b-bfe0-4f38-871c-5fe3c0f25c57\",\"permission\":{\"action\":\"create\",\"subject\":\"Department\",\"conditions\":[]}},{\"role_id\":\"4dd71768-1887-4879-9716-dab5dcddbebe\",\"permission_id\":\"a7c583f2-d8cf-4734-9113-c98e6c838ab8\",\"permission\":{\"action\":\"update\",\"subject\":\"Department\",\"conditions\":[]}},{\"role_id\":\"4dd71768-1887-4879-9716-dab5dcddbebe\",\"permission_id\":\"14b80590-7ca4-4131-9560-8d58349e74eb\",\"permission\":{\"action\":\"delete\",\"subject\":\"Department\",\"conditions\":[{\"conditions\":{\"end\":\"17:00\",\"type\":\"business_hours\",\"start\":\"08:00\"},\"attribute\":{\"name\":\"time\"}}]}},{\"role_id\":\"4dd71768-1887-4879-9716-dab5dcddbebe\",\"permission_id\":\"84f07ad6-e304-4f43-951d-e8c8eb599352\",\"permission\":{\"action\":\"read\",\"subject\":\"Port\",\"conditions\":[]}},{\"role_id\":\"4dd71768-1887-4879-9716-dab5dcddbebe\",\"permission_id\":\"be2db210-da42-4ec9-888d-3a0858978431\",\"permission\":{\"action\":\"create\",\"subject\":\"Port\",\"conditions\":[]}},{\"role_id\":\"4dd71768-1887-4879-9716-dab5dcddbebe\",\"permission_id\":\"7d8ec69e-467e-4f8e-a389-fa6ca6e256ed\",\"permission\":{\"action\":\"update\",\"subject\":\"Port\",\"conditions\":[]}},{\"role_id\":\"4dd71768-1887-4879-9716-dab5dcddbebe\",\"permission_id\":\"4f3bd475-3290-4ab8-982f-4dd670cb649c\",\"permission\":{\"action\":\"delete\",\"subject\":\"Port\",\"conditions\":[]}},{\"role_id\":\"4dd71768-1887-4879-9716-dab5dcddbebe\",\"permission_id\":\"35d0dcaf-8b47-4333-b402-a91709e0fc31\",\"permission\":{\"action\":\"read\",\"subject\":\"File\",\"conditions\":[]}},{\"role_id\":\"4dd71768-1887-4879-9716-dab5dcddbebe\",\"permission_id\":\"e57bb9e8-ae84-4eaa-8022-c6a84281aaff\",\"permission\":{\"action\":\"create\",\"subject\":\"File\",\"conditions\":[]}},{\"role_id\":\"4dd71768-1887-4879-9716-dab5dcddbebe\",\"permission_id\":\"160ace45-3feb-4708-8eae-92a7b94b01f9\",\"permission\":{\"action\":\"delete\",\"subject\":\"File\",\"conditions\":[]}},{\"role_id\":\"4dd71768-1887-4879-9716-dab5dcddbebe\",\"permission_id\":\"31f694c5-76a4-4e2a-803d-9a9ea0e4ef63\",\"permission\":{\"action\":\"read\",\"subject\":\"IPWhitelist\",\"conditions\":[]}},{\"role_id\":\"4dd71768-1887-4879-9716-dab5dcddbebe\",\"permission_id\":\"ceac5cb1-ebc6-46c1-9d1e-efa0ace039db\",\"permission\":{\"action\":\"create\",\"subject\":\"IPWhitelist\",\"conditions\":[]}},{\"role_id\":\"4dd71768-1887-4879-9716-dab5dcddbebe\",\"permission_id\":\"3b21ac56-b1e9-4ad2-9ee9-d7a342829903\",\"permission\":{\"action\":\"delete\",\"subject\":\"IPWhitelist\",\"conditions\":[]}}]}}]}","requestId":"0f317635-2af1-4b10-9d06-94467886e9c1","timestamp":"2026-05-08T14:53:23.754Z"}
{"context":"AuthService","level":"info","message":"user: {\"id\":\"cc6d2974-22cf-4b0b-9590-4b701cfa3c00\",\"displayName\":\"Nguyễn Văn A\",\"roles\":[{\"role\":{\"name\":\"admin\",\"permissions\":[{\"permission\":{\"action\":\"read\",\"subject\":\"Department\",\"conditions\":[]}},{\"permission\":{\"action\":\"create\",\"subject\":\"Department\",\"conditions\":[]}},{\"permission\":{\"action\":\"update\",\"subject\":\"Department\",\"conditions\":[]}},{\"permission\":{\"action\":\"delete\",\"subject\":\"Department\",\"conditions\":[{\"conditions\":{\"end\":\"17:00\",\"type\":\"business_hours\",\"start\":\"08:00\"},\"attribute\":{\"name\":\"time\"}}]}},{\"permission\":{\"action\":\"read\",\"subject\":\"Port\",\"conditions\":[]}},{\"permission\":{\"action\":\"create\",\"subject\":\"Port\",\"conditions\":[]}},{\"permission\":{\"action\":\"update\",\"subject\":\"Port\",\"conditions\":[]}},{\"permission\":{\"action\":\"delete\",\"subject\":\"Port\",\"conditions\":[]}},{\"permission\":{\"action\":\"read\",\"subject\":\"File\",\"conditions\":[]}},{\"permission\":{\"action\":\"create\",\"subject\":\"File\",\"conditions\":[]}},{\"permission\":{\"action\":\"delete\",\"subject\":\"File\",\"conditions\":[]}},{\"permission\":{\"action\":\"read\",\"subject\":\"IPWhitelist\",\"conditions\":[]}},{\"permission\":{\"action\":\"create\",\"subject\":\"IPWhitelist\",\"conditions\":[]}},{\"permission\":{\"action\":\"delete\",\"subject\":\"IPWhitelist\",\"conditions\":[]}}]}}]}","requestId":"0f317635-2af1-4b10-9d06-94467886e9c1","timestamp":"2026-05-08T14:53:23.762Z"}
{"context":"LoggerMiddleware","level":"info","message":"[RequestID: 0f317635-2af1-4b10-9d06-94467886e9c1] GET /api/v1/auth/me | Status: 304 | Duration: 34ms | IP: ::1 | UserAgent: Mozilla/5.0 (Windows NT 10.0; Win64; x64) AppleWebKit/537.36 (KHTML, like Gecko) Chrome/147.0.0.0 Safari/537.36","requestId":"0f317635-2af1-4b10-9d06-94467886e9c1","timestamp":"2026-05-08T14:53:23.763Z"}
{"level":"info","message":"Khởi tạo ứng dụng...","timestamp":"2026-05-08T15:01:14.677Z"}
{"context":"NestFactory","level":"info","message":"Starting Nest application...","timestamp":"2026-05-08T15:01:14.773Z"}
{"context":"InstanceLoader","level":"info","message":"PassportModule dependencies initialized","timestamp":"2026-05-08T15:01:14.781Z"}
{"context":"InstanceLoader","level":"info","message":"ConfigHostModule dependencies initialized","timestamp":"2026-05-08T15:01:14.781Z"}
{"context":"InstanceLoader","level":"info","message":"AppModule dependencies initialized","timestamp":"2026-05-08T15:01:14.781Z"}
{"context":"PrismaService","level":"info","message":"🔌 Prisma Connection String: postgresql://admin:******@localhost:5433/kyc_asset_db?schema=public","timestamp":"2026-05-08T15:01:14.784Z"}
{"context":"InstanceLoader","level":"info","message":"PortsModule dependencies initialized","timestamp":"2026-05-08T15:01:14.784Z"}
{"context":"InstanceLoader","level":"info","message":"FilesModule dependencies initialized","timestamp":"2026-05-08T15:01:14.784Z"}
{"context":"InstanceLoader","level":"info","message":"ConfigModule dependencies initialized","timestamp":"2026-05-08T15:01:14.784Z"}
{"context":"InstanceLoader","level":"info","message":"CommonModule dependencies initialized","timestamp":"2026-05-08T15:01:14.785Z"}
{"context":"InstanceLoader","level":"info","message":"JwtModule dependencies initialized","timestamp":"2026-05-08T15:01:14.785Z"}
{"context":"InstanceLoader","level":"info","message":"PrismaModule dependencies initialized","timestamp":"2026-05-08T15:01:14.785Z"}
{"context":"InstanceLoader","level":"info","message":"WhitelistIpModule dependencies initialized","timestamp":"2026-05-08T15:01:14.786Z"}
{"context":"InstanceLoader","level":"info","message":"AttributeModule dependencies initialized","timestamp":"2026-05-08T15:01:14.787Z"}
{"context":"InstanceLoader","level":"info","message":"DepartmentsModule dependencies initialized","timestamp":"2026-05-08T15:01:14.787Z"}
{"context":"InstanceLoader","level":"info","message":"UsersModule dependencies initialized","timestamp":"2026-05-08T15:01:14.787Z"}
{"context":"InstanceLoader","level":"info","message":"RolesModule dependencies initialized","timestamp":"2026-05-08T15:01:14.787Z"}
{"context":"InstanceLoader","level":"info","message":"PermissionsModule dependencies initialized","timestamp":"2026-05-08T15:01:14.787Z"}
{"context":"InstanceLoader","level":"info","message":"AuthModule dependencies initialized","timestamp":"2026-05-08T15:01:14.787Z"}
{"context":"LegacyRouteConverter","level":"warn","message":"Unsupported route path: \"/api/v1/*\". In previous versions, the symbols ?, *, and + were used to denote optional or repeating path parameters. The latest version of \"path-to-regexp\" now requires the use of named parameters. For example, instead of using a route like /users/* to capture all routes starting with \"/users\", you should use /users/*path. For more details, refer to the migration guide. Attempting to auto-convert...","timestamp":"2026-05-08T15:01:14.811Z"}
{"context":"RoutesResolver","level":"info","message":"AppController {/api/v1/ping}:","timestamp":"2026-05-08T15:01:14.811Z"}
{"context":"RouterExplorer","level":"info","message":"Mapped {/api/v1/ping, GET} route","timestamp":"2026-05-08T15:01:14.812Z"}
{"context":"RoutesResolver","level":"info","message":"UsersController {/api/v1/users}:","timestamp":"2026-05-08T15:01:14.812Z"}
{"context":"RouterExplorer","level":"info","message":"Mapped {/api/v1/users, POST} route","timestamp":"2026-05-08T15:01:14.813Z"}
{"context":"RouterExplorer","level":"info","message":"Mapped {/api/v1/users, GET} route","timestamp":"2026-05-08T15:01:14.813Z"}
{"context":"RouterExplorer","level":"info","message":"Mapped {/api/v1/users/:id, GET} route","timestamp":"2026-05-08T15:01:14.813Z"}
{"context":"RouterExplorer","level":"info","message":"Mapped {/api/v1/users/:id, PATCH} route","timestamp":"2026-05-08T15:01:14.814Z"}
{"context":"RouterExplorer","level":"info","message":"Mapped {/api/v1/users/:id, DELETE} route","timestamp":"2026-05-08T15:01:14.814Z"}
{"context":"RoutesResolver","level":"info","message":"WhitelistIpController {/api/v1/whitelist-ip}:","timestamp":"2026-05-08T15:01:14.814Z"}
{"context":"RouterExplorer","level":"info","message":"Mapped {/api/v1/whitelist-ip, POST} route","timestamp":"2026-05-08T15:01:14.814Z"}
{"context":"RouterExplorer","level":"info","message":"Mapped {/api/v1/whitelist-ip, GET} route","timestamp":"2026-05-08T15:01:14.815Z"}
{"context":"RouterExplorer","level":"info","message":"Mapped {/api/v1/whitelist-ip/:id, GET} route","timestamp":"2026-05-08T15:01:14.815Z"}
{"context":"RouterExplorer","level":"info","message":"Mapped {/api/v1/whitelist-ip/:id, PATCH} route","timestamp":"2026-05-08T15:01:14.815Z"}
{"context":"RouterExplorer","level":"info","message":"Mapped {/api/v1/whitelist-ip/:id, DELETE} route","timestamp":"2026-05-08T15:01:14.815Z"}
{"context":"RoutesResolver","level":"info","message":"RolesController {/api/v1/roles}:","timestamp":"2026-05-08T15:01:14.815Z"}
{"context":"RouterExplorer","level":"info","message":"Mapped {/api/v1/roles, POST} route","timestamp":"2026-05-08T15:01:14.816Z"}
{"context":"RouterExplorer","level":"info","message":"Mapped {/api/v1/roles, GET} route","timestamp":"2026-05-08T15:01:14.816Z"}
{"context":"RouterExplorer","level":"info","message":"Mapped {/api/v1/roles/:id, GET} route","timestamp":"2026-05-08T15:01:14.816Z"}
{"context":"RouterExplorer","level":"info","message":"Mapped {/api/v1/roles/:id, PATCH} route","timestamp":"2026-05-08T15:01:14.816Z"}
{"context":"RouterExplorer","level":"info","message":"Mapped {/api/v1/roles/:id, DELETE} route","timestamp":"2026-05-08T15:01:14.816Z"}
{"context":"RoutesResolver","level":"info","message":"PermissionsController {/api/v1/permissions}:","timestamp":"2026-05-08T15:01:14.816Z"}
{"context":"RouterExplorer","level":"info","message":"Mapped {/api/v1/permissions, POST} route","timestamp":"2026-05-08T15:01:14.817Z"}
{"context":"RouterExplorer","level":"info","message":"Mapped {/api/v1/permissions, GET} route","timestamp":"2026-05-08T15:01:14.817Z"}
{"context":"RouterExplorer","level":"info","message":"Mapped {/api/v1/permissions/:id, PATCH} route","timestamp":"2026-05-08T15:01:14.817Z"}
{"context":"RouterExplorer","level":"info","message":"Mapped {/api/v1/permissions/:id, DELETE} route","timestamp":"2026-05-08T15:01:14.817Z"}
{"context":"RoutesResolver","level":"info","message":"AuthController {/api/v1/auth}:","timestamp":"2026-05-08T15:01:14.817Z"}
{"context":"RouterExplorer","level":"info","message":"Mapped {/api/v1/auth/register, POST} route","timestamp":"2026-05-08T15:01:14.817Z"}
{"context":"RouterExplorer","level":"info","message":"Mapped {/api/v1/auth/login, POST} route","timestamp":"2026-05-08T15:01:14.817Z"}
{"context":"RouterExplorer","level":"info","message":"Mapped {/api/v1/auth/refresh, POST} route","timestamp":"2026-05-08T15:01:14.818Z"}
{"context":"RouterExplorer","level":"info","message":"Mapped {/api/v1/auth/logout, POST} route","timestamp":"2026-05-08T15:01:14.818Z"}
{"context":"RouterExplorer","level":"info","message":"Mapped {/api/v1/auth/me, GET} route","timestamp":"2026-05-08T15:01:14.818Z"}
{"context":"RouterExplorer","level":"info","message":"Mapped {/api/v1/auth/me/password, PATCH} route","timestamp":"2026-05-08T15:01:14.818Z"}
{"context":"RoutesResolver","level":"info","message":"AttributeController {/api/v1/attribute}:","timestamp":"2026-05-08T15:01:14.818Z"}
{"context":"RouterExplorer","level":"info","message":"Mapped {/api/v1/attribute, POST} route","timestamp":"2026-05-08T15:01:14.818Z"}
{"context":"RouterExplorer","level":"info","message":"Mapped {/api/v1/attribute, GET} route","timestamp":"2026-05-08T15:01:14.819Z"}
{"context":"RouterExplorer","level":"info","message":"Mapped {/api/v1/attribute/:id, GET} route","timestamp":"2026-05-08T15:01:14.819Z"}
{"context":"RouterExplorer","level":"info","message":"Mapped {/api/v1/attribute/:id, PATCH} route","timestamp":"2026-05-08T15:01:14.819Z"}
{"context":"RouterExplorer","level":"info","message":"Mapped {/api/v1/attribute/:id, DELETE} route","timestamp":"2026-05-08T15:01:14.819Z"}
{"context":"RoutesResolver","level":"info","message":"DepartmentsController {/api/v1/departments}:","timestamp":"2026-05-08T15:01:14.819Z"}
{"context":"RouterExplorer","level":"info","message":"Mapped {/api/v1/departments, POST} route","timestamp":"2026-05-08T15:01:14.819Z"}
{"context":"RouterExplorer","level":"info","message":"Mapped {/api/v1/departments, GET} route","timestamp":"2026-05-08T15:01:14.819Z"}
{"context":"RouterExplorer","level":"info","message":"Mapped {/api/v1/departments/:id, GET} route","timestamp":"2026-05-08T15:01:14.820Z"}
{"context":"RouterExplorer","level":"info","message":"Mapped {/api/v1/departments/:id, PATCH} route","timestamp":"2026-05-08T15:01:14.820Z"}
{"context":"RouterExplorer","level":"info","message":"Mapped {/api/v1/departments/:id, DELETE} route","timestamp":"2026-05-08T15:01:14.820Z"}
{"context":"RoutesResolver","level":"info","message":"PortsController {/api/v1/ports}:","timestamp":"2026-05-08T15:01:14.820Z"}
{"context":"RouterExplorer","level":"info","message":"Mapped {/api/v1/ports, POST} route","timestamp":"2026-05-08T15:01:14.820Z"}
{"context":"RouterExplorer","level":"info","message":"Mapped {/api/v1/ports, GET} route","timestamp":"2026-05-08T15:01:14.820Z"}
{"context":"RouterExplorer","level":"info","message":"Mapped {/api/v1/ports/:id, GET} route","timestamp":"2026-05-08T15:01:14.820Z"}
{"context":"RouterExplorer","level":"info","message":"Mapped {/api/v1/ports/:id, PATCH} route","timestamp":"2026-05-08T15:01:14.820Z"}
{"context":"RouterExplorer","level":"info","message":"Mapped {/api/v1/ports/:id, DELETE} route","timestamp":"2026-05-08T15:01:14.821Z"}
{"context":"RoutesResolver","level":"info","message":"FilesController {/api/v1/files}:","timestamp":"2026-05-08T15:01:14.821Z"}
{"context":"RouterExplorer","level":"info","message":"Mapped {/api/v1/files, POST} route","timestamp":"2026-05-08T15:01:14.821Z"}
{"context":"RouterExplorer","level":"info","message":"Mapped {/api/v1/files, GET} route","timestamp":"2026-05-08T15:01:14.821Z"}
{"context":"RouterExplorer","level":"info","message":"Mapped {/api/v1/files/:id, GET} route","timestamp":"2026-05-08T15:01:14.821Z"}
{"context":"RouterExplorer","level":"info","message":"Mapped {/api/v1/files/:id, PATCH} route","timestamp":"2026-05-08T15:01:14.821Z"}
{"context":"RouterExplorer","level":"info","message":"Mapped {/api/v1/files/:id, DELETE} route","timestamp":"2026-05-08T15:01:14.821Z"}
{"context":"PrismaService","level":"info","message":"Kết nối database thành công","timestamp":"2026-05-08T15:01:14.879Z"}
{"context":"NestApplication","level":"info","message":"Nest application successfully started","timestamp":"2026-05-08T15:01:14.881Z"}
{"level":"info","message":"Khởi tạo ứng dụng...","timestamp":"2026-05-08T15:01:16.982Z"}
{"context":"NestFactory","level":"info","message":"Starting Nest application...","timestamp":"2026-05-08T15:01:17.052Z"}
{"context":"InstanceLoader","level":"info","message":"PassportModule dependencies initialized","timestamp":"2026-05-08T15:01:17.059Z"}
{"context":"InstanceLoader","level":"info","message":"ConfigHostModule dependencies initialized","timestamp":"2026-05-08T15:01:17.060Z"}
{"context":"InstanceLoader","level":"info","message":"AppModule dependencies initialized","timestamp":"2026-05-08T15:01:17.060Z"}
{"context":"PrismaService","level":"info","message":"🔌 Prisma Connection String: postgresql://admin:******@localhost:5433/kyc_asset_db?schema=public","timestamp":"2026-05-08T15:01:17.062Z"}
{"context":"InstanceLoader","level":"info","message":"PortsModule dependencies initialized","timestamp":"2026-05-08T15:01:17.063Z"}
{"context":"InstanceLoader","level":"info","message":"FilesModule dependencies initialized","timestamp":"2026-05-08T15:01:17.063Z"}
{"context":"InstanceLoader","level":"info","message":"ConfigModule dependencies initialized","timestamp":"2026-05-08T15:01:17.063Z"}
{"context":"InstanceLoader","level":"info","message":"CommonModule dependencies initialized","timestamp":"2026-05-08T15:01:17.063Z"}
{"context":"InstanceLoader","level":"info","message":"JwtModule dependencies initialized","timestamp":"2026-05-08T15:01:17.064Z"}
{"context":"InstanceLoader","level":"info","message":"PrismaModule dependencies initialized","timestamp":"2026-05-08T15:01:17.064Z"}
{"context":"InstanceLoader","level":"info","message":"WhitelistIpModule dependencies initialized","timestamp":"2026-05-08T15:01:17.066Z"}
{"context":"InstanceLoader","level":"info","message":"AttributeModule dependencies initialized","timestamp":"2026-05-08T15:01:17.066Z"}
{"context":"InstanceLoader","level":"info","message":"DepartmentsModule dependencies initialized","timestamp":"2026-05-08T15:01:17.066Z"}
{"context":"InstanceLoader","level":"info","message":"UsersModule dependencies initialized","timestamp":"2026-05-08T15:01:17.066Z"}
{"context":"InstanceLoader","level":"info","message":"RolesModule dependencies initialized","timestamp":"2026-05-08T15:01:17.066Z"}
{"context":"InstanceLoader","level":"info","message":"PermissionsModule dependencies initialized","timestamp":"2026-05-08T15:01:17.066Z"}
{"context":"InstanceLoader","level":"info","message":"AuthModule dependencies initialized","timestamp":"2026-05-08T15:01:17.066Z"}
{"context":"LegacyRouteConverter","level":"warn","message":"Unsupported route path: \"/api/v1/*\". In previous versions, the symbols ?, *, and + were used to denote optional or repeating path parameters. The latest version of \"path-to-regexp\" now requires the use of named parameters. For example, instead of using a route like /users/* to capture all routes starting with \"/users\", you should use /users/*path. For more details, refer to the migration guide. Attempting to auto-convert...","timestamp":"2026-05-08T15:01:17.090Z"}
{"context":"RoutesResolver","level":"info","message":"AppController {/api/v1/ping}:","timestamp":"2026-05-08T15:01:17.091Z"}
{"context":"RouterExplorer","level":"info","message":"Mapped {/api/v1/ping, GET} route","timestamp":"2026-05-08T15:01:17.092Z"}
{"context":"RoutesResolver","level":"info","message":"UsersController {/api/v1/users}:","timestamp":"2026-05-08T15:01:17.092Z"}
{"context":"RouterExplorer","level":"info","message":"Mapped {/api/v1/users, POST} route","timestamp":"2026-05-08T15:01:17.092Z"}
{"context":"RouterExplorer","level":"info","message":"Mapped {/api/v1/users, GET} route","timestamp":"2026-05-08T15:01:17.092Z"}
{"context":"RouterExplorer","level":"info","message":"Mapped {/api/v1/users/:id, GET} route","timestamp":"2026-05-08T15:01:17.093Z"}
{"context":"RouterExplorer","level":"info","message":"Mapped {/api/v1/users/:id, PATCH} route","timestamp":"2026-05-08T15:01:17.093Z"}
{"context":"RouterExplorer","level":"info","message":"Mapped {/api/v1/users/:id, DELETE} route","timestamp":"2026-05-08T15:01:17.093Z"}
{"context":"RoutesResolver","level":"info","message":"WhitelistIpController {/api/v1/whitelist-ip}:","timestamp":"2026-05-08T15:01:17.093Z"}
{"context":"RouterExplorer","level":"info","message":"Mapped {/api/v1/whitelist-ip, POST} route","timestamp":"2026-05-08T15:01:17.094Z"}
{"context":"RouterExplorer","level":"info","message":"Mapped {/api/v1/whitelist-ip, GET} route","timestamp":"2026-05-08T15:01:17.094Z"}
{"context":"RouterExplorer","level":"info","message":"Mapped {/api/v1/whitelist-ip/:id, GET} route","timestamp":"2026-05-08T15:01:17.094Z"}
{"context":"RouterExplorer","level":"info","message":"Mapped {/api/v1/whitelist-ip/:id, PATCH} route","timestamp":"2026-05-08T15:01:17.094Z"}
{"context":"RouterExplorer","level":"info","message":"Mapped {/api/v1/whitelist-ip/:id, DELETE} route","timestamp":"2026-05-08T15:01:17.094Z"}
{"context":"RoutesResolver","level":"info","message":"RolesController {/api/v1/roles}:","timestamp":"2026-05-08T15:01:17.094Z"}
{"context":"RouterExplorer","level":"info","message":"Mapped {/api/v1/roles, POST} route","timestamp":"2026-05-08T15:01:17.095Z"}
{"context":"RouterExplorer","level":"info","message":"Mapped {/api/v1/roles, GET} route","timestamp":"2026-05-08T15:01:17.095Z"}
{"context":"RouterExplorer","level":"info","message":"Mapped {/api/v1/roles/:id, GET} route","timestamp":"2026-05-08T15:01:17.095Z"}
{"context":"RouterExplorer","level":"info","message":"Mapped {/api/v1/roles/:id, PATCH} route","timestamp":"2026-05-08T15:01:17.095Z"}
{"context":"RouterExplorer","level":"info","message":"Mapped {/api/v1/roles/:id, DELETE} route","timestamp":"2026-05-08T15:01:17.095Z"}
{"context":"RoutesResolver","level":"info","message":"PermissionsController {/api/v1/permissions}:","timestamp":"2026-05-08T15:01:17.095Z"}
{"context":"RouterExplorer","level":"info","message":"Mapped {/api/v1/permissions, POST} route","timestamp":"2026-05-08T15:01:17.095Z"}
{"context":"RouterExplorer","level":"info","message":"Mapped {/api/v1/permissions, GET} route","timestamp":"2026-05-08T15:01:17.096Z"}
{"context":"RouterExplorer","level":"info","message":"Mapped {/api/v1/permissions/:id, PATCH} route","timestamp":"2026-05-08T15:01:17.096Z"}
{"context":"RouterExplorer","level":"info","message":"Mapped {/api/v1/permissions/:id, DELETE} route","timestamp":"2026-05-08T15:01:17.096Z"}
{"context":"RoutesResolver","level":"info","message":"AuthController {/api/v1/auth}:","timestamp":"2026-05-08T15:01:17.096Z"}
{"context":"RouterExplorer","level":"info","message":"Mapped {/api/v1/auth/register, POST} route","timestamp":"2026-05-08T15:01:17.096Z"}
{"context":"RouterExplorer","level":"info","message":"Mapped {/api/v1/auth/login, POST} route","timestamp":"2026-05-08T15:01:17.096Z"}
{"context":"RouterExplorer","level":"info","message":"Mapped {/api/v1/auth/refresh, POST} route","timestamp":"2026-05-08T15:01:17.097Z"}
{"context":"RouterExplorer","level":"info","message":"Mapped {/api/v1/auth/logout, POST} route","timestamp":"2026-05-08T15:01:17.097Z"}
{"context":"RouterExplorer","level":"info","message":"Mapped {/api/v1/auth/me, GET} route","timestamp":"2026-05-08T15:01:17.097Z"}
{"context":"RouterExplorer","level":"info","message":"Mapped {/api/v1/auth/me/password, PATCH} route","timestamp":"2026-05-08T15:01:17.098Z"}
{"context":"RoutesResolver","level":"info","message":"AttributeController {/api/v1/attribute}:","timestamp":"2026-05-08T15:01:17.098Z"}
{"context":"RouterExplorer","level":"info","message":"Mapped {/api/v1/attribute, POST} route","timestamp":"2026-05-08T15:01:17.098Z"}
{"context":"RouterExplorer","level":"info","message":"Mapped {/api/v1/attribute, GET} route","timestamp":"2026-05-08T15:01:17.098Z"}
{"context":"RouterExplorer","level":"info","message":"Mapped {/api/v1/attribute/:id, GET} route","timestamp":"2026-05-08T15:01:17.098Z"}
{"context":"RouterExplorer","level":"info","message":"Mapped {/api/v1/attribute/:id, PATCH} route","timestamp":"2026-05-08T15:01:17.098Z"}
{"context":"RouterExplorer","level":"info","message":"Mapped {/api/v1/attribute/:id, DELETE} route","timestamp":"2026-05-08T15:01:17.099Z"}
{"context":"RoutesResolver","level":"info","message":"DepartmentsController {/api/v1/departments}:","timestamp":"2026-05-08T15:01:17.099Z"}
{"context":"RouterExplorer","level":"info","message":"Mapped {/api/v1/departments, POST} route","timestamp":"2026-05-08T15:01:17.099Z"}
{"context":"RouterExplorer","level":"info","message":"Mapped {/api/v1/departments, GET} route","timestamp":"2026-05-08T15:01:17.099Z"}
{"context":"RouterExplorer","level":"info","message":"Mapped {/api/v1/departments/:id, GET} route","timestamp":"2026-05-08T15:01:17.099Z"}
{"context":"RouterExplorer","level":"info","message":"Mapped {/api/v1/departments/:id, PATCH} route","timestamp":"2026-05-08T15:01:17.099Z"}
{"context":"RouterExplorer","level":"info","message":"Mapped {/api/v1/departments/:id, DELETE} route","timestamp":"2026-05-08T15:01:17.099Z"}
{"context":"RoutesResolver","level":"info","message":"PortsController {/api/v1/ports}:","timestamp":"2026-05-08T15:01:17.100Z"}
{"context":"RouterExplorer","level":"info","message":"Mapped {/api/v1/ports, POST} route","timestamp":"2026-05-08T15:01:17.100Z"}
{"context":"RouterExplorer","level":"info","message":"Mapped {/api/v1/ports, GET} route","timestamp":"2026-05-08T15:01:17.100Z"}
{"context":"RouterExplorer","level":"info","message":"Mapped {/api/v1/ports/:id, GET} route","timestamp":"2026-05-08T15:01:17.100Z"}
{"context":"RouterExplorer","level":"info","message":"Mapped {/api/v1/ports/:id, PATCH} route","timestamp":"2026-05-08T15:01:17.100Z"}
{"context":"RouterExplorer","level":"info","message":"Mapped {/api/v1/ports/:id, DELETE} route","timestamp":"2026-05-08T15:01:17.100Z"}
{"context":"RoutesResolver","level":"info","message":"FilesController {/api/v1/files}:","timestamp":"2026-05-08T15:01:17.100Z"}
{"context":"RouterExplorer","level":"info","message":"Mapped {/api/v1/files, POST} route","timestamp":"2026-05-08T15:01:17.100Z"}
{"context":"RouterExplorer","level":"info","message":"Mapped {/api/v1/files, GET} route","timestamp":"2026-05-08T15:01:17.101Z"}
{"context":"RouterExplorer","level":"info","message":"Mapped {/api/v1/files/:id, GET} route","timestamp":"2026-05-08T15:01:17.101Z"}
{"context":"RouterExplorer","level":"info","message":"Mapped {/api/v1/files/:id, PATCH} route","timestamp":"2026-05-08T15:01:17.101Z"}
{"context":"RouterExplorer","level":"info","message":"Mapped {/api/v1/files/:id, DELETE} route","timestamp":"2026-05-08T15:01:17.101Z"}
{"context":"PrismaService","level":"info","message":"Kết nối database thành công","timestamp":"2026-05-08T15:01:17.140Z"}
{"context":"NestApplication","level":"info","message":"Nest application successfully started","timestamp":"2026-05-08T15:01:17.145Z"}
{"context":"AccessTokenGuard","level":"info","message":"isPublic: true","requestId":"c47ac2c8-bac0-451a-ae17-ffe0a7550228","timestamp":"2026-05-08T15:04:53.684Z"}
{"context":"AccessTokenGuard","level":"info","message":"Public route, skipping authentication","requestId":"c47ac2c8-bac0-451a-ae17-ffe0a7550228","timestamp":"2026-05-08T15:04:53.685Z"}
{"context":"LoggerMiddleware","level":"info","message":"[RequestID: c47ac2c8-bac0-451a-ae17-ffe0a7550228] POST /api/v1/auth/login | Status: 201 | Duration: 90ms | IP: ::1 | UserAgent: Mozilla/5.0 (Windows NT 10.0; Win64; x64) AppleWebKit/537.36 (KHTML, like Gecko) Chrome/147.0.0.0 Safari/537.36","requestId":"c47ac2c8-bac0-451a-ae17-ffe0a7550228","timestamp":"2026-05-08T15:04:53.773Z"}
{"context":"AccessTokenGuard","level":"info","message":"isPublic: undefined","requestId":"0f565b30-90d7-47b9-8669-1a4b4f39a7f6","timestamp":"2026-05-08T15:05:03.136Z"}
{"context":"AccessTokenStrategy","level":"info","message":"user: {\"id\":\"cc6d2974-22cf-4b0b-9590-4b701cfa3c00\",\"username\":\"customer_001\",\"hashed_password\":\"scrypt:61b7465b5cc602c81ecaa66e31f0f570:064a122e33f58ab9bedcc806f62492b81e4451665c71c7dc3a5afd28b63aa6017713b59fb84dc9594c530b3bbe79c2bf5c738ae510f3152bf09f34a3b6d02482\",\"displayName\":\"Nguyễn Văn A\",\"token_version\":5,\"isActive\":true,\"createdAt\":\"2026-05-03T15:37:18.203Z\",\"updatedAt\":\"2026-05-04T09:10:04.759Z\",\"deletedAt\":null,\"roles\":[{\"user_id\":\"cc6d2974-22cf-4b0b-9590-4b701cfa3c00\",\"role_id\":\"4dd71768-1887-4879-9716-dab5dcddbebe\",\"assignedAt\":\"2026-05-06T11:53:17.723Z\",\"role\":{\"id\":\"4dd71768-1887-4879-9716-dab5dcddbebe\",\"name\":\"admin\",\"description\":\"Full system access\",\"permissions\":[{\"role_id\":\"4dd71768-1887-4879-9716-dab5dcddbebe\",\"permission_id\":\"7b2752ff-795f-49c6-abc7-d874550df97c\",\"permission\":{\"action\":\"read\",\"subject\":\"Department\",\"conditions\":[]}},{\"role_id\":\"4dd71768-1887-4879-9716-dab5dcddbebe\",\"permission_id\":\"d34ddd4b-bfe0-4f38-871c-5fe3c0f25c57\",\"permission\":{\"action\":\"create\",\"subject\":\"Department\",\"conditions\":[]}},{\"role_id\":\"4dd71768-1887-4879-9716-dab5dcddbebe\",\"permission_id\":\"a7c583f2-d8cf-4734-9113-c98e6c838ab8\",\"permission\":{\"action\":\"update\",\"subject\":\"Department\",\"conditions\":[]}},{\"role_id\":\"4dd71768-1887-4879-9716-dab5dcddbebe\",\"permission_id\":\"14b80590-7ca4-4131-9560-8d58349e74eb\",\"permission\":{\"action\":\"delete\",\"subject\":\"Department\",\"conditions\":[{\"conditions\":{\"end\":\"17:00\",\"type\":\"business_hours\",\"start\":\"08:00\"},\"attribute\":{\"name\":\"time\"}}]}},{\"role_id\":\"4dd71768-1887-4879-9716-dab5dcddbebe\",\"permission_id\":\"84f07ad6-e304-4f43-951d-e8c8eb599352\",\"permission\":{\"action\":\"read\",\"subject\":\"Port\",\"conditions\":[]}},{\"role_id\":\"4dd71768-1887-4879-9716-dab5dcddbebe\",\"permission_id\":\"be2db210-da42-4ec9-888d-3a0858978431\",\"permission\":{\"action\":\"create\",\"subject\":\"Port\",\"conditions\":[]}},{\"role_id\":\"4dd71768-1887-4879-9716-dab5dcddbebe\",\"permission_id\":\"7d8ec69e-467e-4f8e-a389-fa6ca6e256ed\",\"permission\":{\"action\":\"update\",\"subject\":\"Port\",\"conditions\":[]}},{\"role_id\":\"4dd71768-1887-4879-9716-dab5dcddbebe\",\"permission_id\":\"4f3bd475-3290-4ab8-982f-4dd670cb649c\",\"permission\":{\"action\":\"delete\",\"subject\":\"Port\",\"conditions\":[]}},{\"role_id\":\"4dd71768-1887-4879-9716-dab5dcddbebe\",\"permission_id\":\"35d0dcaf-8b47-4333-b402-a91709e0fc31\",\"permission\":{\"action\":\"read\",\"subject\":\"File\",\"conditions\":[]}},{\"role_id\":\"4dd71768-1887-4879-9716-dab5dcddbebe\",\"permission_id\":\"e57bb9e8-ae84-4eaa-8022-c6a84281aaff\",\"permission\":{\"action\":\"create\",\"subject\":\"File\",\"conditions\":[]}},{\"role_id\":\"4dd71768-1887-4879-9716-dab5dcddbebe\",\"permission_id\":\"160ace45-3feb-4708-8eae-92a7b94b01f9\",\"permission\":{\"action\":\"delete\",\"subject\":\"File\",\"conditions\":[]}},{\"role_id\":\"4dd71768-1887-4879-9716-dab5dcddbebe\",\"permission_id\":\"31f694c5-76a4-4e2a-803d-9a9ea0e4ef63\",\"permission\":{\"action\":\"read\",\"subject\":\"IPWhitelist\",\"conditions\":[]}},{\"role_id\":\"4dd71768-1887-4879-9716-dab5dcddbebe\",\"permission_id\":\"ceac5cb1-ebc6-46c1-9d1e-efa0ace039db\",\"permission\":{\"action\":\"create\",\"subject\":\"IPWhitelist\",\"conditions\":[]}},{\"role_id\":\"4dd71768-1887-4879-9716-dab5dcddbebe\",\"permission_id\":\"3b21ac56-b1e9-4ad2-9ee9-d7a342829903\",\"permission\":{\"action\":\"delete\",\"subject\":\"IPWhitelist\",\"conditions\":[]}}]}}]}","requestId":"0f565b30-90d7-47b9-8669-1a4b4f39a7f6","timestamp":"2026-05-08T15:05:03.151Z"}
{"context":"AuthService","level":"info","message":"payload: {\"id\":\"cc6d2974-22cf-4b0b-9590-4b701cfa3c00\",\"username\":\"customer_001\",\"hashed_password\":\"scrypt:61b7465b5cc602c81ecaa66e31f0f570:064a122e33f58ab9bedcc806f62492b81e4451665c71c7dc3a5afd28b63aa6017713b59fb84dc9594c530b3bbe79c2bf5c738ae510f3152bf09f34a3b6d02482\",\"displayName\":\"Nguyễn Văn A\",\"token_version\":5,\"isActive\":true,\"createdAt\":\"2026-05-03T15:37:18.203Z\",\"updatedAt\":\"2026-05-04T09:10:04.759Z\",\"deletedAt\":null,\"roles\":[{\"user_id\":\"cc6d2974-22cf-4b0b-9590-4b701cfa3c00\",\"role_id\":\"4dd71768-1887-4879-9716-dab5dcddbebe\",\"assignedAt\":\"2026-05-06T11:53:17.723Z\",\"role\":{\"id\":\"4dd71768-1887-4879-9716-dab5dcddbebe\",\"name\":\"admin\",\"description\":\"Full system access\",\"permissions\":[{\"role_id\":\"4dd71768-1887-4879-9716-dab5dcddbebe\",\"permission_id\":\"7b2752ff-795f-49c6-abc7-d874550df97c\",\"permission\":{\"action\":\"read\",\"subject\":\"Department\",\"conditions\":[]}},{\"role_id\":\"4dd71768-1887-4879-9716-dab5dcddbebe\",\"permission_id\":\"d34ddd4b-bfe0-4f38-871c-5fe3c0f25c57\",\"permission\":{\"action\":\"create\",\"subject\":\"Department\",\"conditions\":[]}},{\"role_id\":\"4dd71768-1887-4879-9716-dab5dcddbebe\",\"permission_id\":\"a7c583f2-d8cf-4734-9113-c98e6c838ab8\",\"permission\":{\"action\":\"update\",\"subject\":\"Department\",\"conditions\":[]}},{\"role_id\":\"4dd71768-1887-4879-9716-dab5dcddbebe\",\"permission_id\":\"14b80590-7ca4-4131-9560-8d58349e74eb\",\"permission\":{\"action\":\"delete\",\"subject\":\"Department\",\"conditions\":[{\"conditions\":{\"end\":\"17:00\",\"type\":\"business_hours\",\"start\":\"08:00\"},\"attribute\":{\"name\":\"time\"}}]}},{\"role_id\":\"4dd71768-1887-4879-9716-dab5dcddbebe\",\"permission_id\":\"84f07ad6-e304-4f43-951d-e8c8eb599352\",\"permission\":{\"action\":\"read\",\"subject\":\"Port\",\"conditions\":[]}},{\"role_id\":\"4dd71768-1887-4879-9716-dab5dcddbebe\",\"permission_id\":\"be2db210-da42-4ec9-888d-3a0858978431\",\"permission\":{\"action\":\"create\",\"subject\":\"Port\",\"conditions\":[]}},{\"role_id\":\"4dd71768-1887-4879-9716-dab5dcddbebe\",\"permission_id\":\"7d8ec69e-467e-4f8e-a389-fa6ca6e256ed\",\"permission\":{\"action\":\"update\",\"subject\":\"Port\",\"conditions\":[]}},{\"role_id\":\"4dd71768-1887-4879-9716-dab5dcddbebe\",\"permission_id\":\"4f3bd475-3290-4ab8-982f-4dd670cb649c\",\"permission\":{\"action\":\"delete\",\"subject\":\"Port\",\"conditions\":[]}},{\"role_id\":\"4dd71768-1887-4879-9716-dab5dcddbebe\",\"permission_id\":\"35d0dcaf-8b47-4333-b402-a91709e0fc31\",\"permission\":{\"action\":\"read\",\"subject\":\"File\",\"conditions\":[]}},{\"role_id\":\"4dd71768-1887-4879-9716-dab5dcddbebe\",\"permission_id\":\"e57bb9e8-ae84-4eaa-8022-c6a84281aaff\",\"permission\":{\"action\":\"create\",\"subject\":\"File\",\"conditions\":[]}},{\"role_id\":\"4dd71768-1887-4879-9716-dab5dcddbebe\",\"permission_id\":\"160ace45-3feb-4708-8eae-92a7b94b01f9\",\"permission\":{\"action\":\"delete\",\"subject\":\"File\",\"conditions\":[]}},{\"role_id\":\"4dd71768-1887-4879-9716-dab5dcddbebe\",\"permission_id\":\"31f694c5-76a4-4e2a-803d-9a9ea0e4ef63\",\"permission\":{\"action\":\"read\",\"subject\":\"IPWhitelist\",\"conditions\":[]}},{\"role_id\":\"4dd71768-1887-4879-9716-dab5dcddbebe\",\"permission_id\":\"ceac5cb1-ebc6-46c1-9d1e-efa0ace039db\",\"permission\":{\"action\":\"create\",\"subject\":\"IPWhitelist\",\"conditions\":[]}},{\"role_id\":\"4dd71768-1887-4879-9716-dab5dcddbebe\",\"permission_id\":\"3b21ac56-b1e9-4ad2-9ee9-d7a342829903\",\"permission\":{\"action\":\"delete\",\"subject\":\"IPWhitelist\",\"conditions\":[]}}]}}]}","requestId":"0f565b30-90d7-47b9-8669-1a4b4f39a7f6","timestamp":"2026-05-08T15:05:03.152Z"}
{"context":"AuthService","level":"info","message":"user: {\"id\":\"cc6d2974-22cf-4b0b-9590-4b701cfa3c00\",\"displayName\":\"Nguyễn Văn A\",\"roles\":[{\"role\":{\"name\":\"admin\",\"permissions\":[{\"permission\":{\"action\":\"read\",\"subject\":\"Department\",\"conditions\":[]}},{\"permission\":{\"action\":\"create\",\"subject\":\"Department\",\"conditions\":[]}},{\"permission\":{\"action\":\"update\",\"subject\":\"Department\",\"conditions\":[]}},{\"permission\":{\"action\":\"delete\",\"subject\":\"Department\",\"conditions\":[{\"conditions\":{\"end\":\"17:00\",\"type\":\"business_hours\",\"start\":\"08:00\"},\"attribute\":{\"name\":\"time\"}}]}},{\"permission\":{\"action\":\"read\",\"subject\":\"Port\",\"conditions\":[]}},{\"permission\":{\"action\":\"create\",\"subject\":\"Port\",\"conditions\":[]}},{\"permission\":{\"action\":\"update\",\"subject\":\"Port\",\"conditions\":[]}},{\"permission\":{\"action\":\"delete\",\"subject\":\"Port\",\"conditions\":[]}},{\"permission\":{\"action\":\"read\",\"subject\":\"File\",\"conditions\":[]}},{\"permission\":{\"action\":\"create\",\"subject\":\"File\",\"conditions\":[]}},{\"permission\":{\"action\":\"delete\",\"subject\":\"File\",\"conditions\":[]}},{\"permission\":{\"action\":\"read\",\"subject\":\"IPWhitelist\",\"conditions\":[]}},{\"permission\":{\"action\":\"create\",\"subject\":\"IPWhitelist\",\"conditions\":[]}},{\"permission\":{\"action\":\"delete\",\"subject\":\"IPWhitelist\",\"conditions\":[]}}]}}]}","requestId":"0f565b30-90d7-47b9-8669-1a4b4f39a7f6","timestamp":"2026-05-08T15:05:03.158Z"}
{"context":"LoggerMiddleware","level":"info","message":"[RequestID: 0f565b30-90d7-47b9-8669-1a4b4f39a7f6] GET /api/v1/auth/me | Status: 304 | Duration: 24ms | IP: ::1 | UserAgent: Mozilla/5.0 (Windows NT 10.0; Win64; x64) AppleWebKit/537.36 (KHTML, like Gecko) Chrome/147.0.0.0 Safari/537.36","requestId":"0f565b30-90d7-47b9-8669-1a4b4f39a7f6","timestamp":"2026-05-08T15:05:03.159Z"}
{"context":"AccessTokenGuard","level":"info","message":"isPublic: true","requestId":"61fef08b-0ced-4682-8907-19714486803f","timestamp":"2026-05-08T15:05:11.918Z"}
{"context":"AccessTokenGuard","level":"info","message":"Public route, skipping authentication","requestId":"61fef08b-0ced-4682-8907-19714486803f","timestamp":"2026-05-08T15:05:11.919Z"}
{"context":"LoggerMiddleware","level":"warn","message":"[RequestID: 61fef08b-0ced-4682-8907-19714486803f] POST /api/v1/auth/refresh | Status: 401 | Duration: 2ms | IP: ::1 | UserAgent: Mozilla/5.0 (Windows NT 10.0; Win64; x64) AppleWebKit/537.36 (KHTML, like Gecko) Chrome/147.0.0.0 Safari/537.36","requestId":"61fef08b-0ced-4682-8907-19714486803f","timestamp":"2026-05-08T15:05:11.920Z"}
{"context":"AccessTokenGuard","level":"info","message":"isPublic: true","requestId":"d74588ca-d662-44e2-be6b-72dbb7ef47d7","timestamp":"2026-05-08T15:05:23.447Z"}
{"context":"AccessTokenGuard","level":"info","message":"Public route, skipping authentication","requestId":"d74588ca-d662-44e2-be6b-72dbb7ef47d7","timestamp":"2026-05-08T15:05:23.447Z"}
{"context":"LoggerMiddleware","level":"warn","message":"[RequestID: d74588ca-d662-44e2-be6b-72dbb7ef47d7] POST /api/v1/auth/refresh | Status: 401 | Duration: 1ms | IP: ::1 | UserAgent: Mozilla/5.0 (Windows NT 10.0; Win64; x64) AppleWebKit/537.36 (KHTML, like Gecko) Chrome/147.0.0.0 Safari/537.36","requestId":"d74588ca-d662-44e2-be6b-72dbb7ef47d7","timestamp":"2026-05-08T15:05:23.448Z"}
{"context":"AccessTokenGuard","level":"info","message":"isPublic: true","requestId":"2df5c271-ff76-42e9-ba55-c1ab8e7e9828","timestamp":"2026-05-08T15:06:01.285Z"}
{"context":"AccessTokenGuard","level":"info","message":"Public route, skipping authentication","requestId":"2df5c271-ff76-42e9-ba55-c1ab8e7e9828","timestamp":"2026-05-08T15:06:01.285Z"}
{"context":"LoggerMiddleware","level":"info","message":"[RequestID: 2df5c271-ff76-42e9-ba55-c1ab8e7e9828] POST /api/v1/auth/login | Status: 201 | Duration: 62ms | IP: ::1 | UserAgent: Mozilla/5.0 (Windows NT 10.0; Win64; x64) AppleWebKit/537.36 (KHTML, like Gecko) Chrome/147.0.0.0 Safari/537.36","requestId":"2df5c271-ff76-42e9-ba55-c1ab8e7e9828","timestamp":"2026-05-08T15:06:01.346Z"}
{"context":"AccessTokenGuard","level":"info","message":"isPublic: true","requestId":"05c25c2d-2c14-4b87-bd3b-65470a7b357f","timestamp":"2026-05-08T15:07:04.995Z"}
{"context":"AccessTokenGuard","level":"info","message":"Public route, skipping authentication","requestId":"05c25c2d-2c14-4b87-bd3b-65470a7b357f","timestamp":"2026-05-08T15:07:04.995Z"}
{"context":"LoggerMiddleware","level":"info","message":"[RequestID: 05c25c2d-2c14-4b87-bd3b-65470a7b357f] POST /api/v1/auth/login | Status: 201 | Duration: 42ms | IP: ::1 | UserAgent: Mozilla/5.0 (Windows NT 10.0; Win64; x64) AppleWebKit/537.36 (KHTML, like Gecko) Chrome/147.0.0.0 Safari/537.36","requestId":"05c25c2d-2c14-4b87-bd3b-65470a7b357f","timestamp":"2026-05-08T15:07:05.037Z"}
{"level":"info","message":"Khởi tạo ứng dụng...","timestamp":"2026-05-08T15:07:53.647Z"}
{"context":"NestFactory","level":"info","message":"Starting Nest application...","timestamp":"2026-05-08T15:07:53.718Z"}
{"context":"InstanceLoader","level":"info","message":"PassportModule dependencies initialized","timestamp":"2026-05-08T15:07:53.725Z"}
{"context":"InstanceLoader","level":"info","message":"ConfigHostModule dependencies initialized","timestamp":"2026-05-08T15:07:53.726Z"}
{"context":"InstanceLoader","level":"info","message":"AppModule dependencies initialized","timestamp":"2026-05-08T15:07:53.726Z"}
{"context":"PrismaService","level":"info","message":"🔌 Prisma Connection String: postgresql://admin:******@localhost:5433/kyc_asset_db?schema=public","timestamp":"2026-05-08T15:07:53.729Z"}
{"context":"InstanceLoader","level":"info","message":"PortsModule dependencies initialized","timestamp":"2026-05-08T15:07:53.730Z"}
{"context":"InstanceLoader","level":"info","message":"FilesModule dependencies initialized","timestamp":"2026-05-08T15:07:53.730Z"}
{"context":"InstanceLoader","level":"info","message":"ConfigModule dependencies initialized","timestamp":"2026-05-08T15:07:53.730Z"}
{"context":"InstanceLoader","level":"info","message":"CommonModule dependencies initialized","timestamp":"2026-05-08T15:07:53.731Z"}
{"context":"InstanceLoader","level":"info","message":"JwtModule dependencies initialized","timestamp":"2026-05-08T15:07:53.731Z"}
{"context":"InstanceLoader","level":"info","message":"PrismaModule dependencies initialized","timestamp":"2026-05-08T15:07:53.731Z"}
{"context":"InstanceLoader","level":"info","message":"WhitelistIpModule dependencies initialized","timestamp":"2026-05-08T15:07:53.733Z"}
{"context":"InstanceLoader","level":"info","message":"AttributeModule dependencies initialized","timestamp":"2026-05-08T15:07:53.733Z"}
{"context":"InstanceLoader","level":"info","message":"DepartmentsModule dependencies initialized","timestamp":"2026-05-08T15:07:53.733Z"}
{"context":"InstanceLoader","level":"info","message":"UsersModule dependencies initialized","timestamp":"2026-05-08T15:07:53.733Z"}
{"context":"InstanceLoader","level":"info","message":"RolesModule dependencies initialized","timestamp":"2026-05-08T15:07:53.733Z"}
{"context":"InstanceLoader","level":"info","message":"PermissionsModule dependencies initialized","timestamp":"2026-05-08T15:07:53.733Z"}
{"context":"InstanceLoader","level":"info","message":"AuthModule dependencies initialized","timestamp":"2026-05-08T15:07:53.733Z"}
{"context":"LegacyRouteConverter","level":"warn","message":"Unsupported route path: \"/api/v1/*\". In previous versions, the symbols ?, *, and + were used to denote optional or repeating path parameters. The latest version of \"path-to-regexp\" now requires the use of named parameters. For example, instead of using a route like /users/* to capture all routes starting with \"/users\", you should use /users/*path. For more details, refer to the migration guide. Attempting to auto-convert...","timestamp":"2026-05-08T15:07:53.757Z"}
{"context":"RoutesResolver","level":"info","message":"AppController {/api/v1/ping}:","timestamp":"2026-05-08T15:07:53.758Z"}
{"context":"RouterExplorer","level":"info","message":"Mapped {/api/v1/ping, GET} route","timestamp":"2026-05-08T15:07:53.759Z"}
{"context":"RoutesResolver","level":"info","message":"UsersController {/api/v1/users}:","timestamp":"2026-05-08T15:07:53.759Z"}
{"context":"RouterExplorer","level":"info","message":"Mapped {/api/v1/users, POST} route","timestamp":"2026-05-08T15:07:53.759Z"}
{"context":"RouterExplorer","level":"info","message":"Mapped {/api/v1/users, GET} route","timestamp":"2026-05-08T15:07:53.760Z"}
{"context":"RouterExplorer","level":"info","message":"Mapped {/api/v1/users/:id, GET} route","timestamp":"2026-05-08T15:07:53.760Z"}
{"context":"RouterExplorer","level":"info","message":"Mapped {/api/v1/users/:id, PATCH} route","timestamp":"2026-05-08T15:07:53.760Z"}
{"context":"RouterExplorer","level":"info","message":"Mapped {/api/v1/users/:id, DELETE} route","timestamp":"2026-05-08T15:07:53.761Z"}
{"context":"RoutesResolver","level":"info","message":"WhitelistIpController {/api/v1/whitelist-ip}:","timestamp":"2026-05-08T15:07:53.761Z"}
{"context":"RouterExplorer","level":"info","message":"Mapped {/api/v1/whitelist-ip, POST} route","timestamp":"2026-05-08T15:07:53.761Z"}
{"context":"RouterExplorer","level":"info","message":"Mapped {/api/v1/whitelist-ip, GET} route","timestamp":"2026-05-08T15:07:53.762Z"}
{"context":"RouterExplorer","level":"info","message":"Mapped {/api/v1/whitelist-ip/:id, GET} route","timestamp":"2026-05-08T15:07:53.762Z"}
{"context":"RouterExplorer","level":"info","message":"Mapped {/api/v1/whitelist-ip/:id, PATCH} route","timestamp":"2026-05-08T15:07:53.762Z"}
{"context":"RouterExplorer","level":"info","message":"Mapped {/api/v1/whitelist-ip/:id, DELETE} route","timestamp":"2026-05-08T15:07:53.762Z"}
{"context":"RoutesResolver","level":"info","message":"RolesController {/api/v1/roles}:","timestamp":"2026-05-08T15:07:53.763Z"}
{"context":"RouterExplorer","level":"info","message":"Mapped {/api/v1/roles, POST} route","timestamp":"2026-05-08T15:07:53.763Z"}
{"context":"RouterExplorer","level":"info","message":"Mapped {/api/v1/roles, GET} route","timestamp":"2026-05-08T15:07:53.763Z"}
{"context":"RouterExplorer","level":"info","message":"Mapped {/api/v1/roles/:id, GET} route","timestamp":"2026-05-08T15:07:53.763Z"}
{"context":"RouterExplorer","level":"info","message":"Mapped {/api/v1/roles/:id, PATCH} route","timestamp":"2026-05-08T15:07:53.763Z"}
{"context":"RouterExplorer","level":"info","message":"Mapped {/api/v1/roles/:id, DELETE} route","timestamp":"2026-05-08T15:07:53.764Z"}
{"context":"RoutesResolver","level":"info","message":"PermissionsController {/api/v1/permissions}:","timestamp":"2026-05-08T15:07:53.764Z"}
{"context":"RouterExplorer","level":"info","message":"Mapped {/api/v1/permissions, POST} route","timestamp":"2026-05-08T15:07:53.764Z"}
{"context":"RouterExplorer","level":"info","message":"Mapped {/api/v1/permissions, GET} route","timestamp":"2026-05-08T15:07:53.764Z"}
{"context":"RouterExplorer","level":"info","message":"Mapped {/api/v1/permissions/:id, PATCH} route","timestamp":"2026-05-08T15:07:53.764Z"}
{"context":"RouterExplorer","level":"info","message":"Mapped {/api/v1/permissions/:id, DELETE} route","timestamp":"2026-05-08T15:07:53.764Z"}
{"context":"RoutesResolver","level":"info","message":"AuthController {/api/v1/auth}:","timestamp":"2026-05-08T15:07:53.764Z"}
{"context":"RouterExplorer","level":"info","message":"Mapped {/api/v1/auth/register, POST} route","timestamp":"2026-05-08T15:07:53.765Z"}
{"context":"RouterExplorer","level":"info","message":"Mapped {/api/v1/auth/login, POST} route","timestamp":"2026-05-08T15:07:53.765Z"}
{"context":"RouterExplorer","level":"info","message":"Mapped {/api/v1/auth/refresh, POST} route","timestamp":"2026-05-08T15:07:53.765Z"}
{"context":"RouterExplorer","level":"info","message":"Mapped {/api/v1/auth/logout, POST} route","timestamp":"2026-05-08T15:07:53.765Z"}
{"context":"RouterExplorer","level":"info","message":"Mapped {/api/v1/auth/me, GET} route","timestamp":"2026-05-08T15:07:53.765Z"}
{"context":"RouterExplorer","level":"info","message":"Mapped {/api/v1/auth/me/password, PATCH} route","timestamp":"2026-05-08T15:07:53.765Z"}
{"context":"RoutesResolver","level":"info","message":"AttributeController {/api/v1/attribute}:","timestamp":"2026-05-08T15:07:53.766Z"}
{"context":"RouterExplorer","level":"info","message":"Mapped {/api/v1/attribute, POST} route","timestamp":"2026-05-08T15:07:53.766Z"}
{"context":"RouterExplorer","level":"info","message":"Mapped {/api/v1/attribute, GET} route","timestamp":"2026-05-08T15:07:53.766Z"}
{"context":"RouterExplorer","level":"info","message":"Mapped {/api/v1/attribute/:id, GET} route","timestamp":"2026-05-08T15:07:53.766Z"}
{"context":"RouterExplorer","level":"info","message":"Mapped {/api/v1/attribute/:id, PATCH} route","timestamp":"2026-05-08T15:07:53.766Z"}
{"context":"RouterExplorer","level":"info","message":"Mapped {/api/v1/attribute/:id, DELETE} route","timestamp":"2026-05-08T15:07:53.766Z"}
{"context":"RoutesResolver","level":"info","message":"DepartmentsController {/api/v1/departments}:","timestamp":"2026-05-08T15:07:53.766Z"}
{"context":"RouterExplorer","level":"info","message":"Mapped {/api/v1/departments, POST} route","timestamp":"2026-05-08T15:07:53.767Z"}
{"context":"RouterExplorer","level":"info","message":"Mapped {/api/v1/departments, GET} route","timestamp":"2026-05-08T15:07:53.767Z"}
{"context":"RouterExplorer","level":"info","message":"Mapped {/api/v1/departments/:id, GET} route","timestamp":"2026-05-08T15:07:53.767Z"}
{"context":"RouterExplorer","level":"info","message":"Mapped {/api/v1/departments/:id, PATCH} route","timestamp":"2026-05-08T15:07:53.767Z"}
{"context":"RouterExplorer","level":"info","message":"Mapped {/api/v1/departments/:id, DELETE} route","timestamp":"2026-05-08T15:07:53.767Z"}
{"context":"RoutesResolver","level":"info","message":"PortsController {/api/v1/ports}:","timestamp":"2026-05-08T15:07:53.767Z"}
{"context":"RouterExplorer","level":"info","message":"Mapped {/api/v1/ports, POST} route","timestamp":"2026-05-08T15:07:53.767Z"}
{"context":"RouterExplorer","level":"info","message":"Mapped {/api/v1/ports, GET} route","timestamp":"2026-05-08T15:07:53.767Z"}
{"context":"RouterExplorer","level":"info","message":"Mapped {/api/v1/ports/:id, GET} route","timestamp":"2026-05-08T15:07:53.768Z"}
{"context":"RouterExplorer","level":"info","message":"Mapped {/api/v1/ports/:id, PATCH} route","timestamp":"2026-05-08T15:07:53.768Z"}
{"context":"RouterExplorer","level":"info","message":"Mapped {/api/v1/ports/:id, DELETE} route","timestamp":"2026-05-08T15:07:53.768Z"}
{"context":"RoutesResolver","level":"info","message":"FilesController {/api/v1/files}:","timestamp":"2026-05-08T15:07:53.768Z"}
{"context":"RouterExplorer","level":"info","message":"Mapped {/api/v1/files, POST} route","timestamp":"2026-05-08T15:07:53.768Z"}
{"context":"RouterExplorer","level":"info","message":"Mapped {/api/v1/files, GET} route","timestamp":"2026-05-08T15:07:53.768Z"}
{"context":"RouterExplorer","level":"info","message":"Mapped {/api/v1/files/:id, GET} route","timestamp":"2026-05-08T15:07:53.768Z"}
{"context":"RouterExplorer","level":"info","message":"Mapped {/api/v1/files/:id, PATCH} route","timestamp":"2026-05-08T15:07:53.769Z"}
{"context":"RouterExplorer","level":"info","message":"Mapped {/api/v1/files/:id, DELETE} route","timestamp":"2026-05-08T15:07:53.769Z"}
{"context":"PrismaService","level":"info","message":"Kết nối database thành công","timestamp":"2026-05-08T15:07:53.815Z"}
{"context":"NestApplication","level":"info","message":"Nest application successfully started","timestamp":"2026-05-08T15:07:53.821Z"}
{"level":"info","message":"Khởi tạo ứng dụng...","timestamp":"2026-05-08T15:07:58.383Z"}
{"context":"NestFactory","level":"info","message":"Starting Nest application...","timestamp":"2026-05-08T15:07:58.465Z"}
{"context":"InstanceLoader","level":"info","message":"PassportModule dependencies initialized","timestamp":"2026-05-08T15:07:58.475Z"}
{"context":"InstanceLoader","level":"info","message":"ConfigHostModule dependencies initialized","timestamp":"2026-05-08T15:07:58.476Z"}
{"context":"InstanceLoader","level":"info","message":"AppModule dependencies initialized","timestamp":"2026-05-08T15:07:58.476Z"}
{"context":"PrismaService","level":"info","message":"🔌 Prisma Connection String: postgresql://admin:******@localhost:5433/kyc_asset_db?schema=public","timestamp":"2026-05-08T15:07:58.479Z"}
{"context":"InstanceLoader","level":"info","message":"PortsModule dependencies initialized","timestamp":"2026-05-08T15:07:58.480Z"}
{"context":"InstanceLoader","level":"info","message":"FilesModule dependencies initialized","timestamp":"2026-05-08T15:07:58.480Z"}
{"context":"InstanceLoader","level":"info","message":"ConfigModule dependencies initialized","timestamp":"2026-05-08T15:07:58.481Z"}
{"context":"InstanceLoader","level":"info","message":"CommonModule dependencies initialized","timestamp":"2026-05-08T15:07:58.481Z"}
{"context":"InstanceLoader","level":"info","message":"JwtModule dependencies initialized","timestamp":"2026-05-08T15:07:58.482Z"}
{"context":"InstanceLoader","level":"info","message":"PrismaModule dependencies initialized","timestamp":"2026-05-08T15:07:58.482Z"}
{"context":"InstanceLoader","level":"info","message":"WhitelistIpModule dependencies initialized","timestamp":"2026-05-08T15:07:58.484Z"}
{"context":"InstanceLoader","level":"info","message":"AttributeModule dependencies initialized","timestamp":"2026-05-08T15:07:58.485Z"}
{"context":"InstanceLoader","level":"info","message":"DepartmentsModule dependencies initialized","timestamp":"2026-05-08T15:07:58.485Z"}
{"context":"InstanceLoader","level":"info","message":"UsersModule dependencies initialized","timestamp":"2026-05-08T15:07:58.485Z"}
{"context":"InstanceLoader","level":"info","message":"RolesModule dependencies initialized","timestamp":"2026-05-08T15:07:58.485Z"}
{"context":"InstanceLoader","level":"info","message":"PermissionsModule dependencies initialized","timestamp":"2026-05-08T15:07:58.486Z"}
{"context":"InstanceLoader","level":"info","message":"AuthModule dependencies initialized","timestamp":"2026-05-08T15:07:58.486Z"}
{"context":"LegacyRouteConverter","level":"warn","message":"Unsupported route path: \"/api/v1/*\". In previous versions, the symbols ?, *, and + were used to denote optional or repeating path parameters. The latest version of \"path-to-regexp\" now requires the use of named parameters. For example, instead of using a route like /users/* to capture all routes starting with \"/users\", you should use /users/*path. For more details, refer to the migration guide. Attempting to auto-convert...","timestamp":"2026-05-08T15:07:58.517Z"}
{"context":"RoutesResolver","level":"info","message":"AppController {/api/v1/ping}:","timestamp":"2026-05-08T15:07:58.518Z"}
{"context":"RouterExplorer","level":"info","message":"Mapped {/api/v1/ping, GET} route","timestamp":"2026-05-08T15:07:58.519Z"}
{"context":"RoutesResolver","level":"info","message":"UsersController {/api/v1/users}:","timestamp":"2026-05-08T15:07:58.519Z"}
{"context":"RouterExplorer","level":"info","message":"Mapped {/api/v1/users, POST} route","timestamp":"2026-05-08T15:07:58.520Z"}
{"context":"RouterExplorer","level":"info","message":"Mapped {/api/v1/users, GET} route","timestamp":"2026-05-08T15:07:58.520Z"}
{"context":"RouterExplorer","level":"info","message":"Mapped {/api/v1/users/:id, GET} route","timestamp":"2026-05-08T15:07:58.520Z"}
{"context":"RouterExplorer","level":"info","message":"Mapped {/api/v1/users/:id, PATCH} route","timestamp":"2026-05-08T15:07:58.521Z"}
{"context":"RouterExplorer","level":"info","message":"Mapped {/api/v1/users/:id, DELETE} route","timestamp":"2026-05-08T15:07:58.521Z"}
{"context":"RoutesResolver","level":"info","message":"WhitelistIpController {/api/v1/whitelist-ip}:","timestamp":"2026-05-08T15:07:58.522Z"}
{"context":"RouterExplorer","level":"info","message":"Mapped {/api/v1/whitelist-ip, POST} route","timestamp":"2026-05-08T15:07:58.522Z"}
{"context":"RouterExplorer","level":"info","message":"Mapped {/api/v1/whitelist-ip, GET} route","timestamp":"2026-05-08T15:07:58.522Z"}
{"context":"RouterExplorer","level":"info","message":"Mapped {/api/v1/whitelist-ip/:id, GET} route","timestamp":"2026-05-08T15:07:58.523Z"}
{"context":"RouterExplorer","level":"info","message":"Mapped {/api/v1/whitelist-ip/:id, PATCH} route","timestamp":"2026-05-08T15:07:58.523Z"}
{"context":"RouterExplorer","level":"info","message":"Mapped {/api/v1/whitelist-ip/:id, DELETE} route","timestamp":"2026-05-08T15:07:58.524Z"}
{"context":"RoutesResolver","level":"info","message":"RolesController {/api/v1/roles}:","timestamp":"2026-05-08T15:07:58.524Z"}
{"context":"RouterExplorer","level":"info","message":"Mapped {/api/v1/roles, POST} route","timestamp":"2026-05-08T15:07:58.524Z"}
{"context":"RouterExplorer","level":"info","message":"Mapped {/api/v1/roles, GET} route","timestamp":"2026-05-08T15:07:58.524Z"}
{"context":"RouterExplorer","level":"info","message":"Mapped {/api/v1/roles/:id, GET} route","timestamp":"2026-05-08T15:07:58.525Z"}
{"context":"RouterExplorer","level":"info","message":"Mapped {/api/v1/roles/:id, PATCH} route","timestamp":"2026-05-08T15:07:58.525Z"}
{"context":"RouterExplorer","level":"info","message":"Mapped {/api/v1/roles/:id, DELETE} route","timestamp":"2026-05-08T15:07:58.525Z"}
{"context":"RoutesResolver","level":"info","message":"PermissionsController {/api/v1/permissions}:","timestamp":"2026-05-08T15:07:58.525Z"}
{"context":"RouterExplorer","level":"info","message":"Mapped {/api/v1/permissions, POST} route","timestamp":"2026-05-08T15:07:58.526Z"}
{"context":"RouterExplorer","level":"info","message":"Mapped {/api/v1/permissions, GET} route","timestamp":"2026-05-08T15:07:58.526Z"}
{"context":"RouterExplorer","level":"info","message":"Mapped {/api/v1/permissions/:id, PATCH} route","timestamp":"2026-05-08T15:07:58.526Z"}
{"context":"RouterExplorer","level":"info","message":"Mapped {/api/v1/permissions/:id, DELETE} route","timestamp":"2026-05-08T15:07:58.526Z"}
{"context":"RoutesResolver","level":"info","message":"AuthController {/api/v1/auth}:","timestamp":"2026-05-08T15:07:58.527Z"}
{"context":"RouterExplorer","level":"info","message":"Mapped {/api/v1/auth/register, POST} route","timestamp":"2026-05-08T15:07:58.527Z"}
{"context":"RouterExplorer","level":"info","message":"Mapped {/api/v1/auth/login, POST} route","timestamp":"2026-05-08T15:07:58.527Z"}
{"context":"RouterExplorer","level":"info","message":"Mapped {/api/v1/auth/refresh, POST} route","timestamp":"2026-05-08T15:07:58.528Z"}
{"context":"RouterExplorer","level":"info","message":"Mapped {/api/v1/auth/logout, POST} route","timestamp":"2026-05-08T15:07:58.528Z"}
{"context":"RouterExplorer","level":"info","message":"Mapped {/api/v1/auth/me, GET} route","timestamp":"2026-05-08T15:07:58.528Z"}
{"context":"RouterExplorer","level":"info","message":"Mapped {/api/v1/auth/me/password, PATCH} route","timestamp":"2026-05-08T15:07:58.529Z"}
{"context":"RoutesResolver","level":"info","message":"AttributeController {/api/v1/attribute}:","timestamp":"2026-05-08T15:07:58.529Z"}
{"context":"RouterExplorer","level":"info","message":"Mapped {/api/v1/attribute, POST} route","timestamp":"2026-05-08T15:07:58.529Z"}
{"context":"RouterExplorer","level":"info","message":"Mapped {/api/v1/attribute, GET} route","timestamp":"2026-05-08T15:07:58.530Z"}
{"context":"RouterExplorer","level":"info","message":"Mapped {/api/v1/attribute/:id, GET} route","timestamp":"2026-05-08T15:07:58.530Z"}
{"context":"RouterExplorer","level":"info","message":"Mapped {/api/v1/attribute/:id, PATCH} route","timestamp":"2026-05-08T15:07:58.530Z"}
{"context":"RouterExplorer","level":"info","message":"Mapped {/api/v1/attribute/:id, DELETE} route","timestamp":"2026-05-08T15:07:58.531Z"}
{"context":"RoutesResolver","level":"info","message":"DepartmentsController {/api/v1/departments}:","timestamp":"2026-05-08T15:07:58.531Z"}
{"context":"RouterExplorer","level":"info","message":"Mapped {/api/v1/departments, POST} route","timestamp":"2026-05-08T15:07:58.531Z"}
{"context":"RouterExplorer","level":"info","message":"Mapped {/api/v1/departments, GET} route","timestamp":"2026-05-08T15:07:58.532Z"}
{"context":"RouterExplorer","level":"info","message":"Mapped {/api/v1/departments/:id, GET} route","timestamp":"2026-05-08T15:07:58.532Z"}
{"context":"RouterExplorer","level":"info","message":"Mapped {/api/v1/departments/:id, PATCH} route","timestamp":"2026-05-08T15:07:58.532Z"}
{"context":"RouterExplorer","level":"info","message":"Mapped {/api/v1/departments/:id, DELETE} route","timestamp":"2026-05-08T15:07:58.532Z"}
{"context":"RoutesResolver","level":"info","message":"PortsController {/api/v1/ports}:","timestamp":"2026-05-08T15:07:58.533Z"}
{"context":"RouterExplorer","level":"info","message":"Mapped {/api/v1/ports, POST} route","timestamp":"2026-05-08T15:07:58.533Z"}
{"context":"RouterExplorer","level":"info","message":"Mapped {/api/v1/ports, GET} route","timestamp":"2026-05-08T15:07:58.533Z"}
{"context":"RouterExplorer","level":"info","message":"Mapped {/api/v1/ports/:id, GET} route","timestamp":"2026-05-08T15:07:58.533Z"}
{"context":"RouterExplorer","level":"info","message":"Mapped {/api/v1/ports/:id, PATCH} route","timestamp":"2026-05-08T15:07:58.534Z"}
{"context":"RouterExplorer","level":"info","message":"Mapped {/api/v1/ports/:id, DELETE} route","timestamp":"2026-05-08T15:07:58.534Z"}
{"context":"RoutesResolver","level":"info","message":"FilesController {/api/v1/files}:","timestamp":"2026-05-08T15:07:58.534Z"}
{"context":"RouterExplorer","level":"info","message":"Mapped {/api/v1/files, POST} route","timestamp":"2026-05-08T15:07:58.534Z"}
{"context":"RouterExplorer","level":"info","message":"Mapped {/api/v1/files, GET} route","timestamp":"2026-05-08T15:07:58.534Z"}
{"context":"RouterExplorer","level":"info","message":"Mapped {/api/v1/files/:id, GET} route","timestamp":"2026-05-08T15:07:58.535Z"}
{"context":"RouterExplorer","level":"info","message":"Mapped {/api/v1/files/:id, PATCH} route","timestamp":"2026-05-08T15:07:58.535Z"}
{"context":"RouterExplorer","level":"info","message":"Mapped {/api/v1/files/:id, DELETE} route","timestamp":"2026-05-08T15:07:58.535Z"}
{"context":"PrismaService","level":"info","message":"Kết nối database thành công","timestamp":"2026-05-08T15:07:58.577Z"}
{"context":"NestApplication","level":"info","message":"Nest application successfully started","timestamp":"2026-05-08T15:07:58.582Z"}
{"context":"AccessTokenGuard","level":"info","message":"isPublic: true","requestId":"b0d1b8b9-1c66-4222-a31f-26b0068d56ed","timestamp":"2026-05-08T15:08:04.558Z"}
{"context":"AccessTokenGuard","level":"info","message":"Public route, skipping authentication","requestId":"b0d1b8b9-1c66-4222-a31f-26b0068d56ed","timestamp":"2026-05-08T15:08:04.559Z"}
{"context":"LoggerMiddleware","level":"info","message":"[RequestID: b0d1b8b9-1c66-4222-a31f-26b0068d56ed] POST /api/v1/auth/login | Status: 201 | Duration: 124ms | IP: ::1 | UserAgent: Mozilla/5.0 (Windows NT 10.0; Win64; x64) AppleWebKit/537.36 (KHTML, like Gecko) Chrome/147.0.0.0 Safari/537.36","requestId":"b0d1b8b9-1c66-4222-a31f-26b0068d56ed","timestamp":"2026-05-08T15:08:04.683Z"}
{"context":"AccessTokenGuard","level":"info","message":"isPublic: true","requestId":"f5d19acc-21b8-40bf-a0f7-0ea94be5753d","timestamp":"2026-05-08T15:08:08.120Z"}
{"context":"AccessTokenGuard","level":"info","message":"Public route, skipping authentication","requestId":"f5d19acc-21b8-40bf-a0f7-0ea94be5753d","timestamp":"2026-05-08T15:08:08.120Z"}
{"context":"LoggerMiddleware","level":"info","message":"[RequestID: f5d19acc-21b8-40bf-a0f7-0ea94be5753d] POST /api/v1/auth/refresh | Status: 201 | Duration: 35ms | IP: ::1 | UserAgent: Mozilla/5.0 (Windows NT 10.0; Win64; x64) AppleWebKit/537.36 (KHTML, like Gecko) Chrome/147.0.0.0 Safari/537.36","requestId":"f5d19acc-21b8-40bf-a0f7-0ea94be5753d","timestamp":"2026-05-08T15:08:08.154Z"}
{"level":"info","message":"Khởi tạo ứng dụng...","timestamp":"2026-05-08T15:08:26.928Z"}
{"context":"NestFactory","level":"info","message":"Starting Nest application...","timestamp":"2026-05-08T15:08:26.999Z"}
{"context":"InstanceLoader","level":"info","message":"PassportModule dependencies initialized","timestamp":"2026-05-08T15:08:27.006Z"}
{"context":"InstanceLoader","level":"info","message":"ConfigHostModule dependencies initialized","timestamp":"2026-05-08T15:08:27.007Z"}
{"context":"InstanceLoader","level":"info","message":"AppModule dependencies initialized","timestamp":"2026-05-08T15:08:27.007Z"}
{"context":"PrismaService","level":"info","message":"🔌 Prisma Connection String: postgresql://admin:******@localhost:5433/kyc_asset_db?schema=public","timestamp":"2026-05-08T15:08:27.010Z"}
{"context":"InstanceLoader","level":"info","message":"PortsModule dependencies initialized","timestamp":"2026-05-08T15:08:27.010Z"}
{"context":"InstanceLoader","level":"info","message":"FilesModule dependencies initialized","timestamp":"2026-05-08T15:08:27.010Z"}
{"context":"InstanceLoader","level":"info","message":"ConfigModule dependencies initialized","timestamp":"2026-05-08T15:08:27.010Z"}
{"context":"InstanceLoader","level":"info","message":"CommonModule dependencies initialized","timestamp":"2026-05-08T15:08:27.010Z"}
{"context":"InstanceLoader","level":"info","message":"JwtModule dependencies initialized","timestamp":"2026-05-08T15:08:27.011Z"}
{"context":"InstanceLoader","level":"info","message":"PrismaModule dependencies initialized","timestamp":"2026-05-08T15:08:27.011Z"}
{"context":"InstanceLoader","level":"info","message":"WhitelistIpModule dependencies initialized","timestamp":"2026-05-08T15:08:27.013Z"}
{"context":"InstanceLoader","level":"info","message":"AttributeModule dependencies initialized","timestamp":"2026-05-08T15:08:27.013Z"}
{"context":"InstanceLoader","level":"info","message":"DepartmentsModule dependencies initialized","timestamp":"2026-05-08T15:08:27.013Z"}
{"context":"InstanceLoader","level":"info","message":"UsersModule dependencies initialized","timestamp":"2026-05-08T15:08:27.013Z"}
{"context":"InstanceLoader","level":"info","message":"RolesModule dependencies initialized","timestamp":"2026-05-08T15:08:27.013Z"}
{"context":"InstanceLoader","level":"info","message":"PermissionsModule dependencies initialized","timestamp":"2026-05-08T15:08:27.013Z"}
{"context":"InstanceLoader","level":"info","message":"AuthModule dependencies initialized","timestamp":"2026-05-08T15:08:27.013Z"}
{"context":"LegacyRouteConverter","level":"warn","message":"Unsupported route path: \"/api/v1/*\". In previous versions, the symbols ?, *, and + were used to denote optional or repeating path parameters. The latest version of \"path-to-regexp\" now requires the use of named parameters. For example, instead of using a route like /users/* to capture all routes starting with \"/users\", you should use /users/*path. For more details, refer to the migration guide. Attempting to auto-convert...","timestamp":"2026-05-08T15:08:27.064Z"}
{"context":"RoutesResolver","level":"info","message":"AppController {/api/v1/ping}:","timestamp":"2026-05-08T15:08:27.065Z"}
{"context":"RouterExplorer","level":"info","message":"Mapped {/api/v1/ping, GET} route","timestamp":"2026-05-08T15:08:27.069Z"}
{"context":"RoutesResolver","level":"info","message":"UsersController {/api/v1/users}:","timestamp":"2026-05-08T15:08:27.069Z"}
{"context":"RouterExplorer","level":"info","message":"Mapped {/api/v1/users, POST} route","timestamp":"2026-05-08T15:08:27.071Z"}
{"context":"RouterExplorer","level":"info","message":"Mapped {/api/v1/users, GET} route","timestamp":"2026-05-08T15:08:27.071Z"}
{"context":"RouterExplorer","level":"info","message":"Mapped {/api/v1/users/:id, GET} route","timestamp":"2026-05-08T15:08:27.072Z"}
{"context":"RouterExplorer","level":"info","message":"Mapped {/api/v1/users/:id, PATCH} route","timestamp":"2026-05-08T15:08:27.073Z"}
{"context":"RouterExplorer","level":"info","message":"Mapped {/api/v1/users/:id, DELETE} route","timestamp":"2026-05-08T15:08:27.073Z"}
{"context":"RoutesResolver","level":"info","message":"WhitelistIpController {/api/v1/whitelist-ip}:","timestamp":"2026-05-08T15:08:27.073Z"}
{"context":"RouterExplorer","level":"info","message":"Mapped {/api/v1/whitelist-ip, POST} route","timestamp":"2026-05-08T15:08:27.073Z"}
{"context":"RouterExplorer","level":"info","message":"Mapped {/api/v1/whitelist-ip, GET} route","timestamp":"2026-05-08T15:08:27.073Z"}
{"context":"RouterExplorer","level":"info","message":"Mapped {/api/v1/whitelist-ip/:id, GET} route","timestamp":"2026-05-08T15:08:27.074Z"}
{"context":"RouterExplorer","level":"info","message":"Mapped {/api/v1/whitelist-ip/:id, PATCH} route","timestamp":"2026-05-08T15:08:27.074Z"}
{"context":"RouterExplorer","level":"info","message":"Mapped {/api/v1/whitelist-ip/:id, DELETE} route","timestamp":"2026-05-08T15:08:27.075Z"}
{"context":"RoutesResolver","level":"info","message":"RolesController {/api/v1/roles}:","timestamp":"2026-05-08T15:08:27.075Z"}
{"context":"RouterExplorer","level":"info","message":"Mapped {/api/v1/roles, POST} route","timestamp":"2026-05-08T15:08:27.076Z"}
{"context":"RouterExplorer","level":"info","message":"Mapped {/api/v1/roles, GET} route","timestamp":"2026-05-08T15:08:27.076Z"}
{"context":"RouterExplorer","level":"info","message":"Mapped {/api/v1/roles/:id, GET} route","timestamp":"2026-05-08T15:08:27.076Z"}
{"context":"RouterExplorer","level":"info","message":"Mapped {/api/v1/roles/:id, PATCH} route","timestamp":"2026-05-08T15:08:27.077Z"}
{"context":"RouterExplorer","level":"info","message":"Mapped {/api/v1/roles/:id, DELETE} route","timestamp":"2026-05-08T15:08:27.077Z"}
{"context":"RoutesResolver","level":"info","message":"PermissionsController {/api/v1/permissions}:","timestamp":"2026-05-08T15:08:27.078Z"}
{"context":"RouterExplorer","level":"info","message":"Mapped {/api/v1/permissions, POST} route","timestamp":"2026-05-08T15:08:27.078Z"}
{"context":"RouterExplorer","level":"info","message":"Mapped {/api/v1/permissions, GET} route","timestamp":"2026-05-08T15:08:27.078Z"}
{"context":"RouterExplorer","level":"info","message":"Mapped {/api/v1/permissions/:id, PATCH} route","timestamp":"2026-05-08T15:08:27.079Z"}
{"context":"RouterExplorer","level":"info","message":"Mapped {/api/v1/permissions/:id, DELETE} route","timestamp":"2026-05-08T15:08:27.079Z"}
{"context":"RoutesResolver","level":"info","message":"AuthController {/api/v1/auth}:","timestamp":"2026-05-08T15:08:27.080Z"}
{"context":"RouterExplorer","level":"info","message":"Mapped {/api/v1/auth/register, POST} route","timestamp":"2026-05-08T15:08:27.080Z"}
{"context":"RouterExplorer","level":"info","message":"Mapped {/api/v1/auth/login, POST} route","timestamp":"2026-05-08T15:08:27.081Z"}
{"context":"RouterExplorer","level":"info","message":"Mapped {/api/v1/auth/refresh, POST} route","timestamp":"2026-05-08T15:08:27.081Z"}
{"context":"RouterExplorer","level":"info","message":"Mapped {/api/v1/auth/logout, POST} route","timestamp":"2026-05-08T15:08:27.082Z"}
{"context":"RouterExplorer","level":"info","message":"Mapped {/api/v1/auth/me, GET} route","timestamp":"2026-05-08T15:08:27.082Z"}
{"context":"RouterExplorer","level":"info","message":"Mapped {/api/v1/auth/me/password, PATCH} route","timestamp":"2026-05-08T15:08:27.082Z"}
{"context":"RoutesResolver","level":"info","message":"AttributeController {/api/v1/attribute}:","timestamp":"2026-05-08T15:08:27.082Z"}
{"context":"RouterExplorer","level":"info","message":"Mapped {/api/v1/attribute, POST} route","timestamp":"2026-05-08T15:08:27.083Z"}
{"context":"RouterExplorer","level":"info","message":"Mapped {/api/v1/attribute, GET} route","timestamp":"2026-05-08T15:08:27.084Z"}
{"context":"RouterExplorer","level":"info","message":"Mapped {/api/v1/attribute/:id, GET} route","timestamp":"2026-05-08T15:08:27.084Z"}
{"context":"RouterExplorer","level":"info","message":"Mapped {/api/v1/attribute/:id, PATCH} route","timestamp":"2026-05-08T15:08:27.084Z"}
{"context":"RouterExplorer","level":"info","message":"Mapped {/api/v1/attribute/:id, DELETE} route","timestamp":"2026-05-08T15:08:27.085Z"}
{"context":"RoutesResolver","level":"info","message":"DepartmentsController {/api/v1/departments}:","timestamp":"2026-05-08T15:08:27.085Z"}
{"context":"RouterExplorer","level":"info","message":"Mapped {/api/v1/departments, POST} route","timestamp":"2026-05-08T15:08:27.085Z"}
{"context":"RouterExplorer","level":"info","message":"Mapped {/api/v1/departments, GET} route","timestamp":"2026-05-08T15:08:27.086Z"}
{"context":"RouterExplorer","level":"info","message":"Mapped {/api/v1/departments/:id, GET} route","timestamp":"2026-05-08T15:08:27.086Z"}
{"context":"RouterExplorer","level":"info","message":"Mapped {/api/v1/departments/:id, PATCH} route","timestamp":"2026-05-08T15:08:27.086Z"}
{"context":"RouterExplorer","level":"info","message":"Mapped {/api/v1/departments/:id, DELETE} route","timestamp":"2026-05-08T15:08:27.087Z"}
{"context":"RoutesResolver","level":"info","message":"PortsController {/api/v1/ports}:","timestamp":"2026-05-08T15:08:27.087Z"}
{"context":"RouterExplorer","level":"info","message":"Mapped {/api/v1/ports, POST} route","timestamp":"2026-05-08T15:08:27.087Z"}
{"context":"RouterExplorer","level":"info","message":"Mapped {/api/v1/ports, GET} route","timestamp":"2026-05-08T15:08:27.087Z"}
{"context":"RouterExplorer","level":"info","message":"Mapped {/api/v1/ports/:id, GET} route","timestamp":"2026-05-08T15:08:27.088Z"}
{"context":"RouterExplorer","level":"info","message":"Mapped {/api/v1/ports/:id, PATCH} route","timestamp":"2026-05-08T15:08:27.088Z"}
{"context":"RouterExplorer","level":"info","message":"Mapped {/api/v1/ports/:id, DELETE} route","timestamp":"2026-05-08T15:08:27.088Z"}
{"context":"RoutesResolver","level":"info","message":"FilesController {/api/v1/files}:","timestamp":"2026-05-08T15:08:27.088Z"}
{"context":"RouterExplorer","level":"info","message":"Mapped {/api/v1/files, POST} route","timestamp":"2026-05-08T15:08:27.089Z"}
{"context":"RouterExplorer","level":"info","message":"Mapped {/api/v1/files, GET} route","timestamp":"2026-05-08T15:08:27.089Z"}
{"context":"RouterExplorer","level":"info","message":"Mapped {/api/v1/files/:id, GET} route","timestamp":"2026-05-08T15:08:27.089Z"}
{"context":"RouterExplorer","level":"info","message":"Mapped {/api/v1/files/:id, PATCH} route","timestamp":"2026-05-08T15:08:27.089Z"}
{"context":"RouterExplorer","level":"info","message":"Mapped {/api/v1/files/:id, DELETE} route","timestamp":"2026-05-08T15:08:27.089Z"}
{"context":"PrismaService","level":"info","message":"Kết nối database thành công","timestamp":"2026-05-08T15:08:27.132Z"}
{"context":"NestApplication","level":"info","message":"Nest application successfully started","timestamp":"2026-05-08T15:08:27.137Z"}
{"context":"AccessTokenGuard","level":"info","message":"isPublic: true","requestId":"8a12f958-7ae8-4747-93f1-021e0d4edb3b","timestamp":"2026-05-08T15:08:28.740Z"}
{"context":"AccessTokenGuard","level":"info","message":"Public route, skipping authentication","requestId":"8a12f958-7ae8-4747-93f1-021e0d4edb3b","timestamp":"2026-05-08T15:08:28.740Z"}
{"context":"LoggerMiddleware","level":"info","message":"[RequestID: 8a12f958-7ae8-4747-93f1-021e0d4edb3b] POST /api/v1/auth/refresh | Status: 201 | Duration: 69ms | IP: ::1 | UserAgent: Mozilla/5.0 (Windows NT 10.0; Win64; x64) AppleWebKit/537.36 (KHTML, like Gecko) Chrome/147.0.0.0 Safari/537.36","requestId":"8a12f958-7ae8-4747-93f1-021e0d4edb3b","timestamp":"2026-05-08T15:08:28.808Z"}
{"level":"info","message":"Khởi tạo ứng dụng...","timestamp":"2026-05-08T15:11:21.978Z"}
{"context":"NestFactory","level":"info","message":"Starting Nest application...","timestamp":"2026-05-08T15:11:22.047Z"}
{"context":"InstanceLoader","level":"info","message":"PassportModule dependencies initialized","timestamp":"2026-05-08T15:11:22.056Z"}
{"context":"InstanceLoader","level":"info","message":"ConfigHostModule dependencies initialized","timestamp":"2026-05-08T15:11:22.057Z"}
{"context":"InstanceLoader","level":"info","message":"AppModule dependencies initialized","timestamp":"2026-05-08T15:11:22.057Z"}
{"context":"PrismaService","level":"info","message":"🔌 Prisma Connection String: postgresql://admin:******@localhost:5433/kyc_asset_db?schema=public","timestamp":"2026-05-08T15:11:22.059Z"}
{"context":"InstanceLoader","level":"info","message":"PortsModule dependencies initialized","timestamp":"2026-05-08T15:11:22.059Z"}
{"context":"InstanceLoader","level":"info","message":"FilesModule dependencies initialized","timestamp":"2026-05-08T15:11:22.060Z"}
{"context":"InstanceLoader","level":"info","message":"ConfigModule dependencies initialized","timestamp":"2026-05-08T15:11:22.060Z"}
{"context":"InstanceLoader","level":"info","message":"CommonModule dependencies initialized","timestamp":"2026-05-08T15:11:22.060Z"}
{"context":"InstanceLoader","level":"info","message":"JwtModule dependencies initialized","timestamp":"2026-05-08T15:11:22.060Z"}
{"context":"InstanceLoader","level":"info","message":"PrismaModule dependencies initialized","timestamp":"2026-05-08T15:11:22.061Z"}
{"context":"InstanceLoader","level":"info","message":"WhitelistIpModule dependencies initialized","timestamp":"2026-05-08T15:11:22.062Z"}
{"context":"InstanceLoader","level":"info","message":"AttributeModule dependencies initialized","timestamp":"2026-05-08T15:11:22.062Z"}
{"context":"InstanceLoader","level":"info","message":"DepartmentsModule dependencies initialized","timestamp":"2026-05-08T15:11:22.062Z"}
{"context":"InstanceLoader","level":"info","message":"UsersModule dependencies initialized","timestamp":"2026-05-08T15:11:22.062Z"}
{"context":"InstanceLoader","level":"info","message":"RolesModule dependencies initialized","timestamp":"2026-05-08T15:11:22.062Z"}
{"context":"InstanceLoader","level":"info","message":"PermissionsModule dependencies initialized","timestamp":"2026-05-08T15:11:22.062Z"}
{"context":"InstanceLoader","level":"info","message":"AuthModule dependencies initialized","timestamp":"2026-05-08T15:11:22.063Z"}
{"context":"LegacyRouteConverter","level":"warn","message":"Unsupported route path: \"/api/v1/*\". In previous versions, the symbols ?, *, and + were used to denote optional or repeating path parameters. The latest version of \"path-to-regexp\" now requires the use of named parameters. For example, instead of using a route like /users/* to capture all routes starting with \"/users\", you should use /users/*path. For more details, refer to the migration guide. Attempting to auto-convert...","timestamp":"2026-05-08T15:11:22.087Z"}
{"context":"RoutesResolver","level":"info","message":"AppController {/api/v1/ping}:","timestamp":"2026-05-08T15:11:22.088Z"}
{"context":"RouterExplorer","level":"info","message":"Mapped {/api/v1/ping, GET} route","timestamp":"2026-05-08T15:11:22.090Z"}
{"context":"RoutesResolver","level":"info","message":"UsersController {/api/v1/users}:","timestamp":"2026-05-08T15:11:22.090Z"}
{"context":"RouterExplorer","level":"info","message":"Mapped {/api/v1/users, POST} route","timestamp":"2026-05-08T15:11:22.090Z"}
{"context":"RouterExplorer","level":"info","message":"Mapped {/api/v1/users, GET} route","timestamp":"2026-05-08T15:11:22.091Z"}
{"context":"RouterExplorer","level":"info","message":"Mapped {/api/v1/users/:id, GET} route","timestamp":"2026-05-08T15:11:22.091Z"}
{"context":"RouterExplorer","level":"info","message":"Mapped {/api/v1/users/:id, PATCH} route","timestamp":"2026-05-08T15:11:22.091Z"}
{"context":"RouterExplorer","level":"info","message":"Mapped {/api/v1/users/:id, DELETE} route","timestamp":"2026-05-08T15:11:22.092Z"}
{"context":"RoutesResolver","level":"info","message":"WhitelistIpController {/api/v1/whitelist-ip}:","timestamp":"2026-05-08T15:11:22.092Z"}
{"context":"RouterExplorer","level":"info","message":"Mapped {/api/v1/whitelist-ip, POST} route","timestamp":"2026-05-08T15:11:22.092Z"}
{"context":"RouterExplorer","level":"info","message":"Mapped {/api/v1/whitelist-ip, GET} route","timestamp":"2026-05-08T15:11:22.092Z"}
{"context":"RouterExplorer","level":"info","message":"Mapped {/api/v1/whitelist-ip/:id, GET} route","timestamp":"2026-05-08T15:11:22.093Z"}
{"context":"RouterExplorer","level":"info","message":"Mapped {/api/v1/whitelist-ip/:id, PATCH} route","timestamp":"2026-05-08T15:11:22.093Z"}
{"context":"RouterExplorer","level":"info","message":"Mapped {/api/v1/whitelist-ip/:id, DELETE} route","timestamp":"2026-05-08T15:11:22.093Z"}
{"context":"RoutesResolver","level":"info","message":"RolesController {/api/v1/roles}:","timestamp":"2026-05-08T15:11:22.093Z"}
{"context":"RouterExplorer","level":"info","message":"Mapped {/api/v1/roles, POST} route","timestamp":"2026-05-08T15:11:22.093Z"}
{"context":"RouterExplorer","level":"info","message":"Mapped {/api/v1/roles, GET} route","timestamp":"2026-05-08T15:11:22.093Z"}
{"context":"RouterExplorer","level":"info","message":"Mapped {/api/v1/roles/:id, GET} route","timestamp":"2026-05-08T15:11:22.094Z"}
{"context":"RouterExplorer","level":"info","message":"Mapped {/api/v1/roles/:id, PATCH} route","timestamp":"2026-05-08T15:11:22.094Z"}
{"context":"RouterExplorer","level":"info","message":"Mapped {/api/v1/roles/:id, DELETE} route","timestamp":"2026-05-08T15:11:22.094Z"}
{"context":"RoutesResolver","level":"info","message":"PermissionsController {/api/v1/permissions}:","timestamp":"2026-05-08T15:11:22.094Z"}
{"context":"RouterExplorer","level":"info","message":"Mapped {/api/v1/permissions, POST} route","timestamp":"2026-05-08T15:11:22.094Z"}
{"context":"RouterExplorer","level":"info","message":"Mapped {/api/v1/permissions, GET} route","timestamp":"2026-05-08T15:11:22.094Z"}
{"context":"RouterExplorer","level":"info","message":"Mapped {/api/v1/permissions/:id, PATCH} route","timestamp":"2026-05-08T15:11:22.095Z"}
{"context":"RouterExplorer","level":"info","message":"Mapped {/api/v1/permissions/:id, DELETE} route","timestamp":"2026-05-08T15:11:22.095Z"}
{"context":"RoutesResolver","level":"info","message":"AuthController {/api/v1/auth}:","timestamp":"2026-05-08T15:11:22.095Z"}
{"context":"RouterExplorer","level":"info","message":"Mapped {/api/v1/auth/register, POST} route","timestamp":"2026-05-08T15:11:22.095Z"}
{"context":"RouterExplorer","level":"info","message":"Mapped {/api/v1/auth/login, POST} route","timestamp":"2026-05-08T15:11:22.095Z"}
{"context":"RouterExplorer","level":"info","message":"Mapped {/api/v1/auth/refresh, POST} route","timestamp":"2026-05-08T15:11:22.096Z"}
{"context":"RouterExplorer","level":"info","message":"Mapped {/api/v1/auth/logout, POST} route","timestamp":"2026-05-08T15:11:22.096Z"}
{"context":"RouterExplorer","level":"info","message":"Mapped {/api/v1/auth/me, GET} route","timestamp":"2026-05-08T15:11:22.096Z"}
{"context":"RouterExplorer","level":"info","message":"Mapped {/api/v1/auth/me/password, PATCH} route","timestamp":"2026-05-08T15:11:22.096Z"}
{"context":"RoutesResolver","level":"info","message":"AttributeController {/api/v1/attribute}:","timestamp":"2026-05-08T15:11:22.096Z"}
{"context":"RouterExplorer","level":"info","message":"Mapped {/api/v1/attribute, POST} route","timestamp":"2026-05-08T15:11:22.096Z"}
{"context":"RouterExplorer","level":"info","message":"Mapped {/api/v1/attribute, GET} route","timestamp":"2026-05-08T15:11:22.096Z"}
{"context":"RouterExplorer","level":"info","message":"Mapped {/api/v1/attribute/:id, GET} route","timestamp":"2026-05-08T15:11:22.097Z"}
{"context":"RouterExplorer","level":"info","message":"Mapped {/api/v1/attribute/:id, PATCH} route","timestamp":"2026-05-08T15:11:22.097Z"}
{"context":"RouterExplorer","level":"info","message":"Mapped {/api/v1/attribute/:id, DELETE} route","timestamp":"2026-05-08T15:11:22.097Z"}
{"context":"RoutesResolver","level":"info","message":"DepartmentsController {/api/v1/departments}:","timestamp":"2026-05-08T15:11:22.097Z"}
{"context":"RouterExplorer","level":"info","message":"Mapped {/api/v1/departments, POST} route","timestamp":"2026-05-08T15:11:22.097Z"}
{"context":"RouterExplorer","level":"info","message":"Mapped {/api/v1/departments, GET} route","timestamp":"2026-05-08T15:11:22.097Z"}
{"context":"RouterExplorer","level":"info","message":"Mapped {/api/v1/departments/:id, GET} route","timestamp":"2026-05-08T15:11:22.098Z"}
{"context":"RouterExplorer","level":"info","message":"Mapped {/api/v1/departments/:id, PATCH} route","timestamp":"2026-05-08T15:11:22.098Z"}
{"context":"RouterExplorer","level":"info","message":"Mapped {/api/v1/departments/:id, DELETE} route","timestamp":"2026-05-08T15:11:22.098Z"}
{"context":"RoutesResolver","level":"info","message":"PortsController {/api/v1/ports}:","timestamp":"2026-05-08T15:11:22.098Z"}
{"context":"RouterExplorer","level":"info","message":"Mapped {/api/v1/ports, POST} route","timestamp":"2026-05-08T15:11:22.098Z"}
{"context":"RouterExplorer","level":"info","message":"Mapped {/api/v1/ports, GET} route","timestamp":"2026-05-08T15:11:22.098Z"}
{"context":"RouterExplorer","level":"info","message":"Mapped {/api/v1/ports/:id, GET} route","timestamp":"2026-05-08T15:11:22.098Z"}
{"context":"RouterExplorer","level":"info","message":"Mapped {/api/v1/ports/:id, PATCH} route","timestamp":"2026-05-08T15:11:22.099Z"}
{"context":"RouterExplorer","level":"info","message":"Mapped {/api/v1/ports/:id, DELETE} route","timestamp":"2026-05-08T15:11:22.099Z"}
{"context":"RoutesResolver","level":"info","message":"FilesController {/api/v1/files}:","timestamp":"2026-05-08T15:11:22.099Z"}
{"context":"RouterExplorer","level":"info","message":"Mapped {/api/v1/files, POST} route","timestamp":"2026-05-08T15:11:22.099Z"}
{"context":"RouterExplorer","level":"info","message":"Mapped {/api/v1/files, GET} route","timestamp":"2026-05-08T15:11:22.099Z"}
{"context":"RouterExplorer","level":"info","message":"Mapped {/api/v1/files/:id, GET} route","timestamp":"2026-05-08T15:11:22.100Z"}
{"context":"RouterExplorer","level":"info","message":"Mapped {/api/v1/files/:id, PATCH} route","timestamp":"2026-05-08T15:11:22.100Z"}
{"context":"RouterExplorer","level":"info","message":"Mapped {/api/v1/files/:id, DELETE} route","timestamp":"2026-05-08T15:11:22.100Z"}
{"context":"PrismaService","level":"info","message":"Kết nối database thành công","timestamp":"2026-05-08T15:11:22.148Z"}
{"context":"NestApplication","level":"info","message":"Nest application successfully started","timestamp":"2026-05-08T15:11:22.153Z"}
{"context":"AccessTokenGuard","level":"info","message":"isPublic: true","requestId":"3340ebc5-e34b-4b90-9253-2c48b352ea08","timestamp":"2026-05-08T15:11:28.957Z"}
{"context":"AccessTokenGuard","level":"info","message":"Public route, skipping authentication","requestId":"3340ebc5-e34b-4b90-9253-2c48b352ea08","timestamp":"2026-05-08T15:11:28.957Z"}
{"context":"LoggerMiddleware","level":"info","message":"[RequestID: 3340ebc5-e34b-4b90-9253-2c48b352ea08] POST /api/v1/auth/login | Status: 201 | Duration: 90ms | IP: ::1 | UserAgent: Mozilla/5.0 (Windows NT 10.0; Win64; x64) AppleWebKit/537.36 (KHTML, like Gecko) Chrome/147.0.0.0 Safari/537.36","requestId":"3340ebc5-e34b-4b90-9253-2c48b352ea08","timestamp":"2026-05-08T15:11:29.046Z"}
{"context":"AccessTokenGuard","level":"info","message":"isPublic: undefined","requestId":"53bbf4f1-24da-460a-92d0-558330cd51f1","timestamp":"2026-05-08T15:11:29.550Z"}
{"context":"AccessTokenStrategy","level":"info","message":"user: {\"id\":\"cc6d2974-22cf-4b0b-9590-4b701cfa3c00\",\"username\":\"customer_001\",\"hashed_password\":\"scrypt:61b7465b5cc602c81ecaa66e31f0f570:064a122e33f58ab9bedcc806f62492b81e4451665c71c7dc3a5afd28b63aa6017713b59fb84dc9594c530b3bbe79c2bf5c738ae510f3152bf09f34a3b6d02482\",\"displayName\":\"Nguyễn Văn A\",\"token_version\":5,\"isActive\":true,\"createdAt\":\"2026-05-03T15:37:18.203Z\",\"updatedAt\":\"2026-05-04T09:10:04.759Z\",\"deletedAt\":null,\"roles\":[{\"user_id\":\"cc6d2974-22cf-4b0b-9590-4b701cfa3c00\",\"role_id\":\"4dd71768-1887-4879-9716-dab5dcddbebe\",\"assignedAt\":\"2026-05-06T11:53:17.723Z\",\"role\":{\"id\":\"4dd71768-1887-4879-9716-dab5dcddbebe\",\"name\":\"admin\",\"description\":\"Full system access\",\"permissions\":[{\"role_id\":\"4dd71768-1887-4879-9716-dab5dcddbebe\",\"permission_id\":\"7b2752ff-795f-49c6-abc7-d874550df97c\",\"permission\":{\"action\":\"read\",\"subject\":\"Department\",\"conditions\":[]}},{\"role_id\":\"4dd71768-1887-4879-9716-dab5dcddbebe\",\"permission_id\":\"d34ddd4b-bfe0-4f38-871c-5fe3c0f25c57\",\"permission\":{\"action\":\"create\",\"subject\":\"Department\",\"conditions\":[]}},{\"role_id\":\"4dd71768-1887-4879-9716-dab5dcddbebe\",\"permission_id\":\"a7c583f2-d8cf-4734-9113-c98e6c838ab8\",\"permission\":{\"action\":\"update\",\"subject\":\"Department\",\"conditions\":[]}},{\"role_id\":\"4dd71768-1887-4879-9716-dab5dcddbebe\",\"permission_id\":\"14b80590-7ca4-4131-9560-8d58349e74eb\",\"permission\":{\"action\":\"delete\",\"subject\":\"Department\",\"conditions\":[{\"conditions\":{\"end\":\"17:00\",\"type\":\"business_hours\",\"start\":\"08:00\"},\"attribute\":{\"name\":\"time\"}}]}},{\"role_id\":\"4dd71768-1887-4879-9716-dab5dcddbebe\",\"permission_id\":\"84f07ad6-e304-4f43-951d-e8c8eb599352\",\"permission\":{\"action\":\"read\",\"subject\":\"Port\",\"conditions\":[]}},{\"role_id\":\"4dd71768-1887-4879-9716-dab5dcddbebe\",\"permission_id\":\"be2db210-da42-4ec9-888d-3a0858978431\",\"permission\":{\"action\":\"create\",\"subject\":\"Port\",\"conditions\":[]}},{\"role_id\":\"4dd71768-1887-4879-9716-dab5dcddbebe\",\"permission_id\":\"7d8ec69e-467e-4f8e-a389-fa6ca6e256ed\",\"permission\":{\"action\":\"update\",\"subject\":\"Port\",\"conditions\":[]}},{\"role_id\":\"4dd71768-1887-4879-9716-dab5dcddbebe\",\"permission_id\":\"4f3bd475-3290-4ab8-982f-4dd670cb649c\",\"permission\":{\"action\":\"delete\",\"subject\":\"Port\",\"conditions\":[]}},{\"role_id\":\"4dd71768-1887-4879-9716-dab5dcddbebe\",\"permission_id\":\"35d0dcaf-8b47-4333-b402-a91709e0fc31\",\"permission\":{\"action\":\"read\",\"subject\":\"File\",\"conditions\":[]}},{\"role_id\":\"4dd71768-1887-4879-9716-dab5dcddbebe\",\"permission_id\":\"e57bb9e8-ae84-4eaa-8022-c6a84281aaff\",\"permission\":{\"action\":\"create\",\"subject\":\"File\",\"conditions\":[]}},{\"role_id\":\"4dd71768-1887-4879-9716-dab5dcddbebe\",\"permission_id\":\"160ace45-3feb-4708-8eae-92a7b94b01f9\",\"permission\":{\"action\":\"delete\",\"subject\":\"File\",\"conditions\":[]}},{\"role_id\":\"4dd71768-1887-4879-9716-dab5dcddbebe\",\"permission_id\":\"31f694c5-76a4-4e2a-803d-9a9ea0e4ef63\",\"permission\":{\"action\":\"read\",\"subject\":\"IPWhitelist\",\"conditions\":[]}},{\"role_id\":\"4dd71768-1887-4879-9716-dab5dcddbebe\",\"permission_id\":\"ceac5cb1-ebc6-46c1-9d1e-efa0ace039db\",\"permission\":{\"action\":\"create\",\"subject\":\"IPWhitelist\",\"conditions\":[]}},{\"role_id\":\"4dd71768-1887-4879-9716-dab5dcddbebe\",\"permission_id\":\"3b21ac56-b1e9-4ad2-9ee9-d7a342829903\",\"permission\":{\"action\":\"delete\",\"subject\":\"IPWhitelist\",\"conditions\":[]}}]}}]}","requestId":"53bbf4f1-24da-460a-92d0-558330cd51f1","timestamp":"2026-05-08T15:11:29.567Z"}
{"context":"LoggerMiddleware","level":"info","message":"[RequestID: 53bbf4f1-24da-460a-92d0-558330cd51f1] GET /api/v1/auth/me | Status: 304 | Duration: 25ms | IP: ::1 | UserAgent: Mozilla/5.0 (Windows NT 10.0; Win64; x64) AppleWebKit/537.36 (KHTML, like Gecko) Chrome/147.0.0.0 Safari/537.36","requestId":"53bbf4f1-24da-460a-92d0-558330cd51f1","timestamp":"2026-05-08T15:11:29.575Z"}
{"context":"AccessTokenGuard","level":"info","message":"isPublic: undefined","requestId":"e843a85c-8842-49f6-9524-42a8122c0cdb","timestamp":"2026-05-08T15:14:14.518Z"}
{"context":"AccessTokenStrategy","level":"info","message":"user: {\"id\":\"cc6d2974-22cf-4b0b-9590-4b701cfa3c00\",\"username\":\"customer_001\",\"hashed_password\":\"scrypt:61b7465b5cc602c81ecaa66e31f0f570:064a122e33f58ab9bedcc806f62492b81e4451665c71c7dc3a5afd28b63aa6017713b59fb84dc9594c530b3bbe79c2bf5c738ae510f3152bf09f34a3b6d02482\",\"displayName\":\"Nguyễn Văn A\",\"token_version\":5,\"isActive\":true,\"createdAt\":\"2026-05-03T15:37:18.203Z\",\"updatedAt\":\"2026-05-04T09:10:04.759Z\",\"deletedAt\":null,\"roles\":[{\"user_id\":\"cc6d2974-22cf-4b0b-9590-4b701cfa3c00\",\"role_id\":\"4dd71768-1887-4879-9716-dab5dcddbebe\",\"assignedAt\":\"2026-05-06T11:53:17.723Z\",\"role\":{\"id\":\"4dd71768-1887-4879-9716-dab5dcddbebe\",\"name\":\"admin\",\"description\":\"Full system access\",\"permissions\":[{\"role_id\":\"4dd71768-1887-4879-9716-dab5dcddbebe\",\"permission_id\":\"7b2752ff-795f-49c6-abc7-d874550df97c\",\"permission\":{\"action\":\"read\",\"subject\":\"Department\",\"conditions\":[]}},{\"role_id\":\"4dd71768-1887-4879-9716-dab5dcddbebe\",\"permission_id\":\"d34ddd4b-bfe0-4f38-871c-5fe3c0f25c57\",\"permission\":{\"action\":\"create\",\"subject\":\"Department\",\"conditions\":[]}},{\"role_id\":\"4dd71768-1887-4879-9716-dab5dcddbebe\",\"permission_id\":\"a7c583f2-d8cf-4734-9113-c98e6c838ab8\",\"permission\":{\"action\":\"update\",\"subject\":\"Department\",\"conditions\":[]}},{\"role_id\":\"4dd71768-1887-4879-9716-dab5dcddbebe\",\"permission_id\":\"14b80590-7ca4-4131-9560-8d58349e74eb\",\"permission\":{\"action\":\"delete\",\"subject\":\"Department\",\"conditions\":[{\"conditions\":{\"end\":\"17:00\",\"type\":\"business_hours\",\"start\":\"08:00\"},\"attribute\":{\"name\":\"time\"}}]}},{\"role_id\":\"4dd71768-1887-4879-9716-dab5dcddbebe\",\"permission_id\":\"84f07ad6-e304-4f43-951d-e8c8eb599352\",\"permission\":{\"action\":\"read\",\"subject\":\"Port\",\"conditions\":[]}},{\"role_id\":\"4dd71768-1887-4879-9716-dab5dcddbebe\",\"permission_id\":\"be2db210-da42-4ec9-888d-3a0858978431\",\"permission\":{\"action\":\"create\",\"subject\":\"Port\",\"conditions\":[]}},{\"role_id\":\"4dd71768-1887-4879-9716-dab5dcddbebe\",\"permission_id\":\"7d8ec69e-467e-4f8e-a389-fa6ca6e256ed\",\"permission\":{\"action\":\"update\",\"subject\":\"Port\",\"conditions\":[]}},{\"role_id\":\"4dd71768-1887-4879-9716-dab5dcddbebe\",\"permission_id\":\"4f3bd475-3290-4ab8-982f-4dd670cb649c\",\"permission\":{\"action\":\"delete\",\"subject\":\"Port\",\"conditions\":[]}},{\"role_id\":\"4dd71768-1887-4879-9716-dab5dcddbebe\",\"permission_id\":\"35d0dcaf-8b47-4333-b402-a91709e0fc31\",\"permission\":{\"action\":\"read\",\"subject\":\"File\",\"conditions\":[]}},{\"role_id\":\"4dd71768-1887-4879-9716-dab5dcddbebe\",\"permission_id\":\"e57bb9e8-ae84-4eaa-8022-c6a84281aaff\",\"permission\":{\"action\":\"create\",\"subject\":\"File\",\"conditions\":[]}},{\"role_id\":\"4dd71768-1887-4879-9716-dab5dcddbebe\",\"permission_id\":\"160ace45-3feb-4708-8eae-92a7b94b01f9\",\"permission\":{\"action\":\"delete\",\"subject\":\"File\",\"conditions\":[]}},{\"role_id\":\"4dd71768-1887-4879-9716-dab5dcddbebe\",\"permission_id\":\"31f694c5-76a4-4e2a-803d-9a9ea0e4ef63\",\"permission\":{\"action\":\"read\",\"subject\":\"IPWhitelist\",\"conditions\":[]}},{\"role_id\":\"4dd71768-1887-4879-9716-dab5dcddbebe\",\"permission_id\":\"ceac5cb1-ebc6-46c1-9d1e-efa0ace039db\",\"permission\":{\"action\":\"create\",\"subject\":\"IPWhitelist\",\"conditions\":[]}},{\"role_id\":\"4dd71768-1887-4879-9716-dab5dcddbebe\",\"permission_id\":\"3b21ac56-b1e9-4ad2-9ee9-d7a342829903\",\"permission\":{\"action\":\"delete\",\"subject\":\"IPWhitelist\",\"conditions\":[]}}]}}]}","requestId":"e843a85c-8842-49f6-9524-42a8122c0cdb","timestamp":"2026-05-08T15:14:14.544Z"}
{"context":"LoggerMiddleware","level":"info","message":"[RequestID: e843a85c-8842-49f6-9524-42a8122c0cdb] GET /api/v1/auth/me | Status: 304 | Duration: 38ms | IP: ::1 | UserAgent: Mozilla/5.0 (Windows NT 10.0; Win64; x64) AppleWebKit/537.36 (KHTML, like Gecko) Chrome/147.0.0.0 Safari/537.36","requestId":"e843a85c-8842-49f6-9524-42a8122c0cdb","timestamp":"2026-05-08T15:14:14.555Z"}
{"context":"AccessTokenGuard","level":"info","message":"isPublic: undefined","requestId":"3048bfa5-d6e8-4751-9b5e-56d90a952c24","timestamp":"2026-05-08T15:17:03.724Z"}
{"context":"AccessTokenStrategy","level":"info","message":"user: {\"id\":\"cc6d2974-22cf-4b0b-9590-4b701cfa3c00\",\"username\":\"customer_001\",\"hashed_password\":\"scrypt:61b7465b5cc602c81ecaa66e31f0f570:064a122e33f58ab9bedcc806f62492b81e4451665c71c7dc3a5afd28b63aa6017713b59fb84dc9594c530b3bbe79c2bf5c738ae510f3152bf09f34a3b6d02482\",\"displayName\":\"Nguyễn Văn A\",\"token_version\":5,\"isActive\":true,\"createdAt\":\"2026-05-03T15:37:18.203Z\",\"updatedAt\":\"2026-05-04T09:10:04.759Z\",\"deletedAt\":null,\"roles\":[{\"user_id\":\"cc6d2974-22cf-4b0b-9590-4b701cfa3c00\",\"role_id\":\"4dd71768-1887-4879-9716-dab5dcddbebe\",\"assignedAt\":\"2026-05-06T11:53:17.723Z\",\"role\":{\"id\":\"4dd71768-1887-4879-9716-dab5dcddbebe\",\"name\":\"admin\",\"description\":\"Full system access\",\"permissions\":[{\"role_id\":\"4dd71768-1887-4879-9716-dab5dcddbebe\",\"permission_id\":\"7b2752ff-795f-49c6-abc7-d874550df97c\",\"permission\":{\"action\":\"read\",\"subject\":\"Department\",\"conditions\":[]}},{\"role_id\":\"4dd71768-1887-4879-9716-dab5dcddbebe\",\"permission_id\":\"d34ddd4b-bfe0-4f38-871c-5fe3c0f25c57\",\"permission\":{\"action\":\"create\",\"subject\":\"Department\",\"conditions\":[]}},{\"role_id\":\"4dd71768-1887-4879-9716-dab5dcddbebe\",\"permission_id\":\"a7c583f2-d8cf-4734-9113-c98e6c838ab8\",\"permission\":{\"action\":\"update\",\"subject\":\"Department\",\"conditions\":[]}},{\"role_id\":\"4dd71768-1887-4879-9716-dab5dcddbebe\",\"permission_id\":\"14b80590-7ca4-4131-9560-8d58349e74eb\",\"permission\":{\"action\":\"delete\",\"subject\":\"Department\",\"conditions\":[{\"conditions\":{\"end\":\"17:00\",\"type\":\"business_hours\",\"start\":\"08:00\"},\"attribute\":{\"name\":\"time\"}}]}},{\"role_id\":\"4dd71768-1887-4879-9716-dab5dcddbebe\",\"permission_id\":\"84f07ad6-e304-4f43-951d-e8c8eb599352\",\"permission\":{\"action\":\"read\",\"subject\":\"Port\",\"conditions\":[]}},{\"role_id\":\"4dd71768-1887-4879-9716-dab5dcddbebe\",\"permission_id\":\"be2db210-da42-4ec9-888d-3a0858978431\",\"permission\":{\"action\":\"create\",\"subject\":\"Port\",\"conditions\":[]}},{\"role_id\":\"4dd71768-1887-4879-9716-dab5dcddbebe\",\"permission_id\":\"7d8ec69e-467e-4f8e-a389-fa6ca6e256ed\",\"permission\":{\"action\":\"update\",\"subject\":\"Port\",\"conditions\":[]}},{\"role_id\":\"4dd71768-1887-4879-9716-dab5dcddbebe\",\"permission_id\":\"4f3bd475-3290-4ab8-982f-4dd670cb649c\",\"permission\":{\"action\":\"delete\",\"subject\":\"Port\",\"conditions\":[]}},{\"role_id\":\"4dd71768-1887-4879-9716-dab5dcddbebe\",\"permission_id\":\"35d0dcaf-8b47-4333-b402-a91709e0fc31\",\"permission\":{\"action\":\"read\",\"subject\":\"File\",\"conditions\":[]}},{\"role_id\":\"4dd71768-1887-4879-9716-dab5dcddbebe\",\"permission_id\":\"e57bb9e8-ae84-4eaa-8022-c6a84281aaff\",\"permission\":{\"action\":\"create\",\"subject\":\"File\",\"conditions\":[]}},{\"role_id\":\"4dd71768-1887-4879-9716-dab5dcddbebe\",\"permission_id\":\"160ace45-3feb-4708-8eae-92a7b94b01f9\",\"permission\":{\"action\":\"delete\",\"subject\":\"File\",\"conditions\":[]}},{\"role_id\":\"4dd71768-1887-4879-9716-dab5dcddbebe\",\"permission_id\":\"31f694c5-76a4-4e2a-803d-9a9ea0e4ef63\",\"permission\":{\"action\":\"read\",\"subject\":\"IPWhitelist\",\"conditions\":[]}},{\"role_id\":\"4dd71768-1887-4879-9716-dab5dcddbebe\",\"permission_id\":\"ceac5cb1-ebc6-46c1-9d1e-efa0ace039db\",\"permission\":{\"action\":\"create\",\"subject\":\"IPWhitelist\",\"conditions\":[]}},{\"role_id\":\"4dd71768-1887-4879-9716-dab5dcddbebe\",\"permission_id\":\"3b21ac56-b1e9-4ad2-9ee9-d7a342829903\",\"permission\":{\"action\":\"delete\",\"subject\":\"IPWhitelist\",\"conditions\":[]}}]}}]}","requestId":"3048bfa5-d6e8-4751-9b5e-56d90a952c24","timestamp":"2026-05-08T15:17:03.744Z"}
{"context":"LoggerMiddleware","level":"info","message":"[RequestID: 3048bfa5-d6e8-4751-9b5e-56d90a952c24] GET /api/v1/auth/me | Status: 304 | Duration: 28ms | IP: ::1 | UserAgent: Mozilla/5.0 (Windows NT 10.0; Win64; x64) AppleWebKit/537.36 (KHTML, like Gecko) Chrome/147.0.0.0 Safari/537.36","requestId":"3048bfa5-d6e8-4751-9b5e-56d90a952c24","timestamp":"2026-05-08T15:17:03.752Z"}
{"context":"AccessTokenGuard","level":"info","message":"isPublic: undefined","requestId":"c3d5aead-81d3-42fc-889f-30bcbc4a3a27","timestamp":"2026-05-08T15:17:14.483Z"}
{"context":"AccessTokenStrategy","level":"info","message":"user: {\"id\":\"cc6d2974-22cf-4b0b-9590-4b701cfa3c00\",\"username\":\"customer_001\",\"hashed_password\":\"scrypt:61b7465b5cc602c81ecaa66e31f0f570:064a122e33f58ab9bedcc806f62492b81e4451665c71c7dc3a5afd28b63aa6017713b59fb84dc9594c530b3bbe79c2bf5c738ae510f3152bf09f34a3b6d02482\",\"displayName\":\"Nguyễn Văn A\",\"token_version\":5,\"isActive\":true,\"createdAt\":\"2026-05-03T15:37:18.203Z\",\"updatedAt\":\"2026-05-04T09:10:04.759Z\",\"deletedAt\":null,\"roles\":[{\"user_id\":\"cc6d2974-22cf-4b0b-9590-4b701cfa3c00\",\"role_id\":\"4dd71768-1887-4879-9716-dab5dcddbebe\",\"assignedAt\":\"2026-05-06T11:53:17.723Z\",\"role\":{\"id\":\"4dd71768-1887-4879-9716-dab5dcddbebe\",\"name\":\"admin\",\"description\":\"Full system access\",\"permissions\":[{\"role_id\":\"4dd71768-1887-4879-9716-dab5dcddbebe\",\"permission_id\":\"7b2752ff-795f-49c6-abc7-d874550df97c\",\"permission\":{\"action\":\"read\",\"subject\":\"Department\",\"conditions\":[]}},{\"role_id\":\"4dd71768-1887-4879-9716-dab5dcddbebe\",\"permission_id\":\"d34ddd4b-bfe0-4f38-871c-5fe3c0f25c57\",\"permission\":{\"action\":\"create\",\"subject\":\"Department\",\"conditions\":[]}},{\"role_id\":\"4dd71768-1887-4879-9716-dab5dcddbebe\",\"permission_id\":\"a7c583f2-d8cf-4734-9113-c98e6c838ab8\",\"permission\":{\"action\":\"update\",\"subject\":\"Department\",\"conditions\":[]}},{\"role_id\":\"4dd71768-1887-4879-9716-dab5dcddbebe\",\"permission_id\":\"14b80590-7ca4-4131-9560-8d58349e74eb\",\"permission\":{\"action\":\"delete\",\"subject\":\"Department\",\"conditions\":[{\"conditions\":{\"end\":\"17:00\",\"type\":\"business_hours\",\"start\":\"08:00\"},\"attribute\":{\"name\":\"time\"}}]}},{\"role_id\":\"4dd71768-1887-4879-9716-dab5dcddbebe\",\"permission_id\":\"84f07ad6-e304-4f43-951d-e8c8eb599352\",\"permission\":{\"action\":\"read\",\"subject\":\"Port\",\"conditions\":[]}},{\"role_id\":\"4dd71768-1887-4879-9716-dab5dcddbebe\",\"permission_id\":\"be2db210-da42-4ec9-888d-3a0858978431\",\"permission\":{\"action\":\"create\",\"subject\":\"Port\",\"conditions\":[]}},{\"role_id\":\"4dd71768-1887-4879-9716-dab5dcddbebe\",\"permission_id\":\"7d8ec69e-467e-4f8e-a389-fa6ca6e256ed\",\"permission\":{\"action\":\"update\",\"subject\":\"Port\",\"conditions\":[]}},{\"role_id\":\"4dd71768-1887-4879-9716-dab5dcddbebe\",\"permission_id\":\"4f3bd475-3290-4ab8-982f-4dd670cb649c\",\"permission\":{\"action\":\"delete\",\"subject\":\"Port\",\"conditions\":[]}},{\"role_id\":\"4dd71768-1887-4879-9716-dab5dcddbebe\",\"permission_id\":\"35d0dcaf-8b47-4333-b402-a91709e0fc31\",\"permission\":{\"action\":\"read\",\"subject\":\"File\",\"conditions\":[]}},{\"role_id\":\"4dd71768-1887-4879-9716-dab5dcddbebe\",\"permission_id\":\"e57bb9e8-ae84-4eaa-8022-c6a84281aaff\",\"permission\":{\"action\":\"create\",\"subject\":\"File\",\"conditions\":[]}},{\"role_id\":\"4dd71768-1887-4879-9716-dab5dcddbebe\",\"permission_id\":\"160ace45-3feb-4708-8eae-92a7b94b01f9\",\"permission\":{\"action\":\"delete\",\"subject\":\"File\",\"conditions\":[]}},{\"role_id\":\"4dd71768-1887-4879-9716-dab5dcddbebe\",\"permission_id\":\"31f694c5-76a4-4e2a-803d-9a9ea0e4ef63\",\"permission\":{\"action\":\"read\",\"subject\":\"IPWhitelist\",\"conditions\":[]}},{\"role_id\":\"4dd71768-1887-4879-9716-dab5dcddbebe\",\"permission_id\":\"ceac5cb1-ebc6-46c1-9d1e-efa0ace039db\",\"permission\":{\"action\":\"create\",\"subject\":\"IPWhitelist\",\"conditions\":[]}},{\"role_id\":\"4dd71768-1887-4879-9716-dab5dcddbebe\",\"permission_id\":\"3b21ac56-b1e9-4ad2-9ee9-d7a342829903\",\"permission\":{\"action\":\"delete\",\"subject\":\"IPWhitelist\",\"conditions\":[]}}]}}]}","requestId":"c3d5aead-81d3-42fc-889f-30bcbc4a3a27","timestamp":"2026-05-08T15:17:14.498Z"}
{"context":"LoggerMiddleware","level":"info","message":"[RequestID: c3d5aead-81d3-42fc-889f-30bcbc4a3a27] GET /api/v1/auth/me | Status: 304 | Duration: 20ms | IP: ::1 | UserAgent: Mozilla/5.0 (Windows NT 10.0; Win64; x64) AppleWebKit/537.36 (KHTML, like Gecko) Chrome/147.0.0.0 Safari/537.36","requestId":"c3d5aead-81d3-42fc-889f-30bcbc4a3a27","timestamp":"2026-05-08T15:17:14.504Z"}
{"context":"AccessTokenGuard","level":"info","message":"isPublic: undefined","requestId":"37b8e708-f41d-4a7e-8b85-024f92ea5e23","timestamp":"2026-05-08T15:19:57.935Z"}
{"context":"AccessTokenStrategy","level":"info","message":"user: {\"id\":\"cc6d2974-22cf-4b0b-9590-4b701cfa3c00\",\"username\":\"customer_001\",\"hashed_password\":\"scrypt:61b7465b5cc602c81ecaa66e31f0f570:064a122e33f58ab9bedcc806f62492b81e4451665c71c7dc3a5afd28b63aa6017713b59fb84dc9594c530b3bbe79c2bf5c738ae510f3152bf09f34a3b6d02482\",\"displayName\":\"Nguyễn Văn A\",\"token_version\":5,\"isActive\":true,\"createdAt\":\"2026-05-03T15:37:18.203Z\",\"updatedAt\":\"2026-05-04T09:10:04.759Z\",\"deletedAt\":null,\"roles\":[{\"user_id\":\"cc6d2974-22cf-4b0b-9590-4b701cfa3c00\",\"role_id\":\"4dd71768-1887-4879-9716-dab5dcddbebe\",\"assignedAt\":\"2026-05-06T11:53:17.723Z\",\"role\":{\"id\":\"4dd71768-1887-4879-9716-dab5dcddbebe\",\"name\":\"admin\",\"description\":\"Full system access\",\"permissions\":[{\"role_id\":\"4dd71768-1887-4879-9716-dab5dcddbebe\",\"permission_id\":\"7b2752ff-795f-49c6-abc7-d874550df97c\",\"permission\":{\"action\":\"read\",\"subject\":\"Department\",\"conditions\":[]}},{\"role_id\":\"4dd71768-1887-4879-9716-dab5dcddbebe\",\"permission_id\":\"d34ddd4b-bfe0-4f38-871c-5fe3c0f25c57\",\"permission\":{\"action\":\"create\",\"subject\":\"Department\",\"conditions\":[]}},{\"role_id\":\"4dd71768-1887-4879-9716-dab5dcddbebe\",\"permission_id\":\"a7c583f2-d8cf-4734-9113-c98e6c838ab8\",\"permission\":{\"action\":\"update\",\"subject\":\"Department\",\"conditions\":[]}},{\"role_id\":\"4dd71768-1887-4879-9716-dab5dcddbebe\",\"permission_id\":\"14b80590-7ca4-4131-9560-8d58349e74eb\",\"permission\":{\"action\":\"delete\",\"subject\":\"Department\",\"conditions\":[{\"conditions\":{\"end\":\"17:00\",\"type\":\"business_hours\",\"start\":\"08:00\"},\"attribute\":{\"name\":\"time\"}}]}},{\"role_id\":\"4dd71768-1887-4879-9716-dab5dcddbebe\",\"permission_id\":\"84f07ad6-e304-4f43-951d-e8c8eb599352\",\"permission\":{\"action\":\"read\",\"subject\":\"Port\",\"conditions\":[]}},{\"role_id\":\"4dd71768-1887-4879-9716-dab5dcddbebe\",\"permission_id\":\"be2db210-da42-4ec9-888d-3a0858978431\",\"permission\":{\"action\":\"create\",\"subject\":\"Port\",\"conditions\":[]}},{\"role_id\":\"4dd71768-1887-4879-9716-dab5dcddbebe\",\"permission_id\":\"7d8ec69e-467e-4f8e-a389-fa6ca6e256ed\",\"permission\":{\"action\":\"update\",\"subject\":\"Port\",\"conditions\":[]}},{\"role_id\":\"4dd71768-1887-4879-9716-dab5dcddbebe\",\"permission_id\":\"4f3bd475-3290-4ab8-982f-4dd670cb649c\",\"permission\":{\"action\":\"delete\",\"subject\":\"Port\",\"conditions\":[]}},{\"role_id\":\"4dd71768-1887-4879-9716-dab5dcddbebe\",\"permission_id\":\"35d0dcaf-8b47-4333-b402-a91709e0fc31\",\"permission\":{\"action\":\"read\",\"subject\":\"File\",\"conditions\":[]}},{\"role_id\":\"4dd71768-1887-4879-9716-dab5dcddbebe\",\"permission_id\":\"e57bb9e8-ae84-4eaa-8022-c6a84281aaff\",\"permission\":{\"action\":\"create\",\"subject\":\"File\",\"conditions\":[]}},{\"role_id\":\"4dd71768-1887-4879-9716-dab5dcddbebe\",\"permission_id\":\"160ace45-3feb-4708-8eae-92a7b94b01f9\",\"permission\":{\"action\":\"delete\",\"subject\":\"File\",\"conditions\":[]}},{\"role_id\":\"4dd71768-1887-4879-9716-dab5dcddbebe\",\"permission_id\":\"31f694c5-76a4-4e2a-803d-9a9ea0e4ef63\",\"permission\":{\"action\":\"read\",\"subject\":\"IPWhitelist\",\"conditions\":[]}},{\"role_id\":\"4dd71768-1887-4879-9716-dab5dcddbebe\",\"permission_id\":\"ceac5cb1-ebc6-46c1-9d1e-efa0ace039db\",\"permission\":{\"action\":\"create\",\"subject\":\"IPWhitelist\",\"conditions\":[]}},{\"role_id\":\"4dd71768-1887-4879-9716-dab5dcddbebe\",\"permission_id\":\"3b21ac56-b1e9-4ad2-9ee9-d7a342829903\",\"permission\":{\"action\":\"delete\",\"subject\":\"IPWhitelist\",\"conditions\":[]}}]}}]}","requestId":"37b8e708-f41d-4a7e-8b85-024f92ea5e23","timestamp":"2026-05-08T15:19:57.955Z"}
{"context":"LoggerMiddleware","level":"info","message":"[RequestID: 37b8e708-f41d-4a7e-8b85-024f92ea5e23] GET /api/v1/auth/me | Status: 304 | Duration: 25ms | IP: ::1 | UserAgent: Mozilla/5.0 (Windows NT 10.0; Win64; x64) AppleWebKit/537.36 (KHTML, like Gecko) Chrome/147.0.0.0 Safari/537.36","requestId":"37b8e708-f41d-4a7e-8b85-024f92ea5e23","timestamp":"2026-05-08T15:19:57.961Z"}
{"context":"AccessTokenGuard","level":"info","message":"isPublic: undefined","requestId":"e9aa4589-0b10-4b09-9aa6-b20db5faeb33","timestamp":"2026-05-08T15:21:23.366Z"}
{"context":"AccessTokenStrategy","level":"info","message":"user: {\"id\":\"cc6d2974-22cf-4b0b-9590-4b701cfa3c00\",\"username\":\"customer_001\",\"hashed_password\":\"scrypt:61b7465b5cc602c81ecaa66e31f0f570:064a122e33f58ab9bedcc806f62492b81e4451665c71c7dc3a5afd28b63aa6017713b59fb84dc9594c530b3bbe79c2bf5c738ae510f3152bf09f34a3b6d02482\",\"displayName\":\"Nguyễn Văn A\",\"token_version\":5,\"isActive\":true,\"createdAt\":\"2026-05-03T15:37:18.203Z\",\"updatedAt\":\"2026-05-04T09:10:04.759Z\",\"deletedAt\":null,\"roles\":[{\"user_id\":\"cc6d2974-22cf-4b0b-9590-4b701cfa3c00\",\"role_id\":\"4dd71768-1887-4879-9716-dab5dcddbebe\",\"assignedAt\":\"2026-05-06T11:53:17.723Z\",\"role\":{\"id\":\"4dd71768-1887-4879-9716-dab5dcddbebe\",\"name\":\"admin\",\"description\":\"Full system access\",\"permissions\":[{\"role_id\":\"4dd71768-1887-4879-9716-dab5dcddbebe\",\"permission_id\":\"7b2752ff-795f-49c6-abc7-d874550df97c\",\"permission\":{\"action\":\"read\",\"subject\":\"Department\",\"conditions\":[]}},{\"role_id\":\"4dd71768-1887-4879-9716-dab5dcddbebe\",\"permission_id\":\"d34ddd4b-bfe0-4f38-871c-5fe3c0f25c57\",\"permission\":{\"action\":\"create\",\"subject\":\"Department\",\"conditions\":[]}},{\"role_id\":\"4dd71768-1887-4879-9716-dab5dcddbebe\",\"permission_id\":\"a7c583f2-d8cf-4734-9113-c98e6c838ab8\",\"permission\":{\"action\":\"update\",\"subject\":\"Department\",\"conditions\":[]}},{\"role_id\":\"4dd71768-1887-4879-9716-dab5dcddbebe\",\"permission_id\":\"14b80590-7ca4-4131-9560-8d58349e74eb\",\"permission\":{\"action\":\"delete\",\"subject\":\"Department\",\"conditions\":[{\"conditions\":{\"end\":\"17:00\",\"type\":\"business_hours\",\"start\":\"08:00\"},\"attribute\":{\"name\":\"time\"}}]}},{\"role_id\":\"4dd71768-1887-4879-9716-dab5dcddbebe\",\"permission_id\":\"84f07ad6-e304-4f43-951d-e8c8eb599352\",\"permission\":{\"action\":\"read\",\"subject\":\"Port\",\"conditions\":[]}},{\"role_id\":\"4dd71768-1887-4879-9716-dab5dcddbebe\",\"permission_id\":\"be2db210-da42-4ec9-888d-3a0858978431\",\"permission\":{\"action\":\"create\",\"subject\":\"Port\",\"conditions\":[]}},{\"role_id\":\"4dd71768-1887-4879-9716-dab5dcddbebe\",\"permission_id\":\"7d8ec69e-467e-4f8e-a389-fa6ca6e256ed\",\"permission\":{\"action\":\"update\",\"subject\":\"Port\",\"conditions\":[]}},{\"role_id\":\"4dd71768-1887-4879-9716-dab5dcddbebe\",\"permission_id\":\"4f3bd475-3290-4ab8-982f-4dd670cb649c\",\"permission\":{\"action\":\"delete\",\"subject\":\"Port\",\"conditions\":[]}},{\"role_id\":\"4dd71768-1887-4879-9716-dab5dcddbebe\",\"permission_id\":\"35d0dcaf-8b47-4333-b402-a91709e0fc31\",\"permission\":{\"action\":\"read\",\"subject\":\"File\",\"conditions\":[]}},{\"role_id\":\"4dd71768-1887-4879-9716-dab5dcddbebe\",\"permission_id\":\"e57bb9e8-ae84-4eaa-8022-c6a84281aaff\",\"permission\":{\"action\":\"create\",\"subject\":\"File\",\"conditions\":[]}},{\"role_id\":\"4dd71768-1887-4879-9716-dab5dcddbebe\",\"permission_id\":\"160ace45-3feb-4708-8eae-92a7b94b01f9\",\"permission\":{\"action\":\"delete\",\"subject\":\"File\",\"conditions\":[]}},{\"role_id\":\"4dd71768-1887-4879-9716-dab5dcddbebe\",\"permission_id\":\"31f694c5-76a4-4e2a-803d-9a9ea0e4ef63\",\"permission\":{\"action\":\"read\",\"subject\":\"IPWhitelist\",\"conditions\":[]}},{\"role_id\":\"4dd71768-1887-4879-9716-dab5dcddbebe\",\"permission_id\":\"ceac5cb1-ebc6-46c1-9d1e-efa0ace039db\",\"permission\":{\"action\":\"create\",\"subject\":\"IPWhitelist\",\"conditions\":[]}},{\"role_id\":\"4dd71768-1887-4879-9716-dab5dcddbebe\",\"permission_id\":\"3b21ac56-b1e9-4ad2-9ee9-d7a342829903\",\"permission\":{\"action\":\"delete\",\"subject\":\"IPWhitelist\",\"conditions\":[]}}]}}]}","requestId":"e9aa4589-0b10-4b09-9aa6-b20db5faeb33","timestamp":"2026-05-08T15:21:23.386Z"}
{"context":"LoggerMiddleware","level":"info","message":"[RequestID: e9aa4589-0b10-4b09-9aa6-b20db5faeb33] GET /api/v1/auth/me | Status: 304 | Duration: 31ms | IP: ::1 | UserAgent: Mozilla/5.0 (Windows NT 10.0; Win64; x64) AppleWebKit/537.36 (KHTML, like Gecko) Chrome/147.0.0.0 Safari/537.36","requestId":"e9aa4589-0b10-4b09-9aa6-b20db5faeb33","timestamp":"2026-05-08T15:21:23.397Z"}
{"context":"AccessTokenGuard","level":"info","message":"isPublic: undefined","requestId":"4f2938fc-432d-4b88-b684-5a0e75b50634","timestamp":"2026-05-08T15:21:29.741Z"}
{"context":"AccessTokenStrategy","level":"info","message":"user: {\"id\":\"cc6d2974-22cf-4b0b-9590-4b701cfa3c00\",\"username\":\"customer_001\",\"hashed_password\":\"scrypt:61b7465b5cc602c81ecaa66e31f0f570:064a122e33f58ab9bedcc806f62492b81e4451665c71c7dc3a5afd28b63aa6017713b59fb84dc9594c530b3bbe79c2bf5c738ae510f3152bf09f34a3b6d02482\",\"displayName\":\"Nguyễn Văn A\",\"token_version\":5,\"isActive\":true,\"createdAt\":\"2026-05-03T15:37:18.203Z\",\"updatedAt\":\"2026-05-04T09:10:04.759Z\",\"deletedAt\":null,\"roles\":[{\"user_id\":\"cc6d2974-22cf-4b0b-9590-4b701cfa3c00\",\"role_id\":\"4dd71768-1887-4879-9716-dab5dcddbebe\",\"assignedAt\":\"2026-05-06T11:53:17.723Z\",\"role\":{\"id\":\"4dd71768-1887-4879-9716-dab5dcddbebe\",\"name\":\"admin\",\"description\":\"Full system access\",\"permissions\":[{\"role_id\":\"4dd71768-1887-4879-9716-dab5dcddbebe\",\"permission_id\":\"7b2752ff-795f-49c6-abc7-d874550df97c\",\"permission\":{\"action\":\"read\",\"subject\":\"Department\",\"conditions\":[]}},{\"role_id\":\"4dd71768-1887-4879-9716-dab5dcddbebe\",\"permission_id\":\"d34ddd4b-bfe0-4f38-871c-5fe3c0f25c57\",\"permission\":{\"action\":\"create\",\"subject\":\"Department\",\"conditions\":[]}},{\"role_id\":\"4dd71768-1887-4879-9716-dab5dcddbebe\",\"permission_id\":\"a7c583f2-d8cf-4734-9113-c98e6c838ab8\",\"permission\":{\"action\":\"update\",\"subject\":\"Department\",\"conditions\":[]}},{\"role_id\":\"4dd71768-1887-4879-9716-dab5dcddbebe\",\"permission_id\":\"14b80590-7ca4-4131-9560-8d58349e74eb\",\"permission\":{\"action\":\"delete\",\"subject\":\"Department\",\"conditions\":[{\"conditions\":{\"end\":\"17:00\",\"type\":\"business_hours\",\"start\":\"08:00\"},\"attribute\":{\"name\":\"time\"}}]}},{\"role_id\":\"4dd71768-1887-4879-9716-dab5dcddbebe\",\"permission_id\":\"84f07ad6-e304-4f43-951d-e8c8eb599352\",\"permission\":{\"action\":\"read\",\"subject\":\"Port\",\"conditions\":[]}},{\"role_id\":\"4dd71768-1887-4879-9716-dab5dcddbebe\",\"permission_id\":\"be2db210-da42-4ec9-888d-3a0858978431\",\"permission\":{\"action\":\"create\",\"subject\":\"Port\",\"conditions\":[]}},{\"role_id\":\"4dd71768-1887-4879-9716-dab5dcddbebe\",\"permission_id\":\"7d8ec69e-467e-4f8e-a389-fa6ca6e256ed\",\"permission\":{\"action\":\"update\",\"subject\":\"Port\",\"conditions\":[]}},{\"role_id\":\"4dd71768-1887-4879-9716-dab5dcddbebe\",\"permission_id\":\"4f3bd475-3290-4ab8-982f-4dd670cb649c\",\"permission\":{\"action\":\"delete\",\"subject\":\"Port\",\"conditions\":[]}},{\"role_id\":\"4dd71768-1887-4879-9716-dab5dcddbebe\",\"permission_id\":\"35d0dcaf-8b47-4333-b402-a91709e0fc31\",\"permission\":{\"action\":\"read\",\"subject\":\"File\",\"conditions\":[]}},{\"role_id\":\"4dd71768-1887-4879-9716-dab5dcddbebe\",\"permission_id\":\"e57bb9e8-ae84-4eaa-8022-c6a84281aaff\",\"permission\":{\"action\":\"create\",\"subject\":\"File\",\"conditions\":[]}},{\"role_id\":\"4dd71768-1887-4879-9716-dab5dcddbebe\",\"permission_id\":\"160ace45-3feb-4708-8eae-92a7b94b01f9\",\"permission\":{\"action\":\"delete\",\"subject\":\"File\",\"conditions\":[]}},{\"role_id\":\"4dd71768-1887-4879-9716-dab5dcddbebe\",\"permission_id\":\"31f694c5-76a4-4e2a-803d-9a9ea0e4ef63\",\"permission\":{\"action\":\"read\",\"subject\":\"IPWhitelist\",\"conditions\":[]}},{\"role_id\":\"4dd71768-1887-4879-9716-dab5dcddbebe\",\"permission_id\":\"ceac5cb1-ebc6-46c1-9d1e-efa0ace039db\",\"permission\":{\"action\":\"create\",\"subject\":\"IPWhitelist\",\"conditions\":[]}},{\"role_id\":\"4dd71768-1887-4879-9716-dab5dcddbebe\",\"permission_id\":\"3b21ac56-b1e9-4ad2-9ee9-d7a342829903\",\"permission\":{\"action\":\"delete\",\"subject\":\"IPWhitelist\",\"conditions\":[]}}]}}]}","requestId":"4f2938fc-432d-4b88-b684-5a0e75b50634","timestamp":"2026-05-08T15:21:29.748Z"}
{"context":"LoggerMiddleware","level":"info","message":"[RequestID: 4f2938fc-432d-4b88-b684-5a0e75b50634] GET /api/v1/auth/me | Status: 304 | Duration: 14ms | IP: ::1 | UserAgent: Mozilla/5.0 (Windows NT 10.0; Win64; x64) AppleWebKit/537.36 (KHTML, like Gecko) Chrome/147.0.0.0 Safari/537.36","requestId":"4f2938fc-432d-4b88-b684-5a0e75b50634","timestamp":"2026-05-08T15:21:29.755Z"}
{"context":"AccessTokenGuard","level":"info","message":"isPublic: undefined","requestId":"2a8efbcc-54c1-4590-a894-9faa20419f0c","timestamp":"2026-05-08T15:21:31.206Z"}
{"context":"AccessTokenStrategy","level":"info","message":"user: {\"id\":\"cc6d2974-22cf-4b0b-9590-4b701cfa3c00\",\"username\":\"customer_001\",\"hashed_password\":\"scrypt:61b7465b5cc602c81ecaa66e31f0f570:064a122e33f58ab9bedcc806f62492b81e4451665c71c7dc3a5afd28b63aa6017713b59fb84dc9594c530b3bbe79c2bf5c738ae510f3152bf09f34a3b6d02482\",\"displayName\":\"Nguyễn Văn A\",\"token_version\":5,\"isActive\":true,\"createdAt\":\"2026-05-03T15:37:18.203Z\",\"updatedAt\":\"2026-05-04T09:10:04.759Z\",\"deletedAt\":null,\"roles\":[{\"user_id\":\"cc6d2974-22cf-4b0b-9590-4b701cfa3c00\",\"role_id\":\"4dd71768-1887-4879-9716-dab5dcddbebe\",\"assignedAt\":\"2026-05-06T11:53:17.723Z\",\"role\":{\"id\":\"4dd71768-1887-4879-9716-dab5dcddbebe\",\"name\":\"admin\",\"description\":\"Full system access\",\"permissions\":[{\"role_id\":\"4dd71768-1887-4879-9716-dab5dcddbebe\",\"permission_id\":\"7b2752ff-795f-49c6-abc7-d874550df97c\",\"permission\":{\"action\":\"read\",\"subject\":\"Department\",\"conditions\":[]}},{\"role_id\":\"4dd71768-1887-4879-9716-dab5dcddbebe\",\"permission_id\":\"d34ddd4b-bfe0-4f38-871c-5fe3c0f25c57\",\"permission\":{\"action\":\"create\",\"subject\":\"Department\",\"conditions\":[]}},{\"role_id\":\"4dd71768-1887-4879-9716-dab5dcddbebe\",\"permission_id\":\"a7c583f2-d8cf-4734-9113-c98e6c838ab8\",\"permission\":{\"action\":\"update\",\"subject\":\"Department\",\"conditions\":[]}},{\"role_id\":\"4dd71768-1887-4879-9716-dab5dcddbebe\",\"permission_id\":\"14b80590-7ca4-4131-9560-8d58349e74eb\",\"permission\":{\"action\":\"delete\",\"subject\":\"Department\",\"conditions\":[{\"conditions\":{\"end\":\"17:00\",\"type\":\"business_hours\",\"start\":\"08:00\"},\"attribute\":{\"name\":\"time\"}}]}},{\"role_id\":\"4dd71768-1887-4879-9716-dab5dcddbebe\",\"permission_id\":\"84f07ad6-e304-4f43-951d-e8c8eb599352\",\"permission\":{\"action\":\"read\",\"subject\":\"Port\",\"conditions\":[]}},{\"role_id\":\"4dd71768-1887-4879-9716-dab5dcddbebe\",\"permission_id\":\"be2db210-da42-4ec9-888d-3a0858978431\",\"permission\":{\"action\":\"create\",\"subject\":\"Port\",\"conditions\":[]}},{\"role_id\":\"4dd71768-1887-4879-9716-dab5dcddbebe\",\"permission_id\":\"7d8ec69e-467e-4f8e-a389-fa6ca6e256ed\",\"permission\":{\"action\":\"update\",\"subject\":\"Port\",\"conditions\":[]}},{\"role_id\":\"4dd71768-1887-4879-9716-dab5dcddbebe\",\"permission_id\":\"4f3bd475-3290-4ab8-982f-4dd670cb649c\",\"permission\":{\"action\":\"delete\",\"subject\":\"Port\",\"conditions\":[]}},{\"role_id\":\"4dd71768-1887-4879-9716-dab5dcddbebe\",\"permission_id\":\"35d0dcaf-8b47-4333-b402-a91709e0fc31\",\"permission\":{\"action\":\"read\",\"subject\":\"File\",\"conditions\":[]}},{\"role_id\":\"4dd71768-1887-4879-9716-dab5dcddbebe\",\"permission_id\":\"e57bb9e8-ae84-4eaa-8022-c6a84281aaff\",\"permission\":{\"action\":\"create\",\"subject\":\"File\",\"conditions\":[]}},{\"role_id\":\"4dd71768-1887-4879-9716-dab5dcddbebe\",\"permission_id\":\"160ace45-3feb-4708-8eae-92a7b94b01f9\",\"permission\":{\"action\":\"delete\",\"subject\":\"File\",\"conditions\":[]}},{\"role_id\":\"4dd71768-1887-4879-9716-dab5dcddbebe\",\"permission_id\":\"31f694c5-76a4-4e2a-803d-9a9ea0e4ef63\",\"permission\":{\"action\":\"read\",\"subject\":\"IPWhitelist\",\"conditions\":[]}},{\"role_id\":\"4dd71768-1887-4879-9716-dab5dcddbebe\",\"permission_id\":\"ceac5cb1-ebc6-46c1-9d1e-efa0ace039db\",\"permission\":{\"action\":\"create\",\"subject\":\"IPWhitelist\",\"conditions\":[]}},{\"role_id\":\"4dd71768-1887-4879-9716-dab5dcddbebe\",\"permission_id\":\"3b21ac56-b1e9-4ad2-9ee9-d7a342829903\",\"permission\":{\"action\":\"delete\",\"subject\":\"IPWhitelist\",\"conditions\":[]}}]}}]}","requestId":"2a8efbcc-54c1-4590-a894-9faa20419f0c","timestamp":"2026-05-08T15:21:31.213Z"}
{"context":"LoggerMiddleware","level":"info","message":"[RequestID: 2a8efbcc-54c1-4590-a894-9faa20419f0c] GET /api/v1/auth/me | Status: 304 | Duration: 15ms | IP: ::1 | UserAgent: Mozilla/5.0 (Windows NT 10.0; Win64; x64) AppleWebKit/537.36 (KHTML, like Gecko) Chrome/147.0.0.0 Safari/537.36","requestId":"2a8efbcc-54c1-4590-a894-9faa20419f0c","timestamp":"2026-05-08T15:21:31.221Z"}
{"context":"AccessTokenGuard","level":"info","message":"isPublic: undefined","requestId":"09671661-760c-48a4-bbcd-42b0d53bcb0b","timestamp":"2026-05-08T15:21:32.532Z"}
{"context":"AccessTokenStrategy","level":"info","message":"user: {\"id\":\"cc6d2974-22cf-4b0b-9590-4b701cfa3c00\",\"username\":\"customer_001\",\"hashed_password\":\"scrypt:61b7465b5cc602c81ecaa66e31f0f570:064a122e33f58ab9bedcc806f62492b81e4451665c71c7dc3a5afd28b63aa6017713b59fb84dc9594c530b3bbe79c2bf5c738ae510f3152bf09f34a3b6d02482\",\"displayName\":\"Nguyễn Văn A\",\"token_version\":5,\"isActive\":true,\"createdAt\":\"2026-05-03T15:37:18.203Z\",\"updatedAt\":\"2026-05-04T09:10:04.759Z\",\"deletedAt\":null,\"roles\":[{\"user_id\":\"cc6d2974-22cf-4b0b-9590-4b701cfa3c00\",\"role_id\":\"4dd71768-1887-4879-9716-dab5dcddbebe\",\"assignedAt\":\"2026-05-06T11:53:17.723Z\",\"role\":{\"id\":\"4dd71768-1887-4879-9716-dab5dcddbebe\",\"name\":\"admin\",\"description\":\"Full system access\",\"permissions\":[{\"role_id\":\"4dd71768-1887-4879-9716-dab5dcddbebe\",\"permission_id\":\"7b2752ff-795f-49c6-abc7-d874550df97c\",\"permission\":{\"action\":\"read\",\"subject\":\"Department\",\"conditions\":[]}},{\"role_id\":\"4dd71768-1887-4879-9716-dab5dcddbebe\",\"permission_id\":\"d34ddd4b-bfe0-4f38-871c-5fe3c0f25c57\",\"permission\":{\"action\":\"create\",\"subject\":\"Department\",\"conditions\":[]}},{\"role_id\":\"4dd71768-1887-4879-9716-dab5dcddbebe\",\"permission_id\":\"a7c583f2-d8cf-4734-9113-c98e6c838ab8\",\"permission\":{\"action\":\"update\",\"subject\":\"Department\",\"conditions\":[]}},{\"role_id\":\"4dd71768-1887-4879-9716-dab5dcddbebe\",\"permission_id\":\"14b80590-7ca4-4131-9560-8d58349e74eb\",\"permission\":{\"action\":\"delete\",\"subject\":\"Department\",\"conditions\":[{\"conditions\":{\"end\":\"17:00\",\"type\":\"business_hours\",\"start\":\"08:00\"},\"attribute\":{\"name\":\"time\"}}]}},{\"role_id\":\"4dd71768-1887-4879-9716-dab5dcddbebe\",\"permission_id\":\"84f07ad6-e304-4f43-951d-e8c8eb599352\",\"permission\":{\"action\":\"read\",\"subject\":\"Port\",\"conditions\":[]}},{\"role_id\":\"4dd71768-1887-4879-9716-dab5dcddbebe\",\"permission_id\":\"be2db210-da42-4ec9-888d-3a0858978431\",\"permission\":{\"action\":\"create\",\"subject\":\"Port\",\"conditions\":[]}},{\"role_id\":\"4dd71768-1887-4879-9716-dab5dcddbebe\",\"permission_id\":\"7d8ec69e-467e-4f8e-a389-fa6ca6e256ed\",\"permission\":{\"action\":\"update\",\"subject\":\"Port\",\"conditions\":[]}},{\"role_id\":\"4dd71768-1887-4879-9716-dab5dcddbebe\",\"permission_id\":\"4f3bd475-3290-4ab8-982f-4dd670cb649c\",\"permission\":{\"action\":\"delete\",\"subject\":\"Port\",\"conditions\":[]}},{\"role_id\":\"4dd71768-1887-4879-9716-dab5dcddbebe\",\"permission_id\":\"35d0dcaf-8b47-4333-b402-a91709e0fc31\",\"permission\":{\"action\":\"read\",\"subject\":\"File\",\"conditions\":[]}},{\"role_id\":\"4dd71768-1887-4879-9716-dab5dcddbebe\",\"permission_id\":\"e57bb9e8-ae84-4eaa-8022-c6a84281aaff\",\"permission\":{\"action\":\"create\",\"subject\":\"File\",\"conditions\":[]}},{\"role_id\":\"4dd71768-1887-4879-9716-dab5dcddbebe\",\"permission_id\":\"160ace45-3feb-4708-8eae-92a7b94b01f9\",\"permission\":{\"action\":\"delete\",\"subject\":\"File\",\"conditions\":[]}},{\"role_id\":\"4dd71768-1887-4879-9716-dab5dcddbebe\",\"permission_id\":\"31f694c5-76a4-4e2a-803d-9a9ea0e4ef63\",\"permission\":{\"action\":\"read\",\"subject\":\"IPWhitelist\",\"conditions\":[]}},{\"role_id\":\"4dd71768-1887-4879-9716-dab5dcddbebe\",\"permission_id\":\"ceac5cb1-ebc6-46c1-9d1e-efa0ace039db\",\"permission\":{\"action\":\"create\",\"subject\":\"IPWhitelist\",\"conditions\":[]}},{\"role_id\":\"4dd71768-1887-4879-9716-dab5dcddbebe\",\"permission_id\":\"3b21ac56-b1e9-4ad2-9ee9-d7a342829903\",\"permission\":{\"action\":\"delete\",\"subject\":\"IPWhitelist\",\"conditions\":[]}}]}}]}","requestId":"09671661-760c-48a4-bbcd-42b0d53bcb0b","timestamp":"2026-05-08T15:21:32.539Z"}
{"context":"LoggerMiddleware","level":"info","message":"[RequestID: 09671661-760c-48a4-bbcd-42b0d53bcb0b] GET /api/v1/auth/me | Status: 304 | Duration: 16ms | IP: ::1 | UserAgent: Mozilla/5.0 (Windows NT 10.0; Win64; x64) AppleWebKit/537.36 (KHTML, like Gecko) Chrome/147.0.0.0 Safari/537.36","requestId":"09671661-760c-48a4-bbcd-42b0d53bcb0b","timestamp":"2026-05-08T15:21:32.547Z"}
{"context":"AccessTokenGuard","level":"info","message":"isPublic: undefined","requestId":"b057e4e1-1ab9-42f5-b22d-fce504f0e9ea","timestamp":"2026-05-08T15:22:30.512Z"}
{"context":"AccessTokenStrategy","level":"info","message":"user: {\"id\":\"cc6d2974-22cf-4b0b-9590-4b701cfa3c00\",\"username\":\"customer_001\",\"hashed_password\":\"scrypt:61b7465b5cc602c81ecaa66e31f0f570:064a122e33f58ab9bedcc806f62492b81e4451665c71c7dc3a5afd28b63aa6017713b59fb84dc9594c530b3bbe79c2bf5c738ae510f3152bf09f34a3b6d02482\",\"displayName\":\"Nguyễn Văn A\",\"token_version\":5,\"isActive\":true,\"createdAt\":\"2026-05-03T15:37:18.203Z\",\"updatedAt\":\"2026-05-04T09:10:04.759Z\",\"deletedAt\":null,\"roles\":[{\"user_id\":\"cc6d2974-22cf-4b0b-9590-4b701cfa3c00\",\"role_id\":\"4dd71768-1887-4879-9716-dab5dcddbebe\",\"assignedAt\":\"2026-05-06T11:53:17.723Z\",\"role\":{\"id\":\"4dd71768-1887-4879-9716-dab5dcddbebe\",\"name\":\"admin\",\"description\":\"Full system access\",\"permissions\":[{\"role_id\":\"4dd71768-1887-4879-9716-dab5dcddbebe\",\"permission_id\":\"7b2752ff-795f-49c6-abc7-d874550df97c\",\"permission\":{\"action\":\"read\",\"subject\":\"Department\",\"conditions\":[]}},{\"role_id\":\"4dd71768-1887-4879-9716-dab5dcddbebe\",\"permission_id\":\"d34ddd4b-bfe0-4f38-871c-5fe3c0f25c57\",\"permission\":{\"action\":\"create\",\"subject\":\"Department\",\"conditions\":[]}},{\"role_id\":\"4dd71768-1887-4879-9716-dab5dcddbebe\",\"permission_id\":\"a7c583f2-d8cf-4734-9113-c98e6c838ab8\",\"permission\":{\"action\":\"update\",\"subject\":\"Department\",\"conditions\":[]}},{\"role_id\":\"4dd71768-1887-4879-9716-dab5dcddbebe\",\"permission_id\":\"14b80590-7ca4-4131-9560-8d58349e74eb\",\"permission\":{\"action\":\"delete\",\"subject\":\"Department\",\"conditions\":[{\"conditions\":{\"end\":\"17:00\",\"type\":\"business_hours\",\"start\":\"08:00\"},\"attribute\":{\"name\":\"time\"}}]}},{\"role_id\":\"4dd71768-1887-4879-9716-dab5dcddbebe\",\"permission_id\":\"84f07ad6-e304-4f43-951d-e8c8eb599352\",\"permission\":{\"action\":\"read\",\"subject\":\"Port\",\"conditions\":[]}},{\"role_id\":\"4dd71768-1887-4879-9716-dab5dcddbebe\",\"permission_id\":\"be2db210-da42-4ec9-888d-3a0858978431\",\"permission\":{\"action\":\"create\",\"subject\":\"Port\",\"conditions\":[]}},{\"role_id\":\"4dd71768-1887-4879-9716-dab5dcddbebe\",\"permission_id\":\"7d8ec69e-467e-4f8e-a389-fa6ca6e256ed\",\"permission\":{\"action\":\"update\",\"subject\":\"Port\",\"conditions\":[]}},{\"role_id\":\"4dd71768-1887-4879-9716-dab5dcddbebe\",\"permission_id\":\"4f3bd475-3290-4ab8-982f-4dd670cb649c\",\"permission\":{\"action\":\"delete\",\"subject\":\"Port\",\"conditions\":[]}},{\"role_id\":\"4dd71768-1887-4879-9716-dab5dcddbebe\",\"permission_id\":\"35d0dcaf-8b47-4333-b402-a91709e0fc31\",\"permission\":{\"action\":\"read\",\"subject\":\"File\",\"conditions\":[]}},{\"role_id\":\"4dd71768-1887-4879-9716-dab5dcddbebe\",\"permission_id\":\"e57bb9e8-ae84-4eaa-8022-c6a84281aaff\",\"permission\":{\"action\":\"create\",\"subject\":\"File\",\"conditions\":[]}},{\"role_id\":\"4dd71768-1887-4879-9716-dab5dcddbebe\",\"permission_id\":\"160ace45-3feb-4708-8eae-92a7b94b01f9\",\"permission\":{\"action\":\"delete\",\"subject\":\"File\",\"conditions\":[]}},{\"role_id\":\"4dd71768-1887-4879-9716-dab5dcddbebe\",\"permission_id\":\"31f694c5-76a4-4e2a-803d-9a9ea0e4ef63\",\"permission\":{\"action\":\"read\",\"subject\":\"IPWhitelist\",\"conditions\":[]}},{\"role_id\":\"4dd71768-1887-4879-9716-dab5dcddbebe\",\"permission_id\":\"ceac5cb1-ebc6-46c1-9d1e-efa0ace039db\",\"permission\":{\"action\":\"create\",\"subject\":\"IPWhitelist\",\"conditions\":[]}},{\"role_id\":\"4dd71768-1887-4879-9716-dab5dcddbebe\",\"permission_id\":\"3b21ac56-b1e9-4ad2-9ee9-d7a342829903\",\"permission\":{\"action\":\"delete\",\"subject\":\"IPWhitelist\",\"conditions\":[]}}]}}]}","requestId":"b057e4e1-1ab9-42f5-b22d-fce504f0e9ea","timestamp":"2026-05-08T15:22:30.538Z"}
{"context":"LoggerMiddleware","level":"info","message":"[RequestID: b057e4e1-1ab9-42f5-b22d-fce504f0e9ea] GET /api/v1/auth/me | Status: 304 | Duration: 36ms | IP: ::1 | UserAgent: Mozilla/5.0 (Windows NT 10.0; Win64; x64) AppleWebKit/537.36 (KHTML, like Gecko) Chrome/147.0.0.0 Safari/537.36","requestId":"b057e4e1-1ab9-42f5-b22d-fce504f0e9ea","timestamp":"2026-05-08T15:22:30.548Z"}
{"context":"AccessTokenGuard","level":"info","message":"isPublic: undefined","requestId":"97047221-d7df-4459-9d0b-8fdff92a1f2d","timestamp":"2026-05-08T15:22:31.268Z"}
{"context":"AccessTokenStrategy","level":"info","message":"user: {\"id\":\"cc6d2974-22cf-4b0b-9590-4b701cfa3c00\",\"username\":\"customer_001\",\"hashed_password\":\"scrypt:61b7465b5cc602c81ecaa66e31f0f570:064a122e33f58ab9bedcc806f62492b81e4451665c71c7dc3a5afd28b63aa6017713b59fb84dc9594c530b3bbe79c2bf5c738ae510f3152bf09f34a3b6d02482\",\"displayName\":\"Nguyễn Văn A\",\"token_version\":5,\"isActive\":true,\"createdAt\":\"2026-05-03T15:37:18.203Z\",\"updatedAt\":\"2026-05-04T09:10:04.759Z\",\"deletedAt\":null,\"roles\":[{\"user_id\":\"cc6d2974-22cf-4b0b-9590-4b701cfa3c00\",\"role_id\":\"4dd71768-1887-4879-9716-dab5dcddbebe\",\"assignedAt\":\"2026-05-06T11:53:17.723Z\",\"role\":{\"id\":\"4dd71768-1887-4879-9716-dab5dcddbebe\",\"name\":\"admin\",\"description\":\"Full system access\",\"permissions\":[{\"role_id\":\"4dd71768-1887-4879-9716-dab5dcddbebe\",\"permission_id\":\"7b2752ff-795f-49c6-abc7-d874550df97c\",\"permission\":{\"action\":\"read\",\"subject\":\"Department\",\"conditions\":[]}},{\"role_id\":\"4dd71768-1887-4879-9716-dab5dcddbebe\",\"permission_id\":\"d34ddd4b-bfe0-4f38-871c-5fe3c0f25c57\",\"permission\":{\"action\":\"create\",\"subject\":\"Department\",\"conditions\":[]}},{\"role_id\":\"4dd71768-1887-4879-9716-dab5dcddbebe\",\"permission_id\":\"a7c583f2-d8cf-4734-9113-c98e6c838ab8\",\"permission\":{\"action\":\"update\",\"subject\":\"Department\",\"conditions\":[]}},{\"role_id\":\"4dd71768-1887-4879-9716-dab5dcddbebe\",\"permission_id\":\"14b80590-7ca4-4131-9560-8d58349e74eb\",\"permission\":{\"action\":\"delete\",\"subject\":\"Department\",\"conditions\":[{\"conditions\":{\"end\":\"17:00\",\"type\":\"business_hours\",\"start\":\"08:00\"},\"attribute\":{\"name\":\"time\"}}]}},{\"role_id\":\"4dd71768-1887-4879-9716-dab5dcddbebe\",\"permission_id\":\"84f07ad6-e304-4f43-951d-e8c8eb599352\",\"permission\":{\"action\":\"read\",\"subject\":\"Port\",\"conditions\":[]}},{\"role_id\":\"4dd71768-1887-4879-9716-dab5dcddbebe\",\"permission_id\":\"be2db210-da42-4ec9-888d-3a0858978431\",\"permission\":{\"action\":\"create\",\"subject\":\"Port\",\"conditions\":[]}},{\"role_id\":\"4dd71768-1887-4879-9716-dab5dcddbebe\",\"permission_id\":\"7d8ec69e-467e-4f8e-a389-fa6ca6e256ed\",\"permission\":{\"action\":\"update\",\"subject\":\"Port\",\"conditions\":[]}},{\"role_id\":\"4dd71768-1887-4879-9716-dab5dcddbebe\",\"permission_id\":\"4f3bd475-3290-4ab8-982f-4dd670cb649c\",\"permission\":{\"action\":\"delete\",\"subject\":\"Port\",\"conditions\":[]}},{\"role_id\":\"4dd71768-1887-4879-9716-dab5dcddbebe\",\"permission_id\":\"35d0dcaf-8b47-4333-b402-a91709e0fc31\",\"permission\":{\"action\":\"read\",\"subject\":\"File\",\"conditions\":[]}},{\"role_id\":\"4dd71768-1887-4879-9716-dab5dcddbebe\",\"permission_id\":\"e57bb9e8-ae84-4eaa-8022-c6a84281aaff\",\"permission\":{\"action\":\"create\",\"subject\":\"File\",\"conditions\":[]}},{\"role_id\":\"4dd71768-1887-4879-9716-dab5dcddbebe\",\"permission_id\":\"160ace45-3feb-4708-8eae-92a7b94b01f9\",\"permission\":{\"action\":\"delete\",\"subject\":\"File\",\"conditions\":[]}},{\"role_id\":\"4dd71768-1887-4879-9716-dab5dcddbebe\",\"permission_id\":\"31f694c5-76a4-4e2a-803d-9a9ea0e4ef63\",\"permission\":{\"action\":\"read\",\"subject\":\"IPWhitelist\",\"conditions\":[]}},{\"role_id\":\"4dd71768-1887-4879-9716-dab5dcddbebe\",\"permission_id\":\"ceac5cb1-ebc6-46c1-9d1e-efa0ace039db\",\"permission\":{\"action\":\"create\",\"subject\":\"IPWhitelist\",\"conditions\":[]}},{\"role_id\":\"4dd71768-1887-4879-9716-dab5dcddbebe\",\"permission_id\":\"3b21ac56-b1e9-4ad2-9ee9-d7a342829903\",\"permission\":{\"action\":\"delete\",\"subject\":\"IPWhitelist\",\"conditions\":[]}}]}}]}","requestId":"97047221-d7df-4459-9d0b-8fdff92a1f2d","timestamp":"2026-05-08T15:22:31.274Z"}
{"context":"LoggerMiddleware","level":"info","message":"[RequestID: 97047221-d7df-4459-9d0b-8fdff92a1f2d] GET /api/v1/auth/me | Status: 304 | Duration: 13ms | IP: ::1 | UserAgent: Mozilla/5.0 (Windows NT 10.0; Win64; x64) AppleWebKit/537.36 (KHTML, like Gecko) Chrome/147.0.0.0 Safari/537.36","requestId":"97047221-d7df-4459-9d0b-8fdff92a1f2d","timestamp":"2026-05-08T15:22:31.280Z"}
{"context":"AccessTokenGuard","level":"info","message":"isPublic: undefined","requestId":"8b3f711f-df96-40d5-9fb9-0a243a2f69b5","timestamp":"2026-05-08T15:22:32.082Z"}
{"context":"AccessTokenStrategy","level":"info","message":"user: {\"id\":\"cc6d2974-22cf-4b0b-9590-4b701cfa3c00\",\"username\":\"customer_001\",\"hashed_password\":\"scrypt:61b7465b5cc602c81ecaa66e31f0f570:064a122e33f58ab9bedcc806f62492b81e4451665c71c7dc3a5afd28b63aa6017713b59fb84dc9594c530b3bbe79c2bf5c738ae510f3152bf09f34a3b6d02482\",\"displayName\":\"Nguyễn Văn A\",\"token_version\":5,\"isActive\":true,\"createdAt\":\"2026-05-03T15:37:18.203Z\",\"updatedAt\":\"2026-05-04T09:10:04.759Z\",\"deletedAt\":null,\"roles\":[{\"user_id\":\"cc6d2974-22cf-4b0b-9590-4b701cfa3c00\",\"role_id\":\"4dd71768-1887-4879-9716-dab5dcddbebe\",\"assignedAt\":\"2026-05-06T11:53:17.723Z\",\"role\":{\"id\":\"4dd71768-1887-4879-9716-dab5dcddbebe\",\"name\":\"admin\",\"description\":\"Full system access\",\"permissions\":[{\"role_id\":\"4dd71768-1887-4879-9716-dab5dcddbebe\",\"permission_id\":\"7b2752ff-795f-49c6-abc7-d874550df97c\",\"permission\":{\"action\":\"read\",\"subject\":\"Department\",\"conditions\":[]}},{\"role_id\":\"4dd71768-1887-4879-9716-dab5dcddbebe\",\"permission_id\":\"d34ddd4b-bfe0-4f38-871c-5fe3c0f25c57\",\"permission\":{\"action\":\"create\",\"subject\":\"Department\",\"conditions\":[]}},{\"role_id\":\"4dd71768-1887-4879-9716-dab5dcddbebe\",\"permission_id\":\"a7c583f2-d8cf-4734-9113-c98e6c838ab8\",\"permission\":{\"action\":\"update\",\"subject\":\"Department\",\"conditions\":[]}},{\"role_id\":\"4dd71768-1887-4879-9716-dab5dcddbebe\",\"permission_id\":\"14b80590-7ca4-4131-9560-8d58349e74eb\",\"permission\":{\"action\":\"delete\",\"subject\":\"Department\",\"conditions\":[{\"conditions\":{\"end\":\"17:00\",\"type\":\"business_hours\",\"start\":\"08:00\"},\"attribute\":{\"name\":\"time\"}}]}},{\"role_id\":\"4dd71768-1887-4879-9716-dab5dcddbebe\",\"permission_id\":\"84f07ad6-e304-4f43-951d-e8c8eb599352\",\"permission\":{\"action\":\"read\",\"subject\":\"Port\",\"conditions\":[]}},{\"role_id\":\"4dd71768-1887-4879-9716-dab5dcddbebe\",\"permission_id\":\"be2db210-da42-4ec9-888d-3a0858978431\",\"permission\":{\"action\":\"create\",\"subject\":\"Port\",\"conditions\":[]}},{\"role_id\":\"4dd71768-1887-4879-9716-dab5dcddbebe\",\"permission_id\":\"7d8ec69e-467e-4f8e-a389-fa6ca6e256ed\",\"permission\":{\"action\":\"update\",\"subject\":\"Port\",\"conditions\":[]}},{\"role_id\":\"4dd71768-1887-4879-9716-dab5dcddbebe\",\"permission_id\":\"4f3bd475-3290-4ab8-982f-4dd670cb649c\",\"permission\":{\"action\":\"delete\",\"subject\":\"Port\",\"conditions\":[]}},{\"role_id\":\"4dd71768-1887-4879-9716-dab5dcddbebe\",\"permission_id\":\"35d0dcaf-8b47-4333-b402-a91709e0fc31\",\"permission\":{\"action\":\"read\",\"subject\":\"File\",\"conditions\":[]}},{\"role_id\":\"4dd71768-1887-4879-9716-dab5dcddbebe\",\"permission_id\":\"e57bb9e8-ae84-4eaa-8022-c6a84281aaff\",\"permission\":{\"action\":\"create\",\"subject\":\"File\",\"conditions\":[]}},{\"role_id\":\"4dd71768-1887-4879-9716-dab5dcddbebe\",\"permission_id\":\"160ace45-3feb-4708-8eae-92a7b94b01f9\",\"permission\":{\"action\":\"delete\",\"subject\":\"File\",\"conditions\":[]}},{\"role_id\":\"4dd71768-1887-4879-9716-dab5dcddbebe\",\"permission_id\":\"31f694c5-76a4-4e2a-803d-9a9ea0e4ef63\",\"permission\":{\"action\":\"read\",\"subject\":\"IPWhitelist\",\"conditions\":[]}},{\"role_id\":\"4dd71768-1887-4879-9716-dab5dcddbebe\",\"permission_id\":\"ceac5cb1-ebc6-46c1-9d1e-efa0ace039db\",\"permission\":{\"action\":\"create\",\"subject\":\"IPWhitelist\",\"conditions\":[]}},{\"role_id\":\"4dd71768-1887-4879-9716-dab5dcddbebe\",\"permission_id\":\"3b21ac56-b1e9-4ad2-9ee9-d7a342829903\",\"permission\":{\"action\":\"delete\",\"subject\":\"IPWhitelist\",\"conditions\":[]}}]}}]}","requestId":"8b3f711f-df96-40d5-9fb9-0a243a2f69b5","timestamp":"2026-05-08T15:22:32.090Z"}
{"context":"LoggerMiddleware","level":"info","message":"[RequestID: 8b3f711f-df96-40d5-9fb9-0a243a2f69b5] GET /api/v1/auth/me | Status: 304 | Duration: 16ms | IP: ::1 | UserAgent: Mozilla/5.0 (Windows NT 10.0; Win64; x64) AppleWebKit/537.36 (KHTML, like Gecko) Chrome/147.0.0.0 Safari/537.36","requestId":"8b3f711f-df96-40d5-9fb9-0a243a2f69b5","timestamp":"2026-05-08T15:22:32.097Z"}
{"context":"AccessTokenGuard","level":"info","message":"isPublic: undefined","requestId":"2b03cc49-cb26-4f95-b543-1fba6dd0d2bd","timestamp":"2026-05-08T15:22:38.828Z"}
{"context":"AccessTokenStrategy","level":"info","message":"user: {\"id\":\"cc6d2974-22cf-4b0b-9590-4b701cfa3c00\",\"username\":\"customer_001\",\"hashed_password\":\"scrypt:61b7465b5cc602c81ecaa66e31f0f570:064a122e33f58ab9bedcc806f62492b81e4451665c71c7dc3a5afd28b63aa6017713b59fb84dc9594c530b3bbe79c2bf5c738ae510f3152bf09f34a3b6d02482\",\"displayName\":\"Nguyễn Văn A\",\"token_version\":5,\"isActive\":true,\"createdAt\":\"2026-05-03T15:37:18.203Z\",\"updatedAt\":\"2026-05-04T09:10:04.759Z\",\"deletedAt\":null,\"roles\":[{\"user_id\":\"cc6d2974-22cf-4b0b-9590-4b701cfa3c00\",\"role_id\":\"4dd71768-1887-4879-9716-dab5dcddbebe\",\"assignedAt\":\"2026-05-06T11:53:17.723Z\",\"role\":{\"id\":\"4dd71768-1887-4879-9716-dab5dcddbebe\",\"name\":\"admin\",\"description\":\"Full system access\",\"permissions\":[{\"role_id\":\"4dd71768-1887-4879-9716-dab5dcddbebe\",\"permission_id\":\"7b2752ff-795f-49c6-abc7-d874550df97c\",\"permission\":{\"action\":\"read\",\"subject\":\"Department\",\"conditions\":[]}},{\"role_id\":\"4dd71768-1887-4879-9716-dab5dcddbebe\",\"permission_id\":\"d34ddd4b-bfe0-4f38-871c-5fe3c0f25c57\",\"permission\":{\"action\":\"create\",\"subject\":\"Department\",\"conditions\":[]}},{\"role_id\":\"4dd71768-1887-4879-9716-dab5dcddbebe\",\"permission_id\":\"a7c583f2-d8cf-4734-9113-c98e6c838ab8\",\"permission\":{\"action\":\"update\",\"subject\":\"Department\",\"conditions\":[]}},{\"role_id\":\"4dd71768-1887-4879-9716-dab5dcddbebe\",\"permission_id\":\"14b80590-7ca4-4131-9560-8d58349e74eb\",\"permission\":{\"action\":\"delete\",\"subject\":\"Department\",\"conditions\":[{\"conditions\":{\"end\":\"17:00\",\"type\":\"business_hours\",\"start\":\"08:00\"},\"attribute\":{\"name\":\"time\"}}]}},{\"role_id\":\"4dd71768-1887-4879-9716-dab5dcddbebe\",\"permission_id\":\"84f07ad6-e304-4f43-951d-e8c8eb599352\",\"permission\":{\"action\":\"read\",\"subject\":\"Port\",\"conditions\":[]}},{\"role_id\":\"4dd71768-1887-4879-9716-dab5dcddbebe\",\"permission_id\":\"be2db210-da42-4ec9-888d-3a0858978431\",\"permission\":{\"action\":\"create\",\"subject\":\"Port\",\"conditions\":[]}},{\"role_id\":\"4dd71768-1887-4879-9716-dab5dcddbebe\",\"permission_id\":\"7d8ec69e-467e-4f8e-a389-fa6ca6e256ed\",\"permission\":{\"action\":\"update\",\"subject\":\"Port\",\"conditions\":[]}},{\"role_id\":\"4dd71768-1887-4879-9716-dab5dcddbebe\",\"permission_id\":\"4f3bd475-3290-4ab8-982f-4dd670cb649c\",\"permission\":{\"action\":\"delete\",\"subject\":\"Port\",\"conditions\":[]}},{\"role_id\":\"4dd71768-1887-4879-9716-dab5dcddbebe\",\"permission_id\":\"35d0dcaf-8b47-4333-b402-a91709e0fc31\",\"permission\":{\"action\":\"read\",\"subject\":\"File\",\"conditions\":[]}},{\"role_id\":\"4dd71768-1887-4879-9716-dab5dcddbebe\",\"permission_id\":\"e57bb9e8-ae84-4eaa-8022-c6a84281aaff\",\"permission\":{\"action\":\"create\",\"subject\":\"File\",\"conditions\":[]}},{\"role_id\":\"4dd71768-1887-4879-9716-dab5dcddbebe\",\"permission_id\":\"160ace45-3feb-4708-8eae-92a7b94b01f9\",\"permission\":{\"action\":\"delete\",\"subject\":\"File\",\"conditions\":[]}},{\"role_id\":\"4dd71768-1887-4879-9716-dab5dcddbebe\",\"permission_id\":\"31f694c5-76a4-4e2a-803d-9a9ea0e4ef63\",\"permission\":{\"action\":\"read\",\"subject\":\"IPWhitelist\",\"conditions\":[]}},{\"role_id\":\"4dd71768-1887-4879-9716-dab5dcddbebe\",\"permission_id\":\"ceac5cb1-ebc6-46c1-9d1e-efa0ace039db\",\"permission\":{\"action\":\"create\",\"subject\":\"IPWhitelist\",\"conditions\":[]}},{\"role_id\":\"4dd71768-1887-4879-9716-dab5dcddbebe\",\"permission_id\":\"3b21ac56-b1e9-4ad2-9ee9-d7a342829903\",\"permission\":{\"action\":\"delete\",\"subject\":\"IPWhitelist\",\"conditions\":[]}}]}}]}","requestId":"2b03cc49-cb26-4f95-b543-1fba6dd0d2bd","timestamp":"2026-05-08T15:22:38.835Z"}
{"context":"LoggerMiddleware","level":"info","message":"[RequestID: 2b03cc49-cb26-4f95-b543-1fba6dd0d2bd] GET /api/v1/auth/me | Status: 304 | Duration: 12ms | IP: ::1 | UserAgent: Mozilla/5.0 (Windows NT 10.0; Win64; x64) AppleWebKit/537.36 (KHTML, like Gecko) Chrome/147.0.0.0 Safari/537.36","requestId":"2b03cc49-cb26-4f95-b543-1fba6dd0d2bd","timestamp":"2026-05-08T15:22:38.840Z"}
{"context":"AccessTokenGuard","level":"info","message":"isPublic: undefined","requestId":"ee5769f3-850e-4cda-be35-82a3c6846e86","timestamp":"2026-05-08T15:22:40.161Z"}
{"context":"AccessTokenStrategy","level":"info","message":"user: {\"id\":\"cc6d2974-22cf-4b0b-9590-4b701cfa3c00\",\"username\":\"customer_001\",\"hashed_password\":\"scrypt:61b7465b5cc602c81ecaa66e31f0f570:064a122e33f58ab9bedcc806f62492b81e4451665c71c7dc3a5afd28b63aa6017713b59fb84dc9594c530b3bbe79c2bf5c738ae510f3152bf09f34a3b6d02482\",\"displayName\":\"Nguyễn Văn A\",\"token_version\":5,\"isActive\":true,\"createdAt\":\"2026-05-03T15:37:18.203Z\",\"updatedAt\":\"2026-05-04T09:10:04.759Z\",\"deletedAt\":null,\"roles\":[{\"user_id\":\"cc6d2974-22cf-4b0b-9590-4b701cfa3c00\",\"role_id\":\"4dd71768-1887-4879-9716-dab5dcddbebe\",\"assignedAt\":\"2026-05-06T11:53:17.723Z\",\"role\":{\"id\":\"4dd71768-1887-4879-9716-dab5dcddbebe\",\"name\":\"admin\",\"description\":\"Full system access\",\"permissions\":[{\"role_id\":\"4dd71768-1887-4879-9716-dab5dcddbebe\",\"permission_id\":\"7b2752ff-795f-49c6-abc7-d874550df97c\",\"permission\":{\"action\":\"read\",\"subject\":\"Department\",\"conditions\":[]}},{\"role_id\":\"4dd71768-1887-4879-9716-dab5dcddbebe\",\"permission_id\":\"d34ddd4b-bfe0-4f38-871c-5fe3c0f25c57\",\"permission\":{\"action\":\"create\",\"subject\":\"Department\",\"conditions\":[]}},{\"role_id\":\"4dd71768-1887-4879-9716-dab5dcddbebe\",\"permission_id\":\"a7c583f2-d8cf-4734-9113-c98e6c838ab8\",\"permission\":{\"action\":\"update\",\"subject\":\"Department\",\"conditions\":[]}},{\"role_id\":\"4dd71768-1887-4879-9716-dab5dcddbebe\",\"permission_id\":\"14b80590-7ca4-4131-9560-8d58349e74eb\",\"permission\":{\"action\":\"delete\",\"subject\":\"Department\",\"conditions\":[{\"conditions\":{\"end\":\"17:00\",\"type\":\"business_hours\",\"start\":\"08:00\"},\"attribute\":{\"name\":\"time\"}}]}},{\"role_id\":\"4dd71768-1887-4879-9716-dab5dcddbebe\",\"permission_id\":\"84f07ad6-e304-4f43-951d-e8c8eb599352\",\"permission\":{\"action\":\"read\",\"subject\":\"Port\",\"conditions\":[]}},{\"role_id\":\"4dd71768-1887-4879-9716-dab5dcddbebe\",\"permission_id\":\"be2db210-da42-4ec9-888d-3a0858978431\",\"permission\":{\"action\":\"create\",\"subject\":\"Port\",\"conditions\":[]}},{\"role_id\":\"4dd71768-1887-4879-9716-dab5dcddbebe\",\"permission_id\":\"7d8ec69e-467e-4f8e-a389-fa6ca6e256ed\",\"permission\":{\"action\":\"update\",\"subject\":\"Port\",\"conditions\":[]}},{\"role_id\":\"4dd71768-1887-4879-9716-dab5dcddbebe\",\"permission_id\":\"4f3bd475-3290-4ab8-982f-4dd670cb649c\",\"permission\":{\"action\":\"delete\",\"subject\":\"Port\",\"conditions\":[]}},{\"role_id\":\"4dd71768-1887-4879-9716-dab5dcddbebe\",\"permission_id\":\"35d0dcaf-8b47-4333-b402-a91709e0fc31\",\"permission\":{\"action\":\"read\",\"subject\":\"File\",\"conditions\":[]}},{\"role_id\":\"4dd71768-1887-4879-9716-dab5dcddbebe\",\"permission_id\":\"e57bb9e8-ae84-4eaa-8022-c6a84281aaff\",\"permission\":{\"action\":\"create\",\"subject\":\"File\",\"conditions\":[]}},{\"role_id\":\"4dd71768-1887-4879-9716-dab5dcddbebe\",\"permission_id\":\"160ace45-3feb-4708-8eae-92a7b94b01f9\",\"permission\":{\"action\":\"delete\",\"subject\":\"File\",\"conditions\":[]}},{\"role_id\":\"4dd71768-1887-4879-9716-dab5dcddbebe\",\"permission_id\":\"31f694c5-76a4-4e2a-803d-9a9ea0e4ef63\",\"permission\":{\"action\":\"read\",\"subject\":\"IPWhitelist\",\"conditions\":[]}},{\"role_id\":\"4dd71768-1887-4879-9716-dab5dcddbebe\",\"permission_id\":\"ceac5cb1-ebc6-46c1-9d1e-efa0ace039db\",\"permission\":{\"action\":\"create\",\"subject\":\"IPWhitelist\",\"conditions\":[]}},{\"role_id\":\"4dd71768-1887-4879-9716-dab5dcddbebe\",\"permission_id\":\"3b21ac56-b1e9-4ad2-9ee9-d7a342829903\",\"permission\":{\"action\":\"delete\",\"subject\":\"IPWhitelist\",\"conditions\":[]}}]}}]}","requestId":"ee5769f3-850e-4cda-be35-82a3c6846e86","timestamp":"2026-05-08T15:22:40.170Z"}
{"context":"LoggerMiddleware","level":"info","message":"[RequestID: ee5769f3-850e-4cda-be35-82a3c6846e86] GET /api/v1/auth/me | Status: 304 | Duration: 18ms | IP: ::1 | UserAgent: Mozilla/5.0 (Windows NT 10.0; Win64; x64) AppleWebKit/537.36 (KHTML, like Gecko) Chrome/147.0.0.0 Safari/537.36","requestId":"ee5769f3-850e-4cda-be35-82a3c6846e86","timestamp":"2026-05-08T15:22:40.179Z"}
{"context":"AccessTokenGuard","level":"info","message":"isPublic: undefined","requestId":"3e7340e9-4201-4161-9456-e62ebbaefe90","timestamp":"2026-05-08T15:24:09.749Z"}
{"context":"AccessTokenStrategy","level":"info","message":"user: {\"id\":\"cc6d2974-22cf-4b0b-9590-4b701cfa3c00\",\"username\":\"customer_001\",\"hashed_password\":\"scrypt:61b7465b5cc602c81ecaa66e31f0f570:064a122e33f58ab9bedcc806f62492b81e4451665c71c7dc3a5afd28b63aa6017713b59fb84dc9594c530b3bbe79c2bf5c738ae510f3152bf09f34a3b6d02482\",\"displayName\":\"Nguyễn Văn A\",\"token_version\":5,\"isActive\":true,\"createdAt\":\"2026-05-03T15:37:18.203Z\",\"updatedAt\":\"2026-05-04T09:10:04.759Z\",\"deletedAt\":null,\"roles\":[{\"user_id\":\"cc6d2974-22cf-4b0b-9590-4b701cfa3c00\",\"role_id\":\"4dd71768-1887-4879-9716-dab5dcddbebe\",\"assignedAt\":\"2026-05-06T11:53:17.723Z\",\"role\":{\"id\":\"4dd71768-1887-4879-9716-dab5dcddbebe\",\"name\":\"admin\",\"description\":\"Full system access\",\"permissions\":[{\"role_id\":\"4dd71768-1887-4879-9716-dab5dcddbebe\",\"permission_id\":\"7b2752ff-795f-49c6-abc7-d874550df97c\",\"permission\":{\"action\":\"read\",\"subject\":\"Department\",\"conditions\":[]}},{\"role_id\":\"4dd71768-1887-4879-9716-dab5dcddbebe\",\"permission_id\":\"d34ddd4b-bfe0-4f38-871c-5fe3c0f25c57\",\"permission\":{\"action\":\"create\",\"subject\":\"Department\",\"conditions\":[]}},{\"role_id\":\"4dd71768-1887-4879-9716-dab5dcddbebe\",\"permission_id\":\"a7c583f2-d8cf-4734-9113-c98e6c838ab8\",\"permission\":{\"action\":\"update\",\"subject\":\"Department\",\"conditions\":[]}},{\"role_id\":\"4dd71768-1887-4879-9716-dab5dcddbebe\",\"permission_id\":\"14b80590-7ca4-4131-9560-8d58349e74eb\",\"permission\":{\"action\":\"delete\",\"subject\":\"Department\",\"conditions\":[{\"conditions\":{\"end\":\"17:00\",\"type\":\"business_hours\",\"start\":\"08:00\"},\"attribute\":{\"name\":\"time\"}}]}},{\"role_id\":\"4dd71768-1887-4879-9716-dab5dcddbebe\",\"permission_id\":\"84f07ad6-e304-4f43-951d-e8c8eb599352\",\"permission\":{\"action\":\"read\",\"subject\":\"Port\",\"conditions\":[]}},{\"role_id\":\"4dd71768-1887-4879-9716-dab5dcddbebe\",\"permission_id\":\"be2db210-da42-4ec9-888d-3a0858978431\",\"permission\":{\"action\":\"create\",\"subject\":\"Port\",\"conditions\":[]}},{\"role_id\":\"4dd71768-1887-4879-9716-dab5dcddbebe\",\"permission_id\":\"7d8ec69e-467e-4f8e-a389-fa6ca6e256ed\",\"permission\":{\"action\":\"update\",\"subject\":\"Port\",\"conditions\":[]}},{\"role_id\":\"4dd71768-1887-4879-9716-dab5dcddbebe\",\"permission_id\":\"4f3bd475-3290-4ab8-982f-4dd670cb649c\",\"permission\":{\"action\":\"delete\",\"subject\":\"Port\",\"conditions\":[]}},{\"role_id\":\"4dd71768-1887-4879-9716-dab5dcddbebe\",\"permission_id\":\"35d0dcaf-8b47-4333-b402-a91709e0fc31\",\"permission\":{\"action\":\"read\",\"subject\":\"File\",\"conditions\":[]}},{\"role_id\":\"4dd71768-1887-4879-9716-dab5dcddbebe\",\"permission_id\":\"e57bb9e8-ae84-4eaa-8022-c6a84281aaff\",\"permission\":{\"action\":\"create\",\"subject\":\"File\",\"conditions\":[]}},{\"role_id\":\"4dd71768-1887-4879-9716-dab5dcddbebe\",\"permission_id\":\"160ace45-3feb-4708-8eae-92a7b94b01f9\",\"permission\":{\"action\":\"delete\",\"subject\":\"File\",\"conditions\":[]}},{\"role_id\":\"4dd71768-1887-4879-9716-dab5dcddbebe\",\"permission_id\":\"31f694c5-76a4-4e2a-803d-9a9ea0e4ef63\",\"permission\":{\"action\":\"read\",\"subject\":\"IPWhitelist\",\"conditions\":[]}},{\"role_id\":\"4dd71768-1887-4879-9716-dab5dcddbebe\",\"permission_id\":\"ceac5cb1-ebc6-46c1-9d1e-efa0ace039db\",\"permission\":{\"action\":\"create\",\"subject\":\"IPWhitelist\",\"conditions\":[]}},{\"role_id\":\"4dd71768-1887-4879-9716-dab5dcddbebe\",\"permission_id\":\"3b21ac56-b1e9-4ad2-9ee9-d7a342829903\",\"permission\":{\"action\":\"delete\",\"subject\":\"IPWhitelist\",\"conditions\":[]}}]}}]}","requestId":"3e7340e9-4201-4161-9456-e62ebbaefe90","timestamp":"2026-05-08T15:24:09.769Z"}
{"context":"LoggerMiddleware","level":"info","message":"[RequestID: 3e7340e9-4201-4161-9456-e62ebbaefe90] GET /api/v1/auth/me | Status: 304 | Duration: 27ms | IP: ::1 | UserAgent: Mozilla/5.0 (Windows NT 10.0; Win64; x64) AppleWebKit/537.36 (KHTML, like Gecko) Chrome/147.0.0.0 Safari/537.36","requestId":"3e7340e9-4201-4161-9456-e62ebbaefe90","timestamp":"2026-05-08T15:24:09.775Z"}
{"context":"AccessTokenGuard","level":"info","message":"isPublic: undefined","requestId":"fe47949d-c87f-42e1-8f13-e1bb73d1208a","timestamp":"2026-05-08T15:25:02.819Z"}
{"context":"AccessTokenStrategy","level":"info","message":"user: {\"id\":\"cc6d2974-22cf-4b0b-9590-4b701cfa3c00\",\"username\":\"customer_001\",\"hashed_password\":\"scrypt:61b7465b5cc602c81ecaa66e31f0f570:064a122e33f58ab9bedcc806f62492b81e4451665c71c7dc3a5afd28b63aa6017713b59fb84dc9594c530b3bbe79c2bf5c738ae510f3152bf09f34a3b6d02482\",\"displayName\":\"Nguyễn Văn A\",\"token_version\":5,\"isActive\":true,\"createdAt\":\"2026-05-03T15:37:18.203Z\",\"updatedAt\":\"2026-05-04T09:10:04.759Z\",\"deletedAt\":null,\"roles\":[{\"user_id\":\"cc6d2974-22cf-4b0b-9590-4b701cfa3c00\",\"role_id\":\"4dd71768-1887-4879-9716-dab5dcddbebe\",\"assignedAt\":\"2026-05-06T11:53:17.723Z\",\"role\":{\"id\":\"4dd71768-1887-4879-9716-dab5dcddbebe\",\"name\":\"admin\",\"description\":\"Full system access\",\"permissions\":[{\"role_id\":\"4dd71768-1887-4879-9716-dab5dcddbebe\",\"permission_id\":\"7b2752ff-795f-49c6-abc7-d874550df97c\",\"permission\":{\"action\":\"read\",\"subject\":\"Department\",\"conditions\":[]}},{\"role_id\":\"4dd71768-1887-4879-9716-dab5dcddbebe\",\"permission_id\":\"d34ddd4b-bfe0-4f38-871c-5fe3c0f25c57\",\"permission\":{\"action\":\"create\",\"subject\":\"Department\",\"conditions\":[]}},{\"role_id\":\"4dd71768-1887-4879-9716-dab5dcddbebe\",\"permission_id\":\"a7c583f2-d8cf-4734-9113-c98e6c838ab8\",\"permission\":{\"action\":\"update\",\"subject\":\"Department\",\"conditions\":[]}},{\"role_id\":\"4dd71768-1887-4879-9716-dab5dcddbebe\",\"permission_id\":\"14b80590-7ca4-4131-9560-8d58349e74eb\",\"permission\":{\"action\":\"delete\",\"subject\":\"Department\",\"conditions\":[{\"conditions\":{\"end\":\"17:00\",\"type\":\"business_hours\",\"start\":\"08:00\"},\"attribute\":{\"name\":\"time\"}}]}},{\"role_id\":\"4dd71768-1887-4879-9716-dab5dcddbebe\",\"permission_id\":\"84f07ad6-e304-4f43-951d-e8c8eb599352\",\"permission\":{\"action\":\"read\",\"subject\":\"Port\",\"conditions\":[]}},{\"role_id\":\"4dd71768-1887-4879-9716-dab5dcddbebe\",\"permission_id\":\"be2db210-da42-4ec9-888d-3a0858978431\",\"permission\":{\"action\":\"create\",\"subject\":\"Port\",\"conditions\":[]}},{\"role_id\":\"4dd71768-1887-4879-9716-dab5dcddbebe\",\"permission_id\":\"7d8ec69e-467e-4f8e-a389-fa6ca6e256ed\",\"permission\":{\"action\":\"update\",\"subject\":\"Port\",\"conditions\":[]}},{\"role_id\":\"4dd71768-1887-4879-9716-dab5dcddbebe\",\"permission_id\":\"4f3bd475-3290-4ab8-982f-4dd670cb649c\",\"permission\":{\"action\":\"delete\",\"subject\":\"Port\",\"conditions\":[]}},{\"role_id\":\"4dd71768-1887-4879-9716-dab5dcddbebe\",\"permission_id\":\"35d0dcaf-8b47-4333-b402-a91709e0fc31\",\"permission\":{\"action\":\"read\",\"subject\":\"File\",\"conditions\":[]}},{\"role_id\":\"4dd71768-1887-4879-9716-dab5dcddbebe\",\"permission_id\":\"e57bb9e8-ae84-4eaa-8022-c6a84281aaff\",\"permission\":{\"action\":\"create\",\"subject\":\"File\",\"conditions\":[]}},{\"role_id\":\"4dd71768-1887-4879-9716-dab5dcddbebe\",\"permission_id\":\"160ace45-3feb-4708-8eae-92a7b94b01f9\",\"permission\":{\"action\":\"delete\",\"subject\":\"File\",\"conditions\":[]}},{\"role_id\":\"4dd71768-1887-4879-9716-dab5dcddbebe\",\"permission_id\":\"31f694c5-76a4-4e2a-803d-9a9ea0e4ef63\",\"permission\":{\"action\":\"read\",\"subject\":\"IPWhitelist\",\"conditions\":[]}},{\"role_id\":\"4dd71768-1887-4879-9716-dab5dcddbebe\",\"permission_id\":\"ceac5cb1-ebc6-46c1-9d1e-efa0ace039db\",\"permission\":{\"action\":\"create\",\"subject\":\"IPWhitelist\",\"conditions\":[]}},{\"role_id\":\"4dd71768-1887-4879-9716-dab5dcddbebe\",\"permission_id\":\"3b21ac56-b1e9-4ad2-9ee9-d7a342829903\",\"permission\":{\"action\":\"delete\",\"subject\":\"IPWhitelist\",\"conditions\":[]}}]}}]}","requestId":"fe47949d-c87f-42e1-8f13-e1bb73d1208a","timestamp":"2026-05-08T15:25:02.839Z"}
{"context":"LoggerMiddleware","level":"info","message":"[RequestID: fe47949d-c87f-42e1-8f13-e1bb73d1208a] GET /api/v1/auth/me | Status: 304 | Duration: 27ms | IP: ::1 | UserAgent: Mozilla/5.0 (Windows NT 10.0; Win64; x64) AppleWebKit/537.36 (KHTML, like Gecko) Chrome/147.0.0.0 Safari/537.36","requestId":"fe47949d-c87f-42e1-8f13-e1bb73d1208a","timestamp":"2026-05-08T15:25:02.846Z"}
{"context":"AccessTokenGuard","level":"info","message":"isPublic: undefined","requestId":"305cc06d-2ab1-4fd0-91be-498f84d59595","timestamp":"2026-05-08T15:25:21.087Z"}
{"context":"LoggerMiddleware","level":"warn","message":"[RequestID: 305cc06d-2ab1-4fd0-91be-498f84d59595] GET /api/v1/auth/me | Status: 401 | Duration: 2ms | IP: ::1 | UserAgent: Mozilla/5.0 (Windows NT 10.0; Win64; x64) AppleWebKit/537.36 (KHTML, like Gecko) Chrome/147.0.0.0 Safari/537.36","requestId":"305cc06d-2ab1-4fd0-91be-498f84d59595","timestamp":"2026-05-08T15:25:21.089Z"}
{"context":"AccessTokenGuard","level":"info","message":"isPublic: undefined","requestId":"70f48078-d775-4f3e-a40d-385e7e0f58f4","timestamp":"2026-05-08T15:26:14.869Z"}
{"context":"LoggerMiddleware","level":"warn","message":"[RequestID: 70f48078-d775-4f3e-a40d-385e7e0f58f4] GET /api/v1/auth/me | Status: 401 | Duration: 1ms | IP: ::1 | UserAgent: Mozilla/5.0 (Windows NT 10.0; Win64; x64) AppleWebKit/537.36 (KHTML, like Gecko) Chrome/147.0.0.0 Safari/537.36","requestId":"70f48078-d775-4f3e-a40d-385e7e0f58f4","timestamp":"2026-05-08T15:26:14.870Z"}
{"context":"AccessTokenGuard","level":"info","message":"isPublic: undefined","requestId":"60c131d2-dc20-4864-a57d-be8d30a3ae00","timestamp":"2026-05-08T15:26:26.285Z"}
{"context":"LoggerMiddleware","level":"warn","message":"[RequestID: 60c131d2-dc20-4864-a57d-be8d30a3ae00] GET /api/v1/auth/me | Status: 401 | Duration: 1ms | IP: ::1 | UserAgent: Mozilla/5.0 (Windows NT 10.0; Win64; x64) AppleWebKit/537.36 (KHTML, like Gecko) Chrome/147.0.0.0 Safari/537.36","requestId":"60c131d2-dc20-4864-a57d-be8d30a3ae00","timestamp":"2026-05-08T15:26:26.285Z"}
{"context":"AccessTokenGuard","level":"info","message":"isPublic: undefined","requestId":"fbb673ee-30a2-4a58-a8f8-27b0557808f4","timestamp":"2026-05-08T15:27:24.226Z"}
{"context":"LoggerMiddleware","level":"warn","message":"[RequestID: fbb673ee-30a2-4a58-a8f8-27b0557808f4] GET /api/v1/auth/me | Status: 401 | Duration: 1ms | IP: ::1 | UserAgent: Mozilla/5.0 (Windows NT 10.0; Win64; x64) AppleWebKit/537.36 (KHTML, like Gecko) Chrome/147.0.0.0 Safari/537.36","requestId":"fbb673ee-30a2-4a58-a8f8-27b0557808f4","timestamp":"2026-05-08T15:27:24.227Z"}
{"context":"AccessTokenGuard","level":"info","message":"isPublic: undefined","requestId":"91e701b3-f1e7-49e7-b457-c66b0a5196fa","timestamp":"2026-05-08T15:27:40.054Z"}
{"context":"LoggerMiddleware","level":"warn","message":"[RequestID: 91e701b3-f1e7-49e7-b457-c66b0a5196fa] GET /api/v1/auth/me | Status: 401 | Duration: 0ms | IP: ::1 | UserAgent: Mozilla/5.0 (Windows NT 10.0; Win64; x64) AppleWebKit/537.36 (KHTML, like Gecko) Chrome/147.0.0.0 Safari/537.36","requestId":"91e701b3-f1e7-49e7-b457-c66b0a5196fa","timestamp":"2026-05-08T15:27:40.055Z"}
{"context":"AccessTokenGuard","level":"info","message":"isPublic: true","requestId":"22beaabe-8951-40fa-80fa-315c6e2b7f06","timestamp":"2026-05-08T15:39:09.981Z"}
{"context":"AccessTokenGuard","level":"info","message":"Public route, skipping authentication","requestId":"22beaabe-8951-40fa-80fa-315c6e2b7f06","timestamp":"2026-05-08T15:39:09.981Z"}
{"context":"LoggerMiddleware","level":"info","message":"[RequestID: 22beaabe-8951-40fa-80fa-315c6e2b7f06] POST /api/v1/auth/login | Status: 201 | Duration: 42ms | IP: ::1 | UserAgent: Mozilla/5.0 (Windows NT 10.0; Win64; x64) AppleWebKit/537.36 (KHTML, like Gecko) Chrome/147.0.0.0 Safari/537.36","requestId":"22beaabe-8951-40fa-80fa-315c6e2b7f06","timestamp":"2026-05-08T15:39:10.023Z"}
{"context":"AccessTokenGuard","level":"info","message":"isPublic: undefined","requestId":"71930d48-49e8-4d3e-b176-fe3bd4daf32f","timestamp":"2026-05-08T15:39:11.595Z"}
{"context":"AccessTokenStrategy","level":"info","message":"user: {\"id\":\"cc6d2974-22cf-4b0b-9590-4b701cfa3c00\",\"username\":\"customer_001\",\"hashed_password\":\"scrypt:61b7465b5cc602c81ecaa66e31f0f570:064a122e33f58ab9bedcc806f62492b81e4451665c71c7dc3a5afd28b63aa6017713b59fb84dc9594c530b3bbe79c2bf5c738ae510f3152bf09f34a3b6d02482\",\"displayName\":\"Nguyễn Văn A\",\"token_version\":5,\"isActive\":true,\"createdAt\":\"2026-05-03T15:37:18.203Z\",\"updatedAt\":\"2026-05-04T09:10:04.759Z\",\"deletedAt\":null,\"roles\":[{\"user_id\":\"cc6d2974-22cf-4b0b-9590-4b701cfa3c00\",\"role_id\":\"4dd71768-1887-4879-9716-dab5dcddbebe\",\"assignedAt\":\"2026-05-06T11:53:17.723Z\",\"role\":{\"id\":\"4dd71768-1887-4879-9716-dab5dcddbebe\",\"name\":\"admin\",\"description\":\"Full system access\",\"permissions\":[{\"role_id\":\"4dd71768-1887-4879-9716-dab5dcddbebe\",\"permission_id\":\"7b2752ff-795f-49c6-abc7-d874550df97c\",\"permission\":{\"action\":\"read\",\"subject\":\"Department\",\"conditions\":[]}},{\"role_id\":\"4dd71768-1887-4879-9716-dab5dcddbebe\",\"permission_id\":\"d34ddd4b-bfe0-4f38-871c-5fe3c0f25c57\",\"permission\":{\"action\":\"create\",\"subject\":\"Department\",\"conditions\":[]}},{\"role_id\":\"4dd71768-1887-4879-9716-dab5dcddbebe\",\"permission_id\":\"a7c583f2-d8cf-4734-9113-c98e6c838ab8\",\"permission\":{\"action\":\"update\",\"subject\":\"Department\",\"conditions\":[]}},{\"role_id\":\"4dd71768-1887-4879-9716-dab5dcddbebe\",\"permission_id\":\"14b80590-7ca4-4131-9560-8d58349e74eb\",\"permission\":{\"action\":\"delete\",\"subject\":\"Department\",\"conditions\":[{\"conditions\":{\"end\":\"17:00\",\"type\":\"business_hours\",\"start\":\"08:00\"},\"attribute\":{\"name\":\"time\"}}]}},{\"role_id\":\"4dd71768-1887-4879-9716-dab5dcddbebe\",\"permission_id\":\"84f07ad6-e304-4f43-951d-e8c8eb599352\",\"permission\":{\"action\":\"read\",\"subject\":\"Port\",\"conditions\":[]}},{\"role_id\":\"4dd71768-1887-4879-9716-dab5dcddbebe\",\"permission_id\":\"be2db210-da42-4ec9-888d-3a0858978431\",\"permission\":{\"action\":\"create\",\"subject\":\"Port\",\"conditions\":[]}},{\"role_id\":\"4dd71768-1887-4879-9716-dab5dcddbebe\",\"permission_id\":\"7d8ec69e-467e-4f8e-a389-fa6ca6e256ed\",\"permission\":{\"action\":\"update\",\"subject\":\"Port\",\"conditions\":[]}},{\"role_id\":\"4dd71768-1887-4879-9716-dab5dcddbebe\",\"permission_id\":\"4f3bd475-3290-4ab8-982f-4dd670cb649c\",\"permission\":{\"action\":\"delete\",\"subject\":\"Port\",\"conditions\":[]}},{\"role_id\":\"4dd71768-1887-4879-9716-dab5dcddbebe\",\"permission_id\":\"35d0dcaf-8b47-4333-b402-a91709e0fc31\",\"permission\":{\"action\":\"read\",\"subject\":\"File\",\"conditions\":[]}},{\"role_id\":\"4dd71768-1887-4879-9716-dab5dcddbebe\",\"permission_id\":\"e57bb9e8-ae84-4eaa-8022-c6a84281aaff\",\"permission\":{\"action\":\"create\",\"subject\":\"File\",\"conditions\":[]}},{\"role_id\":\"4dd71768-1887-4879-9716-dab5dcddbebe\",\"permission_id\":\"160ace45-3feb-4708-8eae-92a7b94b01f9\",\"permission\":{\"action\":\"delete\",\"subject\":\"File\",\"conditions\":[]}},{\"role_id\":\"4dd71768-1887-4879-9716-dab5dcddbebe\",\"permission_id\":\"31f694c5-76a4-4e2a-803d-9a9ea0e4ef63\",\"permission\":{\"action\":\"read\",\"subject\":\"IPWhitelist\",\"conditions\":[]}},{\"role_id\":\"4dd71768-1887-4879-9716-dab5dcddbebe\",\"permission_id\":\"ceac5cb1-ebc6-46c1-9d1e-efa0ace039db\",\"permission\":{\"action\":\"create\",\"subject\":\"IPWhitelist\",\"conditions\":[]}},{\"role_id\":\"4dd71768-1887-4879-9716-dab5dcddbebe\",\"permission_id\":\"3b21ac56-b1e9-4ad2-9ee9-d7a342829903\",\"permission\":{\"action\":\"delete\",\"subject\":\"IPWhitelist\",\"conditions\":[]}}]}}]}","requestId":"71930d48-49e8-4d3e-b176-fe3bd4daf32f","timestamp":"2026-05-08T15:39:11.609Z"}
{"context":"LoggerMiddleware","level":"info","message":"[RequestID: 71930d48-49e8-4d3e-b176-fe3bd4daf32f] GET /api/v1/auth/me | Status: 304 | Duration: 22ms | IP: ::1 | UserAgent: Mozilla/5.0 (Windows NT 10.0; Win64; x64) AppleWebKit/537.36 (KHTML, like Gecko) Chrome/147.0.0.0 Safari/537.36","requestId":"71930d48-49e8-4d3e-b176-fe3bd4daf32f","timestamp":"2026-05-08T15:39:11.617Z"}
{"context":"AccessTokenGuard","level":"info","message":"isPublic: undefined","requestId":"d1c36650-a926-44dc-8357-9b3aa57b9805","timestamp":"2026-05-08T15:40:12.540Z"}
{"context":"AccessTokenStrategy","level":"info","message":"user: {\"id\":\"cc6d2974-22cf-4b0b-9590-4b701cfa3c00\",\"username\":\"customer_001\",\"hashed_password\":\"scrypt:61b7465b5cc602c81ecaa66e31f0f570:064a122e33f58ab9bedcc806f62492b81e4451665c71c7dc3a5afd28b63aa6017713b59fb84dc9594c530b3bbe79c2bf5c738ae510f3152bf09f34a3b6d02482\",\"displayName\":\"Nguyễn Văn A\",\"token_version\":5,\"isActive\":true,\"createdAt\":\"2026-05-03T15:37:18.203Z\",\"updatedAt\":\"2026-05-04T09:10:04.759Z\",\"deletedAt\":null,\"roles\":[{\"user_id\":\"cc6d2974-22cf-4b0b-9590-4b701cfa3c00\",\"role_id\":\"4dd71768-1887-4879-9716-dab5dcddbebe\",\"assignedAt\":\"2026-05-06T11:53:17.723Z\",\"role\":{\"id\":\"4dd71768-1887-4879-9716-dab5dcddbebe\",\"name\":\"admin\",\"description\":\"Full system access\",\"permissions\":[{\"role_id\":\"4dd71768-1887-4879-9716-dab5dcddbebe\",\"permission_id\":\"7b2752ff-795f-49c6-abc7-d874550df97c\",\"permission\":{\"action\":\"read\",\"subject\":\"Department\",\"conditions\":[]}},{\"role_id\":\"4dd71768-1887-4879-9716-dab5dcddbebe\",\"permission_id\":\"d34ddd4b-bfe0-4f38-871c-5fe3c0f25c57\",\"permission\":{\"action\":\"create\",\"subject\":\"Department\",\"conditions\":[]}},{\"role_id\":\"4dd71768-1887-4879-9716-dab5dcddbebe\",\"permission_id\":\"a7c583f2-d8cf-4734-9113-c98e6c838ab8\",\"permission\":{\"action\":\"update\",\"subject\":\"Department\",\"conditions\":[]}},{\"role_id\":\"4dd71768-1887-4879-9716-dab5dcddbebe\",\"permission_id\":\"14b80590-7ca4-4131-9560-8d58349e74eb\",\"permission\":{\"action\":\"delete\",\"subject\":\"Department\",\"conditions\":[{\"conditions\":{\"end\":\"17:00\",\"type\":\"business_hours\",\"start\":\"08:00\"},\"attribute\":{\"name\":\"time\"}}]}},{\"role_id\":\"4dd71768-1887-4879-9716-dab5dcddbebe\",\"permission_id\":\"84f07ad6-e304-4f43-951d-e8c8eb599352\",\"permission\":{\"action\":\"read\",\"subject\":\"Port\",\"conditions\":[]}},{\"role_id\":\"4dd71768-1887-4879-9716-dab5dcddbebe\",\"permission_id\":\"be2db210-da42-4ec9-888d-3a0858978431\",\"permission\":{\"action\":\"create\",\"subject\":\"Port\",\"conditions\":[]}},{\"role_id\":\"4dd71768-1887-4879-9716-dab5dcddbebe\",\"permission_id\":\"7d8ec69e-467e-4f8e-a389-fa6ca6e256ed\",\"permission\":{\"action\":\"update\",\"subject\":\"Port\",\"conditions\":[]}},{\"role_id\":\"4dd71768-1887-4879-9716-dab5dcddbebe\",\"permission_id\":\"4f3bd475-3290-4ab8-982f-4dd670cb649c\",\"permission\":{\"action\":\"delete\",\"subject\":\"Port\",\"conditions\":[]}},{\"role_id\":\"4dd71768-1887-4879-9716-dab5dcddbebe\",\"permission_id\":\"35d0dcaf-8b47-4333-b402-a91709e0fc31\",\"permission\":{\"action\":\"read\",\"subject\":\"File\",\"conditions\":[]}},{\"role_id\":\"4dd71768-1887-4879-9716-dab5dcddbebe\",\"permission_id\":\"e57bb9e8-ae84-4eaa-8022-c6a84281aaff\",\"permission\":{\"action\":\"create\",\"subject\":\"File\",\"conditions\":[]}},{\"role_id\":\"4dd71768-1887-4879-9716-dab5dcddbebe\",\"permission_id\":\"160ace45-3feb-4708-8eae-92a7b94b01f9\",\"permission\":{\"action\":\"delete\",\"subject\":\"File\",\"conditions\":[]}},{\"role_id\":\"4dd71768-1887-4879-9716-dab5dcddbebe\",\"permission_id\":\"31f694c5-76a4-4e2a-803d-9a9ea0e4ef63\",\"permission\":{\"action\":\"read\",\"subject\":\"IPWhitelist\",\"conditions\":[]}},{\"role_id\":\"4dd71768-1887-4879-9716-dab5dcddbebe\",\"permission_id\":\"ceac5cb1-ebc6-46c1-9d1e-efa0ace039db\",\"permission\":{\"action\":\"create\",\"subject\":\"IPWhitelist\",\"conditions\":[]}},{\"role_id\":\"4dd71768-1887-4879-9716-dab5dcddbebe\",\"permission_id\":\"3b21ac56-b1e9-4ad2-9ee9-d7a342829903\",\"permission\":{\"action\":\"delete\",\"subject\":\"IPWhitelist\",\"conditions\":[]}}]}}]}","requestId":"d1c36650-a926-44dc-8357-9b3aa57b9805","timestamp":"2026-05-08T15:40:12.565Z"}
{"context":"LoggerMiddleware","level":"info","message":"[RequestID: d1c36650-a926-44dc-8357-9b3aa57b9805] GET /api/v1/auth/me | Status: 304 | Duration: 33ms | IP: ::1 | UserAgent: Mozilla/5.0 (Windows NT 10.0; Win64; x64) AppleWebKit/537.36 (KHTML, like Gecko) Chrome/147.0.0.0 Safari/537.36","requestId":"d1c36650-a926-44dc-8357-9b3aa57b9805","timestamp":"2026-05-08T15:40:12.573Z"}
